dataset,file_path,readable,format,mode,mode_is_rgb,width,height,pixel_min,pixel_max,pixel_mean,pixel_std,all_black,all_white,near_uniform,error
task1_images,D:\Biology-AI\data\Task1_Segmentation\images\000001.jpg,True,JPEG,RGB,True,640,480,0.0,252.0,136.50318908691406,52.939964294433594,False,False,False,
task1_images,D:\Biology-AI\data\Task1_Segmentation\images\000002.jpg,True,JPEG,RGB,True,3008,2000,0.0,222.0,134.15139770507812,29.67377471923828,False,False,False,
task1_images,D:\Biology-AI\data\Task1_Segmentation\images\000003.jpg,True,JPEG,RGB,True,639,602,11.0,227.0,183.86459350585938,28.202423095703125,False,False,False,
task1_images,D:\Biology-AI\data\Task1_Segmentation\images\000004.jpg,True,JPEG,RGB,True,1024,768,0.0,246.0,191.75083923339844,27.501689910888672,False,False,False,
task1_images,D:\Biology-AI\data\Task1_Segmentation\images\000005.jpg,True,JPEG,RGB,True,722,540,0.0,255.0,136.6837158203125,76.8838882446289,False,False,False,
task1_images,D:\Biology-AI\data\Task1_Segmentation\images\000006.jpg,True,JPEG,RGB,True,2592,1944,12.0,195.0,124.32801818847656,18.20502471923828,False,False,False,
task1_images,D:\Biology-AI\data\Task1_Segmentation\images\000007.jpg,True,JPEG,RGB,True,6688,4459,0.0,255.0,142.9993133544922,57.426815032958984,False,False,False,
task1_images,D:\Biology-AI\data\Task1_Segmentation\images\000008.jpg,True,JPEG,RGB,True,4288,2848,7.0,255.0,166.659423828125,28.90719985961914,False,False,False,
task1_images,D:\Biology-AI\data\Task1_Segmentation\images\000009.jpg,True,JPEG,RGB,True,4288,2848,9.0,245.0,174.07977294921875,26.535959243774414,False,False,False,
task1_images,D:\Biology-AI\data\Task1_Segmentation\images\000010.jpg,True,JPEG,RGB,True,1504,1129,0.0,255.0,154.888427734375,30.12204360961914,False,False,False,
task1_images,D:\Biology-AI\data\Task1_Segmentation\images\000011.jpg,True,JPEG,RGB,True,919,802,12.0,244.0,165.17626953125,32.8408317565918,False,False,False,
task1_images,D:\Biology-AI\data\Task1_Segmentation\images\000012.jpg,True,JPEG,RGB,True,640,480,0.0,211.0,104.54034423828125,37.96915817260742,False,False,False,
task1_images,D:\Biology-AI\data\Task1_Segmentation\images\000013.jpg,True,JPEG,RGB,True,640,480,0.0,255.0,180.73995971679688,38.80040740966797,False,False,False,
task1_images,D:\Biology-AI\data\Task1_Segmentation\images\000014.jpg,True,JPEG,RGB,True,2592,1936,0.0,255.0,163.1151885986328,48.35944747924805,False,False,False,
task1_images,D:\Biology-AI\data\Task1_Segmentation\images\000015.jpg,True,JPEG,RGB,True,3008,2000,3.0,255.0,170.85997009277344,15.097633361816406,False,False,False,
task1_images,D:\Biology-AI\data\Task1_Segmentation\images\000016.jpg,True,JPEG,RGB,True,3072,2304,8.0,255.0,134.24917602539062,33.99711608886719,False,False,False,
task1_images,D:\Biology-AI\data\Task1_Segmentation\images\000017.jpg,True,JPEG,RGB,True,4288,2848,10.0,237.0,151.54598999023438,24.563507080078125,False,False,False,
task1_images,D:\Biology-AI\data\Task1_Segmentation\images\000018.jpg,True,JPEG,RGB,True,3872,2592,14.0,255.0,216.03067016601562,23.75225067138672,False,False,False,
task1_images,D:\Biology-AI\data\Task1_Segmentation\images\000019.jpg,True,JPEG,RGB,True,3872,2592,36.0,255.0,197.07086181640625,31.834684371948242,False,False,False,
task1_images,D:\Biology-AI\data\Task1_Segmentation\images\000020.jpg,True,JPEG,RGB,True,3008,2000,0.0,253.0,112.53575897216797,27.763797760009766,False,False,False,
task1_images,D:\Biology-AI\data\Task1_Segmentation\images\000021.jpg,True,JPEG,RGB,True,4288,2848,34.0,255.0,158.76705932617188,24.28592300415039,False,False,False,
task1_images,D:\Biology-AI\data\Task1_Segmentation\images\000022.jpg,True,JPEG,RGB,True,4288,2848,0.0,244.0,129.49539184570312,32.99515151977539,False,False,False,
task1_images,D:\Biology-AI\data\Task1_Segmentation\images\000023.jpg,True,JPEG,RGB,True,767,576,0.0,255.0,167.4740753173828,66.04864501953125,False,False,False,
task1_images,D:\Biology-AI\data\Task1_Segmentation\images\000024.jpg,True,JPEG,RGB,True,3024,2016,0.0,240.0,154.8724822998047,19.79163360595703,False,False,False,
task1_images,D:\Biology-AI\data\Task1_Segmentation\images\000025.jpg,True,JPEG,RGB,True,1024,768,0.0,238.0,148.89584350585938,26.91693878173828,False,False,False,
task1_images,D:\Biology-AI\data\Task1_Segmentation\images\000026.jpg,True,JPEG,RGB,True,4288,2848,13.0,249.0,127.98531341552734,30.520532608032227,False,False,False,
task1_images,D:\Biology-AI\data\Task1_Segmentation\images\000027.jpg,True,JPEG,RGB,True,4288,2848,19.0,255.0,188.99070739746094,24.598312377929688,False,False,False,
task1_images,D:\Biology-AI\data\Task1_Segmentation\images\000028.jpg,True,JPEG,RGB,True,1024,768,0.0,233.0,157.37315368652344,32.89153289794922,False,False,False,
task1_images,D:\Biology-AI\data\Task1_Segmentation\images\000029.jpg,True,JPEG,RGB,True,4288,2848,12.0,232.0,125.95056915283203,18.239479064941406,False,False,False,
task1_images,D:\Biology-AI\data\Task1_Segmentation\images\000030.jpg,True,JPEG,RGB,True,4288,2848,10.0,255.0,151.26463317871094,24.026626586914062,False,False,False,
task1_images,D:\Biology-AI\data\Task1_Segmentation\images\000031.jpg,True,JPEG,RGB,True,3072,2304,10.0,237.0,170.75502014160156,50.235008239746094,False,False,False,
task1_images,D:\Biology-AI\data\Task1_Segmentation\images\000032.jpg,True,JPEG,RGB,True,959,723,0.0,255.0,185.0892333984375,67.5016860961914,False,False,False,
task1_images,D:\Biology-AI\data\Task1_Segmentation\images\000033.jpg,True,JPEG,RGB,True,3008,2000,5.0,255.0,136.9033660888672,49.69243621826172,False,False,False,
task1_images,D:\Biology-AI\data\Task1_Segmentation\images\000034.jpg,True,JPEG,RGB,True,1024,768,15.0,235.0,155.23207092285156,28.160839080810547,False,False,False,
task1_images,D:\Biology-AI\data\Task1_Segmentation\images\000035.jpg,True,JPEG,RGB,True,6682,4382,0.0,255.0,148.65997314453125,44.5291862487793,False,False,False,
task1_images,D:\Biology-AI\data\Task1_Segmentation\images\000036.jpg,True,JPEG,RGB,True,1024,768,0.0,254.0,138.97756958007812,23.48257827758789,False,False,False,
task1_images,D:\Biology-AI\data\Task1_Segmentation\images\000037.jpg,True,JPEG,RGB,True,6668,4439,0.0,255.0,170.88168334960938,42.52780532836914,False,False,False,
task1_images,D:\Biology-AI\data\Task1_Segmentation\images\000038.jpg,True,JPEG,RGB,True,4288,2848,9.0,255.0,150.7181854248047,19.2673397064209,False,False,False,
task1_images,D:\Biology-AI\data\Task1_Segmentation\images\000039.jpg,True,JPEG,RGB,True,6668,4459,0.0,255.0,126.15994262695312,56.081443786621094,False,False,False,
task1_images,D:\Biology-AI\data\Task1_Segmentation\images\000040.jpg,True,JPEG,RGB,True,824,719,0.0,251.0,145.54757690429688,39.98101043701172,False,False,False,
task1_images,D:\Biology-AI\data\Task1_Segmentation\images\000041.jpg,True,JPEG,RGB,True,3008,2000,4.0,255.0,165.33731079101562,21.17064094543457,False,False,False,
task1_images,D:\Biology-AI\data\Task1_Segmentation\images\000042.jpg,True,JPEG,RGB,True,3072,2304,0.0,255.0,117.45389556884766,48.24738311767578,False,False,False,
task1_images,D:\Biology-AI\data\Task1_Segmentation\images\000043.jpg,True,JPEG,RGB,True,3072,2304,18.0,255.0,134.5188751220703,40.17584228515625,False,False,False,
task1_images,D:\Biology-AI\data\Task1_Segmentation\images\000044.jpg,True,JPEG,RGB,True,3872,2592,4.0,255.0,157.7397918701172,34.65388107299805,False,False,False,
task1_images,D:\Biology-AI\data\Task1_Segmentation\images\000045.jpg,True,JPEG,RGB,True,3008,2000,6.0,255.0,187.49464416503906,21.834487915039062,False,False,False,
task1_images,D:\Biology-AI\data\Task1_Segmentation\images\000046.jpg,True,JPEG,RGB,True,3072,2304,12.0,255.0,147.53909301757812,36.24382400512695,False,False,False,
task1_images,D:\Biology-AI\data\Task1_Segmentation\images\000047.jpg,True,JPEG,RGB,True,3072,2304,0.0,255.0,161.74945068359375,34.57590103149414,False,False,False,
task1_images,D:\Biology-AI\data\Task1_Segmentation\images\000048.jpg,True,JPEG,RGB,True,3872,2592,8.0,255.0,170.3157501220703,25.976572036743164,False,False,False,
task1_images,D:\Biology-AI\data\Task1_Segmentation\images\000049.jpg,True,JPEG,RGB,True,1024,768,77.0,249.0,160.31602478027344,26.12285614013672,False,False,False,
task1_images,D:\Biology-AI\data\Task1_Segmentation\images\000050.jpg,True,JPEG,RGB,True,1024,768,0.0,243.0,132.50030517578125,28.977989196777344,False,False,False,
task1_images,D:\Biology-AI\data\Task1_Segmentation\images\000051.jpg,True,JPEG,RGB,True,1504,1129,0.0,255.0,144.25674438476562,35.835262298583984,False,False,False,
task1_images,D:\Biology-AI\data\Task1_Segmentation\images\000052.jpg,True,JPEG,RGB,True,2592,3872,21.0,255.0,168.69476318359375,17.323850631713867,False,False,False,
task1_images,D:\Biology-AI\data\Task1_Segmentation\images\000053.jpg,True,JPEG,RGB,True,2048,1536,0.0,255.0,133.287353515625,41.2974853515625,False,False,False,
task1_images,D:\Biology-AI\data\Task1_Segmentation\images\000054.jpg,True,JPEG,RGB,True,6680,4422,0.0,255.0,105.77719116210938,57.5055046081543,False,False,False,
task1_images,D:\Biology-AI\data\Task1_Segmentation\images\000055.jpg,True,JPEG,RGB,True,767,576,0.0,255.0,175.7821502685547,61.890018463134766,False,False,False,
task1_images,D:\Biology-AI\data\Task1_Segmentation\images\000056.jpg,True,JPEG,RGB,True,6642,4420,0.0,255.0,103.87310791015625,73.69878387451172,False,False,False,
task1_images,D:\Biology-AI\data\Task1_Segmentation\images\000057.jpg,True,JPEG,RGB,True,640,480,0.0,255.0,138.31915283203125,49.014652252197266,False,False,False,
task1_images,D:\Biology-AI\data\Task1_Segmentation\images\000058.jpg,True,JPEG,RGB,True,3008,2000,13.0,255.0,182.42098999023438,23.180761337280273,False,False,False,
task1_images,D:\Biology-AI\data\Task1_Segmentation\images\000059.jpg,True,JPEG,RGB,True,3872,2592,6.0,240.0,163.49417114257812,22.496795654296875,False,False,False,
task1_images,D:\Biology-AI\data\Task1_Segmentation\images\000060.jpg,True,JPEG,RGB,True,824,719,0.0,255.0,162.06362915039062,39.623260498046875,False,False,False,
task1_images,D:\Biology-AI\data\Task1_Segmentation\images\000061.jpg,True,JPEG,RGB,True,2048,1536,29.0,255.0,164.76541137695312,34.45627212524414,False,False,False,
task1_images,D:\Biology-AI\data\Task1_Segmentation\images\000062.jpg,True,JPEG,RGB,True,4288,2848,14.0,250.0,145.54176330566406,27.875350952148438,False,False,False,
task1_images,D:\Biology-AI\data\Task1_Segmentation\images\000063.jpg,True,JPEG,RGB,True,6668,4439,0.0,255.0,183.41004943847656,46.6430778503418,False,False,False,
task1_images,D:\Biology-AI\data\Task1_Segmentation\images\000064.jpg,True,JPEG,RGB,True,640,480,0.0,244.0,140.32546997070312,47.88425064086914,False,False,False,
task1_images,D:\Biology-AI\data\Task1_Segmentation\images\000065.jpg,True,JPEG,RGB,True,640,480,0.0,208.0,78.69856262207031,42.3602409362793,False,False,False,
task1_images,D:\Biology-AI\data\Task1_Segmentation\images\000066.jpg,True,JPEG,RGB,True,6688,4419,0.0,255.0,172.70558166503906,41.60394287109375,False,False,False,
task1_images,D:\Biology-AI\data\Task1_Segmentation\images\000067.jpg,True,JPEG,RGB,True,640,480,0.0,231.0,118.04756164550781,37.993099212646484,False,False,False,
task1_images,D:\Biology-AI\data\Task1_Segmentation\images\000068.jpg,True,JPEG,RGB,True,3872,2592,24.0,255.0,143.3470001220703,57.31073760986328,False,False,False,
task1_images,D:\Biology-AI\data\Task1_Segmentation\images\000069.jpg,True,JPEG,RGB,True,767,576,0.0,255.0,171.97479248046875,61.48666763305664,False,False,False,
task1_images,D:\Biology-AI\data\Task1_Segmentation\images\000070.jpg,True,JPEG,RGB,True,6601,4382,0.0,255.0,125.96758270263672,62.51219177246094,False,False,False,
task1_images,D:\Biology-AI\data\Task1_Segmentation\images\000071.jpg,True,JPEG,RGB,True,640,480,0.0,241.0,137.04920959472656,50.761043548583984,False,False,False,
task1_images,D:\Biology-AI\data\Task1_Segmentation\images\000072.jpg,True,JPEG,RGB,True,4288,2848,16.0,255.0,158.37875366210938,16.001859664916992,False,False,False,
task1_images,D:\Biology-AI\data\Task1_Segmentation\images\000073.jpg,True,JPEG,RGB,True,3072,2304,3.0,245.0,180.61009216308594,33.53929901123047,False,False,False,
task1_images,D:\Biology-AI\data\Task1_Segmentation\images\000074.jpg,True,JPEG,RGB,True,3072,2304,11.0,235.0,154.6665496826172,33.53004455566406,False,False,False,
task1_images,D:\Biology-AI\data\Task1_Segmentation\images\000075.jpg,True,JPEG,RGB,True,4288,2848,11.0,238.0,124.48392486572266,17.031068801879883,False,False,False,
task1_images,D:\Biology-AI\data\Task1_Segmentation\images\000076.jpg,True,JPEG,RGB,True,3008,2000,0.0,255.0,153.99366760253906,32.027042388916016,False,False,False,
task1_images,D:\Biology-AI\data\Task1_Segmentation\images\000077.jpg,True,JPEG,RGB,True,1831,1528,0.0,255.0,133.91322326660156,58.616275787353516,False,False,False,
task1_images,D:\Biology-AI\data\Task1_Segmentation\images\000078.jpg,True,JPEG,RGB,True,3072,2304,60.0,220.0,149.01266479492188,18.402727127075195,False,False,False,
task1_images,D:\Biology-AI\data\Task1_Segmentation\images\000079.jpg,True,JPEG,RGB,True,3072,2304,4.0,189.0,137.9226531982422,22.44742774963379,False,False,False,
task1_images,D:\Biology-AI\data\Task1_Segmentation\images\000080.jpg,True,JPEG,RGB,True,1503,1129,0.0,255.0,139.07383728027344,60.27465057373047,False,False,False,
task1_images,D:\Biology-AI\data\Task1_Segmentation\images\000081.jpg,True,JPEG,RGB,True,3072,2304,6.0,218.0,144.79270935058594,34.99615478515625,False,False,False,
task1_images,D:\Biology-AI\data\Task1_Segmentation\images\000082.jpg,True,JPEG,RGB,True,3072,2304,0.0,255.0,122.25914001464844,39.17905044555664,False,False,False,
task1_images,D:\Biology-AI\data\Task1_Segmentation\images\000083.jpg,True,JPEG,RGB,True,1024,768,0.0,242.0,126.10079956054688,34.43239212036133,False,False,False,
task1_images,D:\Biology-AI\data\Task1_Segmentation\images\000084.jpg,True,JPEG,RGB,True,3024,2016,0.0,255.0,143.9597625732422,44.22346115112305,False,False,False,
task1_images,D:\Biology-AI\data\Task1_Segmentation\images\000085.jpg,True,JPEG,RGB,True,2048,1536,27.0,255.0,171.40965270996094,35.999691009521484,False,False,False,
task1_images,D:\Biology-AI\data\Task1_Segmentation\images\000086.jpg,True,JPEG,RGB,True,1024,768,26.0,249.0,139.0761260986328,33.13665771484375,False,False,False,
task1_images,D:\Biology-AI\data\Task1_Segmentation\images\000087.jpg,True,JPEG,RGB,True,4288,2848,0.0,255.0,161.07177734375,32.57841873168945,False,False,False,
task1_images,D:\Biology-AI\data\Task1_Segmentation\images\000088.jpg,True,JPEG,RGB,True,1022,767,16.0,255.0,150.32412719726562,72.34929656982422,False,False,False,
task1_images,D:\Biology-AI\data\Task1_Segmentation\images\000089.jpg,True,JPEG,RGB,True,3008,2000,4.0,255.0,140.0710906982422,21.612518310546875,False,False,False,
task1_images,D:\Biology-AI\data\Task1_Segmentation\images\000090.jpg,True,JPEG,RGB,True,4288,2848,4.0,255.0,134.03846740722656,26.410226821899414,False,False,False,
task1_images,D:\Biology-AI\data\Task1_Segmentation\images\000091.jpg,True,JPEG,RGB,True,6642,4420,0.0,255.0,140.5417022705078,56.32121658325195,False,False,False,
task1_images,D:\Biology-AI\data\Task1_Segmentation\images\000092.jpg,True,JPEG,RGB,True,1024,768,0.0,255.0,168.28297424316406,51.79517364501953,False,False,False,
task1_images,D:\Biology-AI\data\Task1_Segmentation\images\000093.jpg,True,JPEG,RGB,True,3072,2304,0.0,255.0,135.5237579345703,43.15102005004883,False,False,False,
task1_images,D:\Biology-AI\data\Task1_Segmentation\images\000094.jpg,True,JPEG,RGB,True,2048,1536,0.0,255.0,164.34423828125,53.77666091918945,False,False,False,
task1_images,D:\Biology-AI\data\Task1_Segmentation\images\000095.jpg,True,JPEG,RGB,True,1057,704,0.0,255.0,173.653564453125,49.645389556884766,False,False,False,
task1_images,D:\Biology-AI\data\Task1_Segmentation\images\000096.jpg,True,JPEG,RGB,True,6688,4439,0.0,255.0,180.91932678222656,56.0406379699707,False,False,False,
task1_images,D:\Biology-AI\data\Task1_Segmentation\images\000097.jpg,True,JPEG,RGB,True,2370,1720,40.0,237.0,183.8645782470703,23.87978172302246,False,False,False,
task1_images,D:\Biology-AI\data\Task1_Segmentation\images\000098.jpg,True,JPEG,RGB,True,6621,4420,0.0,255.0,170.64175415039062,51.83195114135742,False,False,False,
task1_images,D:\Biology-AI\data\Task1_Segmentation\images\000099.jpg,True,JPEG,RGB,True,3008,2000,0.0,255.0,150.16995239257812,31.134963989257812,False,False,False,
task1_images,D:\Biology-AI\data\Task1_Segmentation\images\000100.jpg,True,JPEG,RGB,True,1859,1351,18.0,255.0,150.24195861816406,27.85761260986328,False,False,False,
task1_images,D:\Biology-AI\data\Task1_Segmentation\images\000101.jpg,True,JPEG,RGB,True,4288,2848,8.0,225.0,118.03162384033203,18.93889045715332,False,False,False,
task1_images,D:\Biology-AI\data\Task1_Segmentation\images\000102.jpg,True,JPEG,RGB,True,3872,2592,1.0,255.0,133.73777770996094,17.914583206176758,False,False,False,
task1_images,D:\Biology-AI\data\Task1_Segmentation\images\000103.jpg,True,JPEG,RGB,True,3072,2304,0.0,255.0,126.34683990478516,45.118988037109375,False,False,False,
task1_images,D:\Biology-AI\data\Task1_Segmentation\images\000104.jpg,True,JPEG,RGB,True,965,649,0.0,255.0,170.1263427734375,66.45917510986328,False,False,False,
task1_images,D:\Biology-AI\data\Task1_Segmentation\images\000105.jpg,True,JPEG,RGB,True,1024,768,0.0,255.0,143.84486389160156,50.652015686035156,False,False,False,
task1_images,D:\Biology-AI\data\Task1_Segmentation\images\000106.jpg,True,JPEG,RGB,True,3072,2304,0.0,226.0,147.85537719726562,37.059913635253906,False,False,False,
task1_images,D:\Biology-AI\data\Task1_Segmentation\images\000107.jpg,True,JPEG,RGB,True,3024,2016,0.0,255.0,153.39892578125,34.15919494628906,False,False,False,
task1_images,D:\Biology-AI\data\Task1_Segmentation\images\000108.jpg,True,JPEG,RGB,True,1024,768,9.0,255.0,135.8731231689453,53.007240295410156,False,False,False,
task1_images,D:\Biology-AI\data\Task1_Segmentation\images\000109.jpg,True,JPEG,RGB,True,2048,1536,2.0,255.0,120.88232421875,49.76041793823242,False,False,False,
task1_images,D:\Biology-AI\data\Task1_Segmentation\images\000110.jpg,True,JPEG,RGB,True,6688,4439,0.0,255.0,156.38735961914062,53.762794494628906,False,False,False,
task1_images,D:\Biology-AI\data\Task1_Segmentation\images\000111.jpg,True,JPEG,RGB,True,3072,2304,2.0,255.0,142.04397583007812,36.46394348144531,False,False,False,
task1_images,D:\Biology-AI\data\Task1_Segmentation\images\000112.jpg,True,JPEG,RGB,True,3072,2304,0.0,255.0,165.588134765625,37.481651306152344,False,False,False,
task1_images,D:\Biology-AI\data\Task1_Segmentation\images\000113.jpg,True,JPEG,RGB,True,640,480,0.0,211.0,92.9186782836914,49.92744064331055,False,False,False,
task1_images,D:\Biology-AI\data\Task1_Segmentation\images\000114.jpg,True,JPEG,RGB,True,6641,4401,0.0,255.0,172.12478637695312,61.59852600097656,False,False,False,
task1_images,D:\Biology-AI\data\Task1_Segmentation\images\000115.jpg,True,JPEG,RGB,True,3872,2592,5.0,217.0,144.66014099121094,21.957454681396484,False,False,False,
task1_images,D:\Biology-AI\data\Task1_Segmentation\images\000116.jpg,True,JPEG,RGB,True,3072,2304,27.0,255.0,156.65374755859375,50.58509826660156,False,False,False,
task1_images,D:\Biology-AI\data\Task1_Segmentation\images\000117.jpg,True,JPEG,RGB,True,6760,4480,0.0,255.0,155.50778198242188,46.80998992919922,False,False,False,
task1_images,D:\Biology-AI\data\Task1_Segmentation\images\000118.jpg,True,JPEG,RGB,True,3008,2000,3.0,247.0,130.6270294189453,21.390579223632812,False,False,False,
task1_images,D:\Biology-AI\data\Task1_Segmentation\images\000119.jpg,True,JPEG,RGB,True,3072,2304,0.0,241.0,158.0178680419922,32.16807174682617,False,False,False,
task1_images,D:\Biology-AI\data\Task1_Segmentation\images\000120.jpg,True,JPEG,RGB,True,1504,1129,0.0,255.0,160.23960876464844,48.65672302246094,False,False,False,
task1_images,D:\Biology-AI\data\Task1_Segmentation\images\000121.jpg,True,JPEG,RGB,True,3008,2000,3.0,255.0,168.98651123046875,24.198627471923828,False,False,False,
task1_images,D:\Biology-AI\data\Task1_Segmentation\images\000122.jpg,True,JPEG,RGB,True,640,480,0.0,253.0,163.37042236328125,43.71858596801758,False,False,False,
task1_images,D:\Biology-AI\data\Task1_Segmentation\images\000123.jpg,True,JPEG,RGB,True,3072,2304,10.0,244.0,145.76429748535156,25.096288681030273,False,False,False,
task1_images,D:\Biology-AI\data\Task1_Segmentation\images\000124.jpg,True,JPEG,RGB,True,3024,2016,0.0,255.0,131.72142028808594,47.507537841796875,False,False,False,
task1_images,D:\Biology-AI\data\Task1_Segmentation\images\000125.jpg,True,JPEG,RGB,True,1024,768,3.0,235.0,173.78091430664062,39.077510833740234,False,False,False,
task1_images,D:\Biology-AI\data\Task1_Segmentation\images\000126.jpg,True,JPEG,RGB,True,640,480,0.0,255.0,190.54275512695312,46.06224060058594,False,False,False,
task1_images,D:\Biology-AI\data\Task1_Segmentation\images\000127.jpg,True,JPEG,RGB,True,6620,4401,0.0,255.0,133.20748901367188,64.69060516357422,False,False,False,
task1_images,D:\Biology-AI\data\Task1_Segmentation\images\000128.jpg,True,JPEG,RGB,True,3872,2592,11.0,255.0,195.8451690673828,15.8546724319458,False,False,False,
task1_images,D:\Biology-AI\data\Task1_Segmentation\images\000129.jpg,True,JPEG,RGB,True,767,576,0.0,255.0,193.7704315185547,51.865272521972656,False,False,False,
task1_images,D:\Biology-AI\data\Task1_Segmentation\images\000130.jpg,True,JPEG,RGB,True,3008,2000,9.0,255.0,170.32754516601562,29.519079208374023,False,False,False,
task1_images,D:\Biology-AI\data\Task1_Segmentation\images\000131.jpg,True,JPEG,RGB,True,640,480,0.0,240.0,151.170654296875,43.275054931640625,False,False,False,
task1_images,D:\Biology-AI\data\Task1_Segmentation\images\000132.jpg,True,JPEG,RGB,True,3072,2304,15.0,255.0,168.74110412597656,48.0810546875,False,False,False,
task1_images,D:\Biology-AI\data\Task1_Segmentation\images\000133.jpg,True,JPEG,RGB,True,1024,768,20.0,255.0,192.2993927001953,38.63386535644531,False,False,False,
task1_images,D:\Biology-AI\data\Task1_Segmentation\images\000134.jpg,True,JPEG,RGB,True,3872,2592,32.0,197.0,134.3226318359375,28.747297286987305,False,False,False,
task1_images,D:\Biology-AI\data\Task1_Segmentation\images\000135.jpg,True,JPEG,RGB,True,3072,2304,44.0,198.0,142.82089233398438,12.826835632324219,False,False,False,
task1_images,D:\Biology-AI\data\Task1_Segmentation\images\000136.jpg,True,JPEG,RGB,True,3072,2304,13.0,194.0,137.8332061767578,26.78795623779297,False,False,False,
task1_images,D:\Biology-AI\data\Task1_Segmentation\images\000137.jpg,True,JPEG,RGB,True,3024,2016,0.0,255.0,141.74990844726562,38.89935302734375,False,False,False,
task1_images,D:\Biology-AI\data\Task1_Segmentation\images\000138.jpg,True,JPEG,RGB,True,1024,768,0.0,240.0,145.51893615722656,22.855052947998047,False,False,False,
task1_images,D:\Biology-AI\data\Task1_Segmentation\images\000139.jpg,True,JPEG,RGB,True,3008,2000,0.0,243.0,122.47615814208984,25.905237197875977,False,False,False,
task1_images,D:\Biology-AI\data\Task1_Segmentation\images\000140.jpg,True,JPEG,RGB,True,3872,2592,4.0,255.0,164.64356994628906,12.282305717468262,False,False,False,
task1_images,D:\Biology-AI\data\Task1_Segmentation\images\000141.jpg,True,JPEG,RGB,True,3872,2592,2.0,255.0,137.48495483398438,20.514795303344727,False,False,False,
task1_images,D:\Biology-AI\data\Task1_Segmentation\images\000142.jpg,True,JPEG,RGB,True,3008,2000,0.0,239.0,136.9243621826172,28.599653244018555,False,False,False,
task1_images,D:\Biology-AI\data\Task1_Segmentation\images\000143.jpg,True,JPEG,RGB,True,767,576,0.0,255.0,184.371826171875,54.528717041015625,False,False,False,
task1_images,D:\Biology-AI\data\Task1_Segmentation\images\000144.jpg,True,JPEG,RGB,True,6681,4420,0.0,255.0,165.19873046875,50.92982482910156,False,False,False,
task1_images,D:\Biology-AI\data\Task1_Segmentation\images\000145.jpg,True,JPEG,RGB,True,3072,2304,43.0,255.0,159.47975158691406,27.705896377563477,False,False,False,
task1_images,D:\Biology-AI\data\Task1_Segmentation\images\000146.jpg,True,JPEG,RGB,True,1024,768,14.0,243.0,152.99798583984375,36.64518356323242,False,False,False,
task1_images,D:\Biology-AI\data\Task1_Segmentation\images\000147.jpg,True,JPEG,RGB,True,3008,2000,10.0,255.0,160.84080505371094,19.03067398071289,False,False,False,
task1_images,D:\Biology-AI\data\Task1_Segmentation\images\000148.jpg,True,JPEG,RGB,True,6621,4420,0.0,255.0,127.90088653564453,65.03865814208984,False,False,False,
task1_images,D:\Biology-AI\data\Task1_Segmentation\images\000149.jpg,True,JPEG,RGB,True,2725,2082,7.0,215.0,166.90199279785156,22.949085235595703,False,False,False,
task1_images,D:\Biology-AI\data\Task1_Segmentation\images\000150.jpg,True,JPEG,RGB,True,1024,768,57.0,255.0,204.43731689453125,41.181358337402344,False,False,False,
task1_images,D:\Biology-AI\data\Task1_Segmentation\images\000151.jpg,True,JPEG,RGB,True,1024,768,0.0,255.0,203.54676818847656,49.54111862182617,False,False,False,
task1_images,D:\Biology-AI\data\Task1_Segmentation\images\000152.jpg,True,JPEG,RGB,True,640,480,0.0,238.0,83.4074935913086,57.21438980102539,False,False,False,
task1_images,D:\Biology-AI\data\Task1_Segmentation\images\000153.jpg,True,JPEG,RGB,True,3072,2304,1.0,223.0,147.69264221191406,27.257144927978516,False,False,False,
task1_images,D:\Biology-AI\data\Task1_Segmentation\images\000154.jpg,True,JPEG,RGB,True,1024,768,26.0,255.0,214.33035278320312,39.929786682128906,False,False,False,
task1_images,D:\Biology-AI\data\Task1_Segmentation\images\000155.jpg,True,JPEG,RGB,True,1022,767,0.0,255.0,138.0843963623047,58.75910186767578,False,False,False,
task1_images,D:\Biology-AI\data\Task1_Segmentation\images\000156.jpg,True,JPEG,RGB,True,4288,2848,14.0,255.0,155.68104553222656,20.648073196411133,False,False,False,
task1_images,D:\Biology-AI\data\Task1_Segmentation\images\000157.jpg,True,JPEG,RGB,True,6668,4439,0.0,255.0,168.43174743652344,42.451637268066406,False,False,False,
task1_images,D:\Biology-AI\data\Task1_Segmentation\images\000158.jpg,True,JPEG,RGB,True,4256,2848,0.0,255.0,142.54238891601562,31.87159538269043,False,False,False,
task1_images,D:\Biology-AI\data\Task1_Segmentation\images\000159.jpg,True,JPEG,RGB,True,1024,768,0.0,222.0,179.5245819091797,25.508678436279297,False,False,False,
task1_images,D:\Biology-AI\data\Task1_Segmentation\images\000160.jpg,True,JPEG,RGB,True,2173,1863,0.0,255.0,135.5843505859375,43.93897247314453,False,False,False,
task1_images,D:\Biology-AI\data\Task1_Segmentation\images\000161.jpg,True,JPEG,RGB,True,1024,768,0.0,244.0,138.58810424804688,36.329505920410156,False,False,False,
task1_images,D:\Biology-AI\data\Task1_Segmentation\images\000162.jpg,True,JPEG,RGB,True,640,480,0.0,247.0,142.92520141601562,42.32126998901367,False,False,False,
task1_images,D:\Biology-AI\data\Task1_Segmentation\images\000163.jpg,True,JPEG,RGB,True,3008,2000,0.0,233.0,110.02019500732422,23.0322322845459,False,False,False,
task1_images,D:\Biology-AI\data\Task1_Segmentation\images\000164.jpg,True,JPEG,RGB,True,6668,4439,0.0,255.0,160.36770629882812,55.01826095581055,False,False,False,
task1_images,D:\Biology-AI\data\Task1_Segmentation\images\000165.jpg,True,JPEG,RGB,True,3872,2592,10.0,255.0,196.83236694335938,19.854589462280273,False,False,False,
task1_images,D:\Biology-AI\data\Task1_Segmentation\images\000166.jpg,True,JPEG,RGB,True,1024,768,9.0,235.0,166.9564208984375,50.056278228759766,False,False,False,
task1_images,D:\Biology-AI\data\Task1_Segmentation\images\000167.jpg,True,JPEG,RGB,True,640,480,0.0,222.0,123.6078109741211,41.987979888916016,False,False,False,
task1_images,D:\Biology-AI\data\Task1_Segmentation\images\000168.jpg,True,JPEG,RGB,True,640,480,0.0,255.0,171.39773559570312,42.61021041870117,False,False,False,
task1_images,D:\Biology-AI\data\Task1_Segmentation\images\000169.jpg,True,JPEG,RGB,True,4288,2848,8.0,255.0,179.38230895996094,26.043697357177734,False,False,False,
task1_images,D:\Biology-AI\data\Task1_Segmentation\images\000170.jpg,True,JPEG,RGB,True,6688,4479,0.0,255.0,151.59417724609375,51.083740234375,False,False,False,
task1_images,D:\Biology-AI\data\Task1_Segmentation\images\000171.jpg,True,JPEG,RGB,True,6661,4422,0.0,255.0,166.91921997070312,37.89195251464844,False,False,False,
task1_images,D:\Biology-AI\data\Task1_Segmentation\images\000172.jpg,True,JPEG,RGB,True,4288,2848,1.0,230.0,124.81639862060547,24.160186767578125,False,False,False,
task1_images,D:\Biology-AI\data\Task1_Segmentation\images\000173.jpg,True,JPEG,RGB,True,1024,768,8.0,246.0,146.83819580078125,21.673906326293945,False,False,False,
task1_images,D:\Biology-AI\data\Task1_Segmentation\images\000174.jpg,True,JPEG,RGB,True,4288,2848,5.0,255.0,126.68682098388672,22.57442855834961,False,False,False,
task1_images,D:\Biology-AI\data\Task1_Segmentation\images\000175.jpg,True,JPEG,RGB,True,1024,768,7.0,235.0,155.2719268798828,25.26933479309082,False,False,False,
task1_images,D:\Biology-AI\data\Task1_Segmentation\images\000176.jpg,True,JPEG,RGB,True,1024,768,29.0,255.0,149.2086639404297,22.274982452392578,False,False,False,
task1_images,D:\Biology-AI\data\Task1_Segmentation\images\000177.jpg,True,JPEG,RGB,True,640,480,0.0,255.0,131.71339416503906,42.52985763549805,False,False,False,
task1_images,D:\Biology-AI\data\Task1_Segmentation\images\000178.jpg,True,JPEG,RGB,True,6648,4419,0.0,255.0,119.759521484375,60.388126373291016,False,False,False,
task1_images,D:\Biology-AI\data\Task1_Segmentation\images\000179.jpg,True,JPEG,RGB,True,767,576,0.0,255.0,191.5585479736328,54.25327682495117,False,False,False,
task1_images,D:\Biology-AI\data\Task1_Segmentation\images\000180.jpg,True,JPEG,RGB,True,3008,2000,15.0,255.0,185.62319946289062,30.60883903503418,False,False,False,
task1_images,D:\Biology-AI\data\Task1_Segmentation\images\000181.jpg,True,JPEG,RGB,True,6688,4439,0.0,255.0,148.39041137695312,66.8806381225586,False,False,False,
task1_images,D:\Biology-AI\data\Task1_Segmentation\images\000182.jpg,True,JPEG,RGB,True,6688,4439,0.0,255.0,164.72723388671875,48.35578918457031,False,False,False,
task1_images,D:\Biology-AI\data\Task1_Segmentation\images\000183.jpg,True,JPEG,RGB,True,3072,2304,0.0,255.0,161.98207092285156,56.53196716308594,False,False,False,
task1_images,D:\Biology-AI\data\Task1_Segmentation\images\000184.jpg,True,JPEG,RGB,True,1024,768,14.0,255.0,204.35940551757812,38.53704071044922,False,False,False,
task1_images,D:\Biology-AI\data\Task1_Segmentation\images\000185.jpg,True,JPEG,RGB,True,1024,768,36.0,255.0,164.10321044921875,35.2963981628418,False,False,False,
task1_images,D:\Biology-AI\data\Task1_Segmentation\images\000186.jpg,True,JPEG,RGB,True,1022,767,0.0,255.0,155.72731018066406,38.94359588623047,False,False,False,
task1_images,D:\Biology-AI\data\Task1_Segmentation\images\000187.jpg,True,JPEG,RGB,True,965,724,0.0,255.0,166.79849243164062,71.4286880493164,False,False,False,
task1_images,D:\Biology-AI\data\Task1_Segmentation\images\000188.jpg,True,JPEG,RGB,True,1024,768,1.0,241.0,148.0162353515625,47.23668670654297,False,False,False,
task1_images,D:\Biology-AI\data\Task1_Segmentation\images\000189.jpg,True,JPEG,RGB,True,3072,2304,0.0,243.0,165.08843994140625,33.81308364868164,False,False,False,
task1_images,D:\Biology-AI\data\Task1_Segmentation\images\000190.jpg,True,JPEG,RGB,True,3008,2000,1.0,255.0,164.9337921142578,45.26010513305664,False,False,False,
task1_images,D:\Biology-AI\data\Task1_Segmentation\images\000191.jpg,True,JPEG,RGB,True,1024,768,5.0,242.0,138.16346740722656,27.261882781982422,False,False,False,
task1_images,D:\Biology-AI\data\Task1_Segmentation\images\000192.jpg,True,JPEG,RGB,True,3008,2000,4.0,207.0,92.68571472167969,15.32793140411377,False,False,False,
task1_images,D:\Biology-AI\data\Task1_Segmentation\images\000193.jpg,True,JPEG,RGB,True,6648,4459,0.0,255.0,153.05966186523438,62.24412536621094,False,False,False,
task1_images,D:\Biology-AI\data\Task1_Segmentation\images\000194.jpg,True,JPEG,RGB,True,1024,768,0.0,255.0,184.8070526123047,48.5600471496582,False,False,False,
task1_images,D:\Biology-AI\data\Task1_Segmentation\images\000195.jpg,True,JPEG,RGB,True,4288,2848,4.0,255.0,137.75440979003906,41.61860656738281,False,False,False,
task1_images,D:\Biology-AI\data\Task1_Segmentation\images\000196.jpg,True,JPEG,RGB,True,3008,2000,13.0,222.0,163.5149383544922,19.234893798828125,False,False,False,
task1_images,D:\Biology-AI\data\Task1_Segmentation\images\000197.jpg,True,JPEG,RGB,True,6620,4420,0.0,255.0,178.03192138671875,45.89199447631836,False,False,False,
task1_images,D:\Biology-AI\data\Task1_Segmentation\images\000198.jpg,True,JPEG,RGB,True,640,480,0.0,255.0,96.41739654541016,59.34347915649414,False,False,False,
task1_images,D:\Biology-AI\data\Task1_Segmentation\images\000199.jpg,True,JPEG,RGB,True,640,480,0.0,212.0,116.33686065673828,37.76469802856445,False,False,False,
task1_images,D:\Biology-AI\data\Task1_Segmentation\images\000200.jpg,True,JPEG,RGB,True,3008,2000,10.0,255.0,173.5899658203125,25.81401824951172,False,False,False,
task1_images,D:\Biology-AI\data\Task1_Segmentation\images\000201.jpg,True,JPEG,RGB,True,1300,1212,39.0,208.0,170.40667724609375,20.813657760620117,False,False,False,
task1_images,D:\Biology-AI\data\Task1_Segmentation\images\000202.jpg,True,JPEG,RGB,True,3008,2000,8.0,228.0,148.7243194580078,18.651811599731445,False,False,False,
task1_images,D:\Biology-AI\data\Task1_Segmentation\images\000203.jpg,True,JPEG,RGB,True,3872,2592,28.0,171.0,138.80918884277344,15.665427207946777,False,False,False,
task1_images,D:\Biology-AI\data\Task1_Segmentation\images\000204.jpg,True,JPEG,RGB,True,919,802,6.0,168.0,105.0721664428711,40.45365905761719,False,False,False,
task1_images,D:\Biology-AI\data\Task1_Segmentation\images\000205.jpg,True,JPEG,RGB,True,3872,2592,0.0,255.0,148.028564453125,22.31597900390625,False,False,False,
task1_images,D:\Biology-AI\data\Task1_Segmentation\images\000206.jpg,True,JPEG,RGB,True,2272,1704,0.0,255.0,153.27674865722656,71.29776763916016,False,False,False,
task1_images,D:\Biology-AI\data\Task1_Segmentation\images\000207.jpg,True,JPEG,RGB,True,4288,2848,10.0,255.0,120.27294921875,34.926963806152344,False,False,False,
task1_images,D:\Biology-AI\data\Task1_Segmentation\images\000208.jpg,True,JPEG,RGB,True,2048,1536,26.0,255.0,143.18890380859375,33.854835510253906,False,False,False,
task1_images,D:\Biology-AI\data\Task1_Segmentation\images\000209.jpg,True,JPEG,RGB,True,1024,768,17.0,238.0,154.29180908203125,22.60514259338379,False,False,False,
task1_images,D:\Biology-AI\data\Task1_Segmentation\images\000210.jpg,True,JPEG,RGB,True,4288,2848,10.0,255.0,132.4510498046875,25.411739349365234,False,False,False,
task1_images,D:\Biology-AI\data\Task1_Segmentation\images\000211.jpg,True,JPEG,RGB,True,2592,1936,0.0,255.0,129.22042846679688,54.648563385009766,False,False,False,
task1_images,D:\Biology-AI\data\Task1_Segmentation\images\000212.jpg,True,JPEG,RGB,True,3008,2000,8.0,249.0,159.8936004638672,18.454442977905273,False,False,False,
task1_images,D:\Biology-AI\data\Task1_Segmentation\images\000213.jpg,True,JPEG,RGB,True,1504,1129,0.0,255.0,139.78184509277344,37.2615852355957,False,False,False,
task1_images,D:\Biology-AI\data\Task1_Segmentation\images\000214.jpg,True,JPEG,RGB,True,6648,4419,0.0,255.0,179.65420532226562,39.249996185302734,False,False,False,
task1_images,D:\Biology-AI\data\Task1_Segmentation\images\000215.jpg,True,JPEG,RGB,True,3072,2304,0.0,255.0,154.44252014160156,75.40802764892578,False,False,False,
task1_images,D:\Biology-AI\data\Task1_Segmentation\images\000216.jpg,True,JPEG,RGB,True,3072,2304,9.0,238.0,130.0132598876953,27.85567855834961,False,False,False,
task1_images,D:\Biology-AI\data\Task1_Segmentation\images\000217.jpg,True,JPEG,RGB,True,6622,4441,0.0,255.0,122.18180084228516,39.0564079284668,False,False,False,
task1_images,D:\Biology-AI\data\Task1_Segmentation\images\000218.jpg,True,JPEG,RGB,True,1057,707,0.0,255.0,166.29713439941406,63.98769760131836,False,False,False,
task1_images,D:\Biology-AI\data\Task1_Segmentation\images\000219.jpg,True,JPEG,RGB,True,5184,3456,9.0,255.0,172.1876220703125,36.42717361450195,False,False,False,
task1_images,D:\Biology-AI\data\Task1_Segmentation\images\000220.jpg,True,JPEG,RGB,True,3872,2592,15.0,255.0,207.00401306152344,22.11052131652832,False,False,False,
task1_images,D:\Biology-AI\data\Task1_Segmentation\images\000221.jpg,True,JPEG,RGB,True,4288,2848,11.0,255.0,122.7684326171875,30.371864318847656,False,False,False,
task1_images,D:\Biology-AI\data\Task1_Segmentation\images\000222.jpg,True,JPEG,RGB,True,1024,768,0.0,255.0,199.6161651611328,25.751174926757812,False,False,False,
task1_images,D:\Biology-AI\data\Task1_Segmentation\images\000223.jpg,True,JPEG,RGB,True,3008,2000,0.0,255.0,164.4872283935547,23.104694366455078,False,False,False,
task1_images,D:\Biology-AI\data\Task1_Segmentation\images\000224.jpg,True,JPEG,RGB,True,3072,2304,0.0,255.0,134.75457763671875,39.951351165771484,False,False,False,
task1_images,D:\Biology-AI\data\Task1_Segmentation\images\000225.jpg,True,JPEG,RGB,True,4288,2848,17.0,251.0,127.49964904785156,36.34876251220703,False,False,False,
task1_images,D:\Biology-AI\data\Task1_Segmentation\images\000226.jpg,True,JPEG,RGB,True,3008,2000,4.0,255.0,158.96087646484375,17.88180923461914,False,False,False,
task1_images,D:\Biology-AI\data\Task1_Segmentation\images\000227.jpg,True,JPEG,RGB,True,4288,2848,18.0,239.0,153.20108032226562,20.408374786376953,False,False,False,
task1_images,D:\Biology-AI\data\Task1_Segmentation\images\000228.jpg,True,JPEG,RGB,True,3008,2000,8.0,255.0,165.2106475830078,24.176189422607422,False,False,False,
task1_images,D:\Biology-AI\data\Task1_Segmentation\images\000229.jpg,True,JPEG,RGB,True,6661,4420,0.0,255.0,105.42272186279297,58.29352951049805,False,False,False,
task1_images,D:\Biology-AI\data\Task1_Segmentation\images\000230.jpg,True,JPEG,RGB,True,6688,4439,0.0,255.0,169.2655029296875,56.404788970947266,False,False,False,
task1_images,D:\Biology-AI\data\Task1_Segmentation\images\000231.jpg,True,JPEG,RGB,True,4288,2848,33.0,250.0,117.55921173095703,22.417577743530273,False,False,False,
task1_images,D:\Biology-AI\data\Task1_Segmentation\images\000232.jpg,True,JPEG,RGB,True,1504,1129,0.0,255.0,154.59100341796875,41.69876480102539,False,False,False,
task1_images,D:\Biology-AI\data\Task1_Segmentation\images\000233.jpg,True,JPEG,RGB,True,1024,768,0.0,233.0,186.81504821777344,35.28509521484375,False,False,False,
task1_images,D:\Biology-AI\data\Task1_Segmentation\images\000234.jpg,True,JPEG,RGB,True,4288,2848,0.0,251.0,130.70870971679688,20.670663833618164,False,False,False,
task1_images,D:\Biology-AI\data\Task1_Segmentation\images\000235.jpg,True,JPEG,RGB,True,3008,2000,6.0,255.0,140.31089782714844,20.198335647583008,False,False,False,
task1_images,D:\Biology-AI\data\Task1_Segmentation\images\000236.jpg,True,JPEG,RGB,True,2048,1536,47.0,255.0,187.61312866210938,28.45136260986328,False,False,False,
task1_images,D:\Biology-AI\data\Task1_Segmentation\images\000237.jpg,True,JPEG,RGB,True,919,802,0.0,216.0,140.59979248046875,30.576265335083008,False,False,False,
task1_images,D:\Biology-AI\data\Task1_Segmentation\images\000238.jpg,True,JPEG,RGB,True,2592,1936,2.0,255.0,184.04908752441406,42.27916717529297,False,False,False,
task1_images,D:\Biology-AI\data\Task1_Segmentation\images\000239.jpg,True,JPEG,RGB,True,3008,2000,0.0,244.0,172.3054656982422,16.419540405273438,False,False,False,
task1_images,D:\Biology-AI\data\Task1_Segmentation\images\000240.jpg,True,JPEG,RGB,True,3072,2304,0.0,255.0,85.3670883178711,80.80428314208984,False,False,False,
task1_images,D:\Biology-AI\data\Task1_Segmentation\images\000241.jpg,True,JPEG,RGB,True,3872,2592,12.0,255.0,118.8141860961914,57.551597595214844,False,False,False,
task1_images,D:\Biology-AI\data\Task1_Segmentation\images\000242.jpg,True,JPEG,RGB,True,1024,768,2.0,235.0,140.39439392089844,25.52576446533203,False,False,False,
task1_images,D:\Biology-AI\data\Task1_Segmentation\images\000243.jpg,True,JPEG,RGB,True,1504,1129,0.0,255.0,169.00350952148438,19.73606300354004,False,False,False,
task1_images,D:\Biology-AI\data\Task1_Segmentation\images\000244.jpg,True,JPEG,RGB,True,640,480,0.0,246.0,117.30345153808594,59.65949630737305,False,False,False,
task1_images,D:\Biology-AI\data\Task1_Segmentation\images\000245.jpg,True,JPEG,RGB,True,1024,768,32.0,251.0,180.32574462890625,39.27543640136719,False,False,False,
task1_images,D:\Biology-AI\data\Task1_Segmentation\images\000246.jpg,True,JPEG,RGB,True,3008,2000,40.0,255.0,194.63491821289062,30.231731414794922,False,False,False,
task1_images,D:\Biology-AI\data\Task1_Segmentation\images\000247.jpg,True,JPEG,RGB,True,3872,2592,8.0,249.0,124.98700714111328,61.91273880004883,False,False,False,
task1_images,D:\Biology-AI\data\Task1_Segmentation\images\000248.jpg,True,JPEG,RGB,True,1024,768,29.0,235.0,182.4008331298828,26.418180465698242,False,False,False,
task1_images,D:\Biology-AI\data\Task1_Segmentation\images\000249.jpg,True,JPEG,RGB,True,919,802,16.0,204.0,148.53965759277344,27.63373374938965,False,False,False,
task1_images,D:\Biology-AI\data\Task1_Segmentation\images\000250.jpg,True,JPEG,RGB,True,3008,2000,1.0,247.0,135.0102996826172,23.67202377319336,False,False,False,
task1_images,D:\Biology-AI\data\Task1_Segmentation\images\000251.jpg,True,JPEG,RGB,True,6688,4459,0.0,255.0,142.21507263183594,66.68697357177734,False,False,False,
task1_images,D:\Biology-AI\data\Task1_Segmentation\images\000252.jpg,True,JPEG,RGB,True,1504,1129,0.0,255.0,143.85983276367188,48.85878372192383,False,False,False,
task1_images,D:\Biology-AI\data\Task1_Segmentation\images\000253.jpg,True,JPEG,RGB,True,1024,768,4.0,231.0,137.63731384277344,22.68988800048828,False,False,False,
task1_images,D:\Biology-AI\data\Task1_Segmentation\images\000254.jpg,True,JPEG,RGB,True,3008,2000,6.0,255.0,140.0069580078125,20.668764114379883,False,False,False,
task1_images,D:\Biology-AI\data\Task1_Segmentation\images\000255.jpg,True,JPEG,RGB,True,3008,2000,0.0,240.0,145.25352478027344,19.56861686706543,False,False,False,
task1_images,D:\Biology-AI\data\Task1_Segmentation\images\000256.jpg,True,JPEG,RGB,True,2592,1936,8.0,255.0,180.00225830078125,42.286067962646484,False,False,False,
task1_images,D:\Biology-AI\data\Task1_Segmentation\images\000257.jpg,True,JPEG,RGB,True,1024,768,20.0,255.0,220.35873413085938,36.12785339355469,False,False,False,
task1_images,D:\Biology-AI\data\Task1_Segmentation\images\000258.jpg,True,JPEG,RGB,True,1024,768,0.0,235.0,182.8034210205078,35.62659454345703,False,False,False,
task1_images,D:\Biology-AI\data\Task1_Segmentation\images\000259.jpg,True,JPEG,RGB,True,2304,1536,0.0,255.0,140.85130310058594,38.08935546875,False,False,False,
task1_images,D:\Biology-AI\data\Task1_Segmentation\images\000260.jpg,True,JPEG,RGB,True,4288,2848,0.0,177.0,94.23341369628906,15.07882022857666,False,False,False,
task1_images,D:\Biology-AI\data\Task1_Segmentation\images\000261.jpg,True,JPEG,RGB,True,6688,4439,0.0,255.0,170.75906372070312,42.75272750854492,False,False,False,
task1_images,D:\Biology-AI\data\Task1_Segmentation\images\000262.jpg,True,JPEG,RGB,True,3008,2000,35.0,255.0,179.06283569335938,29.003801345825195,False,False,False,
task1_images,D:\Biology-AI\data\Task1_Segmentation\images\000263.jpg,True,JPEG,RGB,True,6641,4400,0.0,255.0,155.28485107421875,55.64813232421875,False,False,False,
task1_images,D:\Biology-AI\data\Task1_Segmentation\images\000264.jpg,True,JPEG,RGB,True,640,480,0.0,237.0,128.9442138671875,48.119998931884766,False,False,False,
task1_images,D:\Biology-AI\data\Task1_Segmentation\images\000265.jpg,True,JPEG,RGB,True,4288,2848,37.0,255.0,172.80918884277344,27.427879333496094,False,False,False,
task1_images,D:\Biology-AI\data\Task1_Segmentation\images\000266.jpg,True,JPEG,RGB,True,4288,2848,13.0,255.0,158.4535675048828,14.596993446350098,False,False,False,
task1_images,D:\Biology-AI\data\Task1_Segmentation\images\000267.jpg,True,JPEG,RGB,True,1024,768,1.0,255.0,202.84986877441406,48.319129943847656,False,False,False,
task1_images,D:\Biology-AI\data\Task1_Segmentation\images\000268.jpg,True,JPEG,RGB,True,2304,1536,0.0,255.0,166.67910766601562,24.74481773376465,False,False,False,
task1_images,D:\Biology-AI\data\Task1_Segmentation\images\000269.jpg,True,JPEG,RGB,True,4288,2848,16.0,241.0,140.5009307861328,15.493069648742676,False,False,False,
task1_images,D:\Biology-AI\data\Task1_Segmentation\images\000270.jpg,True,JPEG,RGB,True,3024,2016,0.0,255.0,167.02993774414062,40.55116653442383,False,False,False,
task1_images,D:\Biology-AI\data\Task1_Segmentation\images\000271.jpg,True,JPEG,RGB,True,3072,2304,3.0,255.0,179.73370361328125,61.378902435302734,False,False,False,
task1_images,D:\Biology-AI\data\Task1_Segmentation\images\000272.jpg,True,JPEG,RGB,True,2048,1536,0.0,255.0,158.1289825439453,61.3377571105957,False,False,False,
task1_images,D:\Biology-AI\data\Task1_Segmentation\images\000273.jpg,True,JPEG,RGB,True,640,480,0.0,250.0,119.95633697509766,63.898624420166016,False,False,False,
task1_images,D:\Biology-AI\data\Task1_Segmentation\images\000274.jpg,True,JPEG,RGB,True,1024,768,28.0,235.0,170.3771209716797,39.97782516479492,False,False,False,
task1_images,D:\Biology-AI\data\Task1_Segmentation\images\000275.jpg,True,JPEG,RGB,True,3072,2304,3.0,255.0,129.41725158691406,26.521507263183594,False,False,False,
task1_images,D:\Biology-AI\data\Task1_Segmentation\images\000276.jpg,True,JPEG,RGB,True,962,674,0.0,255.0,228.75726318359375,41.988834381103516,False,False,False,
task1_images,D:\Biology-AI\data\Task1_Segmentation\images\000277.jpg,True,JPEG,RGB,True,3872,2592,13.0,250.0,187.9246368408203,18.017072677612305,False,False,False,
task1_images,D:\Biology-AI\data\Task1_Segmentation\images\000278.jpg,True,JPEG,RGB,True,3872,2592,22.0,255.0,188.63427734375,20.18842887878418,False,False,False,
task1_images,D:\Biology-AI\data\Task1_Segmentation\images\000279.jpg,True,JPEG,RGB,True,3072,2304,9.0,203.0,132.85508728027344,39.29182815551758,False,False,False,
task1_images,D:\Biology-AI\data\Task1_Segmentation\images\000280.jpg,True,JPEG,RGB,True,3072,2304,0.0,255.0,155.09683227539062,35.074729919433594,False,False,False,
task1_images,D:\Biology-AI\data\Task1_Segmentation\images\000281.jpg,True,JPEG,RGB,True,6668,4419,0.0,255.0,183.1236114501953,35.771297454833984,False,False,False,
task1_images,D:\Biology-AI\data\Task1_Segmentation\images\000282.jpg,True,JPEG,RGB,True,3872,2592,10.0,241.0,152.63265991210938,14.67046070098877,False,False,False,
task1_images,D:\Biology-AI\data\Task1_Segmentation\images\000283.jpg,True,JPEG,RGB,True,4288,2848,3.0,255.0,128.76507568359375,17.395782470703125,False,False,False,
task1_images,D:\Biology-AI\data\Task1_Segmentation\images\000284.jpg,True,JPEG,RGB,True,3072,2304,9.0,221.0,135.89988708496094,21.409273147583008,False,False,False,
task1_images,D:\Biology-AI\data\Task1_Segmentation\images\000285.jpg,True,JPEG,RGB,True,3072,2304,0.0,255.0,178.7005615234375,24.585935592651367,False,False,False,
task1_images,D:\Biology-AI\data\Task1_Segmentation\images\000286.jpg,True,JPEG,RGB,True,6668,4479,0.0,255.0,136.24896240234375,60.19715881347656,False,False,False,
task1_images,D:\Biology-AI\data\Task1_Segmentation\images\000287.jpg,True,JPEG,RGB,True,2048,1536,0.0,255.0,140.47010803222656,30.58072280883789,False,False,False,
task1_images,D:\Biology-AI\data\Task1_Segmentation\images\000288.jpg,True,JPEG,RGB,True,1024,768,0.0,223.0,148.49998474121094,47.47455596923828,False,False,False,
task1_images,D:\Biology-AI\data\Task1_Segmentation\images\000289.jpg,True,JPEG,RGB,True,4288,2848,2.0,201.0,122.65619659423828,13.140030860900879,False,False,False,
task1_images,D:\Biology-AI\data\Task1_Segmentation\images\000290.jpg,True,JPEG,RGB,True,1024,768,1.0,255.0,194.75352478027344,39.12834167480469,False,False,False,
task1_images,D:\Biology-AI\data\Task1_Segmentation\images\000291.jpg,True,JPEG,RGB,True,2048,1536,0.0,245.0,168.39352416992188,46.06699752807617,False,False,False,
task1_images,D:\Biology-AI\data\Task1_Segmentation\images\000292.jpg,True,JPEG,RGB,True,4288,2848,9.0,230.0,134.3238067626953,27.942590713500977,False,False,False,
task1_images,D:\Biology-AI\data\Task1_Segmentation\images\000293.jpg,True,JPEG,RGB,True,2304,1536,0.0,255.0,171.72998046875,24.600013732910156,False,False,False,
task1_images,D:\Biology-AI\data\Task1_Segmentation\images\000294.jpg,True,JPEG,RGB,True,3008,2000,11.0,246.0,191.5531768798828,22.430891036987305,False,False,False,
task1_images,D:\Biology-AI\data\Task1_Segmentation\images\000295.jpg,True,JPEG,RGB,True,1019,717,31.0,255.0,200.23646545410156,35.182342529296875,False,False,False,
task1_images,D:\Biology-AI\data\Task1_Segmentation\images\000296.jpg,True,JPEG,RGB,True,3024,2016,0.0,255.0,159.06668090820312,26.262962341308594,False,False,False,
task1_images,D:\Biology-AI\data\Task1_Segmentation\images\000297.jpg,True,JPEG,RGB,True,1024,768,0.0,234.0,176.2550506591797,25.151187896728516,False,False,False,
task1_images,D:\Biology-AI\data\Task1_Segmentation\images\000298.jpg,True,JPEG,RGB,True,4288,2848,6.0,242.0,149.16368103027344,27.143173217773438,False,False,False,
task1_images,D:\Biology-AI\data\Task1_Segmentation\images\000299.jpg,True,JPEG,RGB,True,6688,4459,0.0,255.0,142.6766815185547,54.817874908447266,False,False,False,
task1_images,D:\Biology-AI\data\Task1_Segmentation\images\000300.jpg,True,JPEG,RGB,True,1024,768,3.0,255.0,205.61669921875,34.675697326660156,False,False,False,
task1_images,D:\Biology-AI\data\Task1_Segmentation\images\000301.jpg,True,JPEG,RGB,True,640,480,0.0,255.0,70.31507873535156,65.31836700439453,False,False,False,
task1_images,D:\Biology-AI\data\Task1_Segmentation\images\000302.jpg,True,JPEG,RGB,True,3072,2304,21.0,215.0,159.0065155029297,28.920799255371094,False,False,False,
task1_images,D:\Biology-AI\data\Task1_Segmentation\images\000303.jpg,True,JPEG,RGB,True,3008,2000,6.0,255.0,144.05728149414062,35.51320266723633,False,False,False,
task1_images,D:\Biology-AI\data\Task1_Segmentation\images\000304.jpg,True,JPEG,RGB,True,6688,4479,0.0,255.0,121.70796966552734,92.75226593017578,False,False,False,
task1_images,D:\Biology-AI\data\Task1_Segmentation\images\000305.jpg,True,JPEG,RGB,True,3008,2000,24.0,255.0,178.06297302246094,46.11224365234375,False,False,False,
task1_images,D:\Biology-AI\data\Task1_Segmentation\images\000306.jpg,True,JPEG,RGB,True,3024,2016,0.0,255.0,142.46946716308594,36.00194549560547,False,False,False,
task1_images,D:\Biology-AI\data\Task1_Segmentation\images\000307.jpg,True,JPEG,RGB,True,1024,768,0.0,255.0,208.39962768554688,34.096435546875,False,False,False,
task1_images,D:\Biology-AI\data\Task1_Segmentation\images\000308.jpg,True,JPEG,RGB,True,2448,2448,11.0,233.0,159.30386352539062,29.643526077270508,False,False,False,
task1_images,D:\Biology-AI\data\Task1_Segmentation\images\000309.jpg,True,JPEG,RGB,True,2304,1536,0.0,255.0,174.30430603027344,24.238245010375977,False,False,False,
task1_images,D:\Biology-AI\data\Task1_Segmentation\images\000310.jpg,True,JPEG,RGB,True,1024,768,54.0,255.0,159.54403686523438,27.597915649414062,False,False,False,
task1_images,D:\Biology-AI\data\Task1_Segmentation\images\000311.jpg,True,JPEG,RGB,True,6608,4399,0.0,255.0,141.89932250976562,54.53628158569336,False,False,False,
task1_images,D:\Biology-AI\data\Task1_Segmentation\images\000312.jpg,True,JPEG,RGB,True,4288,2848,0.0,255.0,142.40194702148438,31.553327560424805,False,False,False,
task1_images,D:\Biology-AI\data\Task1_Segmentation\images\000313.jpg,True,JPEG,RGB,True,2304,1536,0.0,255.0,195.5999298095703,19.493013381958008,False,False,False,
task1_images,D:\Biology-AI\data\Task1_Segmentation\images\000314.jpg,True,JPEG,RGB,True,640,480,0.0,255.0,156.60166931152344,50.025394439697266,False,False,False,
task1_images,D:\Biology-AI\data\Task1_Segmentation\images\000315.jpg,True,JPEG,RGB,True,4288,2848,11.0,255.0,165.87013244628906,25.554676055908203,False,False,False,
task1_images,D:\Biology-AI\data\Task1_Segmentation\images\000316.jpg,True,JPEG,RGB,True,6668,4459,0.0,255.0,126.1548080444336,63.67094039916992,False,False,False,
task1_images,D:\Biology-AI\data\Task1_Segmentation\images\000317.jpg,True,JPEG,RGB,True,1504,1129,0.0,255.0,142.47445678710938,39.46037673950195,False,False,False,
task1_images,D:\Biology-AI\data\Task1_Segmentation\images\000318.jpg,True,JPEG,RGB,True,1024,768,7.0,236.0,156.5286407470703,39.82269287109375,False,False,False,
task1_images,D:\Biology-AI\data\Task1_Segmentation\images\000319.jpg,True,JPEG,RGB,True,3072,2304,0.0,255.0,174.26708984375,36.431373596191406,False,False,False,
task1_images,D:\Biology-AI\data\Task1_Segmentation\images\000320.jpg,True,JPEG,RGB,True,3024,2016,0.0,255.0,139.0892333984375,33.96017074584961,False,False,False,
task1_images,D:\Biology-AI\data\Task1_Segmentation\images\000321.jpg,True,JPEG,RGB,True,4288,2848,27.0,255.0,186.76255798339844,39.34690475463867,False,False,False,
task1_images,D:\Biology-AI\data\Task1_Segmentation\images\000322.jpg,True,JPEG,RGB,True,3072,2304,1.0,255.0,164.50071716308594,46.969181060791016,False,False,False,
task1_images,D:\Biology-AI\data\Task1_Segmentation\images\000323.jpg,True,JPEG,RGB,True,3072,2304,5.0,228.0,161.18653869628906,35.05398178100586,False,False,False,
task1_images,D:\Biology-AI\data\Task1_Segmentation\images\000324.jpg,True,JPEG,RGB,True,3008,2000,7.0,255.0,140.73167419433594,35.6739387512207,False,False,False,
task1_images,D:\Biology-AI\data\Task1_Segmentation\images\000325.jpg,True,JPEG,RGB,True,6640,4441,0.0,255.0,146.1243133544922,58.710018157958984,False,False,False,
task1_images,D:\Biology-AI\data\Task1_Segmentation\images\000326.jpg,True,JPEG,RGB,True,6688,4439,0.0,255.0,146.00840759277344,64.33751678466797,False,False,False,
task1_images,D:\Biology-AI\data\Task1_Segmentation\images\000327.jpg,True,JPEG,RGB,True,3872,2592,17.0,255.0,191.94813537597656,23.331090927124023,False,False,False,
task1_images,D:\Biology-AI\data\Task1_Segmentation\images\000328.jpg,True,JPEG,RGB,True,3008,2000,1.0,255.0,133.10011291503906,23.009212493896484,False,False,False,
task1_images,D:\Biology-AI\data\Task1_Segmentation\images\000329.jpg,True,JPEG,RGB,True,6688,4439,0.0,255.0,195.4361572265625,38.13277816772461,False,False,False,
task1_images,D:\Biology-AI\data\Task1_Segmentation\images\000330.jpg,True,JPEG,RGB,True,4288,2848,73.0,255.0,207.95672607421875,33.41598129272461,False,False,False,
task1_images,D:\Biology-AI\data\Task1_Segmentation\images\000331.jpg,True,JPEG,RGB,True,3072,2304,9.0,246.0,143.8212890625,28.114315032958984,False,False,False,
task1_images,D:\Biology-AI\data\Task1_Segmentation\images\000332.jpg,True,JPEG,RGB,True,3072,2304,7.0,255.0,144.114501953125,40.53740692138672,False,False,False,
task1_images,D:\Biology-AI\data\Task1_Segmentation\images\000333.jpg,True,JPEG,RGB,True,1024,768,7.0,255.0,188.00697326660156,31.767728805541992,False,False,False,
task1_images,D:\Biology-AI\data\Task1_Segmentation\images\000334.jpg,True,JPEG,RGB,True,919,802,9.0,255.0,179.21315002441406,43.150474548339844,False,False,False,
task1_images,D:\Biology-AI\data\Task1_Segmentation\images\000335.jpg,True,JPEG,RGB,True,3072,2304,0.0,255.0,187.1331329345703,23.40629005432129,False,False,False,
task1_images,D:\Biology-AI\data\Task1_Segmentation\images\000336.jpg,True,JPEG,RGB,True,1024,768,0.0,238.0,119.19296264648438,29.779523849487305,False,False,False,
task1_images,D:\Biology-AI\data\Task1_Segmentation\images\000337.jpg,True,JPEG,RGB,True,640,480,0.0,238.0,161.2239990234375,36.16223907470703,False,False,False,
task1_images,D:\Biology-AI\data\Task1_Segmentation\images\000338.jpg,True,JPEG,RGB,True,1024,768,16.0,234.0,173.80181884765625,33.32673645019531,False,False,False,
task1_images,D:\Biology-AI\data\Task1_Segmentation\images\000339.jpg,True,JPEG,RGB,True,640,480,0.0,225.0,111.32605743408203,54.972354888916016,False,False,False,
task1_images,D:\Biology-AI\data\Task1_Segmentation\images\000340.jpg,True,JPEG,RGB,True,3008,2000,0.0,255.0,127.19606018066406,33.122013092041016,False,False,False,
task1_images,D:\Biology-AI\data\Task1_Segmentation\images\000341.jpg,True,JPEG,RGB,True,3072,2304,0.0,255.0,221.1389923095703,26.594337463378906,False,False,False,
task1_images,D:\Biology-AI\data\Task1_Segmentation\images\000342.jpg,True,JPEG,RGB,True,3024,2016,0.0,255.0,165.44239807128906,44.01963424682617,False,False,False,
task1_images,D:\Biology-AI\data\Task1_Segmentation\images\000343.jpg,True,JPEG,RGB,True,4288,2848,29.0,220.0,130.32383728027344,23.321331024169922,False,False,False,
task1_images,D:\Biology-AI\data\Task1_Segmentation\images\000344.jpg,True,JPEG,RGB,True,1024,768,30.0,235.0,152.7095489501953,25.5438175201416,False,False,False,
task1_images,D:\Biology-AI\data\Task1_Segmentation\images\000345.jpg,True,JPEG,RGB,True,6688,4419,0.0,255.0,141.9289093017578,67.12357330322266,False,False,False,
task1_images,D:\Biology-AI\data\Task1_Segmentation\images\000346.jpg,True,JPEG,RGB,True,957,723,0.0,255.0,199.95892333984375,53.11488342285156,False,False,False,
task1_images,D:\Biology-AI\data\Task1_Segmentation\images\000347.jpg,True,JPEG,RGB,True,640,480,0.0,253.0,166.8382110595703,49.13173294067383,False,False,False,
task1_images,D:\Biology-AI\data\Task1_Segmentation\images\000348.jpg,True,JPEG,RGB,True,2597,2185,14.0,254.0,171.9095916748047,28.28412628173828,False,False,False,
task1_images,D:\Biology-AI\data\Task1_Segmentation\images\000349.jpg,True,JPEG,RGB,True,6642,4422,0.0,255.0,179.5699462890625,43.559356689453125,False,False,False,
task1_images,D:\Biology-AI\data\Task1_Segmentation\images\000350.jpg,True,JPEG,RGB,True,1024,768,1.0,255.0,209.02642822265625,53.009578704833984,False,False,False,
task1_images,D:\Biology-AI\data\Task1_Segmentation\images\000351.jpg,True,JPEG,RGB,True,1024,768,48.0,255.0,201.71176147460938,25.676509857177734,False,False,False,
task1_images,D:\Biology-AI\data\Task1_Segmentation\images\000352.jpg,True,JPEG,RGB,True,3008,2000,46.0,255.0,239.27455139160156,15.511548042297363,False,False,False,
task1_images,D:\Biology-AI\data\Task1_Segmentation\images\000353.jpg,True,JPEG,RGB,True,6688,4419,0.0,255.0,194.97796630859375,57.009117126464844,False,False,False,
task1_images,D:\Biology-AI\data\Task1_Segmentation\images\000354.jpg,True,JPEG,RGB,True,640,480,0.0,255.0,136.90383911132812,61.9248046875,False,False,False,
task1_images,D:\Biology-AI\data\Task1_Segmentation\images\000355.jpg,True,JPEG,RGB,True,1024,768,53.0,255.0,193.76133728027344,40.568965911865234,False,False,False,
task1_images,D:\Biology-AI\data\Task1_Segmentation\images\000356.jpg,True,JPEG,RGB,True,3008,2000,8.0,255.0,183.81549072265625,35.24333572387695,False,False,False,
task1_images,D:\Biology-AI\data\Task1_Segmentation\images\000357.jpg,True,JPEG,RGB,True,3072,2304,31.0,183.0,134.37567138671875,15.731576919555664,False,False,False,
task1_images,D:\Biology-AI\data\Task1_Segmentation\images\000358.jpg,True,JPEG,RGB,True,1024,768,0.0,254.0,189.0065155029297,35.08663558959961,False,False,False,
task1_images,D:\Biology-AI\data\Task1_Segmentation\images\000359.jpg,True,JPEG,RGB,True,1504,1129,0.0,255.0,164.23057556152344,47.200439453125,False,False,False,
task1_images,D:\Biology-AI\data\Task1_Segmentation\images\000360.jpg,True,JPEG,RGB,True,4288,2848,11.0,244.0,132.27645874023438,28.366369247436523,False,False,False,
task1_images,D:\Biology-AI\data\Task1_Segmentation\images\000361.jpg,True,JPEG,RGB,True,640,480,0.0,255.0,135.294189453125,72.0827865600586,False,False,False,
task1_images,D:\Biology-AI\data\Task1_Segmentation\images\000362.jpg,True,JPEG,RGB,True,640,480,0.0,224.0,117.93359375,44.889671325683594,False,False,False,
task1_images,D:\Biology-AI\data\Task1_Segmentation\images\000363.jpg,True,JPEG,RGB,True,4288,2848,3.0,255.0,163.1643829345703,35.43077850341797,False,False,False,
task1_images,D:\Biology-AI\data\Task1_Segmentation\images\000364.jpg,True,JPEG,RGB,True,6662,4422,0.0,255.0,191.73492431640625,52.01859664916992,False,False,False,
task1_images,D:\Biology-AI\data\Task1_Segmentation\images\000365.jpg,True,JPEG,RGB,True,3072,2304,1.0,255.0,201.86669921875,35.029747009277344,False,False,False,
task1_images,D:\Biology-AI\data\Task1_Segmentation\images\000366.jpg,True,JPEG,RGB,True,1024,768,0.0,234.0,149.85667419433594,24.65738296508789,False,False,False,
task1_images,D:\Biology-AI\data\Task1_Segmentation\images\000367.jpg,True,JPEG,RGB,True,3072,2304,19.0,196.0,152.8871612548828,23.514972686767578,False,False,False,
task1_images,D:\Biology-AI\data\Task1_Segmentation\images\000368.jpg,True,JPEG,RGB,True,3072,2304,2.0,219.0,135.37864685058594,41.79361343383789,False,False,False,
task1_images,D:\Biology-AI\data\Task1_Segmentation\images\000369.jpg,True,JPEG,RGB,True,4288,2848,14.0,243.0,168.41204833984375,29.580585479736328,False,False,False,
task1_images,D:\Biology-AI\data\Task1_Segmentation\images\000370.jpg,True,JPEG,RGB,True,767,576,0.0,255.0,171.63388061523438,60.86273956298828,False,False,False,
task1_images,D:\Biology-AI\data\Task1_Segmentation\images\000371.jpg,True,JPEG,RGB,True,1024,768,26.0,241.0,139.80946350097656,47.167327880859375,False,False,False,
task1_images,D:\Biology-AI\data\Task1_Segmentation\images\000372.jpg,True,JPEG,RGB,True,4288,2848,5.0,211.0,123.16127014160156,15.655930519104004,False,False,False,
task1_images,D:\Biology-AI\data\Task1_Segmentation\images\000373.jpg,True,JPEG,RGB,True,640,480,0.0,255.0,134.36236572265625,63.246829986572266,False,False,False,
task1_images,D:\Biology-AI\data\Task1_Segmentation\images\000374.jpg,True,JPEG,RGB,True,3008,2000,2.0,223.0,113.64469146728516,23.1063289642334,False,False,False,
task1_images,D:\Biology-AI\data\Task1_Segmentation\images\000375.jpg,True,JPEG,RGB,True,4288,2848,14.0,255.0,154.5256805419922,33.04566955566406,False,False,False,
task1_images,D:\Biology-AI\data\Task1_Segmentation\images\000376.jpg,True,JPEG,RGB,True,640,480,0.0,251.0,155.53317260742188,48.417179107666016,False,False,False,
task1_images,D:\Biology-AI\data\Task1_Segmentation\images\000377.jpg,True,JPEG,RGB,True,6648,4419,0.0,255.0,144.46791076660156,58.06328201293945,False,False,False,
task1_images,D:\Biology-AI\data\Task1_Segmentation\images\000378.jpg,True,JPEG,RGB,True,1024,768,0.0,255.0,184.09474182128906,36.78835678100586,False,False,False,
task1_images,D:\Biology-AI\data\Task1_Segmentation\images\000379.jpg,True,JPEG,RGB,True,4288,2848,8.0,255.0,159.94972229003906,38.80290985107422,False,False,False,
task1_images,D:\Biology-AI\data\Task1_Segmentation\images\000380.jpg,True,JPEG,RGB,True,2012,1956,40.0,255.0,176.0670928955078,20.89289665222168,False,False,False,
task1_images,D:\Biology-AI\data\Task1_Segmentation\images\000381.jpg,True,JPEG,RGB,True,1024,768,6.0,255.0,218.18772888183594,46.157684326171875,False,False,False,
task1_images,D:\Biology-AI\data\Task1_Segmentation\images\000382.jpg,True,JPEG,RGB,True,3008,2000,12.0,255.0,139.8974151611328,29.140153884887695,False,False,False,
task1_images,D:\Biology-AI\data\Task1_Segmentation\images\000383.jpg,True,JPEG,RGB,True,3072,2304,4.0,255.0,138.3278350830078,37.61728286743164,False,False,False,
task1_images,D:\Biology-AI\data\Task1_Segmentation\images\000384.jpg,True,JPEG,RGB,True,2048,1536,21.0,255.0,177.82447814941406,84.6673355102539,False,False,False,
task1_images,D:\Biology-AI\data\Task1_Segmentation\images\000385.jpg,True,JPEG,RGB,True,3008,2000,19.0,255.0,204.95912170410156,18.449007034301758,False,False,False,
task1_images,D:\Biology-AI\data\Task1_Segmentation\images\000386.jpg,True,JPEG,RGB,True,1024,768,52.0,237.0,179.72488403320312,29.103973388671875,False,False,False,
task1_images,D:\Biology-AI\data\Task1_Segmentation\images\000387.jpg,True,JPEG,RGB,True,1024,768,50.0,255.0,142.44869995117188,23.567230224609375,False,False,False,
task1_images,D:\Biology-AI\data\Task1_Segmentation\images\000388.jpg,True,JPEG,RGB,True,2048,1536,17.0,255.0,180.05381774902344,37.515525817871094,False,False,False,
task1_images,D:\Biology-AI\data\Task1_Segmentation\images\000389.jpg,True,JPEG,RGB,True,1024,768,8.0,250.0,181.7911834716797,32.84286117553711,False,False,False,
task1_images,D:\Biology-AI\data\Task1_Segmentation\images\000390.jpg,True,JPEG,RGB,True,1024,768,0.0,244.0,128.579345703125,34.98114776611328,False,False,False,
task1_images,D:\Biology-AI\data\Task1_Segmentation\images\000391.jpg,True,JPEG,RGB,True,1504,1129,0.0,255.0,182.18115234375,65.04190063476562,False,False,False,
task1_images,D:\Biology-AI\data\Task1_Segmentation\images\000392.jpg,True,JPEG,RGB,True,1024,768,49.0,232.0,184.41517639160156,18.801612854003906,False,False,False,
task1_images,D:\Biology-AI\data\Task1_Segmentation\images\000393.jpg,True,JPEG,RGB,True,3072,2304,17.0,210.0,155.94488525390625,32.33658981323242,False,False,False,
task1_images,D:\Biology-AI\data\Task1_Segmentation\images\000394.jpg,True,JPEG,RGB,True,6601,4382,0.0,255.0,138.2384033203125,61.345306396484375,False,False,False,
task1_images,D:\Biology-AI\data\Task1_Segmentation\images\000395.jpg,True,JPEG,RGB,True,1024,768,4.0,253.0,141.45167541503906,40.821319580078125,False,False,False,
task1_images,D:\Biology-AI\data\Task1_Segmentation\images\000396.jpg,True,JPEG,RGB,True,4288,2848,4.0,242.0,121.43329620361328,22.193584442138672,False,False,False,
task1_images,D:\Biology-AI\data\Task1_Segmentation\images\000397.jpg,True,JPEG,RGB,True,3008,2000,0.0,243.0,147.77114868164062,24.829397201538086,False,False,False,
task1_images,D:\Biology-AI\data\Task1_Segmentation\images\000398.jpg,True,JPEG,RGB,True,3008,2000,5.0,255.0,177.88124084472656,25.20948028564453,False,False,False,
task1_images,D:\Biology-AI\data\Task1_Segmentation\images\000399.jpg,True,JPEG,RGB,True,6668,4459,0.0,255.0,134.32203674316406,33.551231384277344,False,False,False,
task1_images,D:\Biology-AI\data\Task1_Segmentation\images\000400.jpg,True,JPEG,RGB,True,640,480,0.0,255.0,125.18385314941406,43.585575103759766,False,False,False,
task1_images,D:\Biology-AI\data\Task1_Segmentation\images\000401.jpg,True,JPEG,RGB,True,6641,4420,0.0,255.0,141.70140075683594,58.69839096069336,False,False,False,
task1_images,D:\Biology-AI\data\Task1_Segmentation\images\000402.jpg,True,JPEG,RGB,True,4288,2848,4.0,255.0,124.02761840820312,28.278345108032227,False,False,False,
task1_images,D:\Biology-AI\data\Task1_Segmentation\images\000403.jpg,True,JPEG,RGB,True,640,480,0.0,250.0,91.54822540283203,60.0335807800293,False,False,False,
task1_images,D:\Biology-AI\data\Task1_Segmentation\images\000404.jpg,True,JPEG,RGB,True,640,480,0.0,255.0,215.7584686279297,48.6782341003418,False,False,False,
task1_images,D:\Biology-AI\data\Task1_Segmentation\images\000405.jpg,True,JPEG,RGB,True,3008,2000,5.0,229.0,147.27752685546875,24.555587768554688,False,False,False,
task1_images,D:\Biology-AI\data\Task1_Segmentation\images\000406.jpg,True,JPEG,RGB,True,4288,2848,10.0,247.0,133.86729431152344,22.14488410949707,False,False,False,
task1_images,D:\Biology-AI\data\Task1_Segmentation\images\000407.jpg,True,JPEG,RGB,True,4288,2848,9.0,255.0,144.89004516601562,34.0633659362793,False,False,False,
task1_images,D:\Biology-AI\data\Task1_Segmentation\images\000408.jpg,True,JPEG,RGB,True,3872,2592,16.0,255.0,205.56275939941406,21.217838287353516,False,False,False,
task1_images,D:\Biology-AI\data\Task1_Segmentation\images\000409.jpg,True,JPEG,RGB,True,6654,4477,0.0,255.0,139.7423858642578,60.88821792602539,False,False,False,
task1_images,D:\Biology-AI\data\Task1_Segmentation\images\000410.jpg,True,JPEG,RGB,True,966,645,0.0,255.0,160.2436065673828,68.72406768798828,False,False,False,
task1_images,D:\Biology-AI\data\Task1_Segmentation\images\000411.jpg,True,JPEG,RGB,True,4288,2848,10.0,246.0,142.04344177246094,26.185455322265625,False,False,False,
task1_images,D:\Biology-AI\data\Task1_Segmentation\images\000412.jpg,True,JPEG,RGB,True,1024,768,14.0,255.0,209.30715942382812,30.581708908081055,False,False,False,
task1_images,D:\Biology-AI\data\Task1_Segmentation\images\000413.jpg,True,JPEG,RGB,True,1024,768,0.0,255.0,216.707275390625,31.763004302978516,False,False,False,
task1_images,D:\Biology-AI\data\Task1_Segmentation\images\000414.jpg,True,JPEG,RGB,True,3072,2304,0.0,255.0,137.9779815673828,42.032073974609375,False,False,False,
task1_images,D:\Biology-AI\data\Task1_Segmentation\images\000415.jpg,True,JPEG,RGB,True,640,480,0.0,255.0,218.51673889160156,50.127037048339844,False,False,False,
task1_images,D:\Biology-AI\data\Task1_Segmentation\images\000416.jpg,True,JPEG,RGB,True,640,480,0.0,255.0,182.9678955078125,54.58720397949219,False,False,False,
task1_images,D:\Biology-AI\data\Task1_Segmentation\images\000417.jpg,True,JPEG,RGB,True,6688,4459,0.0,255.0,127.85562133789062,49.44646072387695,False,False,False,
task1_images,D:\Biology-AI\data\Task1_Segmentation\images\000418.jpg,True,JPEG,RGB,True,1024,768,8.0,254.0,130.19024658203125,55.37602996826172,False,False,False,
task1_images,D:\Biology-AI\data\Task1_Segmentation\images\000419.jpg,True,JPEG,RGB,True,4288,2848,1.0,255.0,183.3330078125,29.16373634338379,False,False,False,
task1_images,D:\Biology-AI\data\Task1_Segmentation\images\000420.jpg,True,JPEG,RGB,True,3008,2000,4.0,255.0,163.82850646972656,17.48889923095703,False,False,False,
task1_images,D:\Biology-AI\data\Task1_Segmentation\images\000421.jpg,True,JPEG,RGB,True,3008,2000,5.0,233.0,109.49696350097656,33.2586784362793,False,False,False,
task1_images,D:\Biology-AI\data\Task1_Segmentation\images\000422.jpg,True,JPEG,RGB,True,4288,2848,14.0,245.0,147.32701110839844,23.043806076049805,False,False,False,
task1_images,D:\Biology-AI\data\Task1_Segmentation\images\000423.jpg,True,JPEG,RGB,True,3008,2000,8.0,233.0,125.65670776367188,27.2800235748291,False,False,False,
task1_images,D:\Biology-AI\data\Task1_Segmentation\images\000424.jpg,True,JPEG,RGB,True,6642,4422,0.0,255.0,150.8096466064453,56.22919845581055,False,False,False,
task1_images,D:\Biology-AI\data\Task1_Segmentation\images\000425.jpg,True,JPEG,RGB,True,2592,1944,35.0,255.0,162.50473022460938,29.379629135131836,False,False,False,
task1_images,D:\Biology-AI\data\Task1_Segmentation\images\000426.jpg,True,JPEG,RGB,True,1069,703,14.0,255.0,181.9795684814453,52.78327178955078,False,False,False,
task1_images,D:\Biology-AI\data\Task1_Segmentation\images\000427.jpg,True,JPEG,RGB,True,1024,768,0.0,254.0,178.5363006591797,36.903011322021484,False,False,False,
task1_images,D:\Biology-AI\data\Task1_Segmentation\images\000428.jpg,True,JPEG,RGB,True,6688,4419,0.0,255.0,125.24651336669922,93.86421966552734,False,False,False,
task1_images,D:\Biology-AI\data\Task1_Segmentation\images\000429.jpg,True,JPEG,RGB,True,6688,4419,0.0,255.0,153.62330627441406,65.66253662109375,False,False,False,
task1_images,D:\Biology-AI\data\Task1_Segmentation\images\000430.jpg,True,JPEG,RGB,True,6708,4439,0.0,255.0,166.45193481445312,60.5989990234375,False,False,False,
task1_images,D:\Biology-AI\data\Task1_Segmentation\images\000431.jpg,True,JPEG,RGB,True,3008,2000,17.0,255.0,167.5595703125,20.17430877685547,False,False,False,
task1_images,D:\Biology-AI\data\Task1_Segmentation\images\000432.jpg,True,JPEG,RGB,True,1024,768,18.0,255.0,220.8147735595703,32.744476318359375,False,False,False,
task1_images,D:\Biology-AI\data\Task1_Segmentation\images\000433.jpg,True,JPEG,RGB,True,6641,4441,0.0,255.0,135.9996795654297,53.42362594604492,False,False,False,
task1_images,D:\Biology-AI\data\Task1_Segmentation\images\000434.jpg,True,JPEG,RGB,True,640,480,0.0,255.0,113.48416900634766,57.460609436035156,False,False,False,
task1_images,D:\Biology-AI\data\Task1_Segmentation\images\000435.jpg,True,JPEG,RGB,True,3072,2304,49.0,216.0,167.31126403808594,21.590978622436523,False,False,False,
task1_images,D:\Biology-AI\data\Task1_Segmentation\images\000436.jpg,True,JPEG,RGB,True,3024,2016,0.0,250.0,151.09011840820312,44.79962158203125,False,False,False,
task1_images,D:\Biology-AI\data\Task1_Segmentation\images\000437.jpg,True,JPEG,RGB,True,4288,2848,16.0,159.0,107.81775665283203,11.567112922668457,False,False,False,
task1_images,D:\Biology-AI\data\Task1_Segmentation\images\000438.jpg,True,JPEG,RGB,True,1506,1196,22.0,255.0,181.5752716064453,29.680814743041992,False,False,False,
task1_images,D:\Biology-AI\data\Task1_Segmentation\images\000439.jpg,True,JPEG,RGB,True,3872,2592,11.0,240.0,172.21705627441406,23.3177433013916,False,False,False,
task1_images,D:\Biology-AI\data\Task1_Segmentation\images\000440.jpg,True,JPEG,RGB,True,4288,2848,11.0,241.0,134.259521484375,21.545785903930664,False,False,False,
task1_images,D:\Biology-AI\data\Task1_Segmentation\images\000441.jpg,True,JPEG,RGB,True,1024,768,0.0,255.0,159.98085021972656,26.0310115814209,False,False,False,
task1_images,D:\Biology-AI\data\Task1_Segmentation\images\000442.jpg,True,JPEG,RGB,True,1024,768,0.0,255.0,176.01136779785156,40.149452209472656,False,False,False,
task1_images,D:\Biology-AI\data\Task1_Segmentation\images\000443.jpg,True,JPEG,RGB,True,2048,1536,0.0,255.0,139.4497833251953,36.45986557006836,False,False,False,
task1_images,D:\Biology-AI\data\Task1_Segmentation\images\000444.jpg,True,JPEG,RGB,True,4288,2848,2.0,255.0,171.33876037597656,24.863618850708008,False,False,False,
task1_images,D:\Biology-AI\data\Task1_Segmentation\images\000445.jpg,True,JPEG,RGB,True,640,480,0.0,240.0,136.79827880859375,48.76667785644531,False,False,False,
task1_images,D:\Biology-AI\data\Task1_Segmentation\images\000446.jpg,True,JPEG,RGB,True,3008,2000,14.0,255.0,187.28857421875,22.207195281982422,False,False,False,
task1_images,D:\Biology-AI\data\Task1_Segmentation\images\000447.jpg,True,JPEG,RGB,True,1502,1051,0.0,255.0,161.9595489501953,62.666324615478516,False,False,False,
task1_images,D:\Biology-AI\data\Task1_Segmentation\images\000448.jpg,True,JPEG,RGB,True,3072,2304,0.0,255.0,135.0998077392578,38.6924934387207,False,False,False,
task1_images,D:\Biology-AI\data\Task1_Segmentation\images\000449.jpg,True,JPEG,RGB,True,640,480,0.0,255.0,166.95892333984375,63.22374725341797,False,False,False,
task1_images,D:\Biology-AI\data\Task1_Segmentation\images\000450.jpg,True,JPEG,RGB,True,964,720,0.0,255.0,183.7420654296875,63.43898010253906,False,False,False,
task1_images,D:\Biology-AI\data\Task1_Segmentation\images\000451.jpg,True,JPEG,RGB,True,2592,1936,0.0,255.0,171.48602294921875,54.124549865722656,False,False,False,
task1_images,D:\Biology-AI\data\Task1_Segmentation\images\000452.jpg,True,JPEG,RGB,True,3072,2304,4.0,238.0,168.86248779296875,32.319759368896484,False,False,False,
task1_images,D:\Biology-AI\data\Task1_Segmentation\images\000453.jpg,True,JPEG,RGB,True,2592,1944,0.0,245.0,196.17230224609375,39.09541320800781,False,False,False,
task1_images,D:\Biology-AI\data\Task1_Segmentation\images\000454.jpg,True,JPEG,RGB,True,3024,2016,0.0,255.0,80.89574432373047,53.95101547241211,False,False,False,
task1_images,D:\Biology-AI\data\Task1_Segmentation\images\000455.jpg,True,JPEG,RGB,True,3872,2592,5.0,231.0,158.0811309814453,15.206766128540039,False,False,False,
task1_images,D:\Biology-AI\data\Task1_Segmentation\images\000456.jpg,True,JPEG,RGB,True,767,576,0.0,255.0,136.29086303710938,59.660160064697266,False,False,False,
task1_images,D:\Biology-AI\data\Task1_Segmentation\images\000457.jpg,True,JPEG,RGB,True,640,480,0.0,253.0,169.3236846923828,44.52949523925781,False,False,False,
task1_images,D:\Biology-AI\data\Task1_Segmentation\images\000458.jpg,True,JPEG,RGB,True,3008,2000,5.0,255.0,170.06642150878906,30.5941162109375,False,False,False,
task1_images,D:\Biology-AI\data\Task1_Segmentation\images\000459.jpg,True,JPEG,RGB,True,4288,2848,6.0,250.0,136.25311279296875,19.278270721435547,False,False,False,
task1_images,D:\Biology-AI\data\Task1_Segmentation\images\000460.jpg,True,JPEG,RGB,True,6642,4420,0.0,255.0,133.4846954345703,59.652584075927734,False,False,False,
task1_images,D:\Biology-AI\data\Task1_Segmentation\images\000461.jpg,True,JPEG,RGB,True,4288,2848,42.0,255.0,193.12704467773438,33.92109298706055,False,False,False,
task1_images,D:\Biology-AI\data\Task1_Segmentation\images\000462.jpg,True,JPEG,RGB,True,6688,4439,0.0,255.0,137.59202575683594,65.72224426269531,False,False,False,
task1_images,D:\Biology-AI\data\Task1_Segmentation\images\000463.jpg,True,JPEG,RGB,True,2673,2013,8.0,226.0,133.6114044189453,28.52308464050293,False,False,False,
task1_images,D:\Biology-AI\data\Task1_Segmentation\images\000464.jpg,True,JPEG,RGB,True,919,802,33.0,189.0,169.6843719482422,14.162553787231445,False,False,False,
task1_images,D:\Biology-AI\data\Task1_Segmentation\images\000465.jpg,True,JPEG,RGB,True,1024,768,0.0,255.0,164.1687774658203,54.56702423095703,False,False,False,
task1_images,D:\Biology-AI\data\Task1_Segmentation\images\000466.jpg,True,JPEG,RGB,True,3072,2304,0.0,217.0,139.240478515625,44.023590087890625,False,False,False,
task1_images,D:\Biology-AI\data\Task1_Segmentation\images\000467.jpg,True,JPEG,RGB,True,2592,1936,0.0,255.0,165.27871704101562,47.46042251586914,False,False,False,
task1_images,D:\Biology-AI\data\Task1_Segmentation\images\000468.jpg,True,JPEG,RGB,True,2048,1536,0.0,255.0,166.39816284179688,92.80829620361328,False,False,False,
task1_images,D:\Biology-AI\data\Task1_Segmentation\images\000469.jpg,True,JPEG,RGB,True,2592,1944,8.0,211.0,139.8108673095703,25.657588958740234,False,False,False,
task1_images,D:\Biology-AI\data\Task1_Segmentation\images\000470.jpg,True,JPEG,RGB,True,3008,2000,5.0,255.0,133.12950134277344,19.77750015258789,False,False,False,
task1_images,D:\Biology-AI\data\Task1_Segmentation\images\000471.jpg,True,JPEG,RGB,True,640,480,0.0,255.0,99.84178161621094,74.13213348388672,False,False,False,
task1_images,D:\Biology-AI\data\Task1_Segmentation\images\000472.jpg,True,JPEG,RGB,True,1024,768,30.0,255.0,176.68649291992188,57.19157791137695,False,False,False,
task1_images,D:\Biology-AI\data\Task1_Segmentation\images\000473.jpg,True,JPEG,RGB,True,3008,2000,12.0,255.0,145.96319580078125,27.463232040405273,False,False,False,
task1_images,D:\Biology-AI\data\Task1_Segmentation\images\000474.jpg,True,JPEG,RGB,True,4288,2848,4.0,255.0,121.8553695678711,42.68483352661133,False,False,False,
task1_images,D:\Biology-AI\data\Task1_Segmentation\images\000475.jpg,True,JPEG,RGB,True,3072,2304,32.0,237.0,183.22776794433594,24.829347610473633,False,False,False,
task1_images,D:\Biology-AI\data\Task1_Segmentation\images\000476.jpg,True,JPEG,RGB,True,3008,2000,19.0,255.0,184.73019409179688,18.015607833862305,False,False,False,
task1_images,D:\Biology-AI\data\Task1_Segmentation\images\000477.jpg,True,JPEG,RGB,True,6622,4380,0.0,255.0,145.47906494140625,53.524147033691406,False,False,False,
task1_images,D:\Biology-AI\data\Task1_Segmentation\images\000478.jpg,True,JPEG,RGB,True,3008,2000,19.0,225.0,136.26596069335938,21.98496437072754,False,False,False,
task1_images,D:\Biology-AI\data\Task1_Segmentation\images\000479.jpg,True,JPEG,RGB,True,3872,2592,14.0,255.0,180.25729370117188,21.46993064880371,False,False,False,
task1_images,D:\Biology-AI\data\Task1_Segmentation\images\000480.jpg,True,JPEG,RGB,True,3008,2000,25.0,255.0,196.03819274902344,28.03495979309082,False,False,False,
task1_images,D:\Biology-AI\data\Task1_Segmentation\images\000481.jpg,True,JPEG,RGB,True,3008,2000,0.0,255.0,141.24002075195312,23.579452514648438,False,False,False,
task1_images,D:\Biology-AI\data\Task1_Segmentation\images\000482.jpg,True,JPEG,RGB,True,767,576,0.0,255.0,102.94010162353516,57.294334411621094,False,False,False,
task1_images,D:\Biology-AI\data\Task1_Segmentation\images\000483.jpg,True,JPEG,RGB,True,6602,4380,0.0,255.0,106.90563201904297,53.52501678466797,False,False,False,
task1_images,D:\Biology-AI\data\Task1_Segmentation\images\000484.jpg,True,JPEG,RGB,True,2048,1536,0.0,235.0,162.03717041015625,46.54791259765625,False,False,False,
task1_images,D:\Biology-AI\data\Task1_Segmentation\images\000485.jpg,True,JPEG,RGB,True,3072,2304,0.0,255.0,183.25677490234375,24.664487838745117,False,False,False,
task1_images,D:\Biology-AI\data\Task1_Segmentation\images\000486.jpg,True,JPEG,RGB,True,4288,2848,20.0,228.0,136.5043487548828,14.051352500915527,False,False,False,
task1_images,D:\Biology-AI\data\Task1_Segmentation\images\000487.jpg,True,JPEG,RGB,True,3008,2000,8.0,255.0,166.85476684570312,19.33563232421875,False,False,False,
task1_images,D:\Biology-AI\data\Task1_Segmentation\images\000488.jpg,True,JPEG,RGB,True,2283,1824,22.0,193.0,141.53076171875,31.74656867980957,False,False,False,
task1_images,D:\Biology-AI\data\Task1_Segmentation\images\000489.jpg,True,JPEG,RGB,True,3024,2016,0.0,255.0,140.18356323242188,28.475658416748047,False,False,False,
task1_images,D:\Biology-AI\data\Task1_Segmentation\images\000490.jpg,True,JPEG,RGB,True,1024,768,0.0,255.0,177.1371307373047,20.210281372070312,False,False,False,
task1_images,D:\Biology-AI\data\Task1_Segmentation\images\000491.jpg,True,JPEG,RGB,True,6661,4422,0.0,255.0,154.91725158691406,50.00368118286133,False,False,False,
task1_images,D:\Biology-AI\data\Task1_Segmentation\images\000492.jpg,True,JPEG,RGB,True,3872,2592,7.0,253.0,140.09934997558594,31.66950035095215,False,False,False,
task1_images,D:\Biology-AI\data\Task1_Segmentation\images\000493.jpg,True,JPEG,RGB,True,3008,2000,13.0,255.0,189.47340393066406,23.313907623291016,False,False,False,
task1_images,D:\Biology-AI\data\Task1_Segmentation\images\000494.jpg,True,JPEG,RGB,True,640,480,0.0,222.0,130.0625457763672,36.81104278564453,False,False,False,
task1_images,D:\Biology-AI\data\Task1_Segmentation\images\000495.jpg,True,JPEG,RGB,True,1502,1016,0.0,255.0,179.73760986328125,57.87718963623047,False,False,False,
task1_images,D:\Biology-AI\data\Task1_Segmentation\images\000496.jpg,True,JPEG,RGB,True,1024,768,0.0,237.0,142.97686767578125,33.46303939819336,False,False,False,
task1_images,D:\Biology-AI\data\Task1_Segmentation\images\000497.jpg,True,JPEG,RGB,True,1024,768,8.0,255.0,156.8249053955078,32.832393646240234,False,False,False,
task1_images,D:\Biology-AI\data\Task1_Segmentation\images\000498.jpg,True,JPEG,RGB,True,3872,2592,0.0,205.0,137.87225341796875,55.90566635131836,False,False,False,
task1_images,D:\Biology-AI\data\Task1_Segmentation\images\000499.jpg,True,JPEG,RGB,True,6648,4398,0.0,255.0,118.9563980102539,49.394832611083984,False,False,False,
task1_images,D:\Biology-AI\data\Task1_Segmentation\images\000500.jpg,True,JPEG,RGB,True,1024,768,12.0,236.0,192.13490295410156,32.85894775390625,False,False,False,
task1_images,D:\Biology-AI\data\Task1_Segmentation\images\000501.jpg,True,JPEG,RGB,True,3072,2304,33.0,216.0,152.34495544433594,24.16370964050293,False,False,False,
task1_images,D:\Biology-AI\data\Task1_Segmentation\images\000502.jpg,True,JPEG,RGB,True,2592,1936,2.0,255.0,169.8478240966797,34.96607971191406,False,False,False,
task1_images,D:\Biology-AI\data\Task1_Segmentation\images\000503.jpg,True,JPEG,RGB,True,3072,2304,17.0,232.0,172.7689208984375,28.692062377929688,False,False,False,
task1_images,D:\Biology-AI\data\Task1_Segmentation\images\000504.jpg,True,JPEG,RGB,True,1024,768,17.0,236.0,186.8276824951172,27.566387176513672,False,False,False,
task1_images,D:\Biology-AI\data\Task1_Segmentation\images\000505.jpg,True,JPEG,RGB,True,3072,2304,0.0,255.0,138.8987274169922,27.746810913085938,False,False,False,
task1_images,D:\Biology-AI\data\Task1_Segmentation\images\000506.jpg,True,JPEG,RGB,True,6581,4382,0.0,255.0,145.19590759277344,54.100521087646484,False,False,False,
task1_images,D:\Biology-AI\data\Task1_Segmentation\images\000507.jpg,True,JPEG,RGB,True,3008,2000,10.0,255.0,156.17398071289062,26.939409255981445,False,False,False,
task1_images,D:\Biology-AI\data\Task1_Segmentation\images\000508.jpg,True,JPEG,RGB,True,4288,2848,9.0,255.0,147.32757568359375,20.86454963684082,False,False,False,
task1_images,D:\Biology-AI\data\Task1_Segmentation\images\000509.jpg,True,JPEG,RGB,True,3008,2000,0.0,243.0,126.5180435180664,27.32659149169922,False,False,False,
task1_images,D:\Biology-AI\data\Task1_Segmentation\images\000510.jpg,True,JPEG,RGB,True,3072,2304,0.0,255.0,131.3303985595703,67.26036834716797,False,False,False,
task1_images,D:\Biology-AI\data\Task1_Segmentation\images\000511.jpg,True,JPEG,RGB,True,6648,4459,0.0,255.0,158.93260192871094,52.3337287902832,False,False,False,
task1_images,D:\Biology-AI\data\Task1_Segmentation\images\000512.jpg,True,JPEG,RGB,True,3072,2304,19.0,197.0,141.03973388671875,32.381168365478516,False,False,False,
task1_images,D:\Biology-AI\data\Task1_Segmentation\images\000513.jpg,True,JPEG,RGB,True,4288,2848,7.0,255.0,141.74600219726562,21.176616668701172,False,False,False,
task1_images,D:\Biology-AI\data\Task1_Segmentation\images\000514.jpg,True,JPEG,RGB,True,3008,2000,18.0,255.0,169.1329803466797,35.3259162902832,False,False,False,
task1_images,D:\Biology-AI\data\Task1_Segmentation\images\000515.jpg,True,JPEG,RGB,True,3008,2000,3.0,255.0,136.68922424316406,37.94983673095703,False,False,False,
task1_images,D:\Biology-AI\data\Task1_Segmentation\images\000516.jpg,True,JPEG,RGB,True,3072,2304,22.0,255.0,216.97003173828125,38.36528778076172,False,False,False,
task1_images,D:\Biology-AI\data\Task1_Segmentation\images\000517.jpg,True,JPEG,RGB,True,3008,2000,17.0,255.0,194.37445068359375,31.039487838745117,False,False,False,
task1_images,D:\Biology-AI\data\Task1_Segmentation\images\000518.jpg,True,JPEG,RGB,True,3072,2304,0.0,255.0,136.2772979736328,40.67526626586914,False,False,False,
task1_images,D:\Biology-AI\data\Task1_Segmentation\images\000519.jpg,True,JPEG,RGB,True,824,719,55.0,255.0,197.7864227294922,35.991641998291016,False,False,False,
task1_images,D:\Biology-AI\data\Task1_Segmentation\images\000520.jpg,True,JPEG,RGB,True,1024,768,25.0,252.0,128.440185546875,29.02967643737793,False,False,False,
task1_images,D:\Biology-AI\data\Task1_Segmentation\images\000521.jpg,True,JPEG,RGB,True,1022,767,0.0,255.0,155.6078643798828,46.0407600402832,False,False,False,
task1_images,D:\Biology-AI\data\Task1_Segmentation\images\000522.jpg,True,JPEG,RGB,True,1024,768,18.0,255.0,198.9192657470703,48.9014892578125,False,False,False,
task1_images,D:\Biology-AI\data\Task1_Segmentation\images\000523.jpg,True,JPEG,RGB,True,1024,768,0.0,254.0,161.9910430908203,46.761131286621094,False,False,False,
task1_images,D:\Biology-AI\data\Task1_Segmentation\images\000524.jpg,True,JPEG,RGB,True,3008,2000,3.0,215.0,132.498779296875,24.532224655151367,False,False,False,
task1_images,D:\Biology-AI\data\Task1_Segmentation\images\000525.jpg,True,JPEG,RGB,True,3072,2304,0.0,196.0,136.45655822753906,39.16642761230469,False,False,False,
task1_images,D:\Biology-AI\data\Task1_Segmentation\images\000526.jpg,True,JPEG,RGB,True,3072,2304,0.0,217.0,108.73823547363281,46.8848762512207,False,False,False,
task1_images,D:\Biology-AI\data\Task1_Segmentation\images\000527.jpg,True,JPEG,RGB,True,4288,2848,3.0,255.0,163.2238006591797,44.72230529785156,False,False,False,
task1_images,D:\Biology-AI\data\Task1_Segmentation\images\000528.jpg,True,JPEG,RGB,True,3072,2304,3.0,233.0,152.7319793701172,17.660140991210938,False,False,False,
task1_images,D:\Biology-AI\data\Task1_Segmentation\images\000529.jpg,True,JPEG,RGB,True,3872,2592,4.0,220.0,151.5662078857422,17.035852432250977,False,False,False,
task1_images,D:\Biology-AI\data\Task1_Segmentation\images\000530.jpg,True,JPEG,RGB,True,1024,768,0.0,255.0,217.16009521484375,35.01284408569336,False,False,False,
task1_images,D:\Biology-AI\data\Task1_Segmentation\images\000531.jpg,True,JPEG,RGB,True,4288,2848,2.0,185.0,131.71107482910156,16.47015380859375,False,False,False,
task1_images,D:\Biology-AI\data\Task1_Segmentation\images\000532.jpg,True,JPEG,RGB,True,3008,2000,16.0,255.0,156.25094604492188,34.87013626098633,False,False,False,
task1_images,D:\Biology-AI\data\Task1_Segmentation\images\000533.jpg,True,JPEG,RGB,True,1024,768,0.0,239.0,118.94883728027344,75.6380386352539,False,False,False,
task1_images,D:\Biology-AI\data\Task1_Segmentation\images\000534.jpg,True,JPEG,RGB,True,3008,2000,0.0,255.0,154.7527618408203,32.6143913269043,False,False,False,
task1_images,D:\Biology-AI\data\Task1_Segmentation\images\000535.jpg,True,JPEG,RGB,True,6647,4439,0.0,255.0,137.62997436523438,61.31098937988281,False,False,False,
task1_images,D:\Biology-AI\data\Task1_Segmentation\images\000536.jpg,True,JPEG,RGB,True,3008,2000,7.0,219.0,153.33348083496094,19.285850524902344,False,False,False,
task1_images,D:\Biology-AI\data\Task1_Segmentation\images\000537.jpg,True,JPEG,RGB,True,962,674,0.0,255.0,184.7952117919922,55.43642807006836,False,False,False,
task1_images,D:\Biology-AI\data\Task1_Segmentation\images\000538.jpg,True,JPEG,RGB,True,6642,4420,0.0,255.0,135.90846252441406,57.73076629638672,False,False,False,
task1_images,D:\Biology-AI\data\Task1_Segmentation\images\000539.jpg,True,JPEG,RGB,True,1819,859,19.0,229.0,174.3788299560547,26.939170837402344,False,False,False,
task1_images,D:\Biology-AI\data\Task1_Segmentation\images\000540.jpg,True,JPEG,RGB,True,3072,2304,16.0,255.0,183.15135192871094,24.768457412719727,False,False,False,
task1_images,D:\Biology-AI\data\Task1_Segmentation\images\000541.jpg,True,JPEG,RGB,True,2592,1944,6.0,217.0,152.1959686279297,21.36870765686035,False,False,False,
task1_images,D:\Biology-AI\data\Task1_Segmentation\images\000542.jpg,True,JPEG,RGB,True,2592,1944,59.0,180.0,138.00880432128906,12.824228286743164,False,False,False,
task1_images,D:\Biology-AI\data\Task1_Segmentation\images\000543.jpg,True,JPEG,RGB,True,640,480,0.0,231.0,120.1295166015625,41.094322204589844,False,False,False,
task1_images,D:\Biology-AI\data\Task1_Segmentation\images\000544.jpg,True,JPEG,RGB,True,767,576,0.0,255.0,142.18788146972656,61.615966796875,False,False,False,
task1_images,D:\Biology-AI\data\Task1_Segmentation\images\000545.jpg,True,JPEG,RGB,True,1504,1129,0.0,255.0,157.71376037597656,48.01545333862305,False,False,False,
task1_images,D:\Biology-AI\data\Task1_Segmentation\images\000546.jpg,True,JPEG,RGB,True,2592,1936,0.0,255.0,173.0612030029297,39.02109909057617,False,False,False,
task1_images,D:\Biology-AI\data\Task1_Segmentation\images\000547.jpg,True,JPEG,RGB,True,6621,4441,0.0,255.0,156.5059051513672,47.479427337646484,False,False,False,
task1_images,D:\Biology-AI\data\Task1_Segmentation\images\000548.jpg,True,JPEG,RGB,True,4288,2848,1.0,255.0,111.24744415283203,20.06974983215332,False,False,False,
task1_images,D:\Biology-AI\data\Task1_Segmentation\images\000549.jpg,True,JPEG,RGB,True,640,480,0.0,255.0,93.49466705322266,72.41484832763672,False,False,False,
task1_images,D:\Biology-AI\data\Task1_Segmentation\images\000550.jpg,True,JPEG,RGB,True,3072,2304,2.0,187.0,136.85447692871094,26.562639236450195,False,False,False,
task1_images,D:\Biology-AI\data\Task1_Segmentation\images\000551.jpg,True,JPEG,RGB,True,3872,2592,31.0,195.0,137.7138671875,22.484966278076172,False,False,False,
task1_images,D:\Biology-AI\data\Task1_Segmentation\images\000552.jpg,True,JPEG,RGB,True,4288,2848,17.0,249.0,150.63307189941406,31.54557991027832,False,False,False,
task1_images,D:\Biology-AI\data\Task1_Segmentation\images\000553.jpg,True,JPEG,RGB,True,4288,2848,21.0,244.0,131.10391235351562,17.600412368774414,False,False,False,
task1_images,D:\Biology-AI\data\Task1_Segmentation\images\000554.jpg,True,JPEG,RGB,True,640,480,30.0,196.0,139.677978515625,28.020151138305664,False,False,False,
task1_images,D:\Biology-AI\data\Task1_Segmentation\images\000555.jpg,True,JPEG,RGB,True,3008,2000,8.0,255.0,164.3152313232422,19.411325454711914,False,False,False,
task1_images,D:\Biology-AI\data\Task1_Segmentation\images\000556.jpg,True,JPEG,RGB,True,3048,1939,0.0,255.0,135.43406677246094,27.988510131835938,False,False,False,
task1_images,D:\Biology-AI\data\Task1_Segmentation\images\000557.jpg,True,JPEG,RGB,True,1024,768,0.0,255.0,175.88226318359375,23.618553161621094,False,False,False,
task1_images,D:\Biology-AI\data\Task1_Segmentation\images\000558.jpg,True,JPEG,RGB,True,6648,4419,0.0,255.0,176.16677856445312,38.857967376708984,False,False,False,
task1_images,D:\Biology-AI\data\Task1_Segmentation\images\000559.jpg,True,JPEG,RGB,True,3072,2304,0.0,255.0,162.88560485839844,29.86962890625,False,False,False,
task1_images,D:\Biology-AI\data\Task1_Segmentation\images\000560.jpg,True,JPEG,RGB,True,3024,2016,1.0,255.0,155.1687774658203,30.504119873046875,False,False,False,
task1_images,D:\Biology-AI\data\Task1_Segmentation\images\000561.jpg,True,JPEG,RGB,True,6682,4441,0.0,255.0,162.22540283203125,57.06510925292969,False,False,False,
task1_images,D:\Biology-AI\data\Task1_Segmentation\images\000562.jpg,True,JPEG,RGB,True,3072,2304,10.0,230.0,127.22721099853516,45.37620544433594,False,False,False,
task1_images,D:\Biology-AI\data\Task1_Segmentation\images\000563.jpg,True,JPEG,RGB,True,4288,2848,2.0,255.0,118.29557037353516,27.8498592376709,False,False,False,
task1_images,D:\Biology-AI\data\Task1_Segmentation\images\000564.jpg,True,JPEG,RGB,True,640,480,0.0,255.0,175.3201904296875,53.991939544677734,False,False,False,
task1_images,D:\Biology-AI\data\Task1_Segmentation\images\000565.jpg,True,JPEG,RGB,True,3008,2000,5.0,255.0,147.36085510253906,33.797950744628906,False,False,False,
task1_images,D:\Biology-AI\data\Task1_Segmentation\images\000566.jpg,True,JPEG,RGB,True,4288,2848,12.0,244.0,162.02301025390625,22.070144653320312,False,False,False,
task1_images,D:\Biology-AI\data\Task1_Segmentation\images\000567.jpg,True,JPEG,RGB,True,3008,2000,20.0,255.0,180.99732971191406,28.506956100463867,False,False,False,
task1_images,D:\Biology-AI\data\Task1_Segmentation\images\000568.jpg,True,JPEG,RGB,True,3072,2304,10.0,183.0,133.66397094726562,29.14731788635254,False,False,False,
task1_images,D:\Biology-AI\data\Task1_Segmentation\images\000569.jpg,True,JPEG,RGB,True,3072,2304,0.0,255.0,135.11595153808594,45.78962326049805,False,False,False,
task1_images,D:\Biology-AI\data\Task1_Segmentation\images\000570.jpg,True,JPEG,RGB,True,3008,2000,3.0,255.0,150.32508850097656,37.209049224853516,False,False,False,
task1_images,D:\Biology-AI\data\Task1_Segmentation\images\000571.jpg,True,JPEG,RGB,True,6708,4439,0.0,255.0,161.65200805664062,52.715293884277344,False,False,False,
task1_images,D:\Biology-AI\data\Task1_Segmentation\images\000572.jpg,True,JPEG,RGB,True,640,480,0.0,255.0,150.86492919921875,55.46133804321289,False,False,False,
task1_images,D:\Biology-AI\data\Task1_Segmentation\images\000573.jpg,True,JPEG,RGB,True,1024,768,0.0,222.0,167.34022521972656,25.327590942382812,False,False,False,
task1_images,D:\Biology-AI\data\Task1_Segmentation\images\000574.jpg,True,JPEG,RGB,True,3008,2000,32.0,255.0,202.41098022460938,17.729141235351562,False,False,False,
task1_images,D:\Biology-AI\data\Task1_Segmentation\images\000575.jpg,True,JPEG,RGB,True,640,480,0.0,255.0,130.48403930664062,51.45472717285156,False,False,False,
task1_images,D:\Biology-AI\data\Task1_Segmentation\images\000576.jpg,True,JPEG,RGB,True,6668,4459,0.0,255.0,146.28953552246094,59.339210510253906,False,False,False,
task1_images,D:\Biology-AI\data\Task1_Segmentation\images\000577.jpg,True,JPEG,RGB,True,4288,2848,10.0,255.0,135.02493286132812,23.64383888244629,False,False,False,
task1_images,D:\Biology-AI\data\Task1_Segmentation\images\000578.jpg,True,JPEG,RGB,True,6688,4459,0.0,255.0,148.0501708984375,66.26155853271484,False,False,False,
task1_images,D:\Biology-AI\data\Task1_Segmentation\images\000579.jpg,True,JPEG,RGB,True,3008,2000,0.0,255.0,157.43211364746094,19.01100730895996,False,False,False,
task1_images,D:\Biology-AI\data\Task1_Segmentation\images\000580.jpg,True,JPEG,RGB,True,3872,2592,42.0,179.0,141.06405639648438,15.428349494934082,False,False,False,
task1_images,D:\Biology-AI\data\Task1_Segmentation\images\000581.jpg,True,JPEG,RGB,True,1504,1129,0.0,255.0,167.91549682617188,46.69656753540039,False,False,False,
task1_images,D:\Biology-AI\data\Task1_Segmentation\images\000582.jpg,True,JPEG,RGB,True,3008,2000,8.0,255.0,143.55868530273438,47.38908767700195,False,False,False,
task1_images,D:\Biology-AI\data\Task1_Segmentation\images\000583.jpg,True,JPEG,RGB,True,4288,2848,6.0,255.0,123.51998138427734,27.738786697387695,False,False,False,
task1_images,D:\Biology-AI\data\Task1_Segmentation\images\000584.jpg,True,JPEG,RGB,True,4288,2848,8.0,255.0,134.8902130126953,40.86752700805664,False,False,False,
task1_images,D:\Biology-AI\data\Task1_Segmentation\images\000585.jpg,True,JPEG,RGB,True,4288,2848,6.0,255.0,142.35922241210938,20.47553825378418,False,False,False,
task1_images,D:\Biology-AI\data\Task1_Segmentation\images\000586.jpg,True,JPEG,RGB,True,3072,2304,14.0,220.0,156.9469451904297,30.30648422241211,False,False,False,
task1_images,D:\Biology-AI\data\Task1_Segmentation\images\000587.jpg,True,JPEG,RGB,True,640,480,0.0,236.0,135.95115661621094,51.067161560058594,False,False,False,
task1_images,D:\Biology-AI\data\Task1_Segmentation\images\000588.jpg,True,JPEG,RGB,True,3008,2000,15.0,255.0,139.51145935058594,32.679073333740234,False,False,False,
task1_images,D:\Biology-AI\data\Task1_Segmentation\images\000589.jpg,True,JPEG,RGB,True,1692,1915,5.0,255.0,145.59716796875,38.519832611083984,False,False,False,
task1_images,D:\Biology-AI\data\Task1_Segmentation\images\000590.jpg,True,JPEG,RGB,True,3872,2592,18.0,216.0,147.42840576171875,42.37739944458008,False,False,False,
task1_images,D:\Biology-AI\data\Task1_Segmentation\images\000591.jpg,True,JPEG,RGB,True,4288,2848,3.0,255.0,125.18791198730469,22.821849822998047,False,False,False,
task1_images,D:\Biology-AI\data\Task1_Segmentation\images\000592.jpg,True,JPEG,RGB,True,4288,2848,0.0,255.0,158.34376525878906,40.149314880371094,False,False,False,
task1_images,D:\Biology-AI\data\Task1_Segmentation\images\000593.jpg,True,JPEG,RGB,True,640,480,0.0,255.0,106.19107818603516,64.33500671386719,False,False,False,
task1_images,D:\Biology-AI\data\Task1_Segmentation\images\000594.jpg,True,JPEG,RGB,True,1024,768,38.0,254.0,147.66009521484375,51.92631530761719,False,False,False,
task1_images,D:\Biology-AI\data\Task1_Segmentation\images\000595.jpg,True,JPEG,RGB,True,6641,4440,0.0,255.0,141.33021545410156,66.52845001220703,False,False,False,
task1_images,D:\Biology-AI\data\Task1_Segmentation\images\000596.jpg,True,JPEG,RGB,True,6641,4440,0.0,255.0,114.53140258789062,61.80859375,False,False,False,
task1_images,D:\Biology-AI\data\Task1_Segmentation\images\000597.jpg,True,JPEG,RGB,True,2048,1536,0.0,255.0,143.75994873046875,68.72420501708984,False,False,False,
task1_images,D:\Biology-AI\data\Task1_Segmentation\images\000598.jpg,True,JPEG,RGB,True,3008,2000,0.0,235.0,156.13002014160156,25.316116333007812,False,False,False,
task1_images,D:\Biology-AI\data\Task1_Segmentation\images\000599.jpg,True,JPEG,RGB,True,640,480,0.0,236.0,150.35572814941406,48.35252380371094,False,False,False,
task1_images,D:\Biology-AI\data\Task1_Segmentation\images\000600.jpg,True,JPEG,RGB,True,4288,2848,0.0,255.0,126.90484619140625,17.477502822875977,False,False,False,
task1_images,D:\Biology-AI\data\Task1_Segmentation\images\000601.jpg,True,JPEG,RGB,True,1024,768,10.0,198.0,155.41116333007812,31.717506408691406,False,False,False,
task1_images,D:\Biology-AI\data\Task1_Segmentation\images\000602.jpg,True,JPEG,RGB,True,3072,2304,12.0,254.0,138.8716583251953,29.94550323486328,False,False,False,
task1_images,D:\Biology-AI\data\Task1_Segmentation\images\000603.jpg,True,JPEG,RGB,True,3024,2016,1.0,255.0,159.39064025878906,37.371639251708984,False,False,False,
task1_images,D:\Biology-AI\data\Task1_Segmentation\images\000604.jpg,True,JPEG,RGB,True,6642,4420,0.0,255.0,142.6978759765625,56.791748046875,False,False,False,
task1_images,D:\Biology-AI\data\Task1_Segmentation\images\000605.jpg,True,JPEG,RGB,True,1024,768,0.0,255.0,225.7330780029297,34.11478805541992,False,False,False,
task1_images,D:\Biology-AI\data\Task1_Segmentation\images\000606.jpg,True,JPEG,RGB,True,3024,2016,0.0,255.0,140.2050323486328,34.371360778808594,False,False,False,
task1_images,D:\Biology-AI\data\Task1_Segmentation\images\000607.jpg,True,JPEG,RGB,True,2592,1936,3.0,255.0,163.8173370361328,30.969482421875,False,False,False,
task1_images,D:\Biology-AI\data\Task1_Segmentation\images\000608.jpg,True,JPEG,RGB,True,3008,2000,0.0,255.0,115.14547729492188,27.69223976135254,False,False,False,
task1_images,D:\Biology-AI\data\Task1_Segmentation\images\000609.jpg,True,JPEG,RGB,True,3008,2000,10.0,255.0,169.07144165039062,25.11304473876953,False,False,False,
task1_images,D:\Biology-AI\data\Task1_Segmentation\images\000610.jpg,True,JPEG,RGB,True,3072,2304,11.0,228.0,145.94943237304688,43.386688232421875,False,False,False,
task1_images,D:\Biology-AI\data\Task1_Segmentation\images\000611.jpg,True,JPEG,RGB,True,2781,2077,0.0,224.0,142.39393615722656,33.72749710083008,False,False,False,
task1_images,D:\Biology-AI\data\Task1_Segmentation\images\000612.jpg,True,JPEG,RGB,True,6642,4420,0.0,255.0,144.20318603515625,57.8700065612793,False,False,False,
task1_images,D:\Biology-AI\data\Task1_Segmentation\images\000613.jpg,True,JPEG,RGB,True,959,638,0.0,255.0,170.8673095703125,63.59907913208008,False,False,False,
task1_images,D:\Biology-AI\data\Task1_Segmentation\images\000614.jpg,True,JPEG,RGB,True,1024,768,0.0,235.0,174.89727783203125,39.44027328491211,False,False,False,
task1_images,D:\Biology-AI\data\Task1_Segmentation\images\000615.jpg,True,JPEG,RGB,True,2304,1536,0.0,255.0,206.7071075439453,18.60761070251465,False,False,False,
task1_images,D:\Biology-AI\data\Task1_Segmentation\images\000616.jpg,True,JPEG,RGB,True,3008,2000,8.0,255.0,149.30230712890625,13.5449800491333,False,False,False,
task1_images,D:\Biology-AI\data\Task1_Segmentation\images\000617.jpg,True,JPEG,RGB,True,2048,1536,0.0,255.0,150.13134765625,46.23758316040039,False,False,False,
task1_images,D:\Biology-AI\data\Task1_Segmentation\images\000618.jpg,True,JPEG,RGB,True,4288,2848,9.0,255.0,137.74484252929688,31.194534301757812,False,False,False,
task1_images,D:\Biology-AI\data\Task1_Segmentation\images\000619.jpg,True,JPEG,RGB,True,1024,768,15.0,238.0,158.33255004882812,24.26984405517578,False,False,False,
task1_images,D:\Biology-AI\data\Task1_Segmentation\images\000620.jpg,True,JPEG,RGB,True,4288,2848,20.0,255.0,156.6671142578125,30.454225540161133,False,False,False,
task1_images,D:\Biology-AI\data\Task1_Segmentation\images\000621.jpg,True,JPEG,RGB,True,640,480,0.0,218.0,80.4006576538086,38.0722770690918,False,False,False,
task1_images,D:\Biology-AI\data\Task1_Segmentation\images\000622.jpg,True,JPEG,RGB,True,640,480,0.0,255.0,184.52301025390625,47.44678497314453,False,False,False,
task1_images,D:\Biology-AI\data\Task1_Segmentation\images\000623.jpg,True,JPEG,RGB,True,2592,1944,46.0,242.0,203.98956298828125,30.087200164794922,False,False,False,
task1_images,D:\Biology-AI\data\Task1_Segmentation\images\000624.jpg,True,JPEG,RGB,True,4288,2848,8.0,255.0,136.6042022705078,28.205595016479492,False,False,False,
task1_images,D:\Biology-AI\data\Task1_Segmentation\images\000625.jpg,True,JPEG,RGB,True,1024,768,29.0,255.0,206.69244384765625,30.124187469482422,False,False,False,
task1_images,D:\Biology-AI\data\Task1_Segmentation\images\000626.jpg,True,JPEG,RGB,True,3008,2000,6.0,197.0,132.59205627441406,27.157007217407227,False,False,False,
task1_images,D:\Biology-AI\data\Task1_Segmentation\images\000627.jpg,True,JPEG,RGB,True,1504,1129,0.0,255.0,154.04457092285156,41.58965301513672,False,False,False,
task1_images,D:\Biology-AI\data\Task1_Segmentation\images\000628.jpg,True,JPEG,RGB,True,1022,767,0.0,255.0,165.88397216796875,42.256404876708984,False,False,False,
task1_images,D:\Biology-AI\data\Task1_Segmentation\images\000629.jpg,True,JPEG,RGB,True,3072,2304,0.0,246.0,158.6177520751953,25.765295028686523,False,False,False,
task1_images,D:\Biology-AI\data\Task1_Segmentation\images\000630.jpg,True,JPEG,RGB,True,3024,2016,0.0,255.0,134.49476623535156,33.43038558959961,False,False,False,
task1_images,D:\Biology-AI\data\Task1_Segmentation\images\000631.jpg,True,JPEG,RGB,True,3008,2000,2.0,250.0,105.16850280761719,31.092296600341797,False,False,False,
task1_images,D:\Biology-AI\data\Task1_Segmentation\images\000632.jpg,True,JPEG,RGB,True,1024,768,10.0,255.0,197.435546875,48.525699615478516,False,False,False,
task1_images,D:\Biology-AI\data\Task1_Segmentation\images\000633.jpg,True,JPEG,RGB,True,1024,768,0.0,235.0,178.84506225585938,25.670007705688477,False,False,False,
task1_images,D:\Biology-AI\data\Task1_Segmentation\images\000634.jpg,True,JPEG,RGB,True,3024,2016,0.0,255.0,157.99607849121094,25.155885696411133,False,False,False,
task1_images,D:\Biology-AI\data\Task1_Segmentation\images\000635.jpg,True,JPEG,RGB,True,6708,4439,0.0,255.0,181.1803436279297,55.84785461425781,False,False,False,
task1_images,D:\Biology-AI\data\Task1_Segmentation\images\000636.jpg,True,JPEG,RGB,True,3008,2000,15.0,247.0,146.55287170410156,26.728208541870117,False,False,False,
task1_images,D:\Biology-AI\data\Task1_Segmentation\images\000637.jpg,True,JPEG,RGB,True,640,480,0.0,252.0,138.45040893554688,54.91537857055664,False,False,False,
task1_images,D:\Biology-AI\data\Task1_Segmentation\images\000638.jpg,True,JPEG,RGB,True,4288,2848,14.0,255.0,135.50755310058594,27.69693946838379,False,False,False,
task1_images,D:\Biology-AI\data\Task1_Segmentation\images\000639.jpg,True,JPEG,RGB,True,6688,4459,0.0,255.0,157.4362335205078,61.90691375732422,False,False,False,
task1_images,D:\Biology-AI\data\Task1_Segmentation\images\000640.jpg,True,JPEG,RGB,True,3008,2000,4.0,200.0,117.53569030761719,18.6651611328125,False,False,False,
task1_images,D:\Biology-AI\data\Task1_Segmentation\images\000641.jpg,True,JPEG,RGB,True,3072,2304,5.0,202.0,125.37113189697266,32.53730773925781,False,False,False,
task1_images,D:\Biology-AI\data\Task1_Segmentation\images\000642.jpg,True,JPEG,RGB,True,1024,768,0.0,235.0,172.06968688964844,32.19083023071289,False,False,False,
task1_images,D:\Biology-AI\data\Task1_Segmentation\images\000643.jpg,True,JPEG,RGB,True,1022,767,0.0,255.0,151.01083374023438,25.79144287109375,False,False,False,
task1_images,D:\Biology-AI\data\Task1_Segmentation\images\000644.jpg,True,JPEG,RGB,True,4288,2848,20.0,247.0,146.59765625,30.39791488647461,False,False,False,
task1_images,D:\Biology-AI\data\Task1_Segmentation\images\000645.jpg,True,JPEG,RGB,True,1022,767,0.0,255.0,151.56277465820312,60.65695571899414,False,False,False,
task1_images,D:\Biology-AI\data\Task1_Segmentation\images\000646.jpg,True,JPEG,RGB,True,576,768,19.0,191.0,155.73367309570312,20.547100067138672,False,False,False,
task1_images,D:\Biology-AI\data\Task1_Segmentation\images\000647.jpg,True,JPEG,RGB,True,4288,2848,0.0,255.0,144.20494079589844,53.38564682006836,False,False,False,
task1_images,D:\Biology-AI\data\Task1_Segmentation\images\000648.jpg,True,JPEG,RGB,True,2048,1536,0.0,232.0,154.73475646972656,39.40999984741211,False,False,False,
task1_images,D:\Biology-AI\data\Task1_Segmentation\images\000649.jpg,True,JPEG,RGB,True,3072,2304,2.0,193.0,131.0393829345703,27.093746185302734,False,False,False,
task1_images,D:\Biology-AI\data\Task1_Segmentation\images\000650.jpg,True,JPEG,RGB,True,1321,1339,0.0,255.0,155.4344482421875,27.088289260864258,False,False,False,
task1_images,D:\Biology-AI\data\Task1_Segmentation\images\000651.jpg,True,JPEG,RGB,True,3008,2000,3.0,255.0,134.2797088623047,21.277061462402344,False,False,False,
task1_images,D:\Biology-AI\data\Task1_Segmentation\images\000652.jpg,True,JPEG,RGB,True,640,480,0.0,239.0,158.56846618652344,38.612091064453125,False,False,False,
task1_images,D:\Biology-AI\data\Task1_Segmentation\images\000653.jpg,True,JPEG,RGB,True,3072,2304,11.0,255.0,201.04693603515625,30.748472213745117,False,False,False,
task1_images,D:\Biology-AI\data\Task1_Segmentation\images\000654.jpg,True,JPEG,RGB,True,3872,2592,29.0,255.0,217.5326385498047,20.95172882080078,False,False,False,
task1_images,D:\Biology-AI\data\Task1_Segmentation\images\000655.jpg,True,JPEG,RGB,True,6681,4441,0.0,255.0,141.4170684814453,59.6629753112793,False,False,False,
task1_images,D:\Biology-AI\data\Task1_Segmentation\images\000656.jpg,True,JPEG,RGB,True,1024,768,15.0,235.0,175.9105682373047,32.83210372924805,False,False,False,
task1_images,D:\Biology-AI\data\Task1_Segmentation\images\000657.jpg,True,JPEG,RGB,True,1024,768,27.0,233.0,191.6738739013672,21.090930938720703,False,False,False,
task1_images,D:\Biology-AI\data\Task1_Segmentation\images\000658.jpg,True,JPEG,RGB,True,3072,2304,2.0,207.0,118.96014404296875,36.738895416259766,False,False,False,
task1_images,D:\Biology-AI\data\Task1_Segmentation\images\000659.jpg,True,JPEG,RGB,True,6641,4440,0.0,255.0,89.53504943847656,62.44971466064453,False,False,False,
task1_images,D:\Biology-AI\data\Task1_Segmentation\images\000660.jpg,True,JPEG,RGB,True,3072,2304,0.0,255.0,136.35057067871094,34.8382568359375,False,False,False,
task1_images,D:\Biology-AI\data\Task1_Segmentation\images\000661.jpg,True,JPEG,RGB,True,4288,2848,17.0,255.0,139.14883422851562,27.748817443847656,False,False,False,
task1_images,D:\Biology-AI\data\Task1_Segmentation\images\000662.jpg,True,JPEG,RGB,True,3072,2304,1.0,243.0,148.9800567626953,19.301061630249023,False,False,False,
task1_images,D:\Biology-AI\data\Task1_Segmentation\images\000663.jpg,True,JPEG,RGB,True,4288,2848,1.0,255.0,135.31382751464844,17.532318115234375,False,False,False,
task1_images,D:\Biology-AI\data\Task1_Segmentation\images\000664.jpg,True,JPEG,RGB,True,1024,768,0.0,234.0,156.43028259277344,30.01793098449707,False,False,False,
task1_images,D:\Biology-AI\data\Task1_Segmentation\images\000665.jpg,True,JPEG,RGB,True,3024,2016,0.0,255.0,145.9797821044922,34.152645111083984,False,False,False,
task1_images,D:\Biology-AI\data\Task1_Segmentation\images\000666.jpg,True,JPEG,RGB,True,3072,2304,0.0,255.0,154.5559844970703,32.62360763549805,False,False,False,
task1_images,D:\Biology-AI\data\Task1_Segmentation\images\000667.jpg,True,JPEG,RGB,True,1024,768,32.0,255.0,208.1186065673828,21.837190628051758,False,False,False,
task1_images,D:\Biology-AI\data\Task1_Segmentation\images\000668.jpg,True,JPEG,RGB,True,3008,2000,8.0,246.0,137.0087432861328,20.127960205078125,False,False,False,
task1_images,D:\Biology-AI\data\Task1_Segmentation\images\000669.jpg,True,JPEG,RGB,True,4288,2848,17.0,245.0,132.57994079589844,25.37100601196289,False,False,False,
task1_images,D:\Biology-AI\data\Task1_Segmentation\images\000670.jpg,True,JPEG,RGB,True,3024,2016,0.0,255.0,130.98692321777344,36.50520706176758,False,False,False,
task1_images,D:\Biology-AI\data\Task1_Segmentation\images\000671.jpg,True,JPEG,RGB,True,6648,4439,0.0,255.0,168.2251739501953,66.58446502685547,False,False,False,
task1_images,D:\Biology-AI\data\Task1_Segmentation\images\000672.jpg,True,JPEG,RGB,True,640,480,0.0,240.0,108.03157043457031,63.86852264404297,False,False,False,
task1_images,D:\Biology-AI\data\Task1_Segmentation\images\000673.jpg,True,JPEG,RGB,True,3872,2592,10.0,246.0,163.83859252929688,29.603382110595703,False,False,False,
task1_images,D:\Biology-AI\data\Task1_Segmentation\images\000674.jpg,True,JPEG,RGB,True,1024,768,46.0,252.0,150.529296875,18.81707191467285,False,False,False,
task1_images,D:\Biology-AI\data\Task1_Segmentation\images\000675.jpg,True,JPEG,RGB,True,4288,2848,19.0,255.0,146.30892944335938,30.466127395629883,False,False,False,
task1_images,D:\Biology-AI\data\Task1_Segmentation\images\000676.jpg,True,JPEG,RGB,True,4288,2848,31.0,255.0,171.515625,37.811676025390625,False,False,False,
task1_images,D:\Biology-AI\data\Task1_Segmentation\images\000677.jpg,True,JPEG,RGB,True,640,480,0.0,231.0,108.96338653564453,59.39271545410156,False,False,False,
task1_images,D:\Biology-AI\data\Task1_Segmentation\images\000678.jpg,True,JPEG,RGB,True,1024,768,16.0,246.0,139.0799102783203,22.161964416503906,False,False,False,
task1_images,D:\Biology-AI\data\Task1_Segmentation\images\000679.jpg,True,JPEG,RGB,True,1024,768,12.0,255.0,192.7232208251953,23.827959060668945,False,False,False,
task1_images,D:\Biology-AI\data\Task1_Segmentation\images\000680.jpg,True,JPEG,RGB,True,919,802,0.0,184.0,141.98931884765625,26.815074920654297,False,False,False,
task1_images,D:\Biology-AI\data\Task1_Segmentation\images\000681.jpg,True,JPEG,RGB,True,6682,4442,0.0,255.0,184.4551239013672,40.773502349853516,False,False,False,
task1_images,D:\Biology-AI\data\Task1_Segmentation\images\000682.jpg,True,JPEG,RGB,True,4288,2848,0.0,233.0,111.75450134277344,23.951688766479492,False,False,False,
task1_images,D:\Biology-AI\data\Task1_Segmentation\images\000683.jpg,True,JPEG,RGB,True,640,480,0.0,246.0,119.66404724121094,54.133995056152344,False,False,False,
task1_images,D:\Biology-AI\data\Task1_Segmentation\images\000684.jpg,True,JPEG,RGB,True,3072,2304,0.0,223.0,112.6113510131836,54.18373489379883,False,False,False,
task1_images,D:\Biology-AI\data\Task1_Segmentation\images\000685.jpg,True,JPEG,RGB,True,1024,768,7.0,255.0,131.86355590820312,53.375465393066406,False,False,False,
task1_images,D:\Biology-AI\data\Task1_Segmentation\images\000686.jpg,True,JPEG,RGB,True,4288,2848,16.0,255.0,170.9058380126953,30.17634391784668,False,False,False,
task1_images,D:\Biology-AI\data\Task1_Segmentation\images\000687.jpg,True,JPEG,RGB,True,6628,4399,0.0,255.0,144.1571502685547,58.89003372192383,False,False,False,
task1_images,D:\Biology-AI\data\Task1_Segmentation\images\000688.jpg,True,JPEG,RGB,True,3072,2304,20.0,218.0,156.69775390625,30.479055404663086,False,False,False,
task1_images,D:\Biology-AI\data\Task1_Segmentation\images\000689.jpg,True,JPEG,RGB,True,1024,768,0.0,248.0,127.83712768554688,38.22783279418945,False,False,False,
task1_images,D:\Biology-AI\data\Task1_Segmentation\images\000690.jpg,True,JPEG,RGB,True,1024,768,30.0,255.0,205.4922637939453,23.90353775024414,False,False,False,
task1_images,D:\Biology-AI\data\Task1_Segmentation\images\000691.jpg,True,JPEG,RGB,True,767,576,0.0,255.0,212.70428466796875,53.71134948730469,False,False,False,
task1_images,D:\Biology-AI\data\Task1_Segmentation\images\000692.jpg,True,JPEG,RGB,True,3008,2000,6.0,255.0,160.98155212402344,29.35500144958496,False,False,False,
task1_images,D:\Biology-AI\data\Task1_Segmentation\images\000693.jpg,True,JPEG,RGB,True,6668,4439,0.0,255.0,134.80809020996094,71.53805541992188,False,False,False,
task1_images,D:\Biology-AI\data\Task1_Segmentation\images\000694.jpg,True,JPEG,RGB,True,3008,2000,0.0,255.0,188.12159729003906,24.83769989013672,False,False,False,
task1_images,D:\Biology-AI\data\Task1_Segmentation\images\000695.jpg,True,JPEG,RGB,True,4288,2848,0.0,237.0,155.68016052246094,40.14194869995117,False,False,False,
task1_images,D:\Biology-AI\data\Task1_Segmentation\images\000696.jpg,True,JPEG,RGB,True,3072,2304,0.0,255.0,152.5181427001953,24.7203369140625,False,False,False,
task1_images,D:\Biology-AI\data\Task1_Segmentation\images\000697.jpg,True,JPEG,RGB,True,3008,2000,21.0,255.0,216.62513732910156,15.251850128173828,False,False,False,
task1_images,D:\Biology-AI\data\Task1_Segmentation\images\000698.jpg,True,JPEG,RGB,True,4288,2848,21.0,251.0,162.6383514404297,25.826828002929688,False,False,False,
task1_images,D:\Biology-AI\data\Task1_Segmentation\images\000699.jpg,True,JPEG,RGB,True,4288,2848,3.0,255.0,125.13199615478516,22.949975967407227,False,False,False,
task1_images,D:\Biology-AI\data\Task1_Segmentation\images\000700.jpg,True,JPEG,RGB,True,3008,2000,3.0,255.0,105.7148208618164,35.426937103271484,False,False,False,
task1_images,D:\Biology-AI\data\Task1_Segmentation\images\000701.jpg,True,JPEG,RGB,True,3072,2304,32.0,240.0,165.16598510742188,35.63313674926758,False,False,False,
task1_images,D:\Biology-AI\data\Task1_Segmentation\images\000702.jpg,True,JPEG,RGB,True,1024,768,33.0,255.0,188.1182403564453,32.08155822753906,False,False,False,
task1_images,D:\Biology-AI\data\Task1_Segmentation\images\000703.jpg,True,JPEG,RGB,True,3072,2304,24.0,255.0,175.59091186523438,36.61465072631836,False,False,False,
task1_images,D:\Biology-AI\data\Task1_Segmentation\images\000704.jpg,True,JPEG,RGB,True,1024,768,0.0,243.0,151.1561737060547,59.9635124206543,False,False,False,
task1_images,D:\Biology-AI\data\Task1_Segmentation\images\000705.jpg,True,JPEG,RGB,True,4288,2848,5.0,234.0,124.73065948486328,21.380407333374023,False,False,False,
task1_images,D:\Biology-AI\data\Task1_Segmentation\images\000706.jpg,True,JPEG,RGB,True,640,480,0.0,251.0,138.7430419921875,49.894744873046875,False,False,False,
task1_images,D:\Biology-AI\data\Task1_Segmentation\images\000707.jpg,True,JPEG,RGB,True,6648,4419,0.0,255.0,166.75051879882812,69.85205841064453,False,False,False,
task1_images,D:\Biology-AI\data\Task1_Segmentation\images\000708.jpg,True,JPEG,RGB,True,4288,2848,6.0,233.0,105.6729507446289,26.903032302856445,False,False,False,
task1_images,D:\Biology-AI\data\Task1_Segmentation\images\000709.jpg,True,JPEG,RGB,True,3872,2592,2.0,217.0,112.60242462158203,22.637096405029297,False,False,False,
task1_images,D:\Biology-AI\data\Task1_Segmentation\images\000710.jpg,True,JPEG,RGB,True,3024,2016,0.0,255.0,146.03147888183594,36.62721252441406,False,False,False,
task1_images,D:\Biology-AI\data\Task1_Segmentation\images\000711.jpg,True,JPEG,RGB,True,3872,2592,5.0,244.0,148.15223693847656,22.209529876708984,False,False,False,
task1_images,D:\Biology-AI\data\Task1_Segmentation\images\000712.jpg,True,JPEG,RGB,True,6642,4421,0.0,255.0,143.61993408203125,64.76581573486328,False,False,False,
task1_images,D:\Biology-AI\data\Task1_Segmentation\images\000713.jpg,True,JPEG,RGB,True,962,674,0.0,255.0,156.8698272705078,65.93254852294922,False,False,False,
task1_images,D:\Biology-AI\data\Task1_Segmentation\images\000714.jpg,True,JPEG,RGB,True,4288,2848,19.0,245.0,122.82215118408203,29.451276779174805,False,False,False,
task1_images,D:\Biology-AI\data\Task1_Segmentation\images\000715.jpg,True,JPEG,RGB,True,640,480,0.0,255.0,190.66188049316406,46.12315368652344,False,False,False,
task1_images,D:\Biology-AI\data\Task1_Segmentation\images\000716.jpg,True,JPEG,RGB,True,6662,4440,0.0,255.0,100.07395935058594,35.96638870239258,False,False,False,
task1_images,D:\Biology-AI\data\Task1_Segmentation\images\000717.jpg,True,JPEG,RGB,True,3872,2592,4.0,255.0,133.555908203125,21.060710906982422,False,False,False,
task1_images,D:\Biology-AI\data\Task1_Segmentation\images\000718.jpg,True,JPEG,RGB,True,640,480,0.0,255.0,200.94444274902344,45.1609001159668,False,False,False,
task1_images,D:\Biology-AI\data\Task1_Segmentation\images\000719.jpg,True,JPEG,RGB,True,962,674,0.0,255.0,183.28125,63.47103500366211,False,False,False,
task1_images,D:\Biology-AI\data\Task1_Segmentation\images\000720.jpg,True,JPEG,RGB,True,6648,4419,0.0,255.0,177.47381591796875,38.50096893310547,False,False,False,
task1_images,D:\Biology-AI\data\Task1_Segmentation\images\000721.jpg,True,JPEG,RGB,True,6668,4459,0.0,255.0,125.7930679321289,59.261131286621094,False,False,False,
task1_images,D:\Biology-AI\data\Task1_Segmentation\images\000722.jpg,True,JPEG,RGB,True,6640,4420,0.0,255.0,170.5213623046875,52.37569808959961,False,False,False,
task1_images,D:\Biology-AI\data\Task1_Segmentation\images\000723.jpg,True,JPEG,RGB,True,3072,2304,9.0,220.0,137.8419647216797,22.700862884521484,False,False,False,
task1_images,D:\Biology-AI\data\Task1_Segmentation\images\000724.jpg,True,JPEG,RGB,True,640,480,0.0,255.0,148.80198669433594,44.48029708862305,False,False,False,
task1_images,D:\Biology-AI\data\Task1_Segmentation\images\000725.jpg,True,JPEG,RGB,True,6681,4441,0.0,255.0,151.3707733154297,58.58896255493164,False,False,False,
task1_images,D:\Biology-AI\data\Task1_Segmentation\images\000726.jpg,True,JPEG,RGB,True,1024,768,0.0,241.0,159.50296020507812,34.01679992675781,False,False,False,
task1_images,D:\Biology-AI\data\Task1_Segmentation\images\000727.jpg,True,JPEG,RGB,True,6601,4382,0.0,255.0,137.7090301513672,52.08660888671875,False,False,False,
task1_images,D:\Biology-AI\data\Task1_Segmentation\images\000728.jpg,True,JPEG,RGB,True,4288,2848,5.0,231.0,141.88369750976562,22.209489822387695,False,False,False,
task1_images,D:\Biology-AI\data\Task1_Segmentation\images\000729.jpg,True,JPEG,RGB,True,3872,2592,4.0,249.0,150.00265502929688,25.295730590820312,False,False,False,
task1_images,D:\Biology-AI\data\Task1_Segmentation\images\000730.jpg,True,JPEG,RGB,True,3072,2304,0.0,255.0,150.9964141845703,46.75947570800781,False,False,False,
task1_images,D:\Biology-AI\data\Task1_Segmentation\images\000731.jpg,True,JPEG,RGB,True,4288,2848,27.0,255.0,134.73123168945312,20.377153396606445,False,False,False,
task1_images,D:\Biology-AI\data\Task1_Segmentation\images\000732.jpg,True,JPEG,RGB,True,1504,1129,0.0,255.0,161.0729217529297,71.90611267089844,False,False,False,
task1_images,D:\Biology-AI\data\Task1_Segmentation\images\000733.jpg,True,JPEG,RGB,True,6662,4422,0.0,255.0,157.53453063964844,68.44022369384766,False,False,False,
task1_images,D:\Biology-AI\data\Task1_Segmentation\images\000734.jpg,True,JPEG,RGB,True,4288,2848,16.0,242.0,182.6297607421875,19.40665054321289,False,False,False,
task1_images,D:\Biology-AI\data\Task1_Segmentation\images\000735.jpg,True,JPEG,RGB,True,640,480,0.0,255.0,151.787841796875,48.2537841796875,False,False,False,
task1_images,D:\Biology-AI\data\Task1_Segmentation\images\000736.jpg,True,JPEG,RGB,True,1024,768,46.0,224.0,168.3396453857422,21.55632781982422,False,False,False,
task1_images,D:\Biology-AI\data\Task1_Segmentation\images\000737.jpg,True,JPEG,RGB,True,3072,2304,16.0,255.0,183.1584930419922,24.757448196411133,False,False,False,
task1_images,D:\Biology-AI\data\Task1_Segmentation\images\000738.jpg,True,JPEG,RGB,True,1504,1129,0.0,255.0,159.025390625,34.6441650390625,False,False,False,
task1_images,D:\Biology-AI\data\Task1_Segmentation\images\000739.jpg,True,JPEG,RGB,True,1024,768,0.0,255.0,163.24488830566406,42.794700622558594,False,False,False,
task1_images,D:\Biology-AI\data\Task1_Segmentation\images\000740.jpg,True,JPEG,RGB,True,4288,2848,0.0,216.0,118.69678497314453,36.566192626953125,False,False,False,
task1_images,D:\Biology-AI\data\Task1_Segmentation\images\000741.jpg,True,JPEG,RGB,True,2048,1536,0.0,255.0,157.02276611328125,70.06157684326172,False,False,False,
task1_images,D:\Biology-AI\data\Task1_Segmentation\images\000742.jpg,True,JPEG,RGB,True,2048,1536,0.0,255.0,111.97317504882812,52.07658386230469,False,False,False,
task1_images,D:\Biology-AI\data\Task1_Segmentation\images\000743.jpg,True,JPEG,RGB,True,1024,768,0.0,255.0,165.88134765625,36.75217819213867,False,False,False,
task1_images,D:\Biology-AI\data\Task1_Segmentation\images\000744.jpg,True,JPEG,RGB,True,6648,4399,0.0,255.0,147.3968963623047,62.056644439697266,False,False,False,
task1_images,D:\Biology-AI\data\Task1_Segmentation\images\000745.jpg,True,JPEG,RGB,True,1024,768,22.0,255.0,196.22964477539062,51.77424240112305,False,False,False,
task1_images,D:\Biology-AI\data\Task1_Segmentation\images\000746.jpg,True,JPEG,RGB,True,3072,2304,0.0,255.0,143.12220764160156,26.538660049438477,False,False,False,
task1_images,D:\Biology-AI\data\Task1_Segmentation\images\000747.jpg,True,JPEG,RGB,True,3072,2304,0.0,255.0,144.87533569335938,29.532649993896484,False,False,False,
task1_images,D:\Biology-AI\data\Task1_Segmentation\images\000748.jpg,True,JPEG,RGB,True,3008,2000,0.0,168.0,98.03961944580078,16.859498977661133,False,False,False,
task1_images,D:\Biology-AI\data\Task1_Segmentation\images\000749.jpg,True,JPEG,RGB,True,3008,2000,0.0,242.0,137.77548217773438,17.041135787963867,False,False,False,
task1_images,D:\Biology-AI\data\Task1_Segmentation\images\000750.jpg,True,JPEG,RGB,True,3872,2592,29.0,255.0,200.08702087402344,34.16350173950195,False,False,False,
task1_images,D:\Biology-AI\data\Task1_Segmentation\images\000751.jpg,True,JPEG,RGB,True,3872,2592,60.0,255.0,225.93673706054688,23.230897903442383,False,False,False,
task1_images,D:\Biology-AI\data\Task1_Segmentation\images\000752.jpg,True,JPEG,RGB,True,6682,4441,0.0,255.0,165.94308471679688,48.13167953491211,False,False,False,
task1_images,D:\Biology-AI\data\Task1_Segmentation\images\000753.jpg,True,JPEG,RGB,True,1024,768,3.0,239.0,163.22259521484375,46.21037292480469,False,False,False,
task1_images,D:\Biology-AI\data\Task1_Segmentation\images\000754.jpg,True,JPEG,RGB,True,1024,768,17.0,250.0,158.96572875976562,22.75688362121582,False,False,False,
task1_images,D:\Biology-AI\data\Task1_Segmentation\images\000755.jpg,True,JPEG,RGB,True,919,802,0.0,218.0,132.10902404785156,37.67803192138672,False,False,False,
task1_images,D:\Biology-AI\data\Task1_Segmentation\images\000756.jpg,True,JPEG,RGB,True,3024,2016,0.0,255.0,143.8952178955078,45.966121673583984,False,False,False,
task1_images,D:\Biology-AI\data\Task1_Segmentation\images\000757.jpg,True,JPEG,RGB,True,1024,768,15.0,255.0,200.67518615722656,30.599851608276367,False,False,False,
task1_images,D:\Biology-AI\data\Task1_Segmentation\images\000758.jpg,True,JPEG,RGB,True,3008,2000,16.0,255.0,158.53697204589844,27.475812911987305,False,False,False,
task1_images,D:\Biology-AI\data\Task1_Segmentation\images\000759.jpg,True,JPEG,RGB,True,4288,2848,11.0,252.0,145.99951171875,18.97306251525879,False,False,False,
task1_images,D:\Biology-AI\data\Task1_Segmentation\images\000760.jpg,True,JPEG,RGB,True,1024,768,0.0,255.0,180.01126098632812,47.16502380371094,False,False,False,
task1_images,D:\Biology-AI\data\Task1_Segmentation\images\000761.jpg,True,JPEG,RGB,True,4288,2848,11.0,245.0,148.98776245117188,21.90121841430664,False,False,False,
task1_images,D:\Biology-AI\data\Task1_Segmentation\images\000762.jpg,True,JPEG,RGB,True,3008,2000,7.0,255.0,174.72903442382812,17.728044509887695,False,False,False,
task1_images,D:\Biology-AI\data\Task1_Segmentation\images\000763.jpg,True,JPEG,RGB,True,3872,2592,14.0,255.0,200.90109252929688,18.80228042602539,False,False,False,
task1_images,D:\Biology-AI\data\Task1_Segmentation\images\000764.jpg,True,JPEG,RGB,True,640,480,0.0,255.0,186.4569091796875,57.43184280395508,False,False,False,
task1_images,D:\Biology-AI\data\Task1_Segmentation\images\000765.jpg,True,JPEG,RGB,True,3072,2304,0.0,241.0,148.2984161376953,41.7091064453125,False,False,False,
task1_images,D:\Biology-AI\data\Task1_Segmentation\images\000766.jpg,True,JPEG,RGB,True,3072,2304,0.0,255.0,162.63116455078125,30.698307037353516,False,False,False,
task1_images,D:\Biology-AI\data\Task1_Segmentation\images\000767.jpg,True,JPEG,RGB,True,4288,2848,18.0,255.0,134.98277282714844,24.168004989624023,False,False,False,
task1_images,D:\Biology-AI\data\Task1_Segmentation\images\000768.jpg,True,JPEG,RGB,True,6708,4459,0.0,255.0,181.89015197753906,35.45011901855469,False,False,False,
task1_images,D:\Biology-AI\data\Task1_Segmentation\images\000769.jpg,True,JPEG,RGB,True,6688,4399,0.0,255.0,182.49903869628906,48.151859283447266,False,False,False,
task1_images,D:\Biology-AI\data\Task1_Segmentation\images\000770.jpg,True,JPEG,RGB,True,3072,2304,7.0,216.0,143.9569549560547,30.446321487426758,False,False,False,
task1_images,D:\Biology-AI\data\Task1_Segmentation\images\000771.jpg,True,JPEG,RGB,True,919,802,0.0,255.0,168.71603393554688,26.22936248779297,False,False,False,
task1_images,D:\Biology-AI\data\Task1_Segmentation\images\000772.jpg,True,JPEG,RGB,True,6642,4422,0.0,255.0,136.7143096923828,42.158687591552734,False,False,False,
task1_images,D:\Biology-AI\data\Task1_Segmentation\images\000773.jpg,True,JPEG,RGB,True,1024,768,0.0,234.0,165.2721405029297,32.564910888671875,False,False,False,
task1_images,D:\Biology-AI\data\Task1_Segmentation\images\000774.jpg,True,JPEG,RGB,True,4288,2848,10.0,255.0,165.9835662841797,28.452543258666992,False,False,False,
task1_images,D:\Biology-AI\data\Task1_Segmentation\images\000775.jpg,True,JPEG,RGB,True,6681,4422,0.0,255.0,108.41613006591797,59.31516647338867,False,False,False,
task1_images,D:\Biology-AI\data\Task1_Segmentation\images\000776.jpg,True,JPEG,RGB,True,640,480,0.0,255.0,116.4927978515625,73.37569427490234,False,False,False,
task1_images,D:\Biology-AI\data\Task1_Segmentation\images\000777.jpg,True,JPEG,RGB,True,3008,2000,7.0,255.0,154.33616638183594,22.482315063476562,False,False,False,
task1_images,D:\Biology-AI\data\Task1_Segmentation\images\000778.jpg,True,JPEG,RGB,True,640,480,0.0,238.0,124.70149993896484,56.739776611328125,False,False,False,
task1_images,D:\Biology-AI\data\Task1_Segmentation\images\000779.jpg,True,JPEG,RGB,True,1504,1129,0.0,255.0,185.67262268066406,60.616397857666016,False,False,False,
task1_images,D:\Biology-AI\data\Task1_Segmentation\images\000780.jpg,True,JPEG,RGB,True,3072,2304,18.0,255.0,137.4022674560547,49.00292205810547,False,False,False,
task1_images,D:\Biology-AI\data\Task1_Segmentation\images\000781.jpg,True,JPEG,RGB,True,3024,2016,0.0,255.0,152.50143432617188,48.91751480102539,False,False,False,
task1_images,D:\Biology-AI\data\Task1_Segmentation\images\000782.jpg,True,JPEG,RGB,True,824,719,0.0,216.0,149.66050720214844,54.814361572265625,False,False,False,
task1_images,D:\Biology-AI\data\Task1_Segmentation\images\000783.jpg,True,JPEG,RGB,True,4288,2848,16.0,255.0,147.2605438232422,34.735023498535156,False,False,False,
task1_images,D:\Biology-AI\data\Task1_Segmentation\images\000784.jpg,True,JPEG,RGB,True,6668,4459,0.0,255.0,145.75038146972656,52.28945541381836,False,False,False,
task1_images,D:\Biology-AI\data\Task1_Segmentation\images\000785.jpg,True,JPEG,RGB,True,3872,2592,12.0,255.0,197.33450317382812,17.0909423828125,False,False,False,
task1_images,D:\Biology-AI\data\Task1_Segmentation\images\000786.jpg,True,JPEG,RGB,True,3008,2000,29.0,237.0,176.37318420410156,17.953454971313477,False,False,False,
task1_images,D:\Biology-AI\data\Task1_Segmentation\images\000787.jpg,True,JPEG,RGB,True,3872,2592,23.0,255.0,199.87269592285156,16.823993682861328,False,False,False,
task1_images,D:\Biology-AI\data\Task1_Segmentation\images\000788.jpg,True,JPEG,RGB,True,4288,2848,9.0,234.0,130.51283264160156,24.858516693115234,False,False,False,
task1_images,D:\Biology-AI\data\Task1_Segmentation\images\000789.jpg,True,JPEG,RGB,True,3008,2000,13.0,255.0,185.2539825439453,20.359275817871094,False,False,False,
task1_images,D:\Biology-AI\data\Task1_Segmentation\images\000790.jpg,True,JPEG,RGB,True,6682,4441,0.0,255.0,100.55500793457031,57.85475158691406,False,False,False,
task1_images,D:\Biology-AI\data\Task1_Segmentation\images\000791.jpg,True,JPEG,RGB,True,640,480,0.0,246.0,168.28395080566406,44.5922966003418,False,False,False,
task1_images,D:\Biology-AI\data\Task1_Segmentation\images\000792.jpg,True,JPEG,RGB,True,3072,2304,0.0,255.0,149.05978393554688,33.91817092895508,False,False,False,
task1_images,D:\Biology-AI\data\Task1_Segmentation\images\000793.jpg,True,JPEG,RGB,True,1024,768,14.0,255.0,198.5217742919922,43.40199661254883,False,False,False,
task1_images,D:\Biology-AI\data\Task1_Segmentation\images\000794.jpg,True,JPEG,RGB,True,1024,768,36.0,255.0,206.76687622070312,35.138858795166016,False,False,False,
task1_images,D:\Biology-AI\data\Task1_Segmentation\images\000795.jpg,True,JPEG,RGB,True,6662,4441,0.0,255.0,158.4630584716797,42.17624282836914,False,False,False,
task1_images,D:\Biology-AI\data\Task1_Segmentation\images\000796.jpg,True,JPEG,RGB,True,962,674,0.0,255.0,149.0185546875,82.4833755493164,False,False,False,
task1_images,D:\Biology-AI\data\Task1_Segmentation\images\000797.jpg,True,JPEG,RGB,True,3008,2000,0.0,249.0,172.90928649902344,24.479318618774414,False,False,False,
task1_images,D:\Biology-AI\data\Task1_Segmentation\images\000798.jpg,True,JPEG,RGB,True,1024,768,20.0,241.0,176.0478057861328,52.73626708984375,False,False,False,
task1_images,D:\Biology-AI\data\Task1_Segmentation\images\000799.jpg,True,JPEG,RGB,True,6641,4400,0.0,255.0,157.92649841308594,51.36835479736328,False,False,False,
task1_images,D:\Biology-AI\data\Task1_Segmentation\images\000800.jpg,True,JPEG,RGB,True,3072,2304,21.0,247.0,169.58815002441406,50.13207244873047,False,False,False,
task1_images,D:\Biology-AI\data\Task1_Segmentation\images\000801.jpg,True,JPEG,RGB,True,4288,2848,12.0,254.0,158.65733337402344,27.109582901000977,False,False,False,
task1_images,D:\Biology-AI\data\Task1_Segmentation\images\000802.jpg,True,JPEG,RGB,True,1024,768,38.0,234.0,175.43397521972656,18.727144241333008,False,False,False,
task1_images,D:\Biology-AI\data\Task1_Segmentation\images\000803.jpg,True,JPEG,RGB,True,1024,768,0.0,255.0,218.73455810546875,36.58293533325195,False,False,False,
task1_images,D:\Biology-AI\data\Task1_Segmentation\images\000804.jpg,True,JPEG,RGB,True,3072,2304,21.0,255.0,168.5675048828125,35.46893310546875,False,False,False,
task1_images,D:\Biology-AI\data\Task1_Segmentation\images\000805.jpg,True,JPEG,RGB,True,640,480,0.0,255.0,181.8498077392578,58.256744384765625,False,False,False,
task1_images,D:\Biology-AI\data\Task1_Segmentation\images\000806.jpg,True,JPEG,RGB,True,4288,2848,56.0,236.0,164.257568359375,15.9157075881958,False,False,False,
task1_images,D:\Biology-AI\data\Task1_Segmentation\images\000807.jpg,True,JPEG,RGB,True,3008,2000,0.0,253.0,148.33969116210938,23.46712875366211,False,False,False,
task1_images,D:\Biology-AI\data\Task1_Segmentation\images\000808.jpg,True,JPEG,RGB,True,767,576,0.0,255.0,170.79571533203125,50.02687454223633,False,False,False,
task1_images,D:\Biology-AI\data\Task1_Segmentation\images\000809.jpg,True,JPEG,RGB,True,640,480,0.0,246.0,117.88272857666016,47.04254150390625,False,False,False,
task1_images,D:\Biology-AI\data\Task1_Segmentation\images\000810.jpg,True,JPEG,RGB,True,963,629,16.0,255.0,158.88308715820312,51.56900405883789,False,False,False,
task1_images,D:\Biology-AI\data\Task1_Segmentation\images\000811.jpg,True,JPEG,RGB,True,2592,1936,1.0,255.0,179.6890411376953,41.24162292480469,False,False,False,
task1_images,D:\Biology-AI\data\Task1_Segmentation\images\000812.jpg,True,JPEG,RGB,True,1024,768,22.0,252.0,170.93508911132812,24.57797622680664,False,False,False,
task1_images,D:\Biology-AI\data\Task1_Segmentation\images\000813.jpg,True,JPEG,RGB,True,6661,4421,0.0,255.0,188.59857177734375,70.39167022705078,False,False,False,
task1_images,D:\Biology-AI\data\Task1_Segmentation\images\000814.jpg,True,JPEG,RGB,True,3008,2000,27.0,250.0,184.15211486816406,24.916690826416016,False,False,False,
task1_images,D:\Biology-AI\data\Task1_Segmentation\images\000815.jpg,True,JPEG,RGB,True,3072,2304,0.0,255.0,166.11376953125,26.90648078918457,False,False,False,
task1_images,D:\Biology-AI\data\Task1_Segmentation\images\000816.jpg,True,JPEG,RGB,True,2592,1944,40.0,243.0,201.8268280029297,26.220121383666992,False,False,False,
task1_images,D:\Biology-AI\data\Task1_Segmentation\images\000817.jpg,True,JPEG,RGB,True,3072,2304,1.0,255.0,186.59674072265625,30.069808959960938,False,False,False,
task1_images,D:\Biology-AI\data\Task1_Segmentation\images\000818.jpg,True,JPEG,RGB,True,3008,2000,8.0,255.0,188.7278289794922,20.135316848754883,False,False,False,
task1_images,D:\Biology-AI\data\Task1_Segmentation\images\000819.jpg,True,JPEG,RGB,True,1504,1129,0.0,255.0,157.84120178222656,47.459171295166016,False,False,False,
task1_images,D:\Biology-AI\data\Task1_Segmentation\images\000820.jpg,True,JPEG,RGB,True,3008,2000,5.0,239.0,130.10130310058594,24.163799285888672,False,False,False,
task1_images,D:\Biology-AI\data\Task1_Segmentation\images\000821.jpg,True,JPEG,RGB,True,4288,2848,25.0,237.0,132.31103515625,25.24559211730957,False,False,False,
task1_images,D:\Biology-AI\data\Task1_Segmentation\images\000822.jpg,True,JPEG,RGB,True,1504,1129,0.0,255.0,161.53005981445312,47.17702102661133,False,False,False,
task1_images,D:\Biology-AI\data\Task1_Segmentation\images\000823.jpg,True,JPEG,RGB,True,4288,2848,2.0,220.0,119.96311950683594,20.24782943725586,False,False,False,
task1_images,D:\Biology-AI\data\Task1_Segmentation\images\000824.jpg,True,JPEG,RGB,True,3008,2000,0.0,255.0,136.94847106933594,24.923141479492188,False,False,False,
task1_images,D:\Biology-AI\data\Task1_Segmentation\images\000825.jpg,True,JPEG,RGB,True,3008,2000,8.0,255.0,116.1878433227539,42.34830856323242,False,False,False,
task1_images,D:\Biology-AI\data\Task1_Segmentation\images\000826.jpg,True,JPEG,RGB,True,3008,2000,13.0,255.0,180.51052856445312,24.88871192932129,False,False,False,
task1_images,D:\Biology-AI\data\Task1_Segmentation\images\000827.jpg,True,JPEG,RGB,True,6642,4401,0.0,255.0,160.2479705810547,43.78074264526367,False,False,False,
task1_images,D:\Biology-AI\data\Task1_Segmentation\images\000828.jpg,True,JPEG,RGB,True,6668,4439,0.0,255.0,184.05210876464844,48.32511901855469,False,False,False,
task1_images,D:\Biology-AI\data\Task1_Segmentation\images\000829.jpg,True,JPEG,RGB,True,6628,4419,0.0,255.0,118.60782623291016,60.7856330871582,False,False,False,
task1_images,D:\Biology-AI\data\Task1_Segmentation\images\000830.jpg,True,JPEG,RGB,True,1022,767,25.0,255.0,176.67298889160156,73.13526153564453,False,False,False,
task1_images,D:\Biology-AI\data\Task1_Segmentation\images\000831.jpg,True,JPEG,RGB,True,3072,2304,0.0,189.0,130.93333435058594,37.47529983520508,False,False,False,
task1_images,D:\Biology-AI\data\Task1_Segmentation\images\000832.jpg,True,JPEG,RGB,True,4288,2848,26.0,251.0,157.2463836669922,13.331422805786133,False,False,False,
task1_images,D:\Biology-AI\data\Task1_Segmentation\images\000833.jpg,True,JPEG,RGB,True,640,480,0.0,255.0,170.83299255371094,49.75358200073242,False,False,False,
task1_images,D:\Biology-AI\data\Task1_Segmentation\images\000834.jpg,True,JPEG,RGB,True,3008,2000,11.0,252.0,188.938720703125,19.984617233276367,False,False,False,
task1_images,D:\Biology-AI\data\Task1_Segmentation\images\000835.jpg,True,JPEG,RGB,True,6648,4439,0.0,255.0,144.6350555419922,36.01362228393555,False,False,False,
task1_images,D:\Biology-AI\data\Task1_Segmentation\images\000836.jpg,True,JPEG,RGB,True,1007,711,0.0,255.0,153.0398712158203,44.062713623046875,False,False,False,
task1_images,D:\Biology-AI\data\Task1_Segmentation\images\000837.jpg,True,JPEG,RGB,True,3872,2592,9.0,245.0,142.72122192382812,22.721004486083984,False,False,False,
task1_images,D:\Biology-AI\data\Task1_Segmentation\images\000838.jpg,True,JPEG,RGB,True,3008,2000,8.0,255.0,189.57501220703125,28.845848083496094,False,False,False,
task1_images,D:\Biology-AI\data\Task1_Segmentation\images\000839.jpg,True,JPEG,RGB,True,6621,4420,0.0,255.0,159.02651977539062,50.04015350341797,False,False,False,
task1_images,D:\Biology-AI\data\Task1_Segmentation\images\000840.jpg,True,JPEG,RGB,True,4288,2848,6.0,255.0,132.14447021484375,21.080480575561523,False,False,False,
task1_images,D:\Biology-AI\data\Task1_Segmentation\images\000841.jpg,True,JPEG,RGB,True,1024,768,0.0,239.0,134.13043212890625,23.017494201660156,False,False,False,
task1_images,D:\Biology-AI\data\Task1_Segmentation\images\000842.jpg,True,JPEG,RGB,True,4288,2848,6.0,255.0,136.80569458007812,25.128318786621094,False,False,False,
task1_images,D:\Biology-AI\data\Task1_Segmentation\images\000843.jpg,True,JPEG,RGB,True,4288,2848,18.0,205.0,133.9610137939453,8.543000221252441,False,False,False,
task1_images,D:\Biology-AI\data\Task1_Segmentation\images\000844.jpg,True,JPEG,RGB,True,1024,768,17.0,255.0,185.0752716064453,60.80595016479492,False,False,False,
task1_images,D:\Biology-AI\data\Task1_Segmentation\images\000845.jpg,True,JPEG,RGB,True,4288,2848,16.0,255.0,167.11441040039062,20.264612197875977,False,False,False,
task1_images,D:\Biology-AI\data\Task1_Segmentation\images\000846.jpg,True,JPEG,RGB,True,1028,753,3.0,255.0,191.27072143554688,30.256404876708984,False,False,False,
task1_images,D:\Biology-AI\data\Task1_Segmentation\images\000847.jpg,True,JPEG,RGB,True,4288,2848,11.0,246.0,131.59439086914062,33.69189453125,False,False,False,
task1_images,D:\Biology-AI\data\Task1_Segmentation\images\000848.jpg,True,JPEG,RGB,True,1024,768,48.0,244.0,200.65435791015625,16.38776969909668,False,False,False,
task1_images,D:\Biology-AI\data\Task1_Segmentation\images\000849.jpg,True,JPEG,RGB,True,4288,2848,15.0,255.0,145.09519958496094,37.39448928833008,False,False,False,
task1_images,D:\Biology-AI\data\Task1_Segmentation\images\000850.jpg,True,JPEG,RGB,True,1024,768,4.0,255.0,145.53160095214844,38.388267517089844,False,False,False,
task1_images,D:\Biology-AI\data\Task1_Segmentation\images\000851.jpg,True,JPEG,RGB,True,4288,2848,29.0,231.0,130.22084045410156,22.93128776550293,False,False,False,
task1_images,D:\Biology-AI\data\Task1_Segmentation\images\000852.jpg,True,JPEG,RGB,True,3024,2016,0.0,255.0,129.3142547607422,40.29880905151367,False,False,False,
task1_images,D:\Biology-AI\data\Task1_Segmentation\images\000853.jpg,True,JPEG,RGB,True,919,802,0.0,255.0,154.22108459472656,34.4973030090332,False,False,False,
task1_images,D:\Biology-AI\data\Task1_Segmentation\images\000854.jpg,True,JPEG,RGB,True,3024,2016,10.0,255.0,134.62844848632812,26.837257385253906,False,False,False,
task1_images,D:\Biology-AI\data\Task1_Segmentation\images\000855.jpg,True,JPEG,RGB,True,1024,768,8.0,236.0,165.50868225097656,44.037925720214844,False,False,False,
task1_images,D:\Biology-AI\data\Task1_Segmentation\images\000856.jpg,True,JPEG,RGB,True,4288,2848,10.0,255.0,156.04519653320312,29.894893646240234,False,False,False,
task1_images,D:\Biology-AI\data\Task1_Segmentation\images\000857.jpg,True,JPEG,RGB,True,3008,2000,0.0,255.0,142.0611114501953,33.454715728759766,False,False,False,
task1_images,D:\Biology-AI\data\Task1_Segmentation\images\000858.jpg,True,JPEG,RGB,True,3008,2000,6.0,255.0,132.3372802734375,27.197750091552734,False,False,False,
task1_images,D:\Biology-AI\data\Task1_Segmentation\images\000859.jpg,True,JPEG,RGB,True,1504,1129,0.0,255.0,148.13551330566406,26.494693756103516,False,False,False,
task1_images,D:\Biology-AI\data\Task1_Segmentation\images\000860.jpg,True,JPEG,RGB,True,1024,768,40.0,255.0,143.81365966796875,33.956966400146484,False,False,False,
task1_images,D:\Biology-AI\data\Task1_Segmentation\images\000861.jpg,True,JPEG,RGB,True,6688,4439,0.0,255.0,183.5860137939453,59.0183219909668,False,False,False,
task1_images,D:\Biology-AI\data\Task1_Segmentation\images\000862.jpg,True,JPEG,RGB,True,1024,768,0.0,255.0,170.02761840820312,38.37827682495117,False,False,False,
task1_images,D:\Biology-AI\data\Task1_Segmentation\images\000863.jpg,True,JPEG,RGB,True,576,768,0.0,194.0,141.7414093017578,39.05000305175781,False,False,False,
task1_images,D:\Biology-AI\data\Task1_Segmentation\images\000864.jpg,True,JPEG,RGB,True,4288,2848,13.0,255.0,137.64100646972656,25.548282623291016,False,False,False,
task1_images,D:\Biology-AI\data\Task1_Segmentation\images\000865.jpg,True,JPEG,RGB,True,3072,2304,1.0,255.0,141.05760192871094,30.717947006225586,False,False,False,
task1_images,D:\Biology-AI\data\Task1_Segmentation\images\000866.jpg,True,JPEG,RGB,True,3008,2000,19.0,255.0,160.17872619628906,36.612510681152344,False,False,False,
task1_images,D:\Biology-AI\data\Task1_Segmentation\images\000867.jpg,True,JPEG,RGB,True,2304,1536,0.0,255.0,195.17449951171875,30.136320114135742,False,False,False,
task1_images,D:\Biology-AI\data\Task1_Segmentation\images\000868.jpg,True,JPEG,RGB,True,6620,4380,0.0,255.0,129.37481689453125,53.06888961791992,False,False,False,
task1_images,D:\Biology-AI\data\Task1_Segmentation\images\000869.jpg,True,JPEG,RGB,True,1502,1051,0.0,255.0,136.07760620117188,70.28515625,False,False,False,
task1_images,D:\Biology-AI\data\Task1_Segmentation\images\000870.jpg,True,JPEG,RGB,True,2592,1944,5.0,215.0,152.2023468017578,21.385311126708984,False,False,False,
task1_images,D:\Biology-AI\data\Task1_Segmentation\images\000871.jpg,True,JPEG,RGB,True,3072,2304,0.0,255.0,100.61151123046875,74.05118560791016,False,False,False,
task1_images,D:\Biology-AI\data\Task1_Segmentation\images\000872.jpg,True,JPEG,RGB,True,1024,768,7.0,255.0,171.56141662597656,32.234188079833984,False,False,False,
task1_images,D:\Biology-AI\data\Task1_Segmentation\images\000873.jpg,True,JPEG,RGB,True,3008,2000,14.0,248.0,190.12693786621094,23.552310943603516,False,False,False,
task1_images,D:\Biology-AI\data\Task1_Segmentation\images\000874.jpg,True,JPEG,RGB,True,3024,2016,0.0,255.0,155.38267517089844,27.921669006347656,False,False,False,
task1_images,D:\Biology-AI\data\Task1_Segmentation\images\000875.jpg,True,JPEG,RGB,True,640,480,0.0,226.0,86.00892639160156,64.33618927001953,False,False,False,
task1_images,D:\Biology-AI\data\Task1_Segmentation\images\000876.jpg,True,JPEG,RGB,True,4288,2848,10.0,255.0,158.9309844970703,23.012311935424805,False,False,False,
task1_images,D:\Biology-AI\data\Task1_Segmentation\images\000877.jpg,True,JPEG,RGB,True,3072,2304,0.0,255.0,142.57138061523438,49.87116622924805,False,False,False,
task1_images,D:\Biology-AI\data\Task1_Segmentation\images\000878.jpg,True,JPEG,RGB,True,919,802,2.0,192.0,140.2608184814453,41.21022033691406,False,False,False,
task1_images,D:\Biology-AI\data\Task1_Segmentation\images\000879.jpg,True,JPEG,RGB,True,3072,2304,1.0,255.0,182.39796447753906,40.2868537902832,False,False,False,
task1_images,D:\Biology-AI\data\Task1_Segmentation\images\000880.jpg,True,JPEG,RGB,True,3008,2000,0.0,232.0,135.45848083496094,14.023409843444824,False,False,False,
task1_images,D:\Biology-AI\data\Task1_Segmentation\images\000881.jpg,True,JPEG,RGB,True,3008,2000,10.0,255.0,132.4695587158203,28.097108840942383,False,False,False,
task1_images,D:\Biology-AI\data\Task1_Segmentation\images\000882.jpg,True,JPEG,RGB,True,3008,2000,3.0,209.0,106.0069808959961,31.965782165527344,False,False,False,
task1_images,D:\Biology-AI\data\Task1_Segmentation\images\000883.jpg,True,JPEG,RGB,True,1011,713,0.0,255.0,161.45289611816406,40.738929748535156,False,False,False,
task1_images,D:\Biology-AI\data\Task1_Segmentation\images\000884.jpg,True,JPEG,RGB,True,640,480,0.0,254.0,156.47386169433594,42.94380187988281,False,False,False,
task1_images,D:\Biology-AI\data\Task1_Segmentation\images\000885.jpg,True,JPEG,RGB,True,3072,2304,2.0,255.0,158.62940979003906,41.28196334838867,False,False,False,
task1_images,D:\Biology-AI\data\Task1_Segmentation\images\000886.jpg,True,JPEG,RGB,True,1024,768,11.0,236.0,176.7461700439453,34.60072326660156,False,False,False,
task1_images,D:\Biology-AI\data\Task1_Segmentation\images\000887.jpg,True,JPEG,RGB,True,3872,2592,5.0,242.0,142.985595703125,23.811511993408203,False,False,False,
task1_images,D:\Biology-AI\data\Task1_Segmentation\images\000888.jpg,True,JPEG,RGB,True,3008,2000,3.0,209.0,146.88941955566406,19.05414390563965,False,False,False,
task1_images,D:\Biology-AI\data\Task1_Segmentation\images\000889.jpg,True,JPEG,RGB,True,3008,2000,10.0,255.0,159.94493103027344,32.66835403442383,False,False,False,
task1_images,D:\Biology-AI\data\Task1_Segmentation\images\000890.jpg,True,JPEG,RGB,True,3072,2304,13.0,241.0,148.78924560546875,43.66130447387695,False,False,False,
task1_images,D:\Biology-AI\data\Task1_Segmentation\images\000891.jpg,True,JPEG,RGB,True,4288,2848,6.0,255.0,144.82838439941406,18.581945419311523,False,False,False,
task1_images,D:\Biology-AI\data\Task1_Segmentation\images\000892.jpg,True,JPEG,RGB,True,767,576,0.0,255.0,183.4547576904297,57.385520935058594,False,False,False,
task1_images,D:\Biology-AI\data\Task1_Segmentation\images\000893.jpg,True,JPEG,RGB,True,3072,2304,6.0,255.0,173.52418518066406,34.506752014160156,False,False,False,
task1_images,D:\Biology-AI\data\Task1_Segmentation\images\000894.jpg,True,JPEG,RGB,True,4288,2848,12.0,255.0,143.79766845703125,26.86729621887207,False,False,False,
task1_images,D:\Biology-AI\data\Task1_Segmentation\images\000895.jpg,True,JPEG,RGB,True,6600,4401,0.0,255.0,126.77725219726562,60.41056442260742,False,False,False,
task1_images,D:\Biology-AI\data\Task1_Segmentation\images\000896.jpg,True,JPEG,RGB,True,1504,1129,0.0,255.0,155.26182556152344,51.17361068725586,False,False,False,
task1_images,D:\Biology-AI\data\Task1_Segmentation\images\000897.jpg,True,JPEG,RGB,True,4288,2848,0.0,255.0,143.5078125,49.80533218383789,False,False,False,
task1_images,D:\Biology-AI\data\Task1_Segmentation\images\000898.jpg,True,JPEG,RGB,True,1022,767,0.0,255.0,148.52627563476562,41.36521911621094,False,False,False,
task1_images,D:\Biology-AI\data\Task1_Segmentation\images\000899.jpg,True,JPEG,RGB,True,6601,4401,0.0,255.0,109.37480926513672,53.89003372192383,False,False,False,
task1_images,D:\Biology-AI\data\Task1_Segmentation\images\000900.jpg,True,JPEG,RGB,True,3072,2304,5.0,230.0,157.44931030273438,39.7631950378418,False,False,False,
task1_images,D:\Biology-AI\data\Task1_Segmentation\images\000901.jpg,True,JPEG,RGB,True,919,802,0.0,240.0,161.890869140625,35.224971771240234,False,False,False,
task1_images,D:\Biology-AI\data\Task1_Segmentation\images\000902.jpg,True,JPEG,RGB,True,1504,1129,0.0,255.0,166.785400390625,26.41629981994629,False,False,False,
task1_images,D:\Biology-AI\data\Task1_Segmentation\images\000903.jpg,True,JPEG,RGB,True,3072,2304,0.0,255.0,158.39349365234375,55.76818084716797,False,False,False,
task1_images,D:\Biology-AI\data\Task1_Segmentation\images\000904.jpg,True,JPEG,RGB,True,1024,768,7.0,245.0,159.58631896972656,45.718727111816406,False,False,False,
task1_images,D:\Biology-AI\data\Task1_Segmentation\images\000905.jpg,True,JPEG,RGB,True,6688,4439,0.0,255.0,175.4577178955078,38.06630325317383,False,False,False,
task1_images,D:\Biology-AI\data\Task1_Segmentation\images\000906.jpg,True,JPEG,RGB,True,3072,2304,3.0,255.0,115.86998748779297,66.78964233398438,False,False,False,
task1_images,D:\Biology-AI\data\Task1_Segmentation\images\000907.jpg,True,JPEG,RGB,True,4288,2848,24.0,225.0,144.05894470214844,22.60342788696289,False,False,False,
task1_images,D:\Biology-AI\data\Task1_Segmentation\images\000908.jpg,True,JPEG,RGB,True,3072,2304,0.0,255.0,164.73519897460938,27.417266845703125,False,False,False,
task1_images,D:\Biology-AI\data\Task1_Segmentation\images\000909.jpg,True,JPEG,RGB,True,6642,4422,0.0,255.0,172.94552612304688,62.87664794921875,False,False,False,
task1_images,D:\Biology-AI\data\Task1_Segmentation\images\000910.jpg,True,JPEG,RGB,True,6708,4439,0.0,255.0,140.8660430908203,60.71172332763672,False,False,False,
task1_images,D:\Biology-AI\data\Task1_Segmentation\images\000911.jpg,True,JPEG,RGB,True,3072,2304,6.0,231.0,122.3525161743164,36.4233283996582,False,False,False,
task1_images,D:\Biology-AI\data\Task1_Segmentation\images\000912.jpg,True,JPEG,RGB,True,3008,2000,21.0,242.0,153.7900390625,14.745146751403809,False,False,False,
task1_images,D:\Biology-AI\data\Task1_Segmentation\images\000913.jpg,True,JPEG,RGB,True,2048,1536,19.0,255.0,164.5347442626953,49.16990280151367,False,False,False,
task1_images,D:\Biology-AI\data\Task1_Segmentation\images\000914.jpg,True,JPEG,RGB,True,1024,768,4.0,250.0,131.80625915527344,35.90629577636719,False,False,False,
task1_images,D:\Biology-AI\data\Task1_Segmentation\images\000915.jpg,True,JPEG,RGB,True,1474,1028,0.0,245.0,165.09388732910156,23.788305282592773,False,False,False,
task1_images,D:\Biology-AI\data\Task1_Segmentation\images\000916.jpg,True,JPEG,RGB,True,640,480,0.0,230.0,134.7750244140625,42.27493667602539,False,False,False,
task1_images,D:\Biology-AI\data\Task1_Segmentation\images\000917.jpg,True,JPEG,RGB,True,2048,1536,17.0,255.0,190.60247802734375,51.51177215576172,False,False,False,
task1_images,D:\Biology-AI\data\Task1_Segmentation\images\000918.jpg,True,JPEG,RGB,True,1504,1129,0.0,255.0,166.30064392089844,63.0748176574707,False,False,False,
task1_images,D:\Biology-AI\data\Task1_Segmentation\images\000919.jpg,True,JPEG,RGB,True,4288,2848,11.0,248.0,158.83651733398438,18.273284912109375,False,False,False,
task1_images,D:\Biology-AI\data\Task1_Segmentation\images\000920.jpg,True,JPEG,RGB,True,1024,768,50.0,255.0,201.92543029785156,41.63848876953125,False,False,False,
task1_images,D:\Biology-AI\data\Task1_Segmentation\images\000921.jpg,True,JPEG,RGB,True,1024,768,8.0,255.0,141.94158935546875,31.498271942138672,False,False,False,
task1_images,D:\Biology-AI\data\Task1_Segmentation\images\000922.jpg,True,JPEG,RGB,True,3008,2000,6.0,255.0,139.75640869140625,36.171104431152344,False,False,False,
task1_images,D:\Biology-AI\data\Task1_Segmentation\images\000923.jpg,True,JPEG,RGB,True,2048,1536,0.0,243.0,163.82542419433594,45.15198516845703,False,False,False,
task1_images,D:\Biology-AI\data\Task1_Segmentation\images\000924.jpg,True,JPEG,RGB,True,6648,4439,0.0,255.0,155.50437927246094,58.082069396972656,False,False,False,
task1_images,D:\Biology-AI\data\Task1_Segmentation\images\000925.jpg,True,JPEG,RGB,True,640,480,0.0,249.0,124.0033187866211,66.75982666015625,False,False,False,
task1_images,D:\Biology-AI\data\Task1_Segmentation\images\000926.jpg,True,JPEG,RGB,True,6608,4419,0.0,255.0,133.0811767578125,56.52447509765625,False,False,False,
task1_images,D:\Biology-AI\data\Task1_Segmentation\images\000927.jpg,True,JPEG,RGB,True,2592,1944,12.0,236.0,182.63433837890625,27.82360076904297,False,False,False,
task1_images,D:\Biology-AI\data\Task1_Segmentation\images\000928.jpg,True,JPEG,RGB,True,640,480,0.0,227.0,137.37060546875,41.76001739501953,False,False,False,
task1_images,D:\Biology-AI\data\Task1_Segmentation\images\000929.jpg,True,JPEG,RGB,True,640,480,0.0,218.0,96.87128448486328,42.88762664794922,False,False,False,
task1_images,D:\Biology-AI\data\Task1_Segmentation\images\000930.jpg,True,JPEG,RGB,True,4288,2848,1.0,255.0,121.43235778808594,16.26350975036621,False,False,False,
task1_images,D:\Biology-AI\data\Task1_Segmentation\images\000931.jpg,True,JPEG,RGB,True,6622,4421,0.0,255.0,150.10113525390625,55.79117202758789,False,False,False,
task1_images,D:\Biology-AI\data\Task1_Segmentation\images\000932.jpg,True,JPEG,RGB,True,3024,2016,0.0,255.0,138.62290954589844,41.1008415222168,False,False,False,
task1_images,D:\Biology-AI\data\Task1_Segmentation\images\000933.jpg,True,JPEG,RGB,True,6668,4459,0.0,255.0,164.8059539794922,65.79492950439453,False,False,False,
task1_images,D:\Biology-AI\data\Task1_Segmentation\images\000934.jpg,True,JPEG,RGB,True,640,480,0.0,255.0,146.2820587158203,57.04241180419922,False,False,False,
task1_images,D:\Biology-AI\data\Task1_Segmentation\images\000935.jpg,True,JPEG,RGB,True,1024,768,5.0,237.0,161.943115234375,35.177249908447266,False,False,False,
task1_images,D:\Biology-AI\data\Task1_Segmentation\images\000936.jpg,True,JPEG,RGB,True,2048,1536,0.0,255.0,165.28114318847656,34.246742248535156,False,False,False,
task1_images,D:\Biology-AI\data\Task1_Segmentation\images\000937.jpg,True,JPEG,RGB,True,824,719,0.0,235.0,158.29542541503906,39.569515228271484,False,False,False,
task1_images,D:\Biology-AI\data\Task1_Segmentation\images\000938.jpg,True,JPEG,RGB,True,6621,4411,0.0,255.0,120.47490692138672,50.75380325317383,False,False,False,
task1_images,D:\Biology-AI\data\Task1_Segmentation\images\000939.jpg,True,JPEG,RGB,True,1024,768,0.0,244.0,129.04356384277344,23.03162956237793,False,False,False,
task1_images,D:\Biology-AI\data\Task1_Segmentation\images\000940.jpg,True,JPEG,RGB,True,640,480,0.0,255.0,140.84132385253906,57.903175354003906,False,False,False,
task1_images,D:\Biology-AI\data\Task1_Segmentation\images\000941.jpg,True,JPEG,RGB,True,640,480,0.0,255.0,135.7417755126953,64.90402221679688,False,False,False,
task1_images,D:\Biology-AI\data\Task1_Segmentation\images\000942.jpg,True,JPEG,RGB,True,3008,2000,3.0,228.0,111.08966064453125,28.777587890625,False,False,False,
task1_images,D:\Biology-AI\data\Task1_Segmentation\images\000943.jpg,True,JPEG,RGB,True,3024,2016,0.0,255.0,134.63137817382812,40.936161041259766,False,False,False,
task1_images,D:\Biology-AI\data\Task1_Segmentation\images\000944.jpg,True,JPEG,RGB,True,1024,768,18.0,241.0,129.87387084960938,20.67521858215332,False,False,False,
task1_images,D:\Biology-AI\data\Task1_Segmentation\images\000945.jpg,True,JPEG,RGB,True,6668,4439,0.0,255.0,123.92650604248047,59.65214157104492,False,False,False,
task1_images,D:\Biology-AI\data\Task1_Segmentation\images\000946.jpg,True,JPEG,RGB,True,6668,4459,0.0,255.0,140.3617706298828,45.2430534362793,False,False,False,
task1_images,D:\Biology-AI\data\Task1_Segmentation\images\000947.jpg,True,JPEG,RGB,True,6661,4441,0.0,255.0,143.60623168945312,63.81886672973633,False,False,False,
task1_images,D:\Biology-AI\data\Task1_Segmentation\images\000948.jpg,True,JPEG,RGB,True,6682,4401,0.0,255.0,187.6998291015625,51.50743103027344,False,False,False,
task1_images,D:\Biology-AI\data\Task1_Segmentation\images\000949.jpg,True,JPEG,RGB,True,3072,2304,8.0,212.0,150.97923278808594,24.56610107421875,False,False,False,
task1_images,D:\Biology-AI\data\Task1_Segmentation\images\000950.jpg,True,JPEG,RGB,True,3072,2304,3.0,255.0,198.48475646972656,30.963321685791016,False,False,False,
task1_images,D:\Biology-AI\data\Task1_Segmentation\images\000951.jpg,True,JPEG,RGB,True,2048,1536,0.0,255.0,156.31141662597656,51.74754333496094,False,False,False,
task1_images,D:\Biology-AI\data\Task1_Segmentation\images\000952.jpg,True,JPEG,RGB,True,4288,2848,12.0,255.0,132.18231201171875,23.009952545166016,False,False,False,
task1_images,D:\Biology-AI\data\Task1_Segmentation\images\000953.jpg,True,JPEG,RGB,True,1024,768,29.0,255.0,206.23831176757812,27.124814987182617,False,False,False,
task1_images,D:\Biology-AI\data\Task1_Segmentation\images\000954.jpg,True,JPEG,RGB,True,1901,1933,0.0,255.0,145.21044921875,53.961055755615234,False,False,False,
task1_images,D:\Biology-AI\data\Task1_Segmentation\images\000955.jpg,True,JPEG,RGB,True,6607,4399,0.0,255.0,180.70623779296875,53.46934509277344,False,False,False,
task1_images,D:\Biology-AI\data\Task1_Segmentation\images\000956.jpg,True,JPEG,RGB,True,1227,1149,4.0,213.0,140.02093505859375,42.358558654785156,False,False,False,
task1_images,D:\Biology-AI\data\Task1_Segmentation\images\000957.jpg,True,JPEG,RGB,True,4288,2848,0.0,255.0,172.16537475585938,43.70404052734375,False,False,False,
task1_images,D:\Biology-AI\data\Task1_Segmentation\images\000958.jpg,True,JPEG,RGB,True,824,719,0.0,233.0,167.40493774414062,48.70696258544922,False,False,False,
task1_images,D:\Biology-AI\data\Task1_Segmentation\images\000959.jpg,True,JPEG,RGB,True,6668,4439,0.0,255.0,131.40074157714844,62.226844787597656,False,False,False,
task1_images,D:\Biology-AI\data\Task1_Segmentation\images\000960.jpg,True,JPEG,RGB,True,2592,1944,21.0,229.0,166.75054931640625,31.006696701049805,False,False,False,
task1_images,D:\Biology-AI\data\Task1_Segmentation\images\000961.jpg,True,JPEG,RGB,True,4288,2848,1.0,225.0,114.72305297851562,20.7435359954834,False,False,False,
task1_images,D:\Biology-AI\data\Task1_Segmentation\images\000962.jpg,True,JPEG,RGB,True,3008,2000,14.0,255.0,180.1063232421875,32.978084564208984,False,False,False,
task1_images,D:\Biology-AI\data\Task1_Segmentation\images\000963.jpg,True,JPEG,RGB,True,3872,2592,8.0,249.0,151.25262451171875,17.562868118286133,False,False,False,
task1_images,D:\Biology-AI\data\Task1_Segmentation\images\000964.jpg,True,JPEG,RGB,True,6668,4439,0.0,255.0,174.66610717773438,32.90789794921875,False,False,False,
task1_images,D:\Biology-AI\data\Task1_Segmentation\images\000965.jpg,True,JPEG,RGB,True,4288,2848,34.0,239.0,144.98599243164062,38.42018508911133,False,False,False,
task1_images,D:\Biology-AI\data\Task1_Segmentation\images\000966.jpg,True,JPEG,RGB,True,1024,768,9.0,255.0,179.29421997070312,60.93794631958008,False,False,False,
task1_images,D:\Biology-AI\data\Task1_Segmentation\images\000967.jpg,True,JPEG,RGB,True,640,480,0.0,217.0,111.49911499023438,43.43012237548828,False,False,False,
task1_images,D:\Biology-AI\data\Task1_Segmentation\images\000968.jpg,True,JPEG,RGB,True,1024,768,0.0,255.0,182.91033935546875,28.804271697998047,False,False,False,
task1_images,D:\Biology-AI\data\Task1_Segmentation\images\000969.jpg,True,JPEG,RGB,True,1024,768,12.0,233.0,173.32113647460938,41.34404373168945,False,False,False,
task1_images,D:\Biology-AI\data\Task1_Segmentation\images\000970.jpg,True,JPEG,RGB,True,4288,2848,8.0,255.0,127.59461212158203,37.05611801147461,False,False,False,
task1_images,D:\Biology-AI\data\Task1_Segmentation\images\000971.jpg,True,JPEG,RGB,True,1024,768,34.0,233.0,162.57408142089844,17.495067596435547,False,False,False,
task1_images,D:\Biology-AI\data\Task1_Segmentation\images\000972.jpg,True,JPEG,RGB,True,3072,2304,0.0,255.0,147.8541717529297,35.10224151611328,False,False,False,
task1_images,D:\Biology-AI\data\Task1_Segmentation\images\000973.jpg,True,JPEG,RGB,True,1024,768,0.0,253.0,154.73008728027344,32.16346740722656,False,False,False,
task1_images,D:\Biology-AI\data\Task1_Segmentation\images\000974.jpg,True,JPEG,RGB,True,3008,2000,7.0,250.0,142.53717041015625,18.741432189941406,False,False,False,
task1_images,D:\Biology-AI\data\Task1_Segmentation\images\000975.jpg,True,JPEG,RGB,True,1024,768,23.0,255.0,183.1217041015625,34.12456512451172,False,False,False,
task1_images,D:\Biology-AI\data\Task1_Segmentation\images\000976.jpg,True,JPEG,RGB,True,1658,1440,42.0,255.0,159.57313537597656,38.14531326293945,False,False,False,
task1_images,D:\Biology-AI\data\Task1_Segmentation\images\000977.jpg,True,JPEG,RGB,True,1024,768,0.0,250.0,159.75758361816406,31.596282958984375,False,False,False,
task1_images,D:\Biology-AI\data\Task1_Segmentation\images\000978.jpg,True,JPEG,RGB,True,3072,2304,0.0,255.0,153.6807403564453,46.220794677734375,False,False,False,
task1_images,D:\Biology-AI\data\Task1_Segmentation\images\000979.jpg,True,JPEG,RGB,True,3008,2000,11.0,255.0,152.35147094726562,27.347116470336914,False,False,False,
task1_images,D:\Biology-AI\data\Task1_Segmentation\images\000980.jpg,True,JPEG,RGB,True,640,480,0.0,255.0,119.66456604003906,47.37550354003906,False,False,False,
task1_images,D:\Biology-AI\data\Task1_Segmentation\images\000981.jpg,True,JPEG,RGB,True,4288,2848,24.0,255.0,168.41366577148438,37.30263137817383,False,False,False,
task1_images,D:\Biology-AI\data\Task1_Segmentation\images\000982.jpg,True,JPEG,RGB,True,6622,4421,0.0,255.0,146.20513916015625,54.84374237060547,False,False,False,
task1_images,D:\Biology-AI\data\Task1_Segmentation\images\000983.jpg,True,JPEG,RGB,True,4288,2848,4.0,253.0,138.47372436523438,21.839374542236328,False,False,False,
task1_images,D:\Biology-AI\data\Task1_Segmentation\images\000984.jpg,True,JPEG,RGB,True,640,480,0.0,255.0,124.81350708007812,55.841426849365234,False,False,False,
task1_images,D:\Biology-AI\data\Task1_Segmentation\images\000985.jpg,True,JPEG,RGB,True,3072,2304,7.0,207.0,131.1648712158203,34.59384536743164,False,False,False,
task1_images,D:\Biology-AI\data\Task1_Segmentation\images\000986.jpg,True,JPEG,RGB,True,640,480,0.0,215.0,105.95519256591797,43.88445281982422,False,False,False,
task1_images,D:\Biology-AI\data\Task1_Segmentation\images\000987.jpg,True,JPEG,RGB,True,640,480,0.0,254.0,155.53268432617188,48.18988037109375,False,False,False,
task1_images,D:\Biology-AI\data\Task1_Segmentation\images\000988.jpg,True,JPEG,RGB,True,1024,768,0.0,212.0,147.02418518066406,46.02037048339844,False,False,False,
task1_images,D:\Biology-AI\data\Task1_Segmentation\images\000989.jpg,True,JPEG,RGB,True,4288,2848,0.0,255.0,151.1865997314453,46.27720260620117,False,False,False,
task1_images,D:\Biology-AI\data\Task1_Segmentation\images\000990.jpg,True,JPEG,RGB,True,919,802,1.0,174.0,141.2987823486328,30.188570022583008,False,False,False,
task1_images,D:\Biology-AI\data\Task1_Segmentation\images\000991.jpg,True,JPEG,RGB,True,1024,768,2.0,240.0,173.92723083496094,36.001953125,False,False,False,
task1_images,D:\Biology-AI\data\Task1_Segmentation\images\000992.jpg,True,JPEG,RGB,True,4288,2848,16.0,227.0,124.36116027832031,24.611963272094727,False,False,False,
task1_images,D:\Biology-AI\data\Task1_Segmentation\images\000993.jpg,True,JPEG,RGB,True,3072,2304,0.0,255.0,137.40576171875,27.274206161499023,False,False,False,
task1_images,D:\Biology-AI\data\Task1_Segmentation\images\000994.jpg,True,JPEG,RGB,True,3008,2000,11.0,255.0,185.41708374023438,24.369102478027344,False,False,False,
task1_images,D:\Biology-AI\data\Task1_Segmentation\images\000995.jpg,True,JPEG,RGB,True,2048,1536,0.0,255.0,146.75938415527344,43.11455154418945,False,False,False,
task1_images,D:\Biology-AI\data\Task1_Segmentation\images\000996.jpg,True,JPEG,RGB,True,1024,768,0.0,237.0,148.29611206054688,30.698740005493164,False,False,False,
task1_images,D:\Biology-AI\data\Task1_Segmentation\images\000997.jpg,True,JPEG,RGB,True,767,576,0.0,255.0,163.42518615722656,57.946372985839844,False,False,False,
task1_images,D:\Biology-AI\data\Task1_Segmentation\images\000998.jpg,True,JPEG,RGB,True,6661,4421,0.0,255.0,88.24993896484375,45.4500732421875,False,False,False,
task1_images,D:\Biology-AI\data\Task1_Segmentation\images\000999.jpg,True,JPEG,RGB,True,4288,2848,5.0,255.0,127.71550750732422,20.34315299987793,False,False,False,
task1_images,D:\Biology-AI\data\Task1_Segmentation\images\001000.jpg,True,JPEG,RGB,True,3872,2592,11.0,255.0,203.462890625,26.919021606445312,False,False,False,
task1_images,D:\Biology-AI\data\Task1_Segmentation\images\001001.jpg,True,JPEG,RGB,True,1024,768,25.0,240.0,151.18646240234375,20.0361270904541,False,False,False,
task1_images,D:\Biology-AI\data\Task1_Segmentation\images\001002.jpg,True,JPEG,RGB,True,4288,2848,22.0,255.0,149.72659301757812,26.026063919067383,False,False,False,
task1_images,D:\Biology-AI\data\Task1_Segmentation\images\001003.jpg,True,JPEG,RGB,True,3024,2016,0.0,255.0,147.9695281982422,21.389385223388672,False,False,False,
task1_images,D:\Biology-AI\data\Task1_Segmentation\images\001004.jpg,True,JPEG,RGB,True,1024,768,0.0,237.0,155.21707153320312,29.67437744140625,False,False,False,
task1_images,D:\Biology-AI\data\Task1_Segmentation\images\001005.jpg,True,JPEG,RGB,True,919,802,17.0,229.0,171.02413940429688,33.449344635009766,False,False,False,
task1_images,D:\Biology-AI\data\Task1_Segmentation\images\001006.jpg,True,JPEG,RGB,True,3872,2592,47.0,255.0,206.4637908935547,25.875905990600586,False,False,False,
task1_images,D:\Biology-AI\data\Task1_Segmentation\images\001007.jpg,True,JPEG,RGB,True,3072,2304,0.0,202.0,139.53643798828125,38.19241714477539,False,False,False,
task1_images,D:\Biology-AI\data\Task1_Segmentation\images\001008.jpg,True,JPEG,RGB,True,6648,4439,0.0,255.0,139.29708862304688,58.98728942871094,False,False,False,
task1_images,D:\Biology-AI\data\Task1_Segmentation\images\001009.jpg,True,JPEG,RGB,True,1024,768,46.0,215.0,164.4116973876953,22.54884910583496,False,False,False,
task1_images,D:\Biology-AI\data\Task1_Segmentation\images\001010.jpg,True,JPEG,RGB,True,1024,768,54.0,255.0,198.13839721679688,48.79325866699219,False,False,False,
task1_images,D:\Biology-AI\data\Task1_Segmentation\images\001011.jpg,True,JPEG,RGB,True,4288,2848,12.0,231.0,139.3931427001953,13.789092063903809,False,False,False,
task1_images,D:\Biology-AI\data\Task1_Segmentation\images\001012.jpg,True,JPEG,RGB,True,2048,1536,1.0,255.0,136.86781311035156,50.25399398803711,False,False,False,
task1_images,D:\Biology-AI\data\Task1_Segmentation\images\001013.jpg,True,JPEG,RGB,True,1024,768,43.0,244.0,145.97885131835938,18.390893936157227,False,False,False,
task1_images,D:\Biology-AI\data\Task1_Segmentation\images\001014.jpg,True,JPEG,RGB,True,3072,2304,20.0,255.0,160.7701416015625,31.766481399536133,False,False,False,
task1_images,D:\Biology-AI\data\Task1_Segmentation\images\001015.jpg,True,JPEG,RGB,True,3072,2304,0.0,203.0,152.33555603027344,32.54370880126953,False,False,False,
task1_images,D:\Biology-AI\data\Task1_Segmentation\images\001016.jpg,True,JPEG,RGB,True,3008,2000,3.0,255.0,129.13467407226562,40.34841537475586,False,False,False,
task1_images,D:\Biology-AI\data\Task1_Segmentation\images\001017.jpg,True,JPEG,RGB,True,3072,2304,0.0,245.0,135.06890869140625,44.4500846862793,False,False,False,
task1_images,D:\Biology-AI\data\Task1_Segmentation\images\001018.jpg,True,JPEG,RGB,True,2592,1936,8.0,255.0,178.51258850097656,34.6629753112793,False,False,False,
task1_images,D:\Biology-AI\data\Task1_Segmentation\images\001019.jpg,True,JPEG,RGB,True,3008,2000,0.0,255.0,162.10641479492188,20.4624080657959,False,False,False,
task1_images,D:\Biology-AI\data\Task1_Segmentation\images\001020.jpg,True,JPEG,RGB,True,2048,1536,13.0,255.0,157.72238159179688,45.97067642211914,False,False,False,
task1_images,D:\Biology-AI\data\Task1_Segmentation\images\001021.jpg,True,JPEG,RGB,True,4288,2848,7.0,202.0,134.18875122070312,29.416555404663086,False,False,False,
task1_images,D:\Biology-AI\data\Task1_Segmentation\images\001022.jpg,True,JPEG,RGB,True,4288,2848,17.0,255.0,160.70858764648438,24.852169036865234,False,False,False,
task1_images,D:\Biology-AI\data\Task1_Segmentation\images\001023.jpg,True,JPEG,RGB,True,1024,768,0.0,255.0,147.69078063964844,38.9713249206543,False,False,False,
task1_images,D:\Biology-AI\data\Task1_Segmentation\images\001024.jpg,True,JPEG,RGB,True,4288,2848,15.0,255.0,166.72750854492188,24.492889404296875,False,False,False,
task1_images,D:\Biology-AI\data\Task1_Segmentation\images\001025.jpg,True,JPEG,RGB,True,2098,1340,47.0,240.0,178.07115173339844,29.189882278442383,False,False,False,
task1_images,D:\Biology-AI\data\Task1_Segmentation\images\001026.jpg,True,JPEG,RGB,True,4288,2848,0.0,255.0,129.41253662109375,36.84477233886719,False,False,False,
task1_images,D:\Biology-AI\data\Task1_Segmentation\images\001027.jpg,True,JPEG,RGB,True,3872,2592,9.0,255.0,151.34201049804688,21.207014083862305,False,False,False,
task1_images,D:\Biology-AI\data\Task1_Segmentation\images\001028.jpg,True,JPEG,RGB,True,4288,2848,0.0,255.0,165.90892028808594,40.766357421875,False,False,False,
task1_images,D:\Biology-AI\data\Task1_Segmentation\images\001029.jpg,True,JPEG,RGB,True,3072,2304,2.0,255.0,134.40350341796875,31.716115951538086,False,False,False,
task1_images,D:\Biology-AI\data\Task1_Segmentation\images\001030.jpg,True,JPEG,RGB,True,3008,2000,4.0,255.0,165.37486267089844,20.354053497314453,False,False,False,
task1_images,D:\Biology-AI\data\Task1_Segmentation\images\001031.jpg,True,JPEG,RGB,True,1024,768,25.0,255.0,191.94435119628906,37.150634765625,False,False,False,
task1_images,D:\Biology-AI\data\Task1_Segmentation\images\001032.jpg,True,JPEG,RGB,True,3072,2304,4.0,198.0,131.2946014404297,38.03988265991211,False,False,False,
task1_images,D:\Biology-AI\data\Task1_Segmentation\images\001033.jpg,True,JPEG,RGB,True,767,576,0.0,255.0,186.91488647460938,50.559600830078125,False,False,False,
task1_images,D:\Biology-AI\data\Task1_Segmentation\images\001034.jpg,True,JPEG,RGB,True,3072,2304,0.0,218.0,131.09716796875,43.416542053222656,False,False,False,
task1_images,D:\Biology-AI\data\Task1_Segmentation\images\001035.jpg,True,JPEG,RGB,True,949,626,35.0,255.0,168.1326904296875,61.44881057739258,False,False,False,
task1_images,D:\Biology-AI\data\Task1_Segmentation\images\001036.jpg,True,JPEG,RGB,True,4288,2848,28.0,255.0,140.01719665527344,33.11564636230469,False,False,False,
task1_images,D:\Biology-AI\data\Task1_Segmentation\images\001037.jpg,True,JPEG,RGB,True,3072,2304,0.0,255.0,170.34242248535156,39.06764602661133,False,False,False,
task1_images,D:\Biology-AI\data\Task1_Segmentation\images\001038.jpg,True,JPEG,RGB,True,3072,2304,0.0,229.0,136.06101989746094,27.611221313476562,False,False,False,
task1_images,D:\Biology-AI\data\Task1_Segmentation\images\001039.jpg,True,JPEG,RGB,True,640,480,0.0,255.0,186.4705047607422,39.4017448425293,False,False,False,
task1_images,D:\Biology-AI\data\Task1_Segmentation\images\001040.jpg,True,JPEG,RGB,True,1024,768,0.0,244.0,137.2732696533203,31.529390335083008,False,False,False,
task1_images,D:\Biology-AI\data\Task1_Segmentation\images\001041.jpg,True,JPEG,RGB,True,6662,4402,0.0,255.0,165.37310791015625,49.032962799072266,False,False,False,
task1_images,D:\Biology-AI\data\Task1_Segmentation\images\001042.jpg,True,JPEG,RGB,True,6622,4420,0.0,255.0,145.9013214111328,60.72853088378906,False,False,False,
task1_images,D:\Biology-AI\data\Task1_Segmentation\images\001043.jpg,True,JPEG,RGB,True,6620,4420,0.0,255.0,147.0154571533203,58.807037353515625,False,False,False,
task1_images,D:\Biology-AI\data\Task1_Segmentation\images\001044.jpg,True,JPEG,RGB,True,1024,768,16.0,229.0,146.68768310546875,26.079458236694336,False,False,False,
task1_images,D:\Biology-AI\data\Task1_Segmentation\images\001045.jpg,True,JPEG,RGB,True,1504,1129,0.0,255.0,142.55752563476562,55.37946701049805,False,False,False,
task1_images,D:\Biology-AI\data\Task1_Segmentation\images\001046.jpg,True,JPEG,RGB,True,640,480,0.0,221.0,108.62163543701172,54.26060485839844,False,False,False,
task1_images,D:\Biology-AI\data\Task1_Segmentation\images\001047.jpg,True,JPEG,RGB,True,3024,2016,9.0,255.0,152.1524658203125,27.175622940063477,False,False,False,
task1_images,D:\Biology-AI\data\Task1_Segmentation\images\001048.jpg,True,JPEG,RGB,True,1024,768,0.0,232.0,163.49517822265625,24.307151794433594,False,False,False,
task1_images,D:\Biology-AI\data\Task1_Segmentation\images\001049.jpg,True,JPEG,RGB,True,4288,2848,6.0,241.0,106.06502532958984,24.414749145507812,False,False,False,
task1_images,D:\Biology-AI\data\Task1_Segmentation\images\001050.jpg,True,JPEG,RGB,True,1024,768,0.0,249.0,203.13186645507812,35.177391052246094,False,False,False,
task1_images,D:\Biology-AI\data\Task1_Segmentation\images\001051.jpg,True,JPEG,RGB,True,1024,768,0.0,193.0,143.92648315429688,42.376983642578125,False,False,False,
task1_images,D:\Biology-AI\data\Task1_Segmentation\images\001052.jpg,True,JPEG,RGB,True,919,802,1.0,191.0,158.39669799804688,29.25278091430664,False,False,False,
task1_images,D:\Biology-AI\data\Task1_Segmentation\images\001053.jpg,True,JPEG,RGB,True,4288,2848,11.0,255.0,143.88253784179688,24.270782470703125,False,False,False,
task1_images,D:\Biology-AI\data\Task1_Segmentation\images\001054.jpg,True,JPEG,RGB,True,1024,768,37.0,226.0,151.7685546875,26.28631591796875,False,False,False,
task1_images,D:\Biology-AI\data\Task1_Segmentation\images\001055.jpg,True,JPEG,RGB,True,4288,2848,10.0,252.0,119.61526489257812,24.782394409179688,False,False,False,
task1_images,D:\Biology-AI\data\Task1_Segmentation\images\001056.jpg,True,JPEG,RGB,True,6641,4420,0.0,255.0,135.5401611328125,59.691165924072266,False,False,False,
task1_images,D:\Biology-AI\data\Task1_Segmentation\images\001057.jpg,True,JPEG,RGB,True,4288,2848,6.0,219.0,119.53845977783203,23.060596466064453,False,False,False,
task1_images,D:\Biology-AI\data\Task1_Segmentation\images\001058.jpg,True,JPEG,RGB,True,1024,768,5.0,237.0,166.25344848632812,27.298627853393555,False,False,False,
task1_images,D:\Biology-AI\data\Task1_Segmentation\images\001059.jpg,True,JPEG,RGB,True,4288,2848,5.0,255.0,128.86195373535156,24.453737258911133,False,False,False,
task1_images,D:\Biology-AI\data\Task1_Segmentation\images\001060.jpg,True,JPEG,RGB,True,3008,2000,0.0,255.0,149.3311767578125,33.52568817138672,False,False,False,
task1_images,D:\Biology-AI\data\Task1_Segmentation\images\001061.jpg,True,JPEG,RGB,True,3072,2304,0.0,179.0,130.6048126220703,22.569570541381836,False,False,False,
task1_images,D:\Biology-AI\data\Task1_Segmentation\images\001062.jpg,True,JPEG,RGB,True,6642,4422,0.0,255.0,90.23075103759766,62.115169525146484,False,False,False,
task1_images,D:\Biology-AI\data\Task1_Segmentation\images\001063.jpg,True,JPEG,RGB,True,1504,1129,0.0,255.0,153.78514099121094,33.7310676574707,False,False,False,
task1_images,D:\Biology-AI\data\Task1_Segmentation\images\001064.jpg,True,JPEG,RGB,True,4288,2848,19.0,201.0,123.71607971191406,21.326385498046875,False,False,False,
task1_images,D:\Biology-AI\data\Task1_Segmentation\images\001065.jpg,True,JPEG,RGB,True,4288,2848,6.0,255.0,124.44622039794922,21.098743438720703,False,False,False,
task1_images,D:\Biology-AI\data\Task1_Segmentation\images\001066.jpg,True,JPEG,RGB,True,2592,1936,0.0,255.0,168.1030731201172,30.262611389160156,False,False,False,
task1_images,D:\Biology-AI\data\Task1_Segmentation\images\001067.jpg,True,JPEG,RGB,True,1024,768,29.0,236.0,155.57293701171875,39.21889877319336,False,False,False,
task1_images,D:\Biology-AI\data\Task1_Segmentation\images\001068.jpg,True,JPEG,RGB,True,4288,2848,19.0,255.0,171.51431274414062,30.796438217163086,False,False,False,
task1_images,D:\Biology-AI\data\Task1_Segmentation\images\001069.jpg,True,JPEG,RGB,True,3008,2000,14.0,255.0,182.46807861328125,41.51395797729492,False,False,False,
task1_images,D:\Biology-AI\data\Task1_Segmentation\images\001070.jpg,True,JPEG,RGB,True,3008,2000,0.0,244.0,136.3014373779297,19.55109977722168,False,False,False,
task1_images,D:\Biology-AI\data\Task1_Segmentation\images\001071.jpg,True,JPEG,RGB,True,4288,2848,18.0,255.0,125.23435974121094,23.802993774414062,False,False,False,
task1_images,D:\Biology-AI\data\Task1_Segmentation\images\001072.jpg,True,JPEG,RGB,True,3008,2000,21.0,255.0,165.59176635742188,30.98693084716797,False,False,False,
task1_images,D:\Biology-AI\data\Task1_Segmentation\images\001073.jpg,True,JPEG,RGB,True,2048,1536,0.0,234.0,156.31878662109375,52.94221115112305,False,False,False,
task1_images,D:\Biology-AI\data\Task1_Segmentation\images\001074.jpg,True,JPEG,RGB,True,6728,4459,0.0,255.0,174.9786376953125,60.20228576660156,False,False,False,
task1_images,D:\Biology-AI\data\Task1_Segmentation\images\001075.jpg,True,JPEG,RGB,True,1456,1018,1.0,255.0,156.46722412109375,80.11621856689453,False,False,False,
task1_images,D:\Biology-AI\data\Task1_Segmentation\images\001076.jpg,True,JPEG,RGB,True,2048,1536,0.0,205.0,151.35496520996094,30.10584831237793,False,False,False,
task1_images,D:\Biology-AI\data\Task1_Segmentation\images\001077.jpg,True,JPEG,RGB,True,3872,2592,9.0,255.0,175.08351135253906,27.843843460083008,False,False,False,
task1_images,D:\Biology-AI\data\Task1_Segmentation\images\001078.jpg,True,JPEG,RGB,True,3008,2000,6.0,255.0,147.5386505126953,20.23900604248047,False,False,False,
task1_images,D:\Biology-AI\data\Task1_Segmentation\images\001079.jpg,True,JPEG,RGB,True,3024,2016,0.0,255.0,181.58355712890625,47.097206115722656,False,False,False,
task1_images,D:\Biology-AI\data\Task1_Segmentation\images\001080.jpg,True,JPEG,RGB,True,3872,2592,4.0,232.0,144.46865844726562,19.681198120117188,False,False,False,
task1_images,D:\Biology-AI\data\Task1_Segmentation\images\001081.jpg,True,JPEG,RGB,True,3072,2304,24.0,219.0,155.27052307128906,23.659698486328125,False,False,False,
task1_images,D:\Biology-AI\data\Task1_Segmentation\images\001082.jpg,True,JPEG,RGB,True,4288,2848,5.0,255.0,140.79946899414062,18.14832305908203,False,False,False,
task1_images,D:\Biology-AI\data\Task1_Segmentation\images\001083.jpg,True,JPEG,RGB,True,3008,2000,10.0,243.0,155.35890197753906,18.993690490722656,False,False,False,
task1_images,D:\Biology-AI\data\Task1_Segmentation\images\001084.jpg,True,JPEG,RGB,True,4288,2848,10.0,255.0,142.78485107421875,21.49519920349121,False,False,False,
task1_images,D:\Biology-AI\data\Task1_Segmentation\images\001085.jpg,True,JPEG,RGB,True,4288,2848,16.0,255.0,177.10031127929688,31.580347061157227,False,False,False,
task1_images,D:\Biology-AI\data\Task1_Segmentation\images\001086.jpg,True,JPEG,RGB,True,2592,1936,8.0,255.0,170.8209686279297,44.89746856689453,False,False,False,
task1_images,D:\Biology-AI\data\Task1_Segmentation\images\001087.jpg,True,JPEG,RGB,True,6668,4459,0.0,255.0,182.37269592285156,60.67219161987305,False,False,False,
task1_images,D:\Biology-AI\data\Task1_Segmentation\images\001088.jpg,True,JPEG,RGB,True,3872,2592,2.0,255.0,148.26422119140625,21.149269104003906,False,False,False,
task1_images,D:\Biology-AI\data\Task1_Segmentation\images\001089.jpg,True,JPEG,RGB,True,640,480,0.0,255.0,149.98538208007812,43.410491943359375,False,False,False,
task1_images,D:\Biology-AI\data\Task1_Segmentation\images\001090.jpg,True,JPEG,RGB,True,1024,768,0.0,228.0,171.42518615722656,25.492338180541992,False,False,False,
task1_images,D:\Biology-AI\data\Task1_Segmentation\images\001091.jpg,True,JPEG,RGB,True,640,480,0.0,255.0,181.74635314941406,54.85856628417969,False,False,False,
task1_images,D:\Biology-AI\data\Task1_Segmentation\images\001092.jpg,True,JPEG,RGB,True,4288,2848,23.0,255.0,137.06199645996094,32.580448150634766,False,False,False,
task1_images,D:\Biology-AI\data\Task1_Segmentation\images\001093.jpg,True,JPEG,RGB,True,1936,1296,0.0,233.0,131.4705352783203,36.810028076171875,False,False,False,
task1_images,D:\Biology-AI\data\Task1_Segmentation\images\001094.jpg,True,JPEG,RGB,True,3072,2304,5.0,237.0,140.61436462402344,59.465484619140625,False,False,False,
task1_images,D:\Biology-AI\data\Task1_Segmentation\images\001095.jpg,True,JPEG,RGB,True,2048,1536,2.0,255.0,137.85472106933594,36.73170471191406,False,False,False,
task1_images,D:\Biology-AI\data\Task1_Segmentation\images\001096.jpg,True,JPEG,RGB,True,4288,2848,4.0,255.0,118.19140625,23.316877365112305,False,False,False,
task1_images,D:\Biology-AI\data\Task1_Segmentation\images\001097.jpg,True,JPEG,RGB,True,3072,2304,0.0,255.0,124.63956451416016,55.85482406616211,False,False,False,
task1_images,D:\Biology-AI\data\Task1_Segmentation\images\001098.jpg,True,JPEG,RGB,True,3024,2016,2.0,255.0,146.23834228515625,32.015869140625,False,False,False,
task1_images,D:\Biology-AI\data\Task1_Segmentation\images\001099.jpg,True,JPEG,RGB,True,6648,4419,0.0,255.0,143.02989196777344,62.915504455566406,False,False,False,
task1_images,D:\Biology-AI\data\Task1_Segmentation\images\001100.jpg,True,JPEG,RGB,True,3008,2000,3.0,255.0,169.64837646484375,17.996984481811523,False,False,False,
task1_images,D:\Biology-AI\data\Task1_Segmentation\images\001101.jpg,True,JPEG,RGB,True,4288,2848,4.0,255.0,171.7714080810547,32.11608123779297,False,False,False,
task1_images,D:\Biology-AI\data\Task1_Segmentation\images\001102.jpg,True,JPEG,RGB,True,6708,4439,0.0,255.0,138.56520080566406,64.33795928955078,False,False,False,
task1_images,D:\Biology-AI\data\Task1_Segmentation\images\001103.jpg,True,JPEG,RGB,True,3072,2304,29.0,255.0,135.03616333007812,15.78857707977295,False,False,False,
task1_images,D:\Biology-AI\data\Task1_Segmentation\images\001104.jpg,True,JPEG,RGB,True,4288,2848,0.0,255.0,96.27014923095703,26.62685775756836,False,False,False,
task1_images,D:\Biology-AI\data\Task1_Segmentation\images\001105.jpg,True,JPEG,RGB,True,1024,768,22.0,249.0,166.12335205078125,42.26628494262695,False,False,False,
task1_images,D:\Biology-AI\data\Task1_Segmentation\images\001106.jpg,True,JPEG,RGB,True,2592,1944,33.0,175.0,132.35223388671875,14.410149574279785,False,False,False,
task1_images,D:\Biology-AI\data\Task1_Segmentation\images\001107.jpg,True,JPEG,RGB,True,4288,2848,14.0,249.0,143.23216247558594,22.097118377685547,False,False,False,
task1_images,D:\Biology-AI\data\Task1_Segmentation\images\001108.jpg,True,JPEG,RGB,True,1024,768,0.0,255.0,214.35543823242188,24.958589553833008,False,False,False,
task1_images,D:\Biology-AI\data\Task1_Segmentation\images\001109.jpg,True,JPEG,RGB,True,2304,1536,0.0,255.0,200.9156951904297,24.92978858947754,False,False,False,
task1_images,D:\Biology-AI\data\Task1_Segmentation\images\001110.jpg,True,JPEG,RGB,True,4288,2848,14.0,254.0,138.80328369140625,28.6511287689209,False,False,False,
task1_images,D:\Biology-AI\data\Task1_Segmentation\images\001111.jpg,True,JPEG,RGB,True,3072,2304,0.0,255.0,136.62474060058594,48.17532730102539,False,False,False,
task1_images,D:\Biology-AI\data\Task1_Segmentation\images\001112.jpg,True,JPEG,RGB,True,6668,4419,0.0,255.0,178.95797729492188,39.85483169555664,False,False,False,
task1_images,D:\Biology-AI\data\Task1_Segmentation\images\001113.jpg,True,JPEG,RGB,True,2592,1944,59.0,255.0,197.1605987548828,22.119670867919922,False,False,False,
task1_images,D:\Biology-AI\data\Task1_Segmentation\images\001114.jpg,True,JPEG,RGB,True,3872,2592,32.0,255.0,212.27352905273438,20.105133056640625,False,False,False,
task1_images,D:\Biology-AI\data\Task1_Segmentation\images\001115.jpg,True,JPEG,RGB,True,1024,768,0.0,255.0,209.5275115966797,29.585224151611328,False,False,False,
task1_images,D:\Biology-AI\data\Task1_Segmentation\images\001116.jpg,True,JPEG,RGB,True,3872,2592,0.0,209.0,129.14218139648438,27.913667678833008,False,False,False,
task1_images,D:\Biology-AI\data\Task1_Segmentation\images\001117.jpg,True,JPEG,RGB,True,640,480,0.0,255.0,133.53619384765625,65.23548126220703,False,False,False,
task1_images,D:\Biology-AI\data\Task1_Segmentation\images\001118.jpg,True,JPEG,RGB,True,4288,2848,29.0,245.0,161.79086303710938,14.677278518676758,False,False,False,
task1_images,D:\Biology-AI\data\Task1_Segmentation\images\001119.jpg,True,JPEG,RGB,True,3024,2016,0.0,255.0,159.5670928955078,19.854780197143555,False,False,False,
task1_images,D:\Biology-AI\data\Task1_Segmentation\images\001120.jpg,True,JPEG,RGB,True,6602,4361,0.0,255.0,158.76197814941406,42.96344757080078,False,False,False,
task1_images,D:\Biology-AI\data\Task1_Segmentation\images\001121.jpg,True,JPEG,RGB,True,6661,4421,0.0,255.0,125.1146011352539,67.20437622070312,False,False,False,
task1_images,D:\Biology-AI\data\Task1_Segmentation\images\001122.jpg,True,JPEG,RGB,True,4288,2848,10.0,255.0,137.17152404785156,20.827312469482422,False,False,False,
task1_images,D:\Biology-AI\data\Task1_Segmentation\images\001123.jpg,True,JPEG,RGB,True,640,480,0.0,255.0,177.21270751953125,45.092952728271484,False,False,False,
task1_images,D:\Biology-AI\data\Task1_Segmentation\images\001124.jpg,True,JPEG,RGB,True,1024,768,19.0,233.0,168.52291870117188,20.240039825439453,False,False,False,
task1_images,D:\Biology-AI\data\Task1_Segmentation\images\001125.jpg,True,JPEG,RGB,True,6688,4459,0.0,255.0,124.60759735107422,67.92047119140625,False,False,False,
task1_images,D:\Biology-AI\data\Task1_Segmentation\images\001126.jpg,True,JPEG,RGB,True,4288,2848,14.0,255.0,171.55752563476562,33.46949005126953,False,False,False,
task1_images,D:\Biology-AI\data\Task1_Segmentation\images\001127.jpg,True,JPEG,RGB,True,3008,2000,2.0,255.0,148.7040557861328,36.670745849609375,False,False,False,
task1_images,D:\Biology-AI\data\Task1_Segmentation\images\001128.jpg,True,JPEG,RGB,True,3024,2016,0.0,255.0,133.6839599609375,46.13087463378906,False,False,False,
task1_images,D:\Biology-AI\data\Task1_Segmentation\images\001129.jpg,True,JPEG,RGB,True,1024,768,25.0,224.0,160.49069213867188,19.837495803833008,False,False,False,
task1_images,D:\Biology-AI\data\Task1_Segmentation\images\001130.jpg,True,JPEG,RGB,True,3072,2304,6.0,211.0,144.75289916992188,37.18519973754883,False,False,False,
task1_images,D:\Biology-AI\data\Task1_Segmentation\images\001131.jpg,True,JPEG,RGB,True,3024,2016,0.0,255.0,156.13986206054688,40.58318328857422,False,False,False,
task1_images,D:\Biology-AI\data\Task1_Segmentation\images\001132.jpg,True,JPEG,RGB,True,3008,2000,4.0,255.0,131.47491455078125,25.182540893554688,False,False,False,
task1_images,D:\Biology-AI\data\Task1_Segmentation\images\001133.jpg,True,JPEG,RGB,True,6621,4422,0.0,255.0,141.61961364746094,71.26412963867188,False,False,False,
task1_images,D:\Biology-AI\data\Task1_Segmentation\images\001134.jpg,True,JPEG,RGB,True,6648,4439,0.0,255.0,147.1144561767578,39.425079345703125,False,False,False,
task1_images,D:\Biology-AI\data\Task1_Segmentation\images\001135.jpg,True,JPEG,RGB,True,4288,2848,10.0,244.0,148.9627685546875,31.411365509033203,False,False,False,
task1_images,D:\Biology-AI\data\Task1_Segmentation\images\001136.jpg,True,JPEG,RGB,True,6708,4439,0.0,255.0,173.647705078125,35.260467529296875,False,False,False,
task1_images,D:\Biology-AI\data\Task1_Segmentation\images\001137.jpg,True,JPEG,RGB,True,1024,768,0.0,253.0,172.09649658203125,43.25138473510742,False,False,False,
task1_images,D:\Biology-AI\data\Task1_Segmentation\images\001138.jpg,True,JPEG,RGB,True,1024,768,23.0,249.0,160.1612091064453,40.975948333740234,False,False,False,
task1_images,D:\Biology-AI\data\Task1_Segmentation\images\001139.jpg,True,JPEG,RGB,True,640,480,0.0,251.0,125.51935577392578,44.77384948730469,False,False,False,
task1_images,D:\Biology-AI\data\Task1_Segmentation\images\001140.jpg,True,JPEG,RGB,True,640,480,0.0,242.0,146.81484985351562,47.727718353271484,False,False,False,
task1_images,D:\Biology-AI\data\Task1_Segmentation\images\001141.jpg,True,JPEG,RGB,True,6648,4439,0.0,255.0,163.4923858642578,47.69602584838867,False,False,False,
task1_images,D:\Biology-AI\data\Task1_Segmentation\images\001142.jpg,True,JPEG,RGB,True,640,480,0.0,255.0,164.18130493164062,52.41474151611328,False,False,False,
task1_images,D:\Biology-AI\data\Task1_Segmentation\images\001143.jpg,True,JPEG,RGB,True,3008,2000,0.0,255.0,162.00062561035156,15.872750282287598,False,False,False,
task1_images,D:\Biology-AI\data\Task1_Segmentation\images\001144.jpg,True,JPEG,RGB,True,640,480,0.0,234.0,128.1141815185547,46.2336540222168,False,False,False,
task1_images,D:\Biology-AI\data\Task1_Segmentation\images\001145.jpg,True,JPEG,RGB,True,3072,2304,15.0,231.0,166.4022674560547,29.700441360473633,False,False,False,
task1_images,D:\Biology-AI\data\Task1_Segmentation\images\001146.jpg,True,JPEG,RGB,True,3072,2304,25.0,244.0,175.61827087402344,32.1232795715332,False,False,False,
task1_images,D:\Biology-AI\data\Task1_Segmentation\images\001147.jpg,True,JPEG,RGB,True,6602,4401,0.0,255.0,164.3823699951172,49.670780181884766,False,False,False,
task1_images,D:\Biology-AI\data\Task1_Segmentation\images\001148.jpg,True,JPEG,RGB,True,640,480,0.0,231.0,66.62617492675781,68.5418472290039,False,False,False,
task1_images,D:\Biology-AI\data\Task1_Segmentation\images\001149.jpg,True,JPEG,RGB,True,6600,4401,0.0,255.0,134.78330993652344,35.96974182128906,False,False,False,
task1_images,D:\Biology-AI\data\Task1_Segmentation\images\001150.jpg,True,JPEG,RGB,True,1024,768,13.0,255.0,197.7151641845703,37.999210357666016,False,False,False,
task1_images,D:\Biology-AI\data\Task1_Segmentation\images\001151.jpg,True,JPEG,RGB,True,1024,768,0.0,251.0,191.44325256347656,31.563922882080078,False,False,False,
task1_images,D:\Biology-AI\data\Task1_Segmentation\images\001152.jpg,True,JPEG,RGB,True,4288,2848,9.0,249.0,138.1764678955078,26.884578704833984,False,False,False,
task1_images,D:\Biology-AI\data\Task1_Segmentation\images\001153.jpg,True,JPEG,RGB,True,3072,2304,49.0,255.0,206.80718994140625,25.720151901245117,False,False,False,
task1_images,D:\Biology-AI\data\Task1_Segmentation\images\001154.jpg,True,JPEG,RGB,True,1024,768,0.0,234.0,188.07293701171875,22.28730010986328,False,False,False,
task1_images,D:\Biology-AI\data\Task1_Segmentation\images\001155.jpg,True,JPEG,RGB,True,767,576,0.0,255.0,130.0330810546875,66.32837677001953,False,False,False,
task1_images,D:\Biology-AI\data\Task1_Segmentation\images\001156.jpg,True,JPEG,RGB,True,3008,2000,7.0,250.0,123.91083526611328,16.69354248046875,False,False,False,
task1_images,D:\Biology-AI\data\Task1_Segmentation\images\001157.jpg,True,JPEG,RGB,True,4288,2848,0.0,253.0,168.48065185546875,45.24836349487305,False,False,False,
task1_images,D:\Biology-AI\data\Task1_Segmentation\images\001158.jpg,True,JPEG,RGB,True,640,480,0.0,252.0,147.70347595214844,50.12018966674805,False,False,False,
task1_images,D:\Biology-AI\data\Task1_Segmentation\images\001159.jpg,True,JPEG,RGB,True,4288,2848,10.0,255.0,180.35292053222656,23.105504989624023,False,False,False,
task1_images,D:\Biology-AI\data\Task1_Segmentation\images\001160.jpg,True,JPEG,RGB,True,919,802,7.0,197.0,152.74501037597656,45.42726135253906,False,False,False,
task1_images,D:\Biology-AI\data\Task1_Segmentation\images\001161.jpg,True,JPEG,RGB,True,1024,768,0.0,253.0,152.2189178466797,62.57310104370117,False,False,False,
task1_images,D:\Biology-AI\data\Task1_Segmentation\images\001162.jpg,True,JPEG,RGB,True,6622,4441,0.0,255.0,144.24591064453125,41.568302154541016,False,False,False,
task1_images,D:\Biology-AI\data\Task1_Segmentation\images\001163.jpg,True,JPEG,RGB,True,3024,2016,0.0,255.0,137.9092559814453,26.09947967529297,False,False,False,
task1_images,D:\Biology-AI\data\Task1_Segmentation\images\001164.jpg,True,JPEG,RGB,True,640,480,0.0,247.0,119.63440704345703,50.648353576660156,False,False,False,
task1_images,D:\Biology-AI\data\Task1_Segmentation\images\001165.jpg,True,JPEG,RGB,True,3072,2304,0.0,255.0,151.04684448242188,47.92914962768555,False,False,False,
task1_images,D:\Biology-AI\data\Task1_Segmentation\images\001166.jpg,True,JPEG,RGB,True,3008,2000,3.0,242.0,127.21025848388672,26.608217239379883,False,False,False,
task1_images,D:\Biology-AI\data\Task1_Segmentation\images\001167.jpg,True,JPEG,RGB,True,640,480,0.0,255.0,171.8882598876953,43.80622863769531,False,False,False,
task1_images,D:\Biology-AI\data\Task1_Segmentation\images\001168.jpg,True,JPEG,RGB,True,1024,768,0.0,223.0,173.1896209716797,27.74135398864746,False,False,False,
task1_images,D:\Biology-AI\data\Task1_Segmentation\images\001169.jpg,True,JPEG,RGB,True,6642,4440,0.0,255.0,145.40744018554688,56.33768844604492,False,False,False,
task1_images,D:\Biology-AI\data\Task1_Segmentation\images\001170.jpg,True,JPEG,RGB,True,2592,1936,4.0,255.0,165.13294982910156,31.977062225341797,False,False,False,
task1_images,D:\Biology-AI\data\Task1_Segmentation\images\001171.jpg,True,JPEG,RGB,True,3024,2016,0.0,255.0,133.10150146484375,53.73040008544922,False,False,False,
task1_images,D:\Biology-AI\data\Task1_Segmentation\images\001172.jpg,True,JPEG,RGB,True,6681,4422,0.0,255.0,172.3438262939453,52.234107971191406,False,False,False,
task1_images,D:\Biology-AI\data\Task1_Segmentation\images\001173.jpg,True,JPEG,RGB,True,6708,4439,0.0,255.0,160.8531036376953,64.73231506347656,False,False,False,
task1_images,D:\Biology-AI\data\Task1_Segmentation\images\001174.jpg,True,JPEG,RGB,True,6648,4479,0.0,255.0,152.17221069335938,59.25855255126953,False,False,False,
task1_images,D:\Biology-AI\data\Task1_Segmentation\images\001175.jpg,True,JPEG,RGB,True,3008,2000,3.0,255.0,122.29185485839844,25.156274795532227,False,False,False,
task1_images,D:\Biology-AI\data\Task1_Segmentation\images\001176.jpg,True,JPEG,RGB,True,1024,768,0.0,235.0,102.91262817382812,75.93819427490234,False,False,False,
task1_images,D:\Biology-AI\data\Task1_Segmentation\images\001177.jpg,True,JPEG,RGB,True,1024,768,73.0,255.0,209.93438720703125,23.028539657592773,False,False,False,
task1_images,D:\Biology-AI\data\Task1_Segmentation\images\001178.jpg,True,JPEG,RGB,True,1024,768,0.0,255.0,181.9093780517578,47.96320724487305,False,False,False,
task1_images,D:\Biology-AI\data\Task1_Segmentation\images\001179.jpg,True,JPEG,RGB,True,1504,1129,0.0,255.0,169.32806396484375,61.45136642456055,False,False,False,
task1_images,D:\Biology-AI\data\Task1_Segmentation\images\001180.jpg,True,JPEG,RGB,True,1024,768,29.0,255.0,189.87701416015625,50.01368713378906,False,False,False,
task1_images,D:\Biology-AI\data\Task1_Segmentation\images\001181.jpg,True,JPEG,RGB,True,4288,2848,1.0,255.0,150.51968383789062,45.181392669677734,False,False,False,
task1_images,D:\Biology-AI\data\Task1_Segmentation\images\001182.jpg,True,JPEG,RGB,True,1024,768,21.0,242.0,148.01239013671875,28.160261154174805,False,False,False,
task1_images,D:\Biology-AI\data\Task1_Segmentation\images\001183.jpg,True,JPEG,RGB,True,1751,1524,0.0,249.0,135.34384155273438,54.373287200927734,False,False,False,
task1_images,D:\Biology-AI\data\Task1_Segmentation\images\001184.jpg,True,JPEG,RGB,True,3072,2304,0.0,255.0,128.5850372314453,52.01905059814453,False,False,False,
task1_images,D:\Biology-AI\data\Task1_Segmentation\images\001185.jpg,True,JPEG,RGB,True,640,480,0.0,243.0,143.07835388183594,41.924495697021484,False,False,False,
task1_images,D:\Biology-AI\data\Task1_Segmentation\images\001186.jpg,True,JPEG,RGB,True,3072,2304,11.0,217.0,126.90140533447266,33.71839904785156,False,False,False,
task1_images,D:\Biology-AI\data\Task1_Segmentation\images\001187.jpg,True,JPEG,RGB,True,1024,768,0.0,252.0,204.3273162841797,48.28693771362305,False,False,False,
task1_images,D:\Biology-AI\data\Task1_Segmentation\images\001188.jpg,True,JPEG,RGB,True,4288,2848,8.0,255.0,164.363037109375,43.83123779296875,False,False,False,
task1_images,D:\Biology-AI\data\Task1_Segmentation\images\001189.jpg,True,JPEG,RGB,True,1024,768,0.0,234.0,165.80450439453125,26.65250015258789,False,False,False,
task1_images,D:\Biology-AI\data\Task1_Segmentation\images\001190.jpg,True,JPEG,RGB,True,4288,2848,13.0,255.0,129.33705139160156,45.35792541503906,False,False,False,
task1_images,D:\Biology-AI\data\Task1_Segmentation\images\001191.jpg,True,JPEG,RGB,True,4288,2848,13.0,230.0,141.87037658691406,27.61676025390625,False,False,False,
task1_images,D:\Biology-AI\data\Task1_Segmentation\images\001192.jpg,True,JPEG,RGB,True,3872,2592,14.0,255.0,198.5236053466797,19.310691833496094,False,False,False,
task1_images,D:\Biology-AI\data\Task1_Segmentation\images\001193.jpg,True,JPEG,RGB,True,640,480,0.0,247.0,157.87693786621094,43.77412796020508,False,False,False,
task1_images,D:\Biology-AI\data\Task1_Segmentation\images\001194.jpg,True,JPEG,RGB,True,3872,2592,16.0,255.0,173.5417938232422,30.175554275512695,False,False,False,
task1_images,D:\Biology-AI\data\Task1_Segmentation\images\001195.jpg,True,JPEG,RGB,True,767,576,0.0,255.0,170.26788330078125,59.65805435180664,False,False,False,
task1_images,D:\Biology-AI\data\Task1_Segmentation\images\001196.jpg,True,JPEG,RGB,True,640,480,0.0,255.0,160.9405975341797,63.78845977783203,False,False,False,
task1_images,D:\Biology-AI\data\Task1_Segmentation\images\001197.jpg,True,JPEG,RGB,True,640,480,0.0,223.0,120.64669036865234,39.89674377441406,False,False,False,
task1_images,D:\Biology-AI\data\Task1_Segmentation\images\001198.jpg,True,JPEG,RGB,True,1024,768,65.0,235.0,164.0638885498047,18.727258682250977,False,False,False,
task1_images,D:\Biology-AI\data\Task1_Segmentation\images\001199.jpg,True,JPEG,RGB,True,640,480,0.0,212.0,86.2833023071289,45.95735549926758,False,False,False,
task1_images,D:\Biology-AI\data\Task1_Segmentation\images\001200.jpg,True,JPEG,RGB,True,6642,4422,0.0,255.0,114.11791229248047,59.9763069152832,False,False,False,
task1_images,D:\Biology-AI\data\Task1_Segmentation\images\001201.jpg,True,JPEG,RGB,True,640,480,0.0,248.0,139.79208374023438,42.24131393432617,False,False,False,
task1_images,D:\Biology-AI\data\Task1_Segmentation\images\001202.jpg,True,JPEG,RGB,True,640,480,0.0,243.0,149.81881713867188,40.94825744628906,False,False,False,
task1_images,D:\Biology-AI\data\Task1_Segmentation\images\001203.jpg,True,JPEG,RGB,True,2048,1536,0.0,255.0,168.63026428222656,33.954193115234375,False,False,False,
task1_images,D:\Biology-AI\data\Task1_Segmentation\images\001204.jpg,True,JPEG,RGB,True,4288,2848,12.0,251.0,157.0517578125,29.188753128051758,False,False,False,
task1_images,D:\Biology-AI\data\Task1_Segmentation\images\001205.jpg,True,JPEG,RGB,True,640,480,0.0,255.0,188.935302734375,49.48762512207031,False,False,False,
task1_images,D:\Biology-AI\data\Task1_Segmentation\images\001206.jpg,True,JPEG,RGB,True,1024,768,29.0,234.0,194.73504638671875,28.71145248413086,False,False,False,
task1_images,D:\Biology-AI\data\Task1_Segmentation\images\001207.jpg,True,JPEG,RGB,True,919,802,8.0,204.0,163.2344207763672,30.441577911376953,False,False,False,
task1_images,D:\Biology-AI\data\Task1_Segmentation\images\001208.jpg,True,JPEG,RGB,True,767,576,0.0,255.0,134.64036560058594,54.93328094482422,False,False,False,
task1_images,D:\Biology-AI\data\Task1_Segmentation\images\001209.jpg,True,JPEG,RGB,True,1024,768,17.0,235.0,168.45489501953125,35.31678009033203,False,False,False,
task1_images,D:\Biology-AI\data\Task1_Segmentation\images\001210.jpg,True,JPEG,RGB,True,3008,2000,2.0,223.0,142.8719482421875,17.19969940185547,False,False,False,
task1_images,D:\Biology-AI\data\Task1_Segmentation\images\001211.jpg,True,JPEG,RGB,True,4288,2848,3.0,251.0,126.38487243652344,12.108234405517578,False,False,False,
task1_images,D:\Biology-AI\data\Task1_Segmentation\images\001212.jpg,True,JPEG,RGB,True,3872,2592,5.0,215.0,142.89453125,23.112699508666992,False,False,False,
task1_images,D:\Biology-AI\data\Task1_Segmentation\images\001213.jpg,True,JPEG,RGB,True,1024,768,54.0,255.0,223.94268798828125,34.60661315917969,False,False,False,
task1_images,D:\Biology-AI\data\Task1_Segmentation\images\001214.jpg,True,JPEG,RGB,True,640,480,0.0,255.0,141.887939453125,70.46066284179688,False,False,False,
task1_images,D:\Biology-AI\data\Task1_Segmentation\images\001215.jpg,True,JPEG,RGB,True,640,480,0.0,222.0,124.31945037841797,48.06940841674805,False,False,False,
task1_images,D:\Biology-AI\data\Task1_Segmentation\images\001216.jpg,True,JPEG,RGB,True,1024,768,0.0,244.0,118.82069396972656,79.92597961425781,False,False,False,
task1_images,D:\Biology-AI\data\Task1_Segmentation\images\001217.jpg,True,JPEG,RGB,True,6688,4439,0.0,255.0,149.87754821777344,62.048099517822266,False,False,False,
task1_images,D:\Biology-AI\data\Task1_Segmentation\images\001218.jpg,True,JPEG,RGB,True,3872,2592,10.0,255.0,164.71104431152344,25.600526809692383,False,False,False,
task1_images,D:\Biology-AI\data\Task1_Segmentation\images\001219.jpg,True,JPEG,RGB,True,3008,2000,0.0,255.0,124.72127532958984,30.426639556884766,False,False,False,
task1_images,D:\Biology-AI\data\Task1_Segmentation\images\001220.jpg,True,JPEG,RGB,True,1024,768,3.0,255.0,198.8578643798828,36.331382751464844,False,False,False,
task1_images,D:\Biology-AI\data\Task1_Segmentation\images\001221.jpg,True,JPEG,RGB,True,3008,2000,4.0,255.0,162.533447265625,21.344314575195312,False,False,False,
task1_images,D:\Biology-AI\data\Task1_Segmentation\images\001222.jpg,True,JPEG,RGB,True,3008,2000,0.0,248.0,115.52913665771484,25.22614097595215,False,False,False,
task1_images,D:\Biology-AI\data\Task1_Segmentation\images\001223.jpg,True,JPEG,RGB,True,3024,2016,0.0,255.0,174.80995178222656,31.67180061340332,False,False,False,
task1_images,D:\Biology-AI\data\Task1_Segmentation\images\001224.jpg,True,JPEG,RGB,True,2304,3072,9.0,255.0,143.51193237304688,25.639583587646484,False,False,False,
task1_images,D:\Biology-AI\data\Task1_Segmentation\images\001225.jpg,True,JPEG,RGB,True,3008,2000,19.0,255.0,183.2485809326172,24.41567039489746,False,False,False,
task1_images,D:\Biology-AI\data\Task1_Segmentation\images\001226.jpg,True,JPEG,RGB,True,6708,4439,0.0,255.0,183.0115966796875,45.33066177368164,False,False,False,
task1_images,D:\Biology-AI\data\Task1_Segmentation\images\001227.jpg,True,JPEG,RGB,True,4288,2848,6.0,203.0,131.69332885742188,25.53261947631836,False,False,False,
task1_images,D:\Biology-AI\data\Task1_Segmentation\images\001228.jpg,True,JPEG,RGB,True,3072,2304,0.0,239.0,178.5523223876953,23.646446228027344,False,False,False,
task1_images,D:\Biology-AI\data\Task1_Segmentation\images\001229.jpg,True,JPEG,RGB,True,2048,1536,0.0,255.0,156.0269317626953,49.93065643310547,False,False,False,
task1_images,D:\Biology-AI\data\Task1_Segmentation\images\001230.jpg,True,JPEG,RGB,True,2592,3872,14.0,187.0,147.7736053466797,16.59973907470703,False,False,False,
task1_images,D:\Biology-AI\data\Task1_Segmentation\images\001231.jpg,True,JPEG,RGB,True,2272,1704,0.0,255.0,148.2356719970703,66.55352020263672,False,False,False,
task1_images,D:\Biology-AI\data\Task1_Segmentation\images\001232.jpg,True,JPEG,RGB,True,3872,2592,51.0,255.0,176.71043395996094,14.01984691619873,False,False,False,
task1_images,D:\Biology-AI\data\Task1_Segmentation\images\001233.jpg,True,JPEG,RGB,True,1024,768,2.0,238.0,163.88101196289062,45.511837005615234,False,False,False,
task1_images,D:\Biology-AI\data\Task1_Segmentation\images\001234.jpg,True,JPEG,RGB,True,1024,768,30.0,235.0,184.00416564941406,24.28413200378418,False,False,False,
task1_images,D:\Biology-AI\data\Task1_Segmentation\images\001235.jpg,True,JPEG,RGB,True,6608,4399,0.0,255.0,144.61752319335938,57.98671340942383,False,False,False,
task1_images,D:\Biology-AI\data\Task1_Segmentation\images\001236.jpg,True,JPEG,RGB,True,3072,2304,5.0,230.0,142.2808380126953,44.810184478759766,False,False,False,
task1_images,D:\Biology-AI\data\Task1_Segmentation\images\001237.jpg,True,JPEG,RGB,True,2592,1936,4.0,255.0,167.02850341796875,27.863115310668945,False,False,False,
task1_images,D:\Biology-AI\data\Task1_Segmentation\images\001238.jpg,True,JPEG,RGB,True,1024,768,8.0,223.0,158.35580444335938,36.623634338378906,False,False,False,
task1_images,D:\Biology-AI\data\Task1_Segmentation\images\001239.jpg,True,JPEG,RGB,True,1504,1129,0.0,255.0,159.67926025390625,50.04724884033203,False,False,False,
task1_images,D:\Biology-AI\data\Task1_Segmentation\images\001240.jpg,True,JPEG,RGB,True,640,480,0.0,253.0,156.01210021972656,43.92254638671875,False,False,False,
task1_images,D:\Biology-AI\data\Task1_Segmentation\images\001241.jpg,True,JPEG,RGB,True,3072,2304,0.0,255.0,133.00115966796875,36.79302978515625,False,False,False,
task1_images,D:\Biology-AI\data\Task1_Segmentation\images\001242.jpg,True,JPEG,RGB,True,2592,1936,0.0,239.0,154.69448852539062,34.412601470947266,False,False,False,
task1_images,D:\Biology-AI\data\Task1_Segmentation\images\001243.jpg,True,JPEG,RGB,True,640,480,0.0,240.0,139.5078125,50.48992156982422,False,False,False,
task1_images,D:\Biology-AI\data\Task1_Segmentation\images\001244.jpg,True,JPEG,RGB,True,1024,768,15.0,255.0,194.36683654785156,31.46328353881836,False,False,False,
task1_images,D:\Biology-AI\data\Task1_Segmentation\images\001245.jpg,True,JPEG,RGB,True,6688,4459,0.0,255.0,152.77468872070312,40.00883865356445,False,False,False,
task1_images,D:\Biology-AI\data\Task1_Segmentation\images\001246.jpg,True,JPEG,RGB,True,3008,2000,18.0,255.0,179.13983154296875,24.093143463134766,False,False,False,
task1_images,D:\Biology-AI\data\Task1_Segmentation\images\001247.jpg,True,JPEG,RGB,True,2048,1536,0.0,254.0,166.65573120117188,45.90398406982422,False,False,False,
task1_images,D:\Biology-AI\data\Task1_Segmentation\images\001248.jpg,True,JPEG,RGB,True,6668,4459,0.0,255.0,190.52590942382812,47.92661666870117,False,False,False,
task1_images,D:\Biology-AI\data\Task1_Segmentation\images\001249.jpg,True,JPEG,RGB,True,3008,2000,16.0,243.0,158.73321533203125,18.667089462280273,False,False,False,
task1_images,D:\Biology-AI\data\Task1_Segmentation\images\001250.jpg,True,JPEG,RGB,True,824,719,23.0,241.0,143.25376892089844,40.228729248046875,False,False,False,
task1_images,D:\Biology-AI\data\Task1_Segmentation\images\001251.jpg,True,JPEG,RGB,True,3872,2592,12.0,255.0,172.4391326904297,25.08661460876465,False,False,False,
task1_images,D:\Biology-AI\data\Task1_Segmentation\images\001252.jpg,True,JPEG,RGB,True,4288,2848,18.0,255.0,136.0410919189453,30.094615936279297,False,False,False,
task1_images,D:\Biology-AI\data\Task1_Segmentation\images\001253.jpg,True,JPEG,RGB,True,1024,768,57.0,236.0,139.13104248046875,21.273794174194336,False,False,False,
task1_images,D:\Biology-AI\data\Task1_Segmentation\images\001254.jpg,True,JPEG,RGB,True,1024,768,7.0,234.0,182.3006591796875,46.641807556152344,False,False,False,
task1_images,D:\Biology-AI\data\Task1_Segmentation\images\001255.jpg,True,JPEG,RGB,True,3008,2000,13.0,244.0,173.5001983642578,19.95171546936035,False,False,False,
task1_images,D:\Biology-AI\data\Task1_Segmentation\images\001256.jpg,True,JPEG,RGB,True,3072,2304,0.0,255.0,145.3776092529297,51.88996505737305,False,False,False,
task1_images,D:\Biology-AI\data\Task1_Segmentation\images\001257.jpg,True,JPEG,RGB,True,6642,4421,0.0,255.0,145.67034912109375,59.14450454711914,False,False,False,
task1_images,D:\Biology-AI\data\Task1_Segmentation\images\001258.jpg,True,JPEG,RGB,True,4288,2848,3.0,255.0,154.2091522216797,27.8206787109375,False,False,False,
task1_images,D:\Biology-AI\data\Task1_Segmentation\images\001259.jpg,True,JPEG,RGB,True,1024,768,1.0,235.0,164.151611328125,34.928890228271484,False,False,False,
task1_images,D:\Biology-AI\data\Task1_Segmentation\images\001260.jpg,True,JPEG,RGB,True,6688,4439,0.0,255.0,126.1353988647461,63.575374603271484,False,False,False,
task1_images,D:\Biology-AI\data\Task1_Segmentation\images\001261.jpg,True,JPEG,RGB,True,3072,2304,50.0,245.0,186.51046752929688,28.557527542114258,False,False,False,
task1_images,D:\Biology-AI\data\Task1_Segmentation\images\001262.jpg,True,JPEG,RGB,True,640,480,0.0,255.0,61.8445930480957,58.860660552978516,False,False,False,
task1_images,D:\Biology-AI\data\Task1_Segmentation\images\001263.jpg,True,JPEG,RGB,True,3072,2304,18.0,216.0,130.62815856933594,35.13003158569336,False,False,False,
task1_images,D:\Biology-AI\data\Task1_Segmentation\images\001264.jpg,True,JPEG,RGB,True,919,802,0.0,255.0,180.29025268554688,25.956645965576172,False,False,False,
task1_images,D:\Biology-AI\data\Task1_Segmentation\images\001265.jpg,True,JPEG,RGB,True,3008,2000,1.0,255.0,140.9590301513672,34.55241012573242,False,False,False,
task1_images,D:\Biology-AI\data\Task1_Segmentation\images\001266.jpg,True,JPEG,RGB,True,3008,2000,4.0,241.0,147.09994506835938,19.61239242553711,False,False,False,
task1_images,D:\Biology-AI\data\Task1_Segmentation\images\001267.jpg,True,JPEG,RGB,True,640,480,0.0,240.0,120.74044799804688,54.02492904663086,False,False,False,
task1_images,D:\Biology-AI\data\Task1_Segmentation\images\001268.jpg,True,JPEG,RGB,True,3872,2592,15.0,255.0,172.65628051757812,22.55959701538086,False,False,False,
task1_images,D:\Biology-AI\data\Task1_Segmentation\images\001269.jpg,True,JPEG,RGB,True,3024,2016,0.0,255.0,149.5115509033203,35.71059799194336,False,False,False,
task1_images,D:\Biology-AI\data\Task1_Segmentation\images\001270.jpg,True,JPEG,RGB,True,1024,768,0.0,234.0,137.1707305908203,31.164098739624023,False,False,False,
task1_images,D:\Biology-AI\data\Task1_Segmentation\images\001271.jpg,True,JPEG,RGB,True,3872,2592,25.0,176.0,135.89540100097656,15.142661094665527,False,False,False,
task1_images,D:\Biology-AI\data\Task1_Segmentation\images\001272.jpg,True,JPEG,RGB,True,1024,768,0.0,255.0,175.05908203125,55.222373962402344,False,False,False,
task1_images,D:\Biology-AI\data\Task1_Segmentation\images\001273.jpg,True,JPEG,RGB,True,6688,4439,0.0,255.0,132.51565551757812,79.1816177368164,False,False,False,
task1_images,D:\Biology-AI\data\Task1_Segmentation\images\001274.jpg,True,JPEG,RGB,True,2816,2112,0.0,255.0,144.420166015625,34.89430618286133,False,False,False,
task1_images,D:\Biology-AI\data\Task1_Segmentation\images\001275.jpg,True,JPEG,RGB,True,962,674,0.0,255.0,186.9315185546875,56.10944366455078,False,False,False,
task1_images,D:\Biology-AI\data\Task1_Segmentation\images\001276.jpg,True,JPEG,RGB,True,767,576,0.0,255.0,139.27195739746094,53.412776947021484,False,False,False,
task1_images,D:\Biology-AI\data\Task1_Segmentation\images\001277.jpg,True,JPEG,RGB,True,4288,2848,0.0,255.0,118.39646911621094,19.48667335510254,False,False,False,
task1_images,D:\Biology-AI\data\Task1_Segmentation\images\001278.jpg,True,JPEG,RGB,True,3008,2000,24.0,244.0,175.25872802734375,23.640186309814453,False,False,False,
task1_images,D:\Biology-AI\data\Task1_Segmentation\images\001279.jpg,True,JPEG,RGB,True,3024,2016,0.0,255.0,144.0367889404297,33.348419189453125,False,False,False,
task1_images,D:\Biology-AI\data\Task1_Segmentation\images\001280.jpg,True,JPEG,RGB,True,1024,768,0.0,207.0,114.1572265625,68.29894256591797,False,False,False,
task1_images,D:\Biology-AI\data\Task1_Segmentation\images\001281.jpg,True,JPEG,RGB,True,1024,768,0.0,239.0,152.8653564453125,55.2140998840332,False,False,False,
task1_images,D:\Biology-AI\data\Task1_Segmentation\images\001282.jpg,True,JPEG,RGB,True,4288,2848,30.0,255.0,126.15352630615234,37.852256774902344,False,False,False,
task1_images,D:\Biology-AI\data\Task1_Segmentation\images\001283.jpg,True,JPEG,RGB,True,3008,2000,0.0,255.0,172.5181884765625,33.91204071044922,False,False,False,
task1_images,D:\Biology-AI\data\Task1_Segmentation\images\001284.jpg,True,JPEG,RGB,True,1024,768,12.0,186.0,133.89093017578125,31.8101863861084,False,False,False,
task1_images,D:\Biology-AI\data\Task1_Segmentation\images\001285.jpg,True,JPEG,RGB,True,640,480,0.0,244.0,134.3859405517578,46.66370391845703,False,False,False,
task1_images,D:\Biology-AI\data\Task1_Segmentation\images\001286.jpg,True,JPEG,RGB,True,1024,768,0.0,255.0,157.41162109375,39.0004768371582,False,False,False,
task1_images,D:\Biology-AI\data\Task1_Segmentation\images\001287.jpg,True,JPEG,RGB,True,6681,4441,0.0,255.0,135.7898712158203,61.246124267578125,False,False,False,
task1_images,D:\Biology-AI\data\Task1_Segmentation\images\001288.jpg,True,JPEG,RGB,True,1024,768,0.0,255.0,203.36233520507812,37.27272033691406,False,False,False,
task1_images,D:\Biology-AI\data\Task1_Segmentation\images\001289.jpg,True,JPEG,RGB,True,2592,1944,29.0,166.0,131.38587951660156,14.16296672821045,False,False,False,
task1_images,D:\Biology-AI\data\Task1_Segmentation\images\001290.jpg,True,JPEG,RGB,True,1024,768,1.0,235.0,166.4713592529297,44.816951751708984,False,False,False,
task1_images,D:\Biology-AI\data\Task1_Segmentation\images\001291.jpg,True,JPEG,RGB,True,2048,1536,17.0,255.0,185.14056396484375,42.76838302612305,False,False,False,
task1_images,D:\Biology-AI\data\Task1_Segmentation\images\001292.jpg,True,JPEG,RGB,True,4288,2848,4.0,255.0,164.06121826171875,27.03974151611328,False,False,False,
task1_images,D:\Biology-AI\data\Task1_Segmentation\images\001293.jpg,True,JPEG,RGB,True,4288,2848,2.0,249.0,147.17678833007812,27.17799949645996,False,False,False,
task1_images,D:\Biology-AI\data\Task1_Segmentation\images\001294.jpg,True,JPEG,RGB,True,4288,2848,13.0,255.0,133.25291442871094,31.794570922851562,False,False,False,
task1_images,D:\Biology-AI\data\Task1_Segmentation\images\001295.jpg,True,JPEG,RGB,True,6601,4380,0.0,255.0,158.62457275390625,57.46137237548828,False,False,False,
task1_images,D:\Biology-AI\data\Task1_Segmentation\images\001296.jpg,True,JPEG,RGB,True,640,480,0.0,194.0,92.20153045654297,42.483642578125,False,False,False,
task1_images,D:\Biology-AI\data\Task1_Segmentation\images\001297.jpg,True,JPEG,RGB,True,3072,2304,0.0,255.0,115.15161895751953,80.15035247802734,False,False,False,
task1_images,D:\Biology-AI\data\Task1_Segmentation\images\001298.jpg,True,JPEG,RGB,True,1024,768,28.0,243.0,156.69137573242188,28.810474395751953,False,False,False,
task1_images,D:\Biology-AI\data\Task1_Segmentation\images\001299.jpg,True,JPEG,RGB,True,4288,2848,4.0,245.0,125.14937591552734,32.441688537597656,False,False,False,
task1_images,D:\Biology-AI\data\Task1_Segmentation\images\001300.jpg,True,JPEG,RGB,True,6708,4459,0.0,255.0,174.22006225585938,46.75303268432617,False,False,False,
task1_images,D:\Biology-AI\data\Task1_Segmentation\images\001301.jpg,True,JPEG,RGB,True,6601,4401,0.0,255.0,164.85829162597656,45.146453857421875,False,False,False,
task1_images,D:\Biology-AI\data\Task1_Segmentation\images\001302.jpg,True,JPEG,RGB,True,3072,2304,0.0,192.0,125.5240249633789,33.20241165161133,False,False,False,
task1_images,D:\Biology-AI\data\Task1_Segmentation\images\001303.jpg,True,JPEG,RGB,True,959,638,0.0,255.0,156.21212768554688,57.53041458129883,False,False,False,
task1_images,D:\Biology-AI\data\Task1_Segmentation\images\001304.jpg,True,JPEG,RGB,True,1024,768,48.0,255.0,212.5746307373047,40.802513122558594,False,False,False,
task1_images,D:\Biology-AI\data\Task1_Segmentation\images\001305.jpg,True,JPEG,RGB,True,4288,2848,3.0,255.0,166.16513061523438,26.355972290039062,False,False,False,
task1_images,D:\Biology-AI\data\Task1_Segmentation\images\001306.jpg,True,JPEG,RGB,True,6681,4401,0.0,255.0,128.49093627929688,60.0335807800293,False,False,False,
task1_images,D:\Biology-AI\data\Task1_Segmentation\images\001307.jpg,True,JPEG,RGB,True,3024,2016,0.0,255.0,148.8502655029297,49.19764709472656,False,False,False,
task1_images,D:\Biology-AI\data\Task1_Segmentation\images\001308.jpg,True,JPEG,RGB,True,1024,768,1.0,244.0,171.6266326904297,43.521995544433594,False,False,False,
task1_images,D:\Biology-AI\data\Task1_Segmentation\images\001309.jpg,True,JPEG,RGB,True,4288,2848,0.0,255.0,169.201416015625,37.864315032958984,False,False,False,
task1_images,D:\Biology-AI\data\Task1_Segmentation\images\001310.jpg,True,JPEG,RGB,True,3024,2016,0.0,255.0,129.88539123535156,40.61254119873047,False,False,False,
task1_images,D:\Biology-AI\data\Task1_Segmentation\images\001311.jpg,True,JPEG,RGB,True,6715,4457,0.0,255.0,155.79092407226562,59.48138427734375,False,False,False,
task1_images,D:\Biology-AI\data\Task1_Segmentation\images\001312.jpg,True,JPEG,RGB,True,2048,1536,10.0,255.0,162.123046875,38.36998748779297,False,False,False,
task1_images,D:\Biology-AI\data\Task1_Segmentation\images\001313.jpg,True,JPEG,RGB,True,1024,768,13.0,236.0,177.8746795654297,26.418094635009766,False,False,False,
task1_images,D:\Biology-AI\data\Task1_Segmentation\images\001314.jpg,True,JPEG,RGB,True,2592,1936,21.0,255.0,184.78077697753906,27.87415313720703,False,False,False,
task1_images,D:\Biology-AI\data\Task1_Segmentation\images\001315.jpg,True,JPEG,RGB,True,3008,2000,3.0,223.0,124.25784301757812,23.333154678344727,False,False,False,
task1_images,D:\Biology-AI\data\Task1_Segmentation\images\001316.jpg,True,JPEG,RGB,True,4288,2848,8.0,240.0,127.4581298828125,24.59809112548828,False,False,False,
task1_images,D:\Biology-AI\data\Task1_Segmentation\images\001317.jpg,True,JPEG,RGB,True,3072,2304,0.0,255.0,144.4434356689453,30.90163803100586,False,False,False,
task1_images,D:\Biology-AI\data\Task1_Segmentation\images\001318.jpg,True,JPEG,RGB,True,3008,2000,9.0,255.0,190.73617553710938,22.37877082824707,False,False,False,
task1_images,D:\Biology-AI\data\Task1_Segmentation\images\001319.jpg,True,JPEG,RGB,True,1008,711,1.0,255.0,158.30345153808594,30.501981735229492,False,False,False,
task1_images,D:\Biology-AI\data\Task1_Segmentation\images\001320.jpg,True,JPEG,RGB,True,3072,2304,0.0,255.0,167.6197967529297,20.67472267150879,False,False,False,
task1_images,D:\Biology-AI\data\Task1_Segmentation\images\001321.jpg,True,JPEG,RGB,True,3008,2000,0.0,255.0,131.1743927001953,41.978389739990234,False,False,False,
task1_images,D:\Biology-AI\data\Task1_Segmentation\images\001322.jpg,True,JPEG,RGB,True,3008,2000,0.0,255.0,130.00650024414062,22.7258243560791,False,False,False,
task1_images,D:\Biology-AI\data\Task1_Segmentation\images\001323.jpg,True,JPEG,RGB,True,4288,2848,27.0,235.0,127.97842407226562,20.549570083618164,False,False,False,
task1_images,D:\Biology-AI\data\Task1_Segmentation\images\001324.jpg,True,JPEG,RGB,True,3008,2000,2.0,255.0,163.7781524658203,25.32112693786621,False,False,False,
task1_images,D:\Biology-AI\data\Task1_Segmentation\images\001325.jpg,True,JPEG,RGB,True,1504,1129,0.0,255.0,155.45594787597656,29.64807891845703,False,False,False,
task1_images,D:\Biology-AI\data\Task1_Segmentation\images\001326.jpg,True,JPEG,RGB,True,3008,2000,18.0,255.0,160.72463989257812,25.013566970825195,False,False,False,
task1_images,D:\Biology-AI\data\Task1_Segmentation\images\001327.jpg,True,JPEG,RGB,True,3072,2304,2.0,248.0,143.7288360595703,24.947912216186523,False,False,False,
task1_images,D:\Biology-AI\data\Task1_Segmentation\images\001328.jpg,True,JPEG,RGB,True,1024,768,12.0,211.0,151.58102416992188,14.094141960144043,False,False,False,
task1_images,D:\Biology-AI\data\Task1_Segmentation\images\001329.jpg,True,JPEG,RGB,True,3072,2304,0.0,255.0,129.47923278808594,44.79309844970703,False,False,False,
task1_images,D:\Biology-AI\data\Task1_Segmentation\images\001330.jpg,True,JPEG,RGB,True,3008,2000,3.0,204.0,137.0159454345703,21.262474060058594,False,False,False,
task1_images,D:\Biology-AI\data\Task1_Segmentation\images\001331.jpg,True,JPEG,RGB,True,2592,1936,0.0,255.0,118.19499206542969,90.6019287109375,False,False,False,
task1_images,D:\Biology-AI\data\Task1_Segmentation\images\001332.jpg,True,JPEG,RGB,True,6641,4421,0.0,255.0,143.41796875,58.06617736816406,False,False,False,
task1_images,D:\Biology-AI\data\Task1_Segmentation\images\001333.jpg,True,JPEG,RGB,True,3008,2000,11.0,255.0,114.83027648925781,39.85429763793945,False,False,False,
task1_images,D:\Biology-AI\data\Task1_Segmentation\images\001334.jpg,True,JPEG,RGB,True,3008,2000,19.0,255.0,148.4535369873047,25.64651107788086,False,False,False,
task1_images,D:\Biology-AI\data\Task1_Segmentation\images\001335.jpg,True,JPEG,RGB,True,2313,1985,6.0,196.0,152.3466033935547,17.8511905670166,False,False,False,
task1_images,D:\Biology-AI\data\Task1_Segmentation\images\001336.jpg,True,JPEG,RGB,True,4288,2848,15.0,242.0,116.5390853881836,23.94364356994629,False,False,False,
task1_images,D:\Biology-AI\data\Task1_Segmentation\images\001337.jpg,True,JPEG,RGB,True,3072,2304,4.0,213.0,137.5840301513672,35.6331901550293,False,False,False,
task1_images,D:\Biology-AI\data\Task1_Segmentation\images\001338.jpg,True,JPEG,RGB,True,640,480,0.0,228.0,102.7156982421875,47.692569732666016,False,False,False,
task1_images,D:\Biology-AI\data\Task1_Segmentation\images\001339.jpg,True,JPEG,RGB,True,1936,2592,0.0,255.0,170.463623046875,45.210792541503906,False,False,False,
task1_images,D:\Biology-AI\data\Task1_Segmentation\images\001340.jpg,True,JPEG,RGB,True,3008,2000,0.0,255.0,89.05555725097656,34.28697967529297,False,False,False,
task1_images,D:\Biology-AI\data\Task1_Segmentation\images\001341.jpg,True,JPEG,RGB,True,640,480,0.0,242.0,136.02737426757812,56.15563201904297,False,False,False,
task1_images,D:\Biology-AI\data\Task1_Segmentation\images\001342.jpg,True,JPEG,RGB,True,6648,4399,0.0,255.0,140.39498901367188,60.4138069152832,False,False,False,
task1_images,D:\Biology-AI\data\Task1_Segmentation\images\001343.jpg,True,JPEG,RGB,True,640,480,0.0,245.0,153.64065551757812,44.039649963378906,False,False,False,
task1_images,D:\Biology-AI\data\Task1_Segmentation\images\001344.jpg,True,JPEG,RGB,True,4288,2848,10.0,224.0,135.10455322265625,26.989439010620117,False,False,False,
task1_images,D:\Biology-AI\data\Task1_Segmentation\images\001345.jpg,True,JPEG,RGB,True,1024,768,0.0,255.0,158.34109497070312,23.316490173339844,False,False,False,
task1_images,D:\Biology-AI\data\Task1_Segmentation\images\001346.jpg,True,JPEG,RGB,True,3008,2000,8.0,250.0,159.008056640625,19.763885498046875,False,False,False,
task1_images,D:\Biology-AI\data\Task1_Segmentation\images\001347.jpg,True,JPEG,RGB,True,919,802,12.0,238.0,159.83924865722656,22.156391143798828,False,False,False,
task1_images,D:\Biology-AI\data\Task1_Segmentation\images\001348.jpg,True,JPEG,RGB,True,3024,2016,0.0,255.0,150.8296356201172,33.21323013305664,False,False,False,
task1_images,D:\Biology-AI\data\Task1_Segmentation\images\001349.jpg,True,JPEG,RGB,True,3008,2000,2.0,255.0,147.28378295898438,25.84145736694336,False,False,False,
task1_images,D:\Biology-AI\data\Task1_Segmentation\images\001350.jpg,True,JPEG,RGB,True,4288,2848,0.0,255.0,126.04862976074219,39.69217300415039,False,False,False,
task1_images,D:\Biology-AI\data\Task1_Segmentation\images\001351.jpg,True,JPEG,RGB,True,1024,768,9.0,234.0,160.07867431640625,37.56951904296875,False,False,False,
task1_images,D:\Biology-AI\data\Task1_Segmentation\images\001352.jpg,True,JPEG,RGB,True,1024,768,41.0,255.0,219.94117736816406,27.150365829467773,False,False,False,
task1_images,D:\Biology-AI\data\Task1_Segmentation\images\001353.jpg,True,JPEG,RGB,True,3072,2304,3.0,255.0,132.06275939941406,38.56026077270508,False,False,False,
task1_images,D:\Biology-AI\data\Task1_Segmentation\images\001354.jpg,True,JPEG,RGB,True,1024,768,0.0,234.0,173.68722534179688,25.295345306396484,False,False,False,
task1_images,D:\Biology-AI\data\Task1_Segmentation\images\001355.jpg,True,JPEG,RGB,True,6648,4459,0.0,255.0,132.95700073242188,57.681175231933594,False,False,False,
task1_images,D:\Biology-AI\data\Task1_Segmentation\images\001356.jpg,True,JPEG,RGB,True,3072,2304,27.0,203.0,150.74232482910156,24.909374237060547,False,False,False,
task1_images,D:\Biology-AI\data\Task1_Segmentation\images\001357.jpg,True,JPEG,RGB,True,4288,2848,9.0,255.0,163.8400115966797,42.81129455566406,False,False,False,
task1_images,D:\Biology-AI\data\Task1_Segmentation\images\001358.jpg,True,JPEG,RGB,True,4288,2848,10.0,255.0,136.65377807617188,18.684080123901367,False,False,False,
task1_images,D:\Biology-AI\data\Task1_Segmentation\images\001359.jpg,True,JPEG,RGB,True,640,480,0.0,249.0,134.94618225097656,57.667240142822266,False,False,False,
task1_images,D:\Biology-AI\data\Task1_Segmentation\images\001360.jpg,True,JPEG,RGB,True,3872,2592,6.0,255.0,159.92105102539062,26.012882232666016,False,False,False,
task1_images,D:\Biology-AI\data\Task1_Segmentation\images\001361.jpg,True,JPEG,RGB,True,3072,2304,3.0,192.0,132.38601684570312,41.16539764404297,False,False,False,
task1_images,D:\Biology-AI\data\Task1_Segmentation\images\001362.jpg,True,JPEG,RGB,True,3072,2304,7.0,255.0,142.04554748535156,33.477813720703125,False,False,False,
task1_images,D:\Biology-AI\data\Task1_Segmentation\images\001363.jpg,True,JPEG,RGB,True,6682,4441,0.0,255.0,173.2274932861328,67.08045959472656,False,False,False,
task1_images,D:\Biology-AI\data\Task1_Segmentation\images\001364.jpg,True,JPEG,RGB,True,640,480,0.0,235.0,135.08523559570312,53.591190338134766,False,False,False,
task1_images,D:\Biology-AI\data\Task1_Segmentation\images\001365.jpg,True,JPEG,RGB,True,3072,2304,0.0,255.0,147.69610595703125,28.413103103637695,False,False,False,
task1_images,D:\Biology-AI\data\Task1_Segmentation\images\001366.jpg,True,JPEG,RGB,True,3008,2000,0.0,255.0,111.47310638427734,33.353145599365234,False,False,False,
task1_images,D:\Biology-AI\data\Task1_Segmentation\images\001367.jpg,True,JPEG,RGB,True,4288,2848,13.0,245.0,125.64802551269531,18.597034454345703,False,False,False,
task1_images,D:\Biology-AI\data\Task1_Segmentation\images\001368.jpg,True,JPEG,RGB,True,4288,2848,19.0,255.0,147.91526794433594,19.14097785949707,False,False,False,
task1_images,D:\Biology-AI\data\Task1_Segmentation\images\001369.jpg,True,JPEG,RGB,True,2059,1732,36.0,255.0,169.57408142089844,28.99287986755371,False,False,False,
task1_images,D:\Biology-AI\data\Task1_Segmentation\images\001370.jpg,True,JPEG,RGB,True,1024,768,0.0,255.0,158.97398376464844,33.62644958496094,False,False,False,
task1_images,D:\Biology-AI\data\Task1_Segmentation\images\001371.jpg,True,JPEG,RGB,True,1024,768,3.0,236.0,135.05064392089844,30.259613037109375,False,False,False,
task1_images,D:\Biology-AI\data\Task1_Segmentation\images\001372.jpg,True,JPEG,RGB,True,6641,4440,0.0,255.0,147.92349243164062,73.04837036132812,False,False,False,
task1_images,D:\Biology-AI\data\Task1_Segmentation\images\001373.jpg,True,JPEG,RGB,True,4288,2848,29.0,255.0,164.43392944335938,27.969993591308594,False,False,False,
task1_images,D:\Biology-AI\data\Task1_Segmentation\images\001374.jpg,True,JPEG,RGB,True,640,480,0.0,246.0,156.10374450683594,41.453182220458984,False,False,False,
task1_images,D:\Biology-AI\data\Task1_Segmentation\images\001375.jpg,True,JPEG,RGB,True,3872,2592,21.0,255.0,208.58287048339844,21.270280838012695,False,False,False,
task1_images,D:\Biology-AI\data\Task1_Segmentation\images\001376.jpg,True,JPEG,RGB,True,1024,768,0.0,255.0,159.9683380126953,25.53911590576172,False,False,False,
task1_images,D:\Biology-AI\data\Task1_Segmentation\images\001377.jpg,True,JPEG,RGB,True,1024,768,0.0,255.0,141.87744140625,68.86066436767578,False,False,False,
task1_images,D:\Biology-AI\data\Task1_Segmentation\images\001378.jpg,True,JPEG,RGB,True,3872,2592,25.0,255.0,209.3870086669922,19.730148315429688,False,False,False,
task1_images,D:\Biology-AI\data\Task1_Segmentation\images\001379.jpg,True,JPEG,RGB,True,4288,2848,11.0,255.0,148.8525390625,23.816261291503906,False,False,False,
task1_images,D:\Biology-AI\data\Task1_Segmentation\images\001380.jpg,True,JPEG,RGB,True,1024,768,15.0,255.0,202.33160400390625,41.217308044433594,False,False,False,
task1_images,D:\Biology-AI\data\Task1_Segmentation\images\001381.jpg,True,JPEG,RGB,True,1453,1241,0.0,255.0,140.5767822265625,49.524505615234375,False,False,False,
task1_images,D:\Biology-AI\data\Task1_Segmentation\images\001382.jpg,True,JPEG,RGB,True,3072,2304,4.0,201.0,117.46793365478516,31.955318450927734,False,False,False,
task1_images,D:\Biology-AI\data\Task1_Segmentation\images\001383.jpg,True,JPEG,RGB,True,4288,2848,26.0,250.0,148.26373291015625,13.376195907592773,False,False,False,
task1_images,D:\Biology-AI\data\Task1_Segmentation\images\001384.jpg,True,JPEG,RGB,True,6622,4441,0.0,255.0,157.36575317382812,56.52349090576172,False,False,False,
task1_images,D:\Biology-AI\data\Task1_Segmentation\images\001385.jpg,True,JPEG,RGB,True,2592,1936,3.0,255.0,170.2798309326172,40.326351165771484,False,False,False,
task1_images,D:\Biology-AI\data\Task1_Segmentation\images\001386.jpg,True,JPEG,RGB,True,640,480,0.0,231.0,138.2684783935547,40.489479064941406,False,False,False,
task1_images,D:\Biology-AI\data\Task1_Segmentation\images\001387.jpg,True,JPEG,RGB,True,1502,1051,0.0,255.0,186.31253051757812,59.7799072265625,False,False,False,
task1_images,D:\Biology-AI\data\Task1_Segmentation\images\001388.jpg,True,JPEG,RGB,True,3008,2000,15.0,255.0,175.94119262695312,31.141555786132812,False,False,False,
task1_images,D:\Biology-AI\data\Task1_Segmentation\images\001389.jpg,True,JPEG,RGB,True,767,576,0.0,255.0,117.15617370605469,53.018218994140625,False,False,False,
task1_images,D:\Biology-AI\data\Task1_Segmentation\images\001390.jpg,True,JPEG,RGB,True,1024,768,21.0,254.0,163.39369201660156,38.28611755371094,False,False,False,
task1_images,D:\Biology-AI\data\Task1_Segmentation\images\001391.jpg,True,JPEG,RGB,True,6688,4439,0.0,255.0,167.98947143554688,44.2997932434082,False,False,False,
task1_images,D:\Biology-AI\data\Task1_Segmentation\images\001392.jpg,True,JPEG,RGB,True,640,480,0.0,231.0,139.57435607910156,45.730342864990234,False,False,False,
task1_images,D:\Biology-AI\data\Task1_Segmentation\images\001393.jpg,True,JPEG,RGB,True,6621,4402,0.0,255.0,183.87879943847656,52.90257263183594,False,False,False,
task1_images,D:\Biology-AI\data\Task1_Segmentation\images\001394.jpg,True,JPEG,RGB,True,3872,2592,2.0,250.0,118.40113067626953,16.5748348236084,False,False,False,
task1_images,D:\Biology-AI\data\Task1_Segmentation\images\001395.jpg,True,JPEG,RGB,True,1024,768,0.0,232.0,160.83062744140625,40.99445343017578,False,False,False,
task1_images,D:\Biology-AI\data\Task1_Segmentation\images\001396.jpg,True,JPEG,RGB,True,3072,2304,9.0,255.0,162.44361877441406,31.353294372558594,False,False,False,
task1_images,D:\Biology-AI\data\Task1_Segmentation\images\001397.jpg,True,JPEG,RGB,True,4288,2848,13.0,255.0,145.41934204101562,28.375728607177734,False,False,False,
task1_images,D:\Biology-AI\data\Task1_Segmentation\images\001398.jpg,True,JPEG,RGB,True,4288,2848,0.0,255.0,161.8367919921875,29.804208755493164,False,False,False,
task1_images,D:\Biology-AI\data\Task1_Segmentation\images\001399.jpg,True,JPEG,RGB,True,4288,2848,5.0,242.0,96.53654479980469,33.50959014892578,False,False,False,
task1_images,D:\Biology-AI\data\Task1_Segmentation\images\001400.jpg,True,JPEG,RGB,True,6608,4419,0.0,255.0,139.4490509033203,51.06406021118164,False,False,False,
task1_images,D:\Biology-AI\data\Task1_Segmentation\images\001401.jpg,True,JPEG,RGB,True,6648,4439,0.0,255.0,191.8351287841797,33.595672607421875,False,False,False,
task1_images,D:\Biology-AI\data\Task1_Segmentation\images\001402.jpg,True,JPEG,RGB,True,4288,2848,2.0,228.0,130.308349609375,22.866201400756836,False,False,False,
task1_images,D:\Biology-AI\data\Task1_Segmentation\images\001403.jpg,True,JPEG,RGB,True,3072,2304,19.0,253.0,162.32131958007812,31.897165298461914,False,False,False,
task1_images,D:\Biology-AI\data\Task1_Segmentation\images\001404.jpg,True,JPEG,RGB,True,1024,768,16.0,236.0,143.200927734375,31.03253173828125,False,False,False,
task1_images,D:\Biology-AI\data\Task1_Segmentation\images\001405.jpg,True,JPEG,RGB,True,2265,1965,0.0,201.0,138.34886169433594,23.964094161987305,False,False,False,
task1_images,D:\Biology-AI\data\Task1_Segmentation\images\001406.jpg,True,JPEG,RGB,True,4288,2848,21.0,228.0,130.84361267089844,15.889281272888184,False,False,False,
task1_images,D:\Biology-AI\data\Task1_Segmentation\images\001407.jpg,True,JPEG,RGB,True,3072,2304,0.0,187.0,132.05029296875,25.38314437866211,False,False,False,
task1_images,D:\Biology-AI\data\Task1_Segmentation\images\001408.jpg,True,JPEG,RGB,True,4288,2848,10.0,255.0,169.0874481201172,28.565553665161133,False,False,False,
task1_images,D:\Biology-AI\data\Task1_Segmentation\images\001409.jpg,True,JPEG,RGB,True,3024,2016,0.0,255.0,145.2437286376953,37.342193603515625,False,False,False,
task1_images,D:\Biology-AI\data\Task1_Segmentation\images\001410.jpg,True,JPEG,RGB,True,1024,768,3.0,255.0,174.52301025390625,57.02070236206055,False,False,False,
task1_images,D:\Biology-AI\data\Task1_Segmentation\images\001411.jpg,True,JPEG,RGB,True,6642,4420,0.0,255.0,134.56338500976562,48.824859619140625,False,False,False,
task1_images,D:\Biology-AI\data\Task1_Segmentation\images\001412.jpg,True,JPEG,RGB,True,2048,1536,0.0,255.0,169.2582244873047,61.3135871887207,False,False,False,
task1_images,D:\Biology-AI\data\Task1_Segmentation\images\001413.jpg,True,JPEG,RGB,True,4288,2848,5.0,214.0,120.98770141601562,20.181554794311523,False,False,False,
task1_images,D:\Biology-AI\data\Task1_Segmentation\images\001414.jpg,True,JPEG,RGB,True,3008,2000,1.0,227.0,151.40138244628906,27.08448028564453,False,False,False,
task1_images,D:\Biology-AI\data\Task1_Segmentation\images\001415.jpg,True,JPEG,RGB,True,1024,768,0.0,255.0,212.70408630371094,37.66168212890625,False,False,False,
task1_images,D:\Biology-AI\data\Task1_Segmentation\images\001416.jpg,True,JPEG,RGB,True,3072,2304,0.0,255.0,147.7910919189453,26.89348030090332,False,False,False,
task1_images,D:\Biology-AI\data\Task1_Segmentation\images\001417.jpg,True,JPEG,RGB,True,962,670,0.0,255.0,181.23019409179688,70.40478515625,False,False,False,
task1_images,D:\Biology-AI\data\Task1_Segmentation\images\001418.jpg,True,JPEG,RGB,True,3072,2304,0.0,255.0,161.68299865722656,29.471635818481445,False,False,False,
task1_images,D:\Biology-AI\data\Task1_Segmentation\images\001419.jpg,True,JPEG,RGB,True,4288,2848,14.0,245.0,138.28684997558594,23.797679901123047,False,False,False,
task1_images,D:\Biology-AI\data\Task1_Segmentation\images\001420.jpg,True,JPEG,RGB,True,3872,2592,38.0,185.0,143.5197296142578,19.301546096801758,False,False,False,
task1_images,D:\Biology-AI\data\Task1_Segmentation\images\001421.jpg,True,JPEG,RGB,True,4288,2848,10.0,255.0,136.8234405517578,29.797361373901367,False,False,False,
task1_images,D:\Biology-AI\data\Task1_Segmentation\images\001422.jpg,True,JPEG,RGB,True,767,576,0.0,255.0,127.321044921875,56.75775909423828,False,False,False,
task1_images,D:\Biology-AI\data\Task1_Segmentation\images\001423.jpg,True,JPEG,RGB,True,1024,768,0.0,253.0,92.4047622680664,84.78013610839844,False,False,False,
task1_images,D:\Biology-AI\data\Task1_Segmentation\images\001424.jpg,True,JPEG,RGB,True,3072,2304,0.0,173.0,131.9158477783203,25.745012283325195,False,False,False,
task1_images,D:\Biology-AI\data\Task1_Segmentation\images\001425.jpg,True,JPEG,RGB,True,3008,2000,4.0,232.0,147.16773986816406,28.6757755279541,False,False,False,
task1_images,D:\Biology-AI\data\Task1_Segmentation\images\001426.jpg,True,JPEG,RGB,True,3872,2592,17.0,255.0,216.1439666748047,18.524133682250977,False,False,False,
task1_images,D:\Biology-AI\data\Task1_Segmentation\images\001427.jpg,True,JPEG,RGB,True,3024,2016,0.0,255.0,146.4730682373047,26.44782829284668,False,False,False,
task1_images,D:\Biology-AI\data\Task1_Segmentation\images\001428.jpg,True,JPEG,RGB,True,3008,2000,8.0,227.0,131.5653839111328,19.024381637573242,False,False,False,
task1_images,D:\Biology-AI\data\Task1_Segmentation\images\001429.jpg,True,JPEG,RGB,True,796,682,0.0,254.0,180.62159729003906,33.99824142456055,False,False,False,
task1_images,D:\Biology-AI\data\Task1_Segmentation\images\001430.jpg,True,JPEG,RGB,True,3872,2592,6.0,227.0,164.64288330078125,18.259016036987305,False,False,False,
task1_images,D:\Biology-AI\data\Task1_Segmentation\images\001431.jpg,True,JPEG,RGB,True,3024,2016,0.0,255.0,133.60617065429688,41.4457893371582,False,False,False,
task1_images,D:\Biology-AI\data\Task1_Segmentation\images\001432.jpg,True,JPEG,RGB,True,6648,4419,0.0,255.0,126.15349578857422,63.63454055786133,False,False,False,
task1_images,D:\Biology-AI\data\Task1_Segmentation\images\001433.jpg,True,JPEG,RGB,True,3072,2304,0.0,255.0,174.26849365234375,36.475624084472656,False,False,False,
task1_images,D:\Biology-AI\data\Task1_Segmentation\images\001434.jpg,True,JPEG,RGB,True,1024,768,0.0,245.0,147.7207794189453,33.791866302490234,False,False,False,
task1_images,D:\Biology-AI\data\Task1_Segmentation\images\001435.jpg,True,JPEG,RGB,True,6708,4439,0.0,255.0,161.51153564453125,60.7637825012207,False,False,False,
task1_images,D:\Biology-AI\data\Task1_Segmentation\images\001436.jpg,True,JPEG,RGB,True,1024,768,16.0,235.0,161.97227478027344,45.125980377197266,False,False,False,
task1_images,D:\Biology-AI\data\Task1_Segmentation\images\001437.jpg,True,JPEG,RGB,True,3072,2304,0.0,255.0,149.2498321533203,32.89986801147461,False,False,False,
task1_images,D:\Biology-AI\data\Task1_Segmentation\images\001438.jpg,True,JPEG,RGB,True,6602,4382,0.0,255.0,103.26083374023438,56.58229446411133,False,False,False,
task1_images,D:\Biology-AI\data\Task1_Segmentation\images\001439.jpg,True,JPEG,RGB,True,1504,1129,0.0,255.0,170.970703125,39.85003662109375,False,False,False,
task1_images,D:\Biology-AI\data\Task1_Segmentation\images\001440.jpg,True,JPEG,RGB,True,2592,1936,0.0,206.0,142.2249755859375,37.69606018066406,False,False,False,
task1_images,D:\Biology-AI\data\Task1_Segmentation\images\001441.jpg,True,JPEG,RGB,True,2048,1536,5.0,255.0,175.9009246826172,45.150054931640625,False,False,False,
task1_images,D:\Biology-AI\data\Task1_Segmentation\images\001442.jpg,True,JPEG,RGB,True,4288,2848,4.0,255.0,144.7364959716797,27.668163299560547,False,False,False,
task1_images,D:\Biology-AI\data\Task1_Segmentation\images\001443.jpg,True,JPEG,RGB,True,4288,2848,9.0,241.0,133.89515686035156,23.06697654724121,False,False,False,
task1_images,D:\Biology-AI\data\Task1_Segmentation\images\001444.jpg,True,JPEG,RGB,True,4288,2848,4.0,243.0,134.59654235839844,41.125587463378906,False,False,False,
task1_images,D:\Biology-AI\data\Task1_Segmentation\images\001445.jpg,True,JPEG,RGB,True,3008,2000,1.0,255.0,163.01800537109375,16.191774368286133,False,False,False,
task1_images,D:\Biology-AI\data\Task1_Segmentation\images\001446.jpg,True,JPEG,RGB,True,3872,2592,12.0,211.0,142.20130920410156,21.74083709716797,False,False,False,
task1_images,D:\Biology-AI\data\Task1_Segmentation\images\001447.jpg,True,JPEG,RGB,True,3072,2304,7.0,232.0,165.44630432128906,27.336044311523438,False,False,False,
task1_images,D:\Biology-AI\data\Task1_Segmentation\images\001448.jpg,True,JPEG,RGB,True,4288,2848,6.0,240.0,131.5653076171875,21.099573135375977,False,False,False,
task1_images,D:\Biology-AI\data\Task1_Segmentation\images\001449.jpg,True,JPEG,RGB,True,640,480,0.0,243.0,108.88258361816406,60.35586929321289,False,False,False,
task1_images,D:\Biology-AI\data\Task1_Segmentation\images\001450.jpg,True,JPEG,RGB,True,6662,4382,0.0,255.0,158.2661590576172,52.35617446899414,False,False,False,
task1_images,D:\Biology-AI\data\Task1_Segmentation\images\001451.jpg,True,JPEG,RGB,True,640,480,0.0,255.0,186.14532470703125,41.650421142578125,False,False,False,
task1_images,D:\Biology-AI\data\Task1_Segmentation\images\001452.jpg,True,JPEG,RGB,True,2592,1936,0.0,248.0,139.4689178466797,39.41535568237305,False,False,False,
task1_images,D:\Biology-AI\data\Task1_Segmentation\images\001453.jpg,True,JPEG,RGB,True,1024,768,13.0,236.0,163.73861694335938,41.000244140625,False,False,False,
task1_images,D:\Biology-AI\data\Task1_Segmentation\images\001454.jpg,True,JPEG,RGB,True,3072,2304,48.0,255.0,178.25132751464844,20.072172164916992,False,False,False,
task1_images,D:\Biology-AI\data\Task1_Segmentation\images\001455.jpg,True,JPEG,RGB,True,4288,2848,14.0,250.0,157.93821716308594,25.617332458496094,False,False,False,
task1_images,D:\Biology-AI\data\Task1_Segmentation\images\001456.jpg,True,JPEG,RGB,True,767,576,0.0,255.0,190.13160705566406,52.88871765136719,False,False,False,
task1_images,D:\Biology-AI\data\Task1_Segmentation\images\001457.jpg,True,JPEG,RGB,True,6682,4422,0.0,255.0,197.27049255371094,52.518150329589844,False,False,False,
task1_images,D:\Biology-AI\data\Task1_Segmentation\images\001458.jpg,True,JPEG,RGB,True,1022,767,0.0,255.0,90.15828704833984,77.423095703125,False,False,False,
task1_images,D:\Biology-AI\data\Task1_Segmentation\images\001459.jpg,True,JPEG,RGB,True,1024,768,0.0,255.0,164.2466278076172,52.75685119628906,False,False,False,
task1_images,D:\Biology-AI\data\Task1_Segmentation\images\001460.jpg,True,JPEG,RGB,True,3072,2304,19.0,209.0,147.4757080078125,28.785634994506836,False,False,False,
task1_images,D:\Biology-AI\data\Task1_Segmentation\images\001461.jpg,True,JPEG,RGB,True,4288,2848,5.0,255.0,130.98171997070312,22.458681106567383,False,False,False,
task1_images,D:\Biology-AI\data\Task1_Segmentation\images\001462.jpg,True,JPEG,RGB,True,1024,768,0.0,255.0,209.76119995117188,41.30580520629883,False,False,False,
task1_images,D:\Biology-AI\data\Task1_Segmentation\images\001463.jpg,True,JPEG,RGB,True,640,480,0.0,251.0,141.90585327148438,43.1360969543457,False,False,False,
task1_images,D:\Biology-AI\data\Task1_Segmentation\images\001464.jpg,True,JPEG,RGB,True,4288,2848,9.0,255.0,150.3726806640625,20.666921615600586,False,False,False,
task1_images,D:\Biology-AI\data\Task1_Segmentation\images\001465.jpg,True,JPEG,RGB,True,2048,1536,0.0,209.0,141.1887969970703,32.718475341796875,False,False,False,
task1_images,D:\Biology-AI\data\Task1_Segmentation\images\001466.jpg,True,JPEG,RGB,True,3008,2000,0.0,255.0,121.28907775878906,31.75835609436035,False,False,False,
task1_images,D:\Biology-AI\data\Task1_Segmentation\images\001467.jpg,True,JPEG,RGB,True,1504,1129,0.0,255.0,135.8909149169922,50.963890075683594,False,False,False,
task1_images,D:\Biology-AI\data\Task1_Segmentation\images\001468.jpg,True,JPEG,RGB,True,1024,768,19.0,255.0,199.29457092285156,21.746519088745117,False,False,False,
task1_images,D:\Biology-AI\data\Task1_Segmentation\images\001469.jpg,True,JPEG,RGB,True,3072,2304,0.0,255.0,199.9113311767578,43.66472244262695,False,False,False,
task1_images,D:\Biology-AI\data\Task1_Segmentation\images\001470.jpg,True,JPEG,RGB,True,1024,768,13.0,222.0,176.29739379882812,29.727161407470703,False,False,False,
task1_images,D:\Biology-AI\data\Task1_Segmentation\images\001471.jpg,True,JPEG,RGB,True,640,480,0.0,245.0,152.95538330078125,44.48145294189453,False,False,False,
task1_images,D:\Biology-AI\data\Task1_Segmentation\images\001472.jpg,True,JPEG,RGB,True,962,722,2.0,255.0,159.3323516845703,47.99833679199219,False,False,False,
task1_images,D:\Biology-AI\data\Task1_Segmentation\images\001473.jpg,True,JPEG,RGB,True,2314,2067,15.0,255.0,138.72996520996094,19.9079532623291,False,False,False,
task1_images,D:\Biology-AI\data\Task1_Segmentation\images\001474.jpg,True,JPEG,RGB,True,2048,1536,10.0,255.0,142.80670166015625,40.069217681884766,False,False,False,
task1_images,D:\Biology-AI\data\Task1_Segmentation\images\001475.jpg,True,JPEG,RGB,True,1024,768,23.0,240.0,146.20309448242188,26.22356414794922,False,False,False,
task1_images,D:\Biology-AI\data\Task1_Segmentation\images\001476.jpg,True,JPEG,RGB,True,6648,4419,0.0,255.0,186.5167999267578,48.37503433227539,False,False,False,
task1_images,D:\Biology-AI\data\Task1_Segmentation\images\001477.jpg,True,JPEG,RGB,True,1024,768,3.0,223.0,156.22216796875,44.943580627441406,False,False,False,
task1_images,D:\Biology-AI\data\Task1_Segmentation\images\001478.jpg,True,JPEG,RGB,True,4288,2848,3.0,217.0,109.3591079711914,22.298992156982422,False,False,False,
task1_images,D:\Biology-AI\data\Task1_Segmentation\images\001479.jpg,True,JPEG,RGB,True,3008,2000,3.0,237.0,139.7028045654297,17.859935760498047,False,False,False,
task1_images,D:\Biology-AI\data\Task1_Segmentation\images\001480.jpg,True,JPEG,RGB,True,722,542,0.0,255.0,131.0409393310547,72.20555114746094,False,False,False,
task1_images,D:\Biology-AI\data\Task1_Segmentation\images\001481.jpg,True,JPEG,RGB,True,3072,2304,0.0,255.0,191.8939971923828,47.69453811645508,False,False,False,
task1_images,D:\Biology-AI\data\Task1_Segmentation\images\001482.jpg,True,JPEG,RGB,True,640,480,0.0,234.0,118.99710083007812,51.17351150512695,False,False,False,
task1_images,D:\Biology-AI\data\Task1_Segmentation\images\001483.jpg,True,JPEG,RGB,True,640,480,0.0,248.0,149.8983612060547,45.40777587890625,False,False,False,
task1_images,D:\Biology-AI\data\Task1_Segmentation\images\001484.jpg,True,JPEG,RGB,True,1024,768,0.0,255.0,209.19825744628906,37.86369705200195,False,False,False,
task1_images,D:\Biology-AI\data\Task1_Segmentation\images\001485.jpg,True,JPEG,RGB,True,4288,2848,30.0,237.0,137.63162231445312,19.645877838134766,False,False,False,
task1_images,D:\Biology-AI\data\Task1_Segmentation\images\001486.jpg,True,JPEG,RGB,True,4288,2848,3.0,244.0,149.4094696044922,20.47563934326172,False,False,False,
task1_images,D:\Biology-AI\data\Task1_Segmentation\images\001487.jpg,True,JPEG,RGB,True,6621,4401,0.0,255.0,170.77439880371094,51.5678596496582,False,False,False,
task1_images,D:\Biology-AI\data\Task1_Segmentation\images\001488.jpg,True,JPEG,RGB,True,1024,768,0.0,255.0,127.65473175048828,38.03719711303711,False,False,False,
task1_images,D:\Biology-AI\data\Task1_Segmentation\images\001489.jpg,True,JPEG,RGB,True,4288,2848,19.0,255.0,162.262939453125,30.988161087036133,False,False,False,
task1_images,D:\Biology-AI\data\Task1_Segmentation\images\001490.jpg,True,JPEG,RGB,True,4288,2848,5.0,255.0,138.1890106201172,16.836149215698242,False,False,False,
task1_images,D:\Biology-AI\data\Task1_Segmentation\images\001491.jpg,True,JPEG,RGB,True,4288,2848,10.0,255.0,164.0851593017578,21.074726104736328,False,False,False,
task1_images,D:\Biology-AI\data\Task1_Segmentation\images\001492.jpg,True,JPEG,RGB,True,3072,2304,0.0,180.0,127.10777282714844,38.03116989135742,False,False,False,
task1_images,D:\Biology-AI\data\Task1_Segmentation\images\001493.jpg,True,JPEG,RGB,True,1024,768,0.0,236.0,152.60552978515625,32.09416961669922,False,False,False,
task1_images,D:\Biology-AI\data\Task1_Segmentation\images\001494.jpg,True,JPEG,RGB,True,6668,4439,0.0,255.0,175.2444610595703,83.7166748046875,False,False,False,
task1_images,D:\Biology-AI\data\Task1_Segmentation\images\001495.jpg,True,JPEG,RGB,True,3872,2592,7.0,255.0,124.0334243774414,46.0744514465332,False,False,False,
task1_images,D:\Biology-AI\data\Task1_Segmentation\images\001496.jpg,True,JPEG,RGB,True,2655,2292,4.0,255.0,153.3325653076172,30.715211868286133,False,False,False,
task1_images,D:\Biology-AI\data\Task1_Segmentation\images\001497.jpg,True,JPEG,RGB,True,4288,2848,2.0,255.0,154.66722106933594,32.02955627441406,False,False,False,
task1_images,D:\Biology-AI\data\Task1_Segmentation\images\001498.jpg,True,JPEG,RGB,True,3008,2000,11.0,255.0,162.02255249023438,25.4741268157959,False,False,False,
task1_images,D:\Biology-AI\data\Task1_Segmentation\images\001499.jpg,True,JPEG,RGB,True,3072,2304,6.0,255.0,157.28549194335938,36.0641975402832,False,False,False,
task1_images,D:\Biology-AI\data\Task1_Segmentation\images\001500.jpg,True,JPEG,RGB,True,4288,2848,9.0,251.0,136.8081512451172,27.869808197021484,False,False,False,
task1_images,D:\Biology-AI\data\Task1_Segmentation\images\001501.jpg,True,JPEG,RGB,True,3008,2000,0.0,255.0,143.59146118164062,15.032032012939453,False,False,False,
task1_images,D:\Biology-AI\data\Task1_Segmentation\images\001502.jpg,True,JPEG,RGB,True,3008,2000,0.0,234.0,116.82275390625,26.005088806152344,False,False,False,
task1_images,D:\Biology-AI\data\Task1_Segmentation\images\001503.jpg,True,JPEG,RGB,True,1024,768,0.0,255.0,139.46148681640625,22.356048583984375,False,False,False,
task1_images,D:\Biology-AI\data\Task1_Segmentation\images\001504.jpg,True,JPEG,RGB,True,3024,2016,0.0,255.0,150.24034118652344,25.350500106811523,False,False,False,
task1_images,D:\Biology-AI\data\Task1_Segmentation\images\001505.jpg,True,JPEG,RGB,True,640,480,0.0,255.0,179.06301879882812,41.8177604675293,False,False,False,
task1_images,D:\Biology-AI\data\Task1_Segmentation\images\001506.jpg,True,JPEG,RGB,True,4288,2848,6.0,255.0,111.94158935546875,19.948570251464844,False,False,False,
task1_images,D:\Biology-AI\data\Task1_Segmentation\images\001507.jpg,True,JPEG,RGB,True,3872,2592,6.0,255.0,147.79559326171875,31.884992599487305,False,False,False,
task1_images,D:\Biology-AI\data\Task1_Segmentation\images\001508.jpg,True,JPEG,RGB,True,4288,2848,15.0,252.0,147.1485595703125,24.887466430664062,False,False,False,
task1_images,D:\Biology-AI\data\Task1_Segmentation\images\001509.jpg,True,JPEG,RGB,True,4288,2848,28.0,255.0,171.27610778808594,31.275218963623047,False,False,False,
task1_images,D:\Biology-AI\data\Task1_Segmentation\images\001510.jpg,True,JPEG,RGB,True,1024,768,11.0,255.0,184.39578247070312,30.41864585876465,False,False,False,
task1_images,D:\Biology-AI\data\Task1_Segmentation\images\001511.jpg,True,JPEG,RGB,True,3072,2304,28.0,207.0,147.4920196533203,28.164875030517578,False,False,False,
task1_images,D:\Biology-AI\data\Task1_Segmentation\images\001512.jpg,True,JPEG,RGB,True,1502,1036,0.0,255.0,156.14144897460938,66.05441284179688,False,False,False,
task1_images,D:\Biology-AI\data\Task1_Segmentation\images\001513.jpg,True,JPEG,RGB,True,640,480,0.0,203.0,73.02993774414062,37.045345306396484,False,False,False,
task1_images,D:\Biology-AI\data\Task1_Segmentation\images\001514.jpg,True,JPEG,RGB,True,1024,768,0.0,246.0,141.09730529785156,29.5562744140625,False,False,False,
task1_images,D:\Biology-AI\data\Task1_Segmentation\images\001515.jpg,True,JPEG,RGB,True,1024,768,0.0,240.0,142.368896484375,32.56462097167969,False,False,False,
task1_images,D:\Biology-AI\data\Task1_Segmentation\images\001516.jpg,True,JPEG,RGB,True,4288,2848,53.0,238.0,173.13304138183594,20.77806282043457,False,False,False,
task1_images,D:\Biology-AI\data\Task1_Segmentation\images\001517.jpg,True,JPEG,RGB,True,3872,2592,18.0,255.0,200.19898986816406,17.4787654876709,False,False,False,
task1_images,D:\Biology-AI\data\Task1_Segmentation\images\001518.jpg,True,JPEG,RGB,True,640,480,0.0,235.0,138.808349609375,40.74760437011719,False,False,False,
task1_images,D:\Biology-AI\data\Task1_Segmentation\images\001519.jpg,True,JPEG,RGB,True,640,480,0.0,231.0,129.76046752929688,44.79743576049805,False,False,False,
task1_images,D:\Biology-AI\data\Task1_Segmentation\images\001520.jpg,True,JPEG,RGB,True,1024,768,0.0,253.0,140.95985412597656,27.415571212768555,False,False,False,
task1_images,D:\Biology-AI\data\Task1_Segmentation\images\001521.jpg,True,JPEG,RGB,True,6695,4497,0.0,255.0,141.13412475585938,53.32620620727539,False,False,False,
task1_images,D:\Biology-AI\data\Task1_Segmentation\images\001522.jpg,True,JPEG,RGB,True,4288,2848,25.0,255.0,183.0390625,35.236690521240234,False,False,False,
task1_images,D:\Biology-AI\data\Task1_Segmentation\images\001523.jpg,True,JPEG,RGB,True,1024,768,16.0,235.0,161.60064697265625,27.50543212890625,False,False,False,
task1_images,D:\Biology-AI\data\Task1_Segmentation\images\001524.jpg,True,JPEG,RGB,True,4288,2848,6.0,255.0,138.80909729003906,27.5387020111084,False,False,False,
task1_images,D:\Biology-AI\data\Task1_Segmentation\images\001525.jpg,True,JPEG,RGB,True,4288,2848,21.0,255.0,158.3717803955078,21.367019653320312,False,False,False,
task1_images,D:\Biology-AI\data\Task1_Segmentation\images\001526.jpg,True,JPEG,RGB,True,1024,768,0.0,231.0,75.74391174316406,79.79177856445312,False,False,False,
task1_images,D:\Biology-AI\data\Task1_Segmentation\images\001527.jpg,True,JPEG,RGB,True,6648,4419,0.0,255.0,164.86070251464844,38.40666198730469,False,False,False,
task1_images,D:\Biology-AI\data\Task1_Segmentation\images\001528.jpg,True,JPEG,RGB,True,4288,2848,12.0,243.0,110.94448852539062,32.431251525878906,False,False,False,
task1_images,D:\Biology-AI\data\Task1_Segmentation\images\001529.jpg,True,JPEG,RGB,True,4288,2848,2.0,181.0,113.71991729736328,20.57090187072754,False,False,False,
task1_images,D:\Biology-AI\data\Task1_Segmentation\images\001530.jpg,True,JPEG,RGB,True,640,480,0.0,255.0,103.12699890136719,72.63215637207031,False,False,False,
task1_images,D:\Biology-AI\data\Task1_Segmentation\images\001531.jpg,True,JPEG,RGB,True,3072,2304,12.0,239.0,141.74061584472656,37.12726974487305,False,False,False,
task1_images,D:\Biology-AI\data\Task1_Segmentation\images\001532.jpg,True,JPEG,RGB,True,3072,2304,17.0,255.0,143.90426635742188,39.20585632324219,False,False,False,
task1_images,D:\Biology-AI\data\Task1_Segmentation\images\001533.jpg,True,JPEG,RGB,True,919,802,13.0,199.0,142.7498016357422,43.80786895751953,False,False,False,
task1_images,D:\Biology-AI\data\Task1_Segmentation\images\001534.jpg,True,JPEG,RGB,True,2048,1536,0.0,255.0,86.87333679199219,77.86687469482422,False,False,False,
task1_images,D:\Biology-AI\data\Task1_Segmentation\images\001535.jpg,True,JPEG,RGB,True,2592,1944,0.0,247.0,159.8879852294922,54.52299118041992,False,False,False,
task1_images,D:\Biology-AI\data\Task1_Segmentation\images\001536.jpg,True,JPEG,RGB,True,6688,4439,0.0,255.0,184.9037322998047,49.42377853393555,False,False,False,
task1_images,D:\Biology-AI\data\Task1_Segmentation\images\001537.jpg,True,JPEG,RGB,True,3072,2304,11.0,255.0,139.5308837890625,28.6748046875,False,False,False,
task1_images,D:\Biology-AI\data\Task1_Segmentation\images\001538.jpg,True,JPEG,RGB,True,640,480,0.0,255.0,116.9578628540039,68.21604919433594,False,False,False,
task1_images,D:\Biology-AI\data\Task1_Segmentation\images\001539.jpg,True,JPEG,RGB,True,3072,2304,0.0,255.0,151.39773559570312,39.92034149169922,False,False,False,
task1_images,D:\Biology-AI\data\Task1_Segmentation\images\001540.jpg,True,JPEG,RGB,True,4288,2848,28.0,255.0,166.80015563964844,30.164104461669922,False,False,False,
task1_images,D:\Biology-AI\data\Task1_Segmentation\images\001541.jpg,True,JPEG,RGB,True,4288,2848,12.0,254.0,158.695068359375,24.86800765991211,False,False,False,
task1_images,D:\Biology-AI\data\Task1_Segmentation\images\001542.jpg,True,JPEG,RGB,True,3072,2304,0.0,255.0,102.0233154296875,76.22705078125,False,False,False,
task1_images,D:\Biology-AI\data\Task1_Segmentation\images\001543.jpg,True,JPEG,RGB,True,2048,1536,17.0,230.0,165.24725341796875,29.00620460510254,False,False,False,
task1_images,D:\Biology-AI\data\Task1_Segmentation\images\001544.jpg,True,JPEG,RGB,True,2048,1536,1.0,255.0,152.55511474609375,31.96981430053711,False,False,False,
task1_images,D:\Biology-AI\data\Task1_Segmentation\images\001545.jpg,True,JPEG,RGB,True,3008,2000,32.0,255.0,176.16709899902344,28.559741973876953,False,False,False,
task1_images,D:\Biology-AI\data\Task1_Segmentation\images\001546.jpg,True,JPEG,RGB,True,919,802,17.0,247.0,171.7305908203125,23.339380264282227,False,False,False,
task1_images,D:\Biology-AI\data\Task1_Segmentation\images\001547.jpg,True,JPEG,RGB,True,4288,2848,7.0,255.0,157.4478759765625,33.06772994995117,False,False,False,
task1_images,D:\Biology-AI\data\Task1_Segmentation\images\001548.jpg,True,JPEG,RGB,True,2048,1536,17.0,233.0,173.15733337402344,20.674434661865234,False,False,False,
task1_images,D:\Biology-AI\data\Task1_Segmentation\images\001549.jpg,True,JPEG,RGB,True,640,480,0.0,255.0,171.07577514648438,55.60277557373047,False,False,False,
task1_images,D:\Biology-AI\data\Task1_Segmentation\images\001550.jpg,True,JPEG,RGB,True,3008,2000,18.0,255.0,202.2571563720703,13.05000114440918,False,False,False,
task1_images,D:\Biology-AI\data\Task1_Segmentation\images\001551.jpg,True,JPEG,RGB,True,2048,1536,0.0,255.0,164.28842163085938,64.89324951171875,False,False,False,
task1_images,D:\Biology-AI\data\Task1_Segmentation\images\001552.jpg,True,JPEG,RGB,True,3072,2304,0.0,255.0,175.35963439941406,37.301910400390625,False,False,False,
task1_images,D:\Biology-AI\data\Task1_Segmentation\images\001553.jpg,True,JPEG,RGB,True,6602,4401,0.0,255.0,162.51832580566406,53.940818786621094,False,False,False,
task1_images,D:\Biology-AI\data\Task1_Segmentation\images\001554.jpg,True,JPEG,RGB,True,6661,4401,0.0,255.0,162.87850952148438,75.31636047363281,False,False,False,
task1_images,D:\Biology-AI\data\Task1_Segmentation\images\001555.jpg,True,JPEG,RGB,True,6688,4439,0.0,255.0,131.87828063964844,97.50199127197266,False,False,False,
task1_images,D:\Biology-AI\data\Task1_Segmentation\images\001556.jpg,True,JPEG,RGB,True,3008,2000,4.0,255.0,143.623779296875,32.57590866088867,False,False,False,
task1_images,D:\Biology-AI\data\Task1_Segmentation\images\001557.jpg,True,JPEG,RGB,True,6682,4401,0.0,255.0,154.1786651611328,71.45077514648438,False,False,False,
task1_images,D:\Biology-AI\data\Task1_Segmentation\images\001558.jpg,True,JPEG,RGB,True,3008,2000,1.0,233.0,136.51406860351562,22.86663055419922,False,False,False,
task1_images,D:\Biology-AI\data\Task1_Segmentation\images\001559.jpg,True,JPEG,RGB,True,3072,2304,13.0,179.0,140.33331298828125,23.959049224853516,False,False,False,
task1_images,D:\Biology-AI\data\Task1_Segmentation\images\001560.jpg,True,JPEG,RGB,True,3072,2304,0.0,233.0,127.63240051269531,50.0129508972168,False,False,False,
task1_images,D:\Biology-AI\data\Task1_Segmentation\images\001561.jpg,True,JPEG,RGB,True,1024,768,0.0,234.0,160.2271270751953,24.36142921447754,False,False,False,
task1_images,D:\Biology-AI\data\Task1_Segmentation\images\001562.jpg,True,JPEG,RGB,True,6628,4399,0.0,255.0,136.0897216796875,58.85933303833008,False,False,False,
task1_images,D:\Biology-AI\data\Task1_Segmentation\images\001563.jpg,True,JPEG,RGB,True,640,480,0.0,255.0,211.0631561279297,45.64726638793945,False,False,False,
task1_images,D:\Biology-AI\data\Task1_Segmentation\images\001564.jpg,True,JPEG,RGB,True,2048,1536,0.0,247.0,163.01458740234375,40.96323776245117,False,False,False,
task1_images,D:\Biology-AI\data\Task1_Segmentation\images\001565.jpg,True,JPEG,RGB,True,767,576,0.0,255.0,194.87794494628906,49.925758361816406,False,False,False,
task1_images,D:\Biology-AI\data\Task1_Segmentation\images\001566.jpg,True,JPEG,RGB,True,1024,768,28.0,234.0,191.39727783203125,31.2214298248291,False,False,False,
task1_images,D:\Biology-AI\data\Task1_Segmentation\images\001567.jpg,True,JPEG,RGB,True,3872,2592,11.0,255.0,172.3585662841797,23.63797378540039,False,False,False,
task1_images,D:\Biology-AI\data\Task1_Segmentation\images\001568.jpg,True,JPEG,RGB,True,6688,4439,0.0,255.0,140.51913452148438,59.67344284057617,False,False,False,
task1_images,D:\Biology-AI\data\Task1_Segmentation\images\001569.jpg,True,JPEG,RGB,True,3008,2000,14.0,255.0,144.43373107910156,30.904695510864258,False,False,False,
task1_images,D:\Biology-AI\data\Task1_Segmentation\images\001570.jpg,True,JPEG,RGB,True,962,674,0.0,255.0,146.84649658203125,69.9166259765625,False,False,False,
task1_images,D:\Biology-AI\data\Task1_Segmentation\images\001571.jpg,True,JPEG,RGB,True,4288,2848,8.0,226.0,127.0152587890625,10.84199333190918,False,False,False,
task1_images,D:\Biology-AI\data\Task1_Segmentation\images\001572.jpg,True,JPEG,RGB,True,3072,2304,0.0,255.0,85.15962219238281,75.5978012084961,False,False,False,
task1_images,D:\Biology-AI\data\Task1_Segmentation\images\001573.jpg,True,JPEG,RGB,True,3872,2592,7.0,255.0,148.45834350585938,17.537202835083008,False,False,False,
task1_images,D:\Biology-AI\data\Task1_Segmentation\images\001574.jpg,True,JPEG,RGB,True,3024,2016,0.0,253.0,143.71702575683594,25.664344787597656,False,False,False,
task1_images,D:\Biology-AI\data\Task1_Segmentation\images\001575.jpg,True,JPEG,RGB,True,1024,768,4.0,235.0,153.35540771484375,15.407390594482422,False,False,False,
task1_images,D:\Biology-AI\data\Task1_Segmentation\images\001576.jpg,True,JPEG,RGB,True,640,480,0.0,253.0,170.7403106689453,44.43937301635742,False,False,False,
task1_images,D:\Biology-AI\data\Task1_Segmentation\images\001577.jpg,True,JPEG,RGB,True,3072,2304,0.0,236.0,129.22935485839844,39.66416931152344,False,False,False,
task1_images,D:\Biology-AI\data\Task1_Segmentation\images\001578.jpg,True,JPEG,RGB,True,640,480,0.0,255.0,139.2657470703125,59.555904388427734,False,False,False,
task1_images,D:\Biology-AI\data\Task1_Segmentation\images\001579.jpg,True,JPEG,RGB,True,3008,2000,1.0,255.0,130.05471801757812,30.694061279296875,False,False,False,
task1_images,D:\Biology-AI\data\Task1_Segmentation\images\001580.jpg,True,JPEG,RGB,True,6661,4420,0.0,255.0,155.42747497558594,47.09716796875,False,False,False,
task1_images,D:\Biology-AI\data\Task1_Segmentation\images\001581.jpg,True,JPEG,RGB,True,1024,768,0.0,255.0,219.4319610595703,27.958948135375977,False,False,False,
task1_images,D:\Biology-AI\data\Task1_Segmentation\images\001582.jpg,True,JPEG,RGB,True,1024,768,0.0,255.0,180.2635955810547,43.66055679321289,False,False,False,
task1_images,D:\Biology-AI\data\Task1_Segmentation\images\001583.jpg,True,JPEG,RGB,True,4288,2848,0.0,255.0,133.75775146484375,44.50925827026367,False,False,False,
task1_images,D:\Biology-AI\data\Task1_Segmentation\images\001584.jpg,True,JPEG,RGB,True,4288,2848,4.0,255.0,144.10574340820312,22.077964782714844,False,False,False,
task1_images,D:\Biology-AI\data\Task1_Segmentation\images\001585.jpg,True,JPEG,RGB,True,640,480,0.0,234.0,139.11204528808594,51.29693603515625,False,False,False,
task1_images,D:\Biology-AI\data\Task1_Segmentation\images\001586.jpg,True,JPEG,RGB,True,1024,768,5.0,255.0,181.84996032714844,35.61384201049805,False,False,False,
task1_images,D:\Biology-AI\data\Task1_Segmentation\images\001587.jpg,True,JPEG,RGB,True,6600,4411,0.0,255.0,184.28131103515625,51.66963577270508,False,False,False,
task1_images,D:\Biology-AI\data\Task1_Segmentation\images\001588.jpg,True,JPEG,RGB,True,1024,768,0.0,255.0,135.88800048828125,28.0870304107666,False,False,False,
task1_images,D:\Biology-AI\data\Task1_Segmentation\images\001589.jpg,True,JPEG,RGB,True,4288,2848,0.0,255.0,123.770263671875,27.172046661376953,False,False,False,
task1_images,D:\Biology-AI\data\Task1_Segmentation\images\001590.jpg,True,JPEG,RGB,True,2592,1936,0.0,255.0,171.43161010742188,39.499755859375,False,False,False,
task1_images,D:\Biology-AI\data\Task1_Segmentation\images\001591.jpg,True,JPEG,RGB,True,5184,3456,0.0,254.0,133.7827606201172,51.09708786010742,False,False,False,
task1_images,D:\Biology-AI\data\Task1_Segmentation\images\001592.jpg,True,JPEG,RGB,True,1024,768,15.0,255.0,209.64100646972656,37.957603454589844,False,False,False,
task1_images,D:\Biology-AI\data\Task1_Segmentation\images\001593.jpg,True,JPEG,RGB,True,2592,1944,0.0,255.0,159.0928497314453,44.76078414916992,False,False,False,
task1_images,D:\Biology-AI\data\Task1_Segmentation\images\001594.jpg,True,JPEG,RGB,True,6662,4440,0.0,255.0,158.3537139892578,59.155296325683594,False,False,False,
task1_images,D:\Biology-AI\data\Task1_Segmentation\images\001595.jpg,True,JPEG,RGB,True,3072,2304,19.0,255.0,153.10162353515625,21.969051361083984,False,False,False,
task1_images,D:\Biology-AI\data\Task1_Segmentation\images\001596.jpg,True,JPEG,RGB,True,1494,1036,0.0,255.0,185.57339477539062,59.52655792236328,False,False,False,
task1_images,D:\Biology-AI\data\Task1_Segmentation\images\001597.jpg,True,JPEG,RGB,True,4288,2848,23.0,255.0,182.33604431152344,30.993864059448242,False,False,False,
task1_images,D:\Biology-AI\data\Task1_Segmentation\images\001598.jpg,True,JPEG,RGB,True,2048,1536,11.0,255.0,134.8409881591797,36.310447692871094,False,False,False,
task1_images,D:\Biology-AI\data\Task1_Segmentation\images\001599.jpg,True,JPEG,RGB,True,1213,1307,0.0,255.0,125.64468383789062,54.20673751831055,False,False,False,
task1_images,D:\Biology-AI\data\Task1_Segmentation\images\001600.jpg,True,JPEG,RGB,True,1024,768,47.0,238.0,134.62074279785156,26.191017150878906,False,False,False,
task1_images,D:\Biology-AI\data\Task1_Segmentation\images\001601.jpg,True,JPEG,RGB,True,4288,2848,24.0,255.0,152.3068084716797,22.049362182617188,False,False,False,
task1_images,D:\Biology-AI\data\Task1_Segmentation\images\001602.jpg,True,JPEG,RGB,True,3024,2016,0.0,255.0,141.15956115722656,28.167461395263672,False,False,False,
task1_images,D:\Biology-AI\data\Task1_Segmentation\images\001603.jpg,True,JPEG,RGB,True,1024,768,0.0,255.0,180.07757568359375,29.176494598388672,False,False,False,
task1_images,D:\Biology-AI\data\Task1_Segmentation\images\001604.jpg,True,JPEG,RGB,True,4288,2848,12.0,255.0,134.71376037597656,19.30882453918457,False,False,False,
task1_images,D:\Biology-AI\data\Task1_Segmentation\images\001605.jpg,True,JPEG,RGB,True,1022,767,0.0,255.0,79.59964752197266,88.61409759521484,False,False,False,
task1_images,D:\Biology-AI\data\Task1_Segmentation\images\001606.jpg,True,JPEG,RGB,True,640,480,0.0,255.0,156.4832305908203,56.335662841796875,False,False,False,
task1_images,D:\Biology-AI\data\Task1_Segmentation\images\001607.jpg,True,JPEG,RGB,True,6628,4419,0.0,255.0,163.5203399658203,45.7943115234375,False,False,False,
task1_images,D:\Biology-AI\data\Task1_Segmentation\images\001608.jpg,True,JPEG,RGB,True,767,576,0.0,255.0,176.67864990234375,56.25827407836914,False,False,False,
task1_images,D:\Biology-AI\data\Task1_Segmentation\images\001609.jpg,True,JPEG,RGB,True,3872,2592,8.0,255.0,147.0343780517578,23.340436935424805,False,False,False,
task1_images,D:\Biology-AI\data\Task1_Segmentation\images\001610.jpg,True,JPEG,RGB,True,640,480,0.0,252.0,128.37022399902344,62.958900451660156,False,False,False,
task1_images,D:\Biology-AI\data\Task1_Segmentation\images\001611.jpg,True,JPEG,RGB,True,3072,2304,0.0,199.0,149.40237426757812,30.227277755737305,False,False,False,
task1_images,D:\Biology-AI\data\Task1_Segmentation\images\001612.jpg,True,JPEG,RGB,True,1024,768,0.0,250.0,149.0366973876953,32.5918083190918,False,False,False,
task1_images,D:\Biology-AI\data\Task1_Segmentation\images\001613.jpg,True,JPEG,RGB,True,3008,2000,7.0,255.0,177.92013549804688,26.470705032348633,False,False,False,
task1_images,D:\Biology-AI\data\Task1_Segmentation\images\001614.jpg,True,JPEG,RGB,True,640,480,0.0,227.0,93.2865982055664,55.16373825073242,False,False,False,
task1_images,D:\Biology-AI\data\Task1_Segmentation\images\001615.jpg,True,JPEG,RGB,True,1024,768,31.0,255.0,195.302734375,23.89151954650879,False,False,False,
task1_images,D:\Biology-AI\data\Task1_Segmentation\images\001616.jpg,True,JPEG,RGB,True,6608,4399,0.0,255.0,129.1398468017578,63.29429244995117,False,False,False,
task1_images,D:\Biology-AI\data\Task1_Segmentation\images\001617.jpg,True,JPEG,RGB,True,3872,2592,7.0,255.0,138.25753784179688,49.1353645324707,False,False,False,
task1_images,D:\Biology-AI\data\Task1_Segmentation\images\001618.jpg,True,JPEG,RGB,True,6688,4459,0.0,255.0,148.78753662109375,52.177467346191406,False,False,False,
task1_images,D:\Biology-AI\data\Task1_Segmentation\images\001619.jpg,True,JPEG,RGB,True,2048,1536,18.0,255.0,136.9678192138672,32.498085021972656,False,False,False,
task1_images,D:\Biology-AI\data\Task1_Segmentation\images\001620.jpg,True,JPEG,RGB,True,1024,768,0.0,235.0,167.96408081054688,50.92298126220703,False,False,False,
task1_images,D:\Biology-AI\data\Task1_Segmentation\images\001621.jpg,True,JPEG,RGB,True,3008,2000,47.0,253.0,147.9821319580078,37.36227798461914,False,False,False,
task1_images,D:\Biology-AI\data\Task1_Segmentation\images\001622.jpg,True,JPEG,RGB,True,4288,2848,27.0,255.0,118.59648132324219,41.385929107666016,False,False,False,
task1_images,D:\Biology-AI\data\Task1_Segmentation\images\001623.jpg,True,JPEG,RGB,True,1024,768,0.0,204.0,166.4073944091797,21.862483978271484,False,False,False,
task1_images,D:\Biology-AI\data\Task1_Segmentation\images\001624.jpg,True,JPEG,RGB,True,4288,2848,8.0,255.0,159.26339721679688,55.5949821472168,False,False,False,
task1_images,D:\Biology-AI\data\Task1_Segmentation\images\001625.jpg,True,JPEG,RGB,True,2048,1536,0.0,227.0,149.89236450195312,45.621063232421875,False,False,False,
task1_images,D:\Biology-AI\data\Task1_Segmentation\images\001626.jpg,True,JPEG,RGB,True,6641,4441,0.0,255.0,137.66456604003906,70.46488952636719,False,False,False,
task1_images,D:\Biology-AI\data\Task1_Segmentation\images\001627.jpg,True,JPEG,RGB,True,4288,2848,5.0,255.0,159.5665740966797,47.00198745727539,False,False,False,
task1_images,D:\Biology-AI\data\Task1_Segmentation\images\001628.jpg,True,JPEG,RGB,True,4288,2848,5.0,232.0,124.19671630859375,31.523298263549805,False,False,False,
task1_images,D:\Biology-AI\data\Task1_Segmentation\images\001629.jpg,True,JPEG,RGB,True,6641,4441,0.0,255.0,158.80810546875,47.17818069458008,False,False,False,
task1_images,D:\Biology-AI\data\Task1_Segmentation\images\001630.jpg,True,JPEG,RGB,True,4288,2848,5.0,255.0,135.88833618164062,23.750370025634766,False,False,False,
task1_images,D:\Biology-AI\data\Task1_Segmentation\images\001631.jpg,True,JPEG,RGB,True,576,768,0.0,223.0,136.82281494140625,65.6028823852539,False,False,False,
task1_images,D:\Biology-AI\data\Task1_Segmentation\images\001632.jpg,True,JPEG,RGB,True,640,480,0.0,253.0,129.8707275390625,50.38114547729492,False,False,False,
task1_images,D:\Biology-AI\data\Task1_Segmentation\images\001633.jpg,True,JPEG,RGB,True,3072,2304,0.0,227.0,140.05441284179688,30.263530731201172,False,False,False,
task1_images,D:\Biology-AI\data\Task1_Segmentation\images\001634.jpg,True,JPEG,RGB,True,6688,4439,0.0,255.0,152.39083862304688,58.24420166015625,False,False,False,
task1_images,D:\Biology-AI\data\Task1_Segmentation\images\001635.jpg,True,JPEG,RGB,True,4288,2848,9.0,233.0,119.43486022949219,24.052204132080078,False,False,False,
task1_images,D:\Biology-AI\data\Task1_Segmentation\images\001636.jpg,True,JPEG,RGB,True,6648,4439,0.0,255.0,167.0655975341797,53.53914260864258,False,False,False,
task1_images,D:\Biology-AI\data\Task1_Segmentation\images\001637.jpg,True,JPEG,RGB,True,6621,4420,0.0,255.0,167.6814422607422,45.755340576171875,False,False,False,
task1_images,D:\Biology-AI\data\Task1_Segmentation\images\001638.jpg,True,JPEG,RGB,True,824,719,0.0,218.0,165.38229370117188,43.78709411621094,False,False,False,
task1_images,D:\Biology-AI\data\Task1_Segmentation\images\001639.jpg,True,JPEG,RGB,True,6662,4420,0.0,255.0,143.4440155029297,56.88514709472656,False,False,False,
task1_images,D:\Biology-AI\data\Task1_Segmentation\images\001640.jpg,True,JPEG,RGB,True,4288,2848,21.0,255.0,127.76608276367188,25.0804500579834,False,False,False,
task1_images,D:\Biology-AI\data\Task1_Segmentation\images\001641.jpg,True,JPEG,RGB,True,1936,2592,0.0,230.0,156.47732543945312,34.33456802368164,False,False,False,
task1_images,D:\Biology-AI\data\Task1_Segmentation\images\001642.jpg,True,JPEG,RGB,True,6688,4439,0.0,255.0,186.62274169921875,47.6075325012207,False,False,False,
task1_images,D:\Biology-AI\data\Task1_Segmentation\images\001643.jpg,True,JPEG,RGB,True,3008,2000,0.0,255.0,170.61073303222656,26.018802642822266,False,False,False,
task1_images,D:\Biology-AI\data\Task1_Segmentation\images\001644.jpg,True,JPEG,RGB,True,6628,4419,0.0,255.0,194.3985595703125,49.32691192626953,False,False,False,
task1_images,D:\Biology-AI\data\Task1_Segmentation\images\001645.jpg,True,JPEG,RGB,True,3072,2304,9.0,191.0,132.99525451660156,21.26707649230957,False,False,False,
task1_images,D:\Biology-AI\data\Task1_Segmentation\images\001646.jpg,True,JPEG,RGB,True,3008,2000,7.0,255.0,173.33306884765625,21.10618782043457,False,False,False,
task1_images,D:\Biology-AI\data\Task1_Segmentation\images\001647.jpg,True,JPEG,RGB,True,6682,4421,0.0,255.0,203.92837524414062,65.21051025390625,False,False,False,
task1_images,D:\Biology-AI\data\Task1_Segmentation\images\001648.jpg,True,JPEG,RGB,True,1241,1261,35.0,255.0,150.92787170410156,50.542823791503906,False,False,False,
task1_images,D:\Biology-AI\data\Task1_Segmentation\images\001649.jpg,True,JPEG,RGB,True,3872,2592,13.0,255.0,191.51365661621094,17.885709762573242,False,False,False,
task1_images,D:\Biology-AI\data\Task1_Segmentation\images\001650.jpg,True,JPEG,RGB,True,3008,2000,0.0,240.0,167.9087677001953,14.807144165039062,False,False,False,
task1_images,D:\Biology-AI\data\Task1_Segmentation\images\001651.jpg,True,JPEG,RGB,True,4288,2848,25.0,183.0,126.65278625488281,18.092050552368164,False,False,False,
task1_images,D:\Biology-AI\data\Task1_Segmentation\images\001652.jpg,True,JPEG,RGB,True,2592,1944,0.0,255.0,159.99502563476562,47.80803298950195,False,False,False,
task1_images,D:\Biology-AI\data\Task1_Segmentation\images\001653.jpg,True,JPEG,RGB,True,3008,2000,7.0,255.0,153.035400390625,28.570032119750977,False,False,False,
task1_images,D:\Biology-AI\data\Task1_Segmentation\images\001654.jpg,True,JPEG,RGB,True,4288,2848,3.0,255.0,131.44375610351562,30.704511642456055,False,False,False,
task1_images,D:\Biology-AI\data\Task1_Segmentation\images\001655.jpg,True,JPEG,RGB,True,3072,2304,4.0,231.0,157.9475555419922,29.629379272460938,False,False,False,
task1_images,D:\Biology-AI\data\Task1_Segmentation\images\001656.jpg,True,JPEG,RGB,True,1024,768,0.0,255.0,160.98150634765625,44.04990768432617,False,False,False,
task1_images,D:\Biology-AI\data\Task1_Segmentation\images\001657.jpg,True,JPEG,RGB,True,6681,4460,0.0,255.0,198.3478240966797,49.43347930908203,False,False,False,
task1_images,D:\Biology-AI\data\Task1_Segmentation\images\001658.jpg,True,JPEG,RGB,True,3872,2592,3.0,229.0,152.13824462890625,26.914234161376953,False,False,False,
task1_images,D:\Biology-AI\data\Task1_Segmentation\images\001659.jpg,True,JPEG,RGB,True,959,634,9.0,255.0,160.91696166992188,61.35547637939453,False,False,False,
task1_images,D:\Biology-AI\data\Task1_Segmentation\images\001660.jpg,True,JPEG,RGB,True,3072,2304,4.0,255.0,143.63003540039062,51.247379302978516,False,False,False,
task1_images,D:\Biology-AI\data\Task1_Segmentation\images\001661.jpg,True,JPEG,RGB,True,1765,1648,30.0,255.0,190.994384765625,33.64857482910156,False,False,False,
task1_images,D:\Biology-AI\data\Task1_Segmentation\images\001662.jpg,True,JPEG,RGB,True,3024,2016,0.0,255.0,154.56776428222656,37.58329772949219,False,False,False,
task1_images,D:\Biology-AI\data\Task1_Segmentation\images\001663.jpg,True,JPEG,RGB,True,1024,768,10.0,241.0,138.97862243652344,28.54292869567871,False,False,False,
task1_images,D:\Biology-AI\data\Task1_Segmentation\images\001664.jpg,True,JPEG,RGB,True,1064,702,19.0,255.0,205.18841552734375,37.133419036865234,False,False,False,
task1_images,D:\Biology-AI\data\Task1_Segmentation\images\001665.jpg,True,JPEG,RGB,True,1024,768,31.0,233.0,179.42654418945312,21.8480224609375,False,False,False,
task1_images,D:\Biology-AI\data\Task1_Segmentation\images\001666.jpg,True,JPEG,RGB,True,4288,2848,0.0,255.0,163.61196899414062,32.240081787109375,False,False,False,
task1_images,D:\Biology-AI\data\Task1_Segmentation\images\001667.jpg,True,JPEG,RGB,True,1024,768,0.0,255.0,152.48971557617188,36.38808822631836,False,False,False,
task1_images,D:\Biology-AI\data\Task1_Segmentation\images\001668.jpg,True,JPEG,RGB,True,3072,2304,34.0,255.0,202.95254516601562,32.02324676513672,False,False,False,
task1_images,D:\Biology-AI\data\Task1_Segmentation\images\001669.jpg,True,JPEG,RGB,True,1024,768,26.0,236.0,166.79750061035156,43.785648345947266,False,False,False,
task1_images,D:\Biology-AI\data\Task1_Segmentation\images\001670.jpg,True,JPEG,RGB,True,2048,1536,31.0,215.0,159.4097137451172,28.63680648803711,False,False,False,
task1_images,D:\Biology-AI\data\Task1_Segmentation\images\001671.jpg,True,JPEG,RGB,True,1024,768,21.0,249.0,191.70211791992188,29.513080596923828,False,False,False,
task1_images,D:\Biology-AI\data\Task1_Segmentation\images\001672.jpg,True,JPEG,RGB,True,1504,1129,0.0,255.0,158.85263061523438,33.87932205200195,False,False,False,
task1_images,D:\Biology-AI\data\Task1_Segmentation\images\001673.jpg,True,JPEG,RGB,True,6601,4382,0.0,255.0,156.66018676757812,52.84819030761719,False,False,False,
task1_images,D:\Biology-AI\data\Task1_Segmentation\images\001674.jpg,True,JPEG,RGB,True,1024,768,14.0,216.0,147.37823486328125,10.752211570739746,False,False,False,
task1_images,D:\Biology-AI\data\Task1_Segmentation\images\001675.jpg,True,JPEG,RGB,True,4288,2848,10.0,225.0,130.184326171875,31.65850830078125,False,False,False,
task1_images,D:\Biology-AI\data\Task1_Segmentation\images\001676.jpg,True,JPEG,RGB,True,3072,2304,0.0,255.0,132.97154235839844,44.74248123168945,False,False,False,
task1_images,D:\Biology-AI\data\Task1_Segmentation\images\001677.jpg,True,JPEG,RGB,True,3072,2304,0.0,255.0,148.52601623535156,50.927268981933594,False,False,False,
task1_images,D:\Biology-AI\data\Task1_Segmentation\images\001678.jpg,True,JPEG,RGB,True,3072,2304,13.0,183.0,133.69483947753906,29.015384674072266,False,False,False,
task1_images,D:\Biology-AI\data\Task1_Segmentation\images\001679.jpg,True,JPEG,RGB,True,6661,4422,0.0,255.0,141.88319396972656,58.72117233276367,False,False,False,
task1_images,D:\Biology-AI\data\Task1_Segmentation\images\001680.jpg,True,JPEG,RGB,True,1024,768,13.0,255.0,206.20285034179688,31.09274673461914,False,False,False,
task1_images,D:\Biology-AI\data\Task1_Segmentation\images\001681.jpg,True,JPEG,RGB,True,6688,4459,0.0,255.0,194.59742736816406,67.10423278808594,False,False,False,
task1_images,D:\Biology-AI\data\Task1_Segmentation\images\001682.jpg,True,JPEG,RGB,True,4288,2848,0.0,241.0,166.5965118408203,31.281206130981445,False,False,False,
task1_images,D:\Biology-AI\data\Task1_Segmentation\images\001683.jpg,True,JPEG,RGB,True,6621,4420,0.0,255.0,97.33638763427734,56.69396209716797,False,False,False,
task1_images,D:\Biology-AI\data\Task1_Segmentation\images\001684.jpg,True,JPEG,RGB,True,6602,4361,0.0,255.0,143.71168518066406,54.40129470825195,False,False,False,
task1_images,D:\Biology-AI\data\Task1_Segmentation\images\001685.jpg,True,JPEG,RGB,True,2625,2020,0.0,255.0,139.3727264404297,47.36928176879883,False,False,False,
task1_images,D:\Biology-AI\data\Task1_Segmentation\images\001686.jpg,True,JPEG,RGB,True,3872,2592,8.0,213.0,173.91458129882812,22.187314987182617,False,False,False,
task1_images,D:\Biology-AI\data\Task1_Segmentation\images\001687.jpg,True,JPEG,RGB,True,2048,1536,10.0,255.0,149.68751525878906,27.397851943969727,False,False,False,
task1_images,D:\Biology-AI\data\Task1_Segmentation\images\001688.jpg,True,JPEG,RGB,True,1024,768,13.0,242.0,145.47691345214844,24.083837509155273,False,False,False,
task1_images,D:\Biology-AI\data\Task1_Segmentation\images\001689.jpg,True,JPEG,RGB,True,3872,2592,7.0,255.0,165.44627380371094,27.13519859313965,False,False,False,
task1_images,D:\Biology-AI\data\Task1_Segmentation\images\001690.jpg,True,JPEG,RGB,True,6627,4399,0.0,255.0,153.92738342285156,68.56839752197266,False,False,False,
task1_images,D:\Biology-AI\data\Task1_Segmentation\images\001691.jpg,True,JPEG,RGB,True,3072,2304,0.0,255.0,164.47190856933594,42.64200973510742,False,False,False,
task1_images,D:\Biology-AI\data\Task1_Segmentation\images\001692.jpg,True,JPEG,RGB,True,1024,768,11.0,235.0,162.59852600097656,40.084110260009766,False,False,False,
task1_images,D:\Biology-AI\data\Task1_Segmentation\images\001693.jpg,True,JPEG,RGB,True,640,480,0.0,242.0,138.24949645996094,50.93333053588867,False,False,False,
task1_images,D:\Biology-AI\data\Task1_Segmentation\images\001694.jpg,True,JPEG,RGB,True,4288,2848,19.0,245.0,124.73165130615234,24.304269790649414,False,False,False,
task1_images,D:\Biology-AI\data\Task1_Segmentation\images\001695.jpg,True,JPEG,RGB,True,2048,1536,0.0,223.0,151.54217529296875,41.72792434692383,False,False,False,
task1_images,D:\Biology-AI\data\Task1_Segmentation\images\001696.jpg,True,JPEG,RGB,True,3024,2016,0.0,255.0,117.09600830078125,43.52647399902344,False,False,False,
task1_images,D:\Biology-AI\data\Task1_Segmentation\images\001697.jpg,True,JPEG,RGB,True,3072,2304,0.0,255.0,104.56875610351562,44.61506271362305,False,False,False,
task1_images,D:\Biology-AI\data\Task1_Segmentation\images\001698.jpg,True,JPEG,RGB,True,6688,4439,0.0,255.0,117.833251953125,70.49674987792969,False,False,False,
task1_images,D:\Biology-AI\data\Task1_Segmentation\images\001699.jpg,True,JPEG,RGB,True,3072,2304,14.0,255.0,138.68650817871094,31.509544372558594,False,False,False,
task1_images,D:\Biology-AI\data\Task1_Segmentation\images\001700.jpg,True,JPEG,RGB,True,6688,4459,0.0,255.0,120.42655181884766,46.65830993652344,False,False,False,
task1_images,D:\Biology-AI\data\Task1_Segmentation\images\001701.jpg,True,JPEG,RGB,True,6708,4439,0.0,255.0,154.77426147460938,55.17212677001953,False,False,False,
task1_images,D:\Biology-AI\data\Task1_Segmentation\images\001702.jpg,True,JPEG,RGB,True,3072,2304,1.0,238.0,157.22450256347656,34.62428283691406,False,False,False,
task1_images,D:\Biology-AI\data\Task1_Segmentation\images\001703.jpg,True,JPEG,RGB,True,1024,768,75.0,255.0,203.84104919433594,38.12992858886719,False,False,False,
task1_images,D:\Biology-AI\data\Task1_Segmentation\images\001704.jpg,True,JPEG,RGB,True,1024,768,0.0,251.0,182.61090087890625,45.209835052490234,False,False,False,
task1_images,D:\Biology-AI\data\Task1_Segmentation\images\001705.jpg,True,JPEG,RGB,True,3072,2304,8.0,246.0,148.84776306152344,40.35863494873047,False,False,False,
task1_images,D:\Biology-AI\data\Task1_Segmentation\images\001706.jpg,True,JPEG,RGB,True,6668,4459,0.0,255.0,144.81341552734375,59.67037582397461,False,False,False,
task1_images,D:\Biology-AI\data\Task1_Segmentation\images\001707.jpg,True,JPEG,RGB,True,3008,2000,5.0,203.0,138.59730529785156,26.95465850830078,False,False,False,
task1_images,D:\Biology-AI\data\Task1_Segmentation\images\001708.jpg,True,JPEG,RGB,True,4288,2848,0.0,255.0,155.25694274902344,41.94612121582031,False,False,False,
task1_images,D:\Biology-AI\data\Task1_Segmentation\images\001709.jpg,True,JPEG,RGB,True,6708,4439,0.0,255.0,130.0664825439453,65.85194396972656,False,False,False,
task1_images,D:\Biology-AI\data\Task1_Segmentation\images\001710.jpg,True,JPEG,RGB,True,4288,2848,0.0,220.0,150.1668701171875,27.944332122802734,False,False,False,
task1_images,D:\Biology-AI\data\Task1_Segmentation\images\001711.jpg,True,JPEG,RGB,True,2573,2248,10.0,255.0,183.6962127685547,23.727293014526367,False,False,False,
task1_images,D:\Biology-AI\data\Task1_Segmentation\images\001712.jpg,True,JPEG,RGB,True,640,480,6.0,243.0,168.7394256591797,36.876953125,False,False,False,
task1_images,D:\Biology-AI\data\Task1_Segmentation\images\001713.jpg,True,JPEG,RGB,True,4288,2848,8.0,255.0,160.63848876953125,16.214736938476562,False,False,False,
task1_images,D:\Biology-AI\data\Task1_Segmentation\images\001714.jpg,True,JPEG,RGB,True,1024,768,0.0,234.0,176.0377960205078,32.34367752075195,False,False,False,
task1_images,D:\Biology-AI\data\Task1_Segmentation\images\001715.jpg,True,JPEG,RGB,True,640,480,0.0,244.0,153.44039916992188,44.173011779785156,False,False,False,
task1_images,D:\Biology-AI\data\Task1_Segmentation\images\001716.jpg,True,JPEG,RGB,True,3072,2304,0.0,255.0,135.48825073242188,38.02782440185547,False,False,False,
task1_images,D:\Biology-AI\data\Task1_Segmentation\images\001717.jpg,True,JPEG,RGB,True,4288,2848,8.0,254.0,136.8831329345703,30.878631591796875,False,False,False,
task1_images,D:\Biology-AI\data\Task1_Segmentation\images\001718.jpg,True,JPEG,RGB,True,4288,2848,12.0,255.0,151.45919799804688,31.564220428466797,False,False,False,
task1_images,D:\Biology-AI\data\Task1_Segmentation\images\001719.jpg,True,JPEG,RGB,True,3872,2592,5.0,218.0,168.15753173828125,21.53792953491211,False,False,False,
task1_images,D:\Biology-AI\data\Task1_Segmentation\images\001720.jpg,True,JPEG,RGB,True,3072,2304,0.0,206.0,105.89962005615234,43.461795806884766,False,False,False,
task1_images,D:\Biology-AI\data\Task1_Segmentation\images\001721.jpg,True,JPEG,RGB,True,6828,4479,0.0,255.0,174.47532653808594,67.21237182617188,False,False,False,
task1_images,D:\Biology-AI\data\Task1_Segmentation\images\001722.jpg,True,JPEG,RGB,True,6608,4379,0.0,255.0,137.08453369140625,56.379337310791016,False,False,False,
task1_images,D:\Biology-AI\data\Task1_Segmentation\images\001723.jpg,True,JPEG,RGB,True,4288,2848,4.0,255.0,161.56153869628906,31.21148681640625,False,False,False,
task1_images,D:\Biology-AI\data\Task1_Segmentation\images\001724.jpg,True,JPEG,RGB,True,1024,768,31.0,243.0,189.14950561523438,25.96712303161621,False,False,False,
task1_images,D:\Biology-AI\data\Task1_Segmentation\images\001725.jpg,True,JPEG,RGB,True,4288,2848,19.0,255.0,119.78559112548828,34.78281021118164,False,False,False,
task1_images,D:\Biology-AI\data\Task1_Segmentation\images\001726.jpg,True,JPEG,RGB,True,6668,4439,0.0,255.0,172.25962829589844,44.511924743652344,False,False,False,
task1_images,D:\Biology-AI\data\Task1_Segmentation\images\001727.jpg,True,JPEG,RGB,True,2592,1936,4.0,255.0,172.62400817871094,34.01209259033203,False,False,False,
task1_images,D:\Biology-AI\data\Task1_Segmentation\images\001728.jpg,True,JPEG,RGB,True,4288,2848,8.0,255.0,155.84576416015625,38.994667053222656,False,False,False,
task1_images,D:\Biology-AI\data\Task1_Segmentation\images\001729.jpg,True,JPEG,RGB,True,4288,2848,14.0,229.0,121.41011047363281,22.56874656677246,False,False,False,
task1_images,D:\Biology-AI\data\Task1_Segmentation\images\001730.jpg,True,JPEG,RGB,True,1024,768,9.0,233.0,182.74229431152344,33.27738571166992,False,False,False,
task1_images,D:\Biology-AI\data\Task1_Segmentation\images\001731.jpg,True,JPEG,RGB,True,4288,2848,0.0,255.0,167.07321166992188,29.06947135925293,False,False,False,
task1_images,D:\Biology-AI\data\Task1_Segmentation\images\001732.jpg,True,JPEG,RGB,True,3008,2000,1.0,245.0,166.90777587890625,19.512699127197266,False,False,False,
task1_images,D:\Biology-AI\data\Task1_Segmentation\images\001733.jpg,True,JPEG,RGB,True,3008,2000,0.0,255.0,167.95944213867188,20.508859634399414,False,False,False,
task1_images,D:\Biology-AI\data\Task1_Segmentation\images\001734.jpg,True,JPEG,RGB,True,1024,768,0.0,237.0,153.97589111328125,37.25813293457031,False,False,False,
task1_images,D:\Biology-AI\data\Task1_Segmentation\images\001735.jpg,True,JPEG,RGB,True,1024,768,0.0,249.0,147.37591552734375,15.159010887145996,False,False,False,
task1_images,D:\Biology-AI\data\Task1_Segmentation\images\001736.jpg,True,JPEG,RGB,True,6601,4401,0.0,255.0,134.77085876464844,55.32709503173828,False,False,False,
task1_images,D:\Biology-AI\data\Task1_Segmentation\images\001737.jpg,True,JPEG,RGB,True,640,480,0.0,255.0,116.59507751464844,58.76530075073242,False,False,False,
task1_images,D:\Biology-AI\data\Task1_Segmentation\images\001738.jpg,True,JPEG,RGB,True,3872,2592,7.0,255.0,153.61431884765625,34.148094177246094,False,False,False,
task1_images,D:\Biology-AI\data\Task1_Segmentation\images\001739.jpg,True,JPEG,RGB,True,2565,2000,0.0,177.0,138.02813720703125,25.18937873840332,False,False,False,
task1_images,D:\Biology-AI\data\Task1_Segmentation\images\001740.jpg,True,JPEG,RGB,True,3072,2304,0.0,214.0,145.98135375976562,37.51572799682617,False,False,False,
task1_images,D:\Biology-AI\data\Task1_Segmentation\images\001741.jpg,True,JPEG,RGB,True,4288,2848,0.0,255.0,110.10391998291016,36.23106002807617,False,False,False,
task1_images,D:\Biology-AI\data\Task1_Segmentation\images\001742.jpg,True,JPEG,RGB,True,3872,2592,5.0,222.0,128.38827514648438,16.68325424194336,False,False,False,
task1_images,D:\Biology-AI\data\Task1_Segmentation\images\001743.jpg,True,JPEG,RGB,True,3008,2000,1.0,247.0,128.67999267578125,24.049448013305664,False,False,False,
task1_images,D:\Biology-AI\data\Task1_Segmentation\images\001744.jpg,True,JPEG,RGB,True,3008,2000,1.0,255.0,168.1262664794922,24.69350814819336,False,False,False,
task1_images,D:\Biology-AI\data\Task1_Segmentation\images\001745.jpg,True,JPEG,RGB,True,6688,4459,0.0,255.0,113.85160827636719,75.57811737060547,False,False,False,
task1_images,D:\Biology-AI\data\Task1_Segmentation\images\001746.jpg,True,JPEG,RGB,True,1024,768,23.0,235.0,157.11563110351562,21.54666519165039,False,False,False,
task1_images,D:\Biology-AI\data\Task1_Segmentation\images\001747.jpg,True,JPEG,RGB,True,767,576,0.0,255.0,169.7082977294922,55.27507400512695,False,False,False,
task1_images,D:\Biology-AI\data\Task1_Segmentation\images\001748.jpg,True,JPEG,RGB,True,3008,2000,0.0,255.0,178.849853515625,19.26840591430664,False,False,False,
task1_images,D:\Biology-AI\data\Task1_Segmentation\images\001749.jpg,True,JPEG,RGB,True,640,480,0.0,255.0,189.2124786376953,54.349456787109375,False,False,False,
task1_images,D:\Biology-AI\data\Task1_Segmentation\images\001750.jpg,True,JPEG,RGB,True,767,576,0.0,255.0,148.5384521484375,59.391483306884766,False,False,False,
task1_images,D:\Biology-AI\data\Task1_Segmentation\images\001751.jpg,True,JPEG,RGB,True,640,480,0.0,255.0,156.25204467773438,65.75103759765625,False,False,False,
task1_images,D:\Biology-AI\data\Task1_Segmentation\images\001752.jpg,True,JPEG,RGB,True,3008,2000,9.0,255.0,183.2042236328125,30.4941349029541,False,False,False,
task1_images,D:\Biology-AI\data\Task1_Segmentation\images\001753.jpg,True,JPEG,RGB,True,1024,768,48.0,255.0,196.9540252685547,45.51705551147461,False,False,False,
task1_images,D:\Biology-AI\data\Task1_Segmentation\images\001754.jpg,True,JPEG,RGB,True,640,480,0.0,255.0,184.9658660888672,36.86598205566406,False,False,False,
task1_images,D:\Biology-AI\data\Task1_Segmentation\images\001755.jpg,True,JPEG,RGB,True,3072,2304,26.0,224.0,141.5919189453125,26.151336669921875,False,False,False,
task1_images,D:\Biology-AI\data\Task1_Segmentation\images\001756.jpg,True,JPEG,RGB,True,4288,2848,13.0,247.0,148.4340362548828,25.4566650390625,False,False,False,
task1_images,D:\Biology-AI\data\Task1_Segmentation\images\001757.jpg,True,JPEG,RGB,True,3072,2304,0.0,203.0,157.9425811767578,30.506027221679688,False,False,False,
task1_images,D:\Biology-AI\data\Task1_Segmentation\images\001758.jpg,True,JPEG,RGB,True,3872,2592,7.0,255.0,145.45196533203125,36.04829025268555,False,False,False,
task1_images,D:\Biology-AI\data\Task1_Segmentation\images\001759.jpg,True,JPEG,RGB,True,3072,2304,1.0,255.0,122.82648468017578,33.37476348876953,False,False,False,
task1_images,D:\Biology-AI\data\Task1_Segmentation\images\001760.jpg,True,JPEG,RGB,True,3008,2000,0.0,255.0,187.86495971679688,24.15739631652832,False,False,False,
task1_images,D:\Biology-AI\data\Task1_Segmentation\images\001761.jpg,True,JPEG,RGB,True,4288,2848,6.0,255.0,128.8238983154297,22.689537048339844,False,False,False,
task1_images,D:\Biology-AI\data\Task1_Segmentation\images\001762.jpg,True,JPEG,RGB,True,3072,2304,8.0,238.0,186.147705078125,31.474597930908203,False,False,False,
task1_images,D:\Biology-AI\data\Task1_Segmentation\images\001763.jpg,True,JPEG,RGB,True,4288,2848,17.0,255.0,151.68504333496094,30.172290802001953,False,False,False,
task1_images,D:\Biology-AI\data\Task1_Segmentation\images\001764.jpg,True,JPEG,RGB,True,6641,4420,0.0,255.0,139.02243041992188,62.640445709228516,False,False,False,
task1_images,D:\Biology-AI\data\Task1_Segmentation\images\001765.jpg,True,JPEG,RGB,True,4288,2848,0.0,255.0,153.3148651123047,41.25490188598633,False,False,False,
task1_images,D:\Biology-AI\data\Task1_Segmentation\images\001766.jpg,True,JPEG,RGB,True,3072,2304,0.0,226.0,145.13018798828125,19.418062210083008,False,False,False,
task1_images,D:\Biology-AI\data\Task1_Segmentation\images\001767.jpg,True,JPEG,RGB,True,3072,2304,15.0,208.0,143.52752685546875,28.433979034423828,False,False,False,
task1_images,D:\Biology-AI\data\Task1_Segmentation\images\001768.jpg,True,JPEG,RGB,True,6621,4401,0.0,255.0,176.78819274902344,46.96986389160156,False,False,False,
task1_images,D:\Biology-AI\data\Task1_Segmentation\images\001769.jpg,True,JPEG,RGB,True,3872,2592,25.0,246.0,143.64854431152344,23.95819854736328,False,False,False,
task1_images,D:\Biology-AI\data\Task1_Segmentation\images\001770.jpg,True,JPEG,RGB,True,919,802,12.0,207.0,126.85995483398438,40.71919631958008,False,False,False,
task1_images,D:\Biology-AI\data\Task1_Segmentation\images\001771.jpg,True,JPEG,RGB,True,2048,1536,7.0,255.0,148.74920654296875,53.76988220214844,False,False,False,
task1_images,D:\Biology-AI\data\Task1_Segmentation\images\001772.jpg,True,JPEG,RGB,True,3008,2000,2.0,255.0,119.9106674194336,26.440185546875,False,False,False,
task1_images,D:\Biology-AI\data\Task1_Segmentation\images\001773.jpg,True,JPEG,RGB,True,1024,768,0.0,255.0,126.08285522460938,44.63847351074219,False,False,False,
task1_images,D:\Biology-AI\data\Task1_Segmentation\images\001774.jpg,True,JPEG,RGB,True,3072,2304,0.0,255.0,117.99314880371094,28.716875076293945,False,False,False,
task1_images,D:\Biology-AI\data\Task1_Segmentation\images\001775.jpg,True,JPEG,RGB,True,640,480,0.0,210.0,115.77191162109375,37.90338134765625,False,False,False,
task1_images,D:\Biology-AI\data\Task1_Segmentation\images\001776.jpg,True,JPEG,RGB,True,3072,2304,0.0,221.0,133.0827178955078,42.67348861694336,False,False,False,
task1_images,D:\Biology-AI\data\Task1_Segmentation\images\001777.jpg,True,JPEG,RGB,True,1024,768,18.0,253.0,147.583251953125,27.50945472717285,False,False,False,
task1_images,D:\Biology-AI\data\Task1_Segmentation\images\001778.jpg,True,JPEG,RGB,True,1504,1129,0.0,255.0,156.90768432617188,35.97627258300781,False,False,False,
task1_images,D:\Biology-AI\data\Task1_Segmentation\images\001779.jpg,True,JPEG,RGB,True,6621,4401,0.0,255.0,149.45790100097656,60.51558303833008,False,False,False,
task1_images,D:\Biology-AI\data\Task1_Segmentation\images\001780.jpg,True,JPEG,RGB,True,1024,768,17.0,202.0,139.72010803222656,18.021747589111328,False,False,False,
task1_images,D:\Biology-AI\data\Task1_Segmentation\images\001781.jpg,True,JPEG,RGB,True,3072,2304,0.0,196.0,131.6429443359375,30.875537872314453,False,False,False,
task1_images,D:\Biology-AI\data\Task1_Segmentation\images\001782.jpg,True,JPEG,RGB,True,3008,2000,0.0,215.0,154.1730499267578,21.70943832397461,False,False,False,
task1_images,D:\Biology-AI\data\Task1_Segmentation\images\001783.jpg,True,JPEG,RGB,True,6642,4420,0.0,255.0,170.24786376953125,51.209232330322266,False,False,False,
task1_images,D:\Biology-AI\data\Task1_Segmentation\images\001784.jpg,True,JPEG,RGB,True,722,542,0.0,255.0,133.0411376953125,80.0216064453125,False,False,False,
task1_images,D:\Biology-AI\data\Task1_Segmentation\images\001785.jpg,True,JPEG,RGB,True,3072,2304,37.0,218.0,157.6412353515625,23.38681983947754,False,False,False,
task1_images,D:\Biology-AI\data\Task1_Segmentation\images\001786.jpg,True,JPEG,RGB,True,3008,2000,10.0,255.0,116.35295104980469,45.29397201538086,False,False,False,
task1_images,D:\Biology-AI\data\Task1_Segmentation\images\001787.jpg,True,JPEG,RGB,True,4288,2848,22.0,196.0,114.4586410522461,19.81565284729004,False,False,False,
task1_images,D:\Biology-AI\data\Task1_Segmentation\images\001788.jpg,True,JPEG,RGB,True,1979,1321,23.0,230.0,174.39773559570312,24.832839965820312,False,False,False,
task1_images,D:\Biology-AI\data\Task1_Segmentation\images\001789.jpg,True,JPEG,RGB,True,3872,2592,9.0,255.0,179.18539428710938,20.252735137939453,False,False,False,
task1_images,D:\Biology-AI\data\Task1_Segmentation\images\001790.jpg,True,JPEG,RGB,True,3072,2304,37.0,242.0,188.8555145263672,23.749446868896484,False,False,False,
task1_images,D:\Biology-AI\data\Task1_Segmentation\images\001791.jpg,True,JPEG,RGB,True,767,576,0.0,255.0,93.93157196044922,48.63042068481445,False,False,False,
task1_images,D:\Biology-AI\data\Task1_Segmentation\images\001792.jpg,True,JPEG,RGB,True,4288,2848,20.0,255.0,140.9790496826172,23.00933837890625,False,False,False,
task1_images,D:\Biology-AI\data\Task1_Segmentation\images\001793.jpg,True,JPEG,RGB,True,1024,768,0.0,255.0,206.5465087890625,45.60213088989258,False,False,False,
task1_images,D:\Biology-AI\data\Task1_Segmentation\images\001794.jpg,True,JPEG,RGB,True,6621,4441,0.0,255.0,129.65951538085938,67.3055419921875,False,False,False,
task1_images,D:\Biology-AI\data\Task1_Segmentation\images\001795.jpg,True,JPEG,RGB,True,4288,2848,8.0,255.0,132.59100341796875,16.253820419311523,False,False,False,
task1_images,D:\Biology-AI\data\Task1_Segmentation\images\001796.jpg,True,JPEG,RGB,True,1024,768,64.0,255.0,175.62945556640625,20.11402130126953,False,False,False,
task1_images,D:\Biology-AI\data\Task1_Segmentation\images\001797.jpg,True,JPEG,RGB,True,640,480,0.0,240.0,152.4316864013672,40.0970573425293,False,False,False,
task1_images,D:\Biology-AI\data\Task1_Segmentation\images\001798.jpg,True,JPEG,RGB,True,3072,2304,1.0,255.0,192.2227020263672,42.730628967285156,False,False,False,
task1_images,D:\Biology-AI\data\Task1_Segmentation\images\001799.jpg,True,JPEG,RGB,True,1502,1051,0.0,255.0,162.3368682861328,56.32119369506836,False,False,False,
task1_images,D:\Biology-AI\data\Task1_Segmentation\images\001800.jpg,True,JPEG,RGB,True,3872,2592,9.0,213.0,138.6939239501953,44.87089920043945,False,False,False,
task1_images,D:\Biology-AI\data\Task1_Segmentation\images\001801.jpg,True,JPEG,RGB,True,4288,2848,12.0,247.0,132.09324645996094,26.517173767089844,False,False,False,
task1_images,D:\Biology-AI\data\Task1_Segmentation\images\001802.jpg,True,JPEG,RGB,True,4288,2848,47.0,252.0,181.7917938232422,21.301729202270508,False,False,False,
task1_images,D:\Biology-AI\data\Task1_Segmentation\images\001803.jpg,True,JPEG,RGB,True,1024,768,51.0,255.0,189.92471313476562,23.462984085083008,False,False,False,
task1_images,D:\Biology-AI\data\Task1_Segmentation\images\001804.jpg,True,JPEG,RGB,True,1213,1307,0.0,255.0,125.39557647705078,54.69614028930664,False,False,False,
task1_images,D:\Biology-AI\data\Task1_Segmentation\images\001805.jpg,True,JPEG,RGB,True,3872,2592,9.0,255.0,173.9715118408203,20.836048126220703,False,False,False,
task1_images,D:\Biology-AI\data\Task1_Segmentation\images\001806.jpg,True,JPEG,RGB,True,6688,4439,0.0,255.0,178.27479553222656,39.40635681152344,False,False,False,
task1_images,D:\Biology-AI\data\Task1_Segmentation\images\001807.jpg,True,JPEG,RGB,True,4288,2848,44.0,231.0,150.64056396484375,23.502145767211914,False,False,False,
task1_images,D:\Biology-AI\data\Task1_Segmentation\images\001808.jpg,True,JPEG,RGB,True,1024,768,26.0,237.0,154.84100341796875,28.867490768432617,False,False,False,
task1_images,D:\Biology-AI\data\Task1_Segmentation\images\001809.jpg,True,JPEG,RGB,True,767,576,0.0,255.0,139.2164764404297,62.25823974609375,False,False,False,
task1_images,D:\Biology-AI\data\Task1_Segmentation\images\001810.jpg,True,JPEG,RGB,True,6688,4439,0.0,255.0,130.6732940673828,43.60054016113281,False,False,False,
task1_images,D:\Biology-AI\data\Task1_Segmentation\images\001811.jpg,True,JPEG,RGB,True,3008,2000,46.0,250.0,139.4082489013672,27.950458526611328,False,False,False,
task1_images,D:\Biology-AI\data\Task1_Segmentation\images\001812.jpg,True,JPEG,RGB,True,1045,705,0.0,255.0,183.6349639892578,55.33525848388672,False,False,False,
task1_images,D:\Biology-AI\data\Task1_Segmentation\images\001813.jpg,True,JPEG,RGB,True,4288,2848,5.0,210.0,118.86215209960938,13.96299934387207,False,False,False,
task1_images,D:\Biology-AI\data\Task1_Segmentation\images\001814.jpg,True,JPEG,RGB,True,4288,2848,9.0,230.0,157.03329467773438,20.516454696655273,False,False,False,
task1_images,D:\Biology-AI\data\Task1_Segmentation\images\001815.jpg,True,JPEG,RGB,True,4288,2848,30.0,232.0,145.49380493164062,26.396240234375,False,False,False,
task1_images,D:\Biology-AI\data\Task1_Segmentation\images\001816.jpg,True,JPEG,RGB,True,4288,2848,20.0,239.0,143.17251586914062,21.20597267150879,False,False,False,
task1_images,D:\Biology-AI\data\Task1_Segmentation\images\001817.jpg,True,JPEG,RGB,True,3072,2304,0.0,255.0,144.88015747070312,32.95368576049805,False,False,False,
task1_images,D:\Biology-AI\data\Task1_Segmentation\images\001818.jpg,True,JPEG,RGB,True,3872,2592,7.0,255.0,150.28067016601562,19.931846618652344,False,False,False,
task1_images,D:\Biology-AI\data\Task1_Segmentation\images\001819.jpg,True,JPEG,RGB,True,6661,4461,0.0,255.0,167.57948303222656,45.89772415161133,False,False,False,
task1_images,D:\Biology-AI\data\Task1_Segmentation\images\001820.jpg,True,JPEG,RGB,True,6642,4401,0.0,255.0,152.50929260253906,51.52156448364258,False,False,False,
task1_images,D:\Biology-AI\data\Task1_Segmentation\images\001821.jpg,True,JPEG,RGB,True,6688,4439,0.0,255.0,169.152587890625,49.55904006958008,False,False,False,
task1_images,D:\Biology-AI\data\Task1_Segmentation\images\001822.jpg,True,JPEG,RGB,True,3072,2304,14.0,236.0,170.53125,41.00794982910156,False,False,False,
task1_images,D:\Biology-AI\data\Task1_Segmentation\images\001823.jpg,True,JPEG,RGB,True,3872,2592,23.0,191.0,134.52992248535156,23.634517669677734,False,False,False,
task1_images,D:\Biology-AI\data\Task1_Segmentation\images\001824.jpg,True,JPEG,RGB,True,6621,4401,0.0,255.0,140.34500122070312,68.99923706054688,False,False,False,
task1_images,D:\Biology-AI\data\Task1_Segmentation\images\001825.jpg,True,JPEG,RGB,True,958,642,0.0,255.0,168.75784301757812,74.48661804199219,False,False,False,
task1_images,D:\Biology-AI\data\Task1_Segmentation\images\001826.jpg,True,JPEG,RGB,True,1024,768,0.0,239.0,144.78477478027344,23.203609466552734,False,False,False,
task1_images,D:\Biology-AI\data\Task1_Segmentation\images\001827.jpg,True,JPEG,RGB,True,6688,4439,0.0,255.0,172.57566833496094,46.260860443115234,False,False,False,
task1_images,D:\Biology-AI\data\Task1_Segmentation\images\001828.jpg,True,JPEG,RGB,True,1024,768,0.0,254.0,175.2587890625,24.62862777709961,False,False,False,
task1_images,D:\Biology-AI\data\Task1_Segmentation\images\001829.jpg,True,JPEG,RGB,True,4288,2848,0.0,229.0,138.0323028564453,19.699724197387695,False,False,False,
task1_images,D:\Biology-AI\data\Task1_Segmentation\images\001830.jpg,True,JPEG,RGB,True,6681,4422,0.0,255.0,138.56195068359375,60.26409149169922,False,False,False,
task1_images,D:\Biology-AI\data\Task1_Segmentation\images\001831.jpg,True,JPEG,RGB,True,6708,4439,0.0,255.0,157.2252960205078,65.7775650024414,False,False,False,
task1_images,D:\Biology-AI\data\Task1_Segmentation\images\001832.jpg,True,JPEG,RGB,True,6688,4419,0.0,255.0,145.2527313232422,55.991905212402344,False,False,False,
task1_images,D:\Biology-AI\data\Task1_Segmentation\images\001833.jpg,True,JPEG,RGB,True,4288,2848,39.0,255.0,156.45437622070312,21.24364471435547,False,False,False,
task1_images,D:\Biology-AI\data\Task1_Segmentation\images\001834.jpg,True,JPEG,RGB,True,3008,2000,0.0,255.0,137.94766235351562,34.39008331298828,False,False,False,
task1_images,D:\Biology-AI\data\Task1_Segmentation\images\001835.jpg,True,JPEG,RGB,True,1024,768,5.0,235.0,156.79220581054688,17.778907775878906,False,False,False,
task1_images,D:\Biology-AI\data\Task1_Segmentation\images\001836.jpg,True,JPEG,RGB,True,3008,2000,29.0,255.0,148.54957580566406,26.85839080810547,False,False,False,
task1_images,D:\Biology-AI\data\Task1_Segmentation\images\001837.jpg,True,JPEG,RGB,True,1024,768,23.0,255.0,168.823486328125,47.05323791503906,False,False,False,
task1_images,D:\Biology-AI\data\Task1_Segmentation\images\001838.jpg,True,JPEG,RGB,True,1024,768,53.0,234.0,157.577392578125,13.324580192565918,False,False,False,
task1_images,D:\Biology-AI\data\Task1_Segmentation\images\001839.jpg,True,JPEG,RGB,True,4288,2848,0.0,236.0,145.10252380371094,34.4228630065918,False,False,False,
task1_images,D:\Biology-AI\data\Task1_Segmentation\images\001840.jpg,True,JPEG,RGB,True,1024,768,15.0,247.0,176.6015625,27.531442642211914,False,False,False,
task1_images,D:\Biology-AI\data\Task1_Segmentation\images\001841.jpg,True,JPEG,RGB,True,1024,768,0.0,255.0,201.14822387695312,45.98345947265625,False,False,False,
task1_images,D:\Biology-AI\data\Task1_Segmentation\images\001842.jpg,True,JPEG,RGB,True,2155,1958,0.0,212.0,133.01956176757812,51.324684143066406,False,False,False,
task1_images,D:\Biology-AI\data\Task1_Segmentation\images\001843.jpg,True,JPEG,RGB,True,3008,2000,6.0,255.0,129.10235595703125,61.45366287231445,False,False,False,
task1_images,D:\Biology-AI\data\Task1_Segmentation\images\001844.jpg,True,JPEG,RGB,True,1024,768,4.0,255.0,198.52818298339844,36.086509704589844,False,False,False,
task1_images,D:\Biology-AI\data\Task1_Segmentation\images\001845.jpg,True,JPEG,RGB,True,4288,2848,11.0,255.0,143.8782958984375,29.194438934326172,False,False,False,
task1_images,D:\Biology-AI\data\Task1_Segmentation\images\001846.jpg,True,JPEG,RGB,True,3072,2304,15.0,255.0,182.71510314941406,35.84033203125,False,False,False,
task1_images,D:\Biology-AI\data\Task1_Segmentation\images\001847.jpg,True,JPEG,RGB,True,640,480,0.0,229.0,140.04664611816406,43.1181526184082,False,False,False,
task1_images,D:\Biology-AI\data\Task1_Segmentation\images\001848.jpg,True,JPEG,RGB,True,3872,2592,8.0,255.0,201.0347137451172,28.775835037231445,False,False,False,
task1_images,D:\Biology-AI\data\Task1_Segmentation\images\001849.jpg,True,JPEG,RGB,True,3024,2016,0.0,255.0,148.9869384765625,39.017738342285156,False,False,False,
task1_images,D:\Biology-AI\data\Task1_Segmentation\images\001850.jpg,True,JPEG,RGB,True,3072,2304,10.0,255.0,175.11598205566406,33.8147087097168,False,False,False,
task1_images,D:\Biology-AI\data\Task1_Segmentation\images\001851.jpg,True,JPEG,RGB,True,3072,2304,2.0,195.0,139.7033233642578,31.817768096923828,False,False,False,
task1_images,D:\Biology-AI\data\Task1_Segmentation\images\001852.jpg,True,JPEG,RGB,True,4288,2848,1.0,202.0,130.88316345214844,25.486591339111328,False,False,False,
task1_images,D:\Biology-AI\data\Task1_Segmentation\images\001853.jpg,True,JPEG,RGB,True,3008,2000,11.0,239.0,178.50804138183594,16.285079956054688,False,False,False,
task1_images,D:\Biology-AI\data\Task1_Segmentation\images\001854.jpg,True,JPEG,RGB,True,1502,1051,0.0,255.0,154.29066467285156,66.81396484375,False,False,False,
task1_images,D:\Biology-AI\data\Task1_Segmentation\images\001855.jpg,True,JPEG,RGB,True,3872,2592,2.0,209.0,142.0963897705078,17.47933006286621,False,False,False,
task1_images,D:\Biology-AI\data\Task1_Segmentation\images\001856.jpg,True,JPEG,RGB,True,1024,768,0.0,245.0,160.41954040527344,29.137012481689453,False,False,False,
task1_images,D:\Biology-AI\data\Task1_Segmentation\images\001857.jpg,True,JPEG,RGB,True,4288,2848,0.0,255.0,129.1539764404297,25.208953857421875,False,False,False,
task1_images,D:\Biology-AI\data\Task1_Segmentation\images\001858.jpg,True,JPEG,RGB,True,4288,2848,12.0,255.0,135.89772033691406,22.39154052734375,False,False,False,
task1_images,D:\Biology-AI\data\Task1_Segmentation\images\001859.jpg,True,JPEG,RGB,True,4288,2848,1.0,253.0,130.19430541992188,16.3253173828125,False,False,False,
task1_images,D:\Biology-AI\data\Task1_Segmentation\images\001860.jpg,True,JPEG,RGB,True,6641,4441,0.0,255.0,74.12409973144531,62.83850860595703,False,False,False,
task1_images,D:\Biology-AI\data\Task1_Segmentation\images\001861.jpg,True,JPEG,RGB,True,1024,768,35.0,234.0,188.45204162597656,35.279266357421875,False,False,False,
task1_images,D:\Biology-AI\data\Task1_Segmentation\images\001862.jpg,True,JPEG,RGB,True,2816,2112,20.0,255.0,164.82432556152344,45.898162841796875,False,False,False,
task1_images,D:\Biology-AI\data\Task1_Segmentation\images\001863.jpg,True,JPEG,RGB,True,6688,4459,0.0,255.0,123.55057525634766,62.52067947387695,False,False,False,
task1_images,D:\Biology-AI\data\Task1_Segmentation\images\001864.jpg,True,JPEG,RGB,True,6681,4461,0.0,255.0,149.63243103027344,62.184139251708984,False,False,False,
task1_images,D:\Biology-AI\data\Task1_Segmentation\images\001865.jpg,True,JPEG,RGB,True,6621,4401,0.0,255.0,200.90988159179688,55.21973419189453,False,False,False,
task1_images,D:\Biology-AI\data\Task1_Segmentation\images\001866.jpg,True,JPEG,RGB,True,3072,2304,0.0,255.0,168.06982421875,30.54193878173828,False,False,False,
task1_images,D:\Biology-AI\data\Task1_Segmentation\images\001867.jpg,True,JPEG,RGB,True,3072,2304,9.0,254.0,141.38267517089844,55.21624755859375,False,False,False,
task1_images,D:\Biology-AI\data\Task1_Segmentation\images\001868.jpg,True,JPEG,RGB,True,919,802,11.0,220.0,166.46292114257812,41.67036819458008,False,False,False,
task1_images,D:\Biology-AI\data\Task1_Segmentation\images\001869.jpg,True,JPEG,RGB,True,4288,2848,1.0,255.0,129.92230224609375,14.844573974609375,False,False,False,
task1_images,D:\Biology-AI\data\Task1_Segmentation\images\001870.jpg,True,JPEG,RGB,True,640,480,0.0,255.0,152.44532775878906,42.57875061035156,False,False,False,
task1_images,D:\Biology-AI\data\Task1_Segmentation\images\001871.jpg,True,JPEG,RGB,True,4288,2848,0.0,255.0,145.52853393554688,23.637380599975586,False,False,False,
task1_images,D:\Biology-AI\data\Task1_Segmentation\images\001872.jpg,True,JPEG,RGB,True,3008,2000,0.0,255.0,144.58628845214844,20.767621994018555,False,False,False,
task1_images,D:\Biology-AI\data\Task1_Segmentation\images\001873.jpg,True,JPEG,RGB,True,1024,768,54.0,234.0,175.408203125,38.284339904785156,False,False,False,
task1_images,D:\Biology-AI\data\Task1_Segmentation\images\001874.jpg,True,JPEG,RGB,True,3872,2592,7.0,255.0,167.2592010498047,22.56077766418457,False,False,False,
task1_images,D:\Biology-AI\data\Task1_Segmentation\images\001875.jpg,True,JPEG,RGB,True,4288,2848,6.0,255.0,140.03048706054688,33.03519058227539,False,False,False,
task1_images,D:\Biology-AI\data\Task1_Segmentation\images\001876.jpg,True,JPEG,RGB,True,2592,1944,3.0,204.0,152.7216033935547,25.6961612701416,False,False,False,
task1_images,D:\Biology-AI\data\Task1_Segmentation\images\001877.jpg,True,JPEG,RGB,True,6601,4380,0.0,255.0,148.21240234375,55.03208541870117,False,False,False,
task1_images,D:\Biology-AI\data\Task1_Segmentation\images\001878.jpg,True,JPEG,RGB,True,3072,2304,12.0,204.0,138.1302490234375,30.23173713684082,False,False,False,
task1_images,D:\Biology-AI\data\Task1_Segmentation\images\001879.jpg,True,JPEG,RGB,True,3008,2000,14.0,255.0,175.28224182128906,26.650012969970703,False,False,False,
task1_images,D:\Biology-AI\data\Task1_Segmentation\images\001880.jpg,True,JPEG,RGB,True,640,480,0.0,248.0,145.9886474609375,43.71119689941406,False,False,False,
task1_images,D:\Biology-AI\data\Task1_Segmentation\images\001881.jpg,True,JPEG,RGB,True,3072,2304,24.0,185.0,131.89886474609375,19.689184188842773,False,False,False,
task1_images,D:\Biology-AI\data\Task1_Segmentation\images\001882.jpg,True,JPEG,RGB,True,1024,768,2.0,255.0,154.7648162841797,28.068632125854492,False,False,False,
task1_images,D:\Biology-AI\data\Task1_Segmentation\images\001883.jpg,True,JPEG,RGB,True,3008,2000,0.0,249.0,134.82456970214844,21.33823585510254,False,False,False,
task1_images,D:\Biology-AI\data\Task1_Segmentation\images\001884.jpg,True,JPEG,RGB,True,4288,2848,16.0,227.0,140.33546447753906,20.708614349365234,False,False,False,
task1_images,D:\Biology-AI\data\Task1_Segmentation\images\001885.jpg,True,JPEG,RGB,True,1502,1026,0.0,255.0,182.0806427001953,67.5356216430664,False,False,False,
task1_images,D:\Biology-AI\data\Task1_Segmentation\images\001886.jpg,True,JPEG,RGB,True,2721,2157,0.0,220.0,128.86692810058594,39.05653762817383,False,False,False,
task1_images,D:\Biology-AI\data\Task1_Segmentation\images\001887.jpg,True,JPEG,RGB,True,4288,2848,3.0,255.0,138.6352996826172,23.23611068725586,False,False,False,
task1_images,D:\Biology-AI\data\Task1_Segmentation\images\001888.jpg,True,JPEG,RGB,True,3872,2592,10.0,255.0,172.7543487548828,17.10015106201172,False,False,False,
task1_images,D:\Biology-AI\data\Task1_Segmentation\images\001889.jpg,True,JPEG,RGB,True,722,545,2.0,255.0,152.70465087890625,58.3668327331543,False,False,False,
task1_images,D:\Biology-AI\data\Task1_Segmentation\images\001890.jpg,True,JPEG,RGB,True,3024,2016,0.0,255.0,147.5176239013672,30.938810348510742,False,False,False,
task1_images,D:\Biology-AI\data\Task1_Segmentation\images\001891.jpg,True,JPEG,RGB,True,4288,2848,5.0,255.0,133.47946166992188,31.541866302490234,False,False,False,
task1_images,D:\Biology-AI\data\Task1_Segmentation\images\001892.jpg,True,JPEG,RGB,True,1024,768,5.0,255.0,172.747314453125,26.14569854736328,False,False,False,
task1_images,D:\Biology-AI\data\Task1_Segmentation\images\001893.jpg,True,JPEG,RGB,True,2048,1536,0.0,255.0,146.28314208984375,39.918338775634766,False,False,False,
task1_images,D:\Biology-AI\data\Task1_Segmentation\images\001894.jpg,True,JPEG,RGB,True,2048,1536,0.0,230.0,152.05953979492188,41.60403060913086,False,False,False,
task1_images,D:\Biology-AI\data\Task1_Segmentation\images\001895.jpg,True,JPEG,RGB,True,1024,768,28.0,244.0,141.64865112304688,36.07178497314453,False,False,False,
task1_images,D:\Biology-AI\data\Task1_Segmentation\images\001896.jpg,True,JPEG,RGB,True,1024,768,2.0,242.0,142.97879028320312,18.296802520751953,False,False,False,
task1_images,D:\Biology-AI\data\Task1_Segmentation\images\001897.jpg,True,JPEG,RGB,True,4288,2848,12.0,255.0,145.72610473632812,26.87287712097168,False,False,False,
task1_images,D:\Biology-AI\data\Task1_Segmentation\images\001898.jpg,True,JPEG,RGB,True,6688,4459,0.0,255.0,113.19085693359375,60.26882553100586,False,False,False,
task1_images,D:\Biology-AI\data\Task1_Segmentation\images\001899.jpg,True,JPEG,RGB,True,1024,768,0.0,255.0,174.5323028564453,27.376636505126953,False,False,False,
task1_images,D:\Biology-AI\data\Task1_Segmentation\images\001900.jpg,True,JPEG,RGB,True,640,480,0.0,255.0,102.0280990600586,61.81257247924805,False,False,False,
task1_images,D:\Biology-AI\data\Task1_Segmentation\images\001901.jpg,True,JPEG,RGB,True,2048,1536,0.0,219.0,146.91400146484375,27.088207244873047,False,False,False,
task1_images,D:\Biology-AI\data\Task1_Segmentation\images\001902.jpg,True,JPEG,RGB,True,6602,4380,0.0,255.0,163.05136108398438,48.90457534790039,False,False,False,
task1_images,D:\Biology-AI\data\Task1_Segmentation\images\001903.jpg,True,JPEG,RGB,True,3024,2016,0.0,255.0,155.80137634277344,17.987062454223633,False,False,False,
task1_images,D:\Biology-AI\data\Task1_Segmentation\images\001904.jpg,True,JPEG,RGB,True,3872,2592,40.0,251.0,141.1991424560547,24.033082962036133,False,False,False,
task1_images,D:\Biology-AI\data\Task1_Segmentation\images\001905.jpg,True,JPEG,RGB,True,3024,2016,6.0,255.0,155.01400756835938,24.00364875793457,False,False,False,
task1_images,D:\Biology-AI\data\Task1_Segmentation\images\001906.jpg,True,JPEG,RGB,True,4288,2848,17.0,188.0,127.53750610351562,15.598526000976562,False,False,False,
task1_images,D:\Biology-AI\data\Task1_Segmentation\images\001907.jpg,True,JPEG,RGB,True,1024,768,27.0,255.0,172.2624969482422,28.098596572875977,False,False,False,
task1_images,D:\Biology-AI\data\Task1_Segmentation\images\001908.jpg,True,JPEG,RGB,True,640,480,0.0,255.0,171.2372589111328,53.52423858642578,False,False,False,
task1_images,D:\Biology-AI\data\Task1_Segmentation\images\001909.jpg,True,JPEG,RGB,True,2592,1944,0.0,245.0,164.0393524169922,37.07850646972656,False,False,False,
task1_images,D:\Biology-AI\data\Task1_Segmentation\images\001910.jpg,True,JPEG,RGB,True,1024,768,0.0,235.0,158.7964630126953,41.34926223754883,False,False,False,
task1_images,D:\Biology-AI\data\Task1_Segmentation\images\001911.jpg,True,JPEG,RGB,True,767,576,0.0,255.0,119.036865234375,57.755340576171875,False,False,False,
task1_images,D:\Biology-AI\data\Task1_Segmentation\images\001912.jpg,True,JPEG,RGB,True,6662,4422,0.0,255.0,189.33566284179688,61.83910369873047,False,False,False,
task1_images,D:\Biology-AI\data\Task1_Segmentation\images\001913.jpg,True,JPEG,RGB,True,640,480,0.0,247.0,154.5177764892578,47.326114654541016,False,False,False,
task1_images,D:\Biology-AI\data\Task1_Segmentation\images\001914.jpg,True,JPEG,RGB,True,3008,2000,10.0,255.0,150.6589813232422,31.215652465820312,False,False,False,
task1_images,D:\Biology-AI\data\Task1_Segmentation\images\001915.jpg,True,JPEG,RGB,True,3072,2304,3.0,255.0,137.84524536132812,36.18447494506836,False,False,False,
task1_images,D:\Biology-AI\data\Task1_Segmentation\images\001916.jpg,True,JPEG,RGB,True,640,480,0.0,255.0,165.07412719726562,44.037391662597656,False,False,False,
task1_images,D:\Biology-AI\data\Task1_Segmentation\images\001917.jpg,True,JPEG,RGB,True,3008,2000,7.0,255.0,150.34939575195312,29.597881317138672,False,False,False,
task1_images,D:\Biology-AI\data\Task1_Segmentation\images\001918.jpg,True,JPEG,RGB,True,4288,2848,8.0,239.0,135.5937957763672,21.06348991394043,False,False,False,
task1_images,D:\Biology-AI\data\Task1_Segmentation\images\001919.jpg,True,JPEG,RGB,True,1024,768,0.0,255.0,197.43626403808594,35.01129150390625,False,False,False,
task1_images,D:\Biology-AI\data\Task1_Segmentation\images\001920.jpg,True,JPEG,RGB,True,4288,2848,7.0,241.0,114.94898223876953,27.119428634643555,False,False,False,
task1_images,D:\Biology-AI\data\Task1_Segmentation\images\001921.jpg,True,JPEG,RGB,True,640,480,0.0,242.0,124.81263732910156,51.162452697753906,False,False,False,
task1_images,D:\Biology-AI\data\Task1_Segmentation\images\001922.jpg,True,JPEG,RGB,True,6622,4420,0.0,255.0,153.75381469726562,53.35265350341797,False,False,False,
task1_images,D:\Biology-AI\data\Task1_Segmentation\images\001923.jpg,True,JPEG,RGB,True,1024,768,25.0,234.0,198.83021545410156,19.307275772094727,False,False,False,
task1_images,D:\Biology-AI\data\Task1_Segmentation\images\001924.jpg,True,JPEG,RGB,True,3008,2000,5.0,255.0,115.25391387939453,21.962623596191406,False,False,False,
task1_images,D:\Biology-AI\data\Task1_Segmentation\images\001925.jpg,True,JPEG,RGB,True,4288,2848,14.0,255.0,149.21951293945312,26.525390625,False,False,False,
task1_images,D:\Biology-AI\data\Task1_Segmentation\images\001926.jpg,True,JPEG,RGB,True,3072,2304,7.0,255.0,148.16949462890625,18.089866638183594,False,False,False,
task1_images,D:\Biology-AI\data\Task1_Segmentation\images\001927.jpg,True,JPEG,RGB,True,4288,2848,16.0,217.0,150.67010498046875,16.151023864746094,False,False,False,
task1_images,D:\Biology-AI\data\Task1_Segmentation\images\001928.jpg,True,JPEG,RGB,True,1024,768,15.0,255.0,196.74452209472656,25.935041427612305,False,False,False,
task1_images,D:\Biology-AI\data\Task1_Segmentation\images\001929.jpg,True,JPEG,RGB,True,1024,768,0.0,255.0,163.48370361328125,43.11412048339844,False,False,False,
task1_images,D:\Biology-AI\data\Task1_Segmentation\images\001930.jpg,True,JPEG,RGB,True,3072,2304,1.0,255.0,211.6076202392578,19.933805465698242,False,False,False,
task1_images,D:\Biology-AI\data\Task1_Segmentation\images\001931.jpg,True,JPEG,RGB,True,4288,2848,1.0,255.0,155.3934783935547,36.04704284667969,False,False,False,
task1_images,D:\Biology-AI\data\Task1_Segmentation\images\001932.jpg,True,JPEG,RGB,True,3072,2304,26.0,242.0,175.61611938476562,32.105384826660156,False,False,False,
task1_images,D:\Biology-AI\data\Task1_Segmentation\images\001933.jpg,True,JPEG,RGB,True,722,542,0.0,255.0,148.98048400878906,84.89952087402344,False,False,False,
task1_images,D:\Biology-AI\data\Task1_Segmentation\images\001934.jpg,True,JPEG,RGB,True,4288,2848,4.0,255.0,125.64414978027344,21.820356369018555,False,False,False,
task1_images,D:\Biology-AI\data\Task1_Segmentation\images\001935.jpg,True,JPEG,RGB,True,3072,2304,4.0,255.0,131.96728515625,38.526573181152344,False,False,False,
task1_images,D:\Biology-AI\data\Task1_Segmentation\images\001936.jpg,True,JPEG,RGB,True,3072,2304,0.0,255.0,156.08168029785156,33.79612350463867,False,False,False,
task1_images,D:\Biology-AI\data\Task1_Segmentation\images\001937.jpg,True,JPEG,RGB,True,767,576,0.0,255.0,125.15191650390625,55.732086181640625,False,False,False,
task1_images,D:\Biology-AI\data\Task1_Segmentation\images\001938.jpg,True,JPEG,RGB,True,4288,2848,42.0,218.0,167.2945098876953,14.908042907714844,False,False,False,
task1_images,D:\Biology-AI\data\Task1_Segmentation\images\001939.jpg,True,JPEG,RGB,True,3072,2304,11.0,255.0,175.10923767089844,33.80221176147461,False,False,False,
task1_images,D:\Biology-AI\data\Task1_Segmentation\images\001940.jpg,True,JPEG,RGB,True,1019,717,2.0,204.0,158.64219665527344,42.93487548828125,False,False,False,
task1_images,D:\Biology-AI\data\Task1_Segmentation\images\001941.jpg,True,JPEG,RGB,True,3024,2016,0.0,255.0,146.70840454101562,38.338279724121094,False,False,False,
task1_images,D:\Biology-AI\data\Task1_Segmentation\images\001942.jpg,True,JPEG,RGB,True,767,576,0.0,255.0,166.301025390625,61.5985107421875,False,False,False,
task1_images,D:\Biology-AI\data\Task1_Segmentation\images\001943.jpg,True,JPEG,RGB,True,6642,4401,0.0,255.0,194.6156005859375,43.70098114013672,False,False,False,
task1_images,D:\Biology-AI\data\Task1_Segmentation\images\001944.jpg,True,JPEG,RGB,True,4288,2848,4.0,243.0,167.44259643554688,22.25124168395996,False,False,False,
task1_images,D:\Biology-AI\data\Task1_Segmentation\images\001945.jpg,True,JPEG,RGB,True,4288,2848,5.0,238.0,121.06668853759766,23.08251953125,False,False,False,
task1_images,D:\Biology-AI\data\Task1_Segmentation\images\001946.jpg,True,JPEG,RGB,True,640,480,0.0,255.0,135.01467895507812,41.94042205810547,False,False,False,
task1_images,D:\Biology-AI\data\Task1_Segmentation\images\001947.jpg,True,JPEG,RGB,True,4288,2848,2.0,230.0,138.42959594726562,16.323379516601562,False,False,False,
task1_images,D:\Biology-AI\data\Task1_Segmentation\images\001948.jpg,True,JPEG,RGB,True,2304,1536,0.0,255.0,154.19908142089844,29.932405471801758,False,False,False,
task1_images,D:\Biology-AI\data\Task1_Segmentation\images\001949.jpg,True,JPEG,RGB,True,3008,2000,10.0,224.0,157.74423217773438,23.760957717895508,False,False,False,
task1_images,D:\Biology-AI\data\Task1_Segmentation\images\001950.jpg,True,JPEG,RGB,True,6668,4439,0.0,255.0,82.25570678710938,63.45225143432617,False,False,False,
task1_images,D:\Biology-AI\data\Task1_Segmentation\images\001951.jpg,True,JPEG,RGB,True,1024,768,3.0,250.0,176.03440856933594,21.477933883666992,False,False,False,
task1_images,D:\Biology-AI\data\Task1_Segmentation\images\001952.jpg,True,JPEG,RGB,True,3008,2000,0.0,238.0,139.90696716308594,33.12508010864258,False,False,False,
task1_images,D:\Biology-AI\data\Task1_Segmentation\images\001953.jpg,True,JPEG,RGB,True,3008,2000,0.0,255.0,150.55752563476562,31.85022735595703,False,False,False,
task1_images,D:\Biology-AI\data\Task1_Segmentation\images\001954.jpg,True,JPEG,RGB,True,6602,4382,0.0,255.0,142.93743896484375,59.775535583496094,False,False,False,
task1_images,D:\Biology-AI\data\Task1_Segmentation\images\001955.jpg,True,JPEG,RGB,True,6668,4439,0.0,255.0,145.97195434570312,60.36064910888672,False,False,False,
task1_images,D:\Biology-AI\data\Task1_Segmentation\images\001956.jpg,True,JPEG,RGB,True,640,480,0.0,255.0,211.2707061767578,41.36849594116211,False,False,False,
task1_images,D:\Biology-AI\data\Task1_Segmentation\images\001957.jpg,True,JPEG,RGB,True,1024,768,10.0,235.0,153.5668182373047,34.356014251708984,False,False,False,
task1_images,D:\Biology-AI\data\Task1_Segmentation\images\001958.jpg,True,JPEG,RGB,True,4288,2848,43.0,246.0,150.54701232910156,23.407827377319336,False,False,False,
task1_images,D:\Biology-AI\data\Task1_Segmentation\images\001959.jpg,True,JPEG,RGB,True,6621,4420,0.0,255.0,122.75404357910156,73.60609436035156,False,False,False,
task1_images,D:\Biology-AI\data\Task1_Segmentation\images\001960.jpg,True,JPEG,RGB,True,2048,1536,14.0,255.0,140.42083740234375,38.3023796081543,False,False,False,
task1_images,D:\Biology-AI\data\Task1_Segmentation\images\001961.jpg,True,JPEG,RGB,True,2601,1909,10.0,210.0,163.058837890625,23.501590728759766,False,False,False,
task1_images,D:\Biology-AI\data\Task1_Segmentation\images\001962.jpg,True,JPEG,RGB,True,640,480,0.0,255.0,174.85702514648438,48.74408721923828,False,False,False,
task1_images,D:\Biology-AI\data\Task1_Segmentation\images\001963.jpg,True,JPEG,RGB,True,1024,768,0.0,235.0,176.97702026367188,28.52150535583496,False,False,False,
task1_images,D:\Biology-AI\data\Task1_Segmentation\images\001964.jpg,True,JPEG,RGB,True,824,719,0.0,255.0,148.82315063476562,54.317195892333984,False,False,False,
task1_images,D:\Biology-AI\data\Task1_Segmentation\images\001965.jpg,True,JPEG,RGB,True,640,480,0.0,243.0,135.47103881835938,43.24829864501953,False,False,False,
task1_images,D:\Biology-AI\data\Task1_Segmentation\images\001966.jpg,True,JPEG,RGB,True,3872,2592,10.0,255.0,169.25343322753906,29.134563446044922,False,False,False,
task1_images,D:\Biology-AI\data\Task1_Segmentation\images\001967.jpg,True,JPEG,RGB,True,4288,2848,8.0,254.0,165.6160430908203,27.019908905029297,False,False,False,
task1_images,D:\Biology-AI\data\Task1_Segmentation\images\001968.jpg,True,JPEG,RGB,True,4288,2848,26.0,255.0,166.47125244140625,24.4012508392334,False,False,False,
task1_images,D:\Biology-AI\data\Task1_Segmentation\images\001969.jpg,True,JPEG,RGB,True,4288,2848,17.0,230.0,153.80105590820312,15.925384521484375,False,False,False,
task1_images,D:\Biology-AI\data\Task1_Segmentation\images\001970.jpg,True,JPEG,RGB,True,6668,4439,0.0,255.0,170.17892456054688,44.8729133605957,False,False,False,
task1_images,D:\Biology-AI\data\Task1_Segmentation\images\001971.jpg,True,JPEG,RGB,True,6641,4402,0.0,255.0,58.824981689453125,57.690391540527344,False,False,False,
task1_images,D:\Biology-AI\data\Task1_Segmentation\images\001972.jpg,True,JPEG,RGB,True,1024,768,7.0,226.0,180.59075927734375,21.819934844970703,False,False,False,
task1_images,D:\Biology-AI\data\Task1_Segmentation\images\001973.jpg,True,JPEG,RGB,True,3008,2000,0.0,255.0,132.0576171875,32.90211868286133,False,False,False,
task1_images,D:\Biology-AI\data\Task1_Segmentation\images\001974.jpg,True,JPEG,RGB,True,640,480,0.0,243.0,113.83422088623047,40.25236129760742,False,False,False,
task1_images,D:\Biology-AI\data\Task1_Segmentation\images\001975.jpg,True,JPEG,RGB,True,3024,2016,0.0,255.0,156.73377990722656,35.424774169921875,False,False,False,
task1_images,D:\Biology-AI\data\Task1_Segmentation\images\001976.jpg,True,JPEG,RGB,True,1024,768,21.0,255.0,176.8748321533203,89.54304504394531,False,False,False,
task1_images,D:\Biology-AI\data\Task1_Segmentation\images\001977.jpg,True,JPEG,RGB,True,3072,2304,1.0,255.0,124.10681915283203,32.06535339355469,False,False,False,
task1_images,D:\Biology-AI\data\Task1_Segmentation\images\001978.jpg,True,JPEG,RGB,True,1024,768,48.0,255.0,202.87481689453125,46.72480392456055,False,False,False,
task1_images,D:\Biology-AI\data\Task1_Segmentation\images\001979.jpg,True,JPEG,RGB,True,3072,2304,10.0,214.0,140.60914611816406,37.60176467895508,False,False,False,
task1_images,D:\Biology-AI\data\Task1_Segmentation\images\001980.jpg,True,JPEG,RGB,True,1024,768,0.0,255.0,206.57577514648438,48.62801742553711,False,False,False,
task1_images,D:\Biology-AI\data\Task1_Segmentation\images\001981.jpg,True,JPEG,RGB,True,640,480,0.0,255.0,167.7431640625,58.902496337890625,False,False,False,
task1_images,D:\Biology-AI\data\Task1_Segmentation\images\001982.jpg,True,JPEG,RGB,True,3008,2000,0.0,255.0,126.58255004882812,33.9090461730957,False,False,False,
task1_images,D:\Biology-AI\data\Task1_Segmentation\images\001983.jpg,True,JPEG,RGB,True,6628,4399,0.0,255.0,145.32916259765625,56.53295135498047,False,False,False,
task1_images,D:\Biology-AI\data\Task1_Segmentation\images\001984.jpg,True,JPEG,RGB,True,6621,4420,0.0,255.0,155.10118103027344,51.15745162963867,False,False,False,
task1_images,D:\Biology-AI\data\Task1_Segmentation\images\001985.jpg,True,JPEG,RGB,True,3072,2304,11.0,255.0,118.28304290771484,35.034664154052734,False,False,False,
task1_images,D:\Biology-AI\data\Task1_Segmentation\images\001986.jpg,True,JPEG,RGB,True,4288,2848,8.0,243.0,129.99925231933594,23.453365325927734,False,False,False,
task1_images,D:\Biology-AI\data\Task1_Segmentation\images\001987.jpg,True,JPEG,RGB,True,640,480,0.0,238.0,93.90182495117188,58.32367706298828,False,False,False,
task1_images,D:\Biology-AI\data\Task1_Segmentation\images\001988.jpg,True,JPEG,RGB,True,3072,2304,0.0,223.0,153.68389892578125,46.03060531616211,False,False,False,
task1_images,D:\Biology-AI\data\Task1_Segmentation\images\001989.jpg,True,JPEG,RGB,True,3072,2304,0.0,255.0,151.4114532470703,30.675642013549805,False,False,False,
task1_images,D:\Biology-AI\data\Task1_Segmentation\images\001990.jpg,True,JPEG,RGB,True,4288,2848,9.0,255.0,122.95597839355469,26.622591018676758,False,False,False,
task1_images,D:\Biology-AI\data\Task1_Segmentation\images\001991.jpg,True,JPEG,RGB,True,1504,1129,0.0,255.0,162.08477783203125,45.647579193115234,False,False,False,
task1_images,D:\Biology-AI\data\Task1_Segmentation\images\001992.jpg,True,JPEG,RGB,True,1024,768,2.0,244.0,159.57077026367188,38.884490966796875,False,False,False,
task1_images,D:\Biology-AI\data\Task1_Segmentation\images\001993.jpg,True,JPEG,RGB,True,1024,768,12.0,188.0,152.5455780029297,26.667686462402344,False,False,False,
task1_images,D:\Biology-AI\data\Task1_Segmentation\images\001994.jpg,True,JPEG,RGB,True,4288,2848,20.0,255.0,175.15550231933594,33.38693618774414,False,False,False,
task1_images,D:\Biology-AI\data\Task1_Segmentation\images\001995.jpg,True,JPEG,RGB,True,1024,768,0.0,250.0,168.5906524658203,36.64455032348633,False,False,False,
task1_images,D:\Biology-AI\data\Task1_Segmentation\images\001996.jpg,True,JPEG,RGB,True,4288,2848,16.0,255.0,139.4115447998047,30.374467849731445,False,False,False,
task1_images,D:\Biology-AI\data\Task1_Segmentation\images\001997.jpg,True,JPEG,RGB,True,3072,2304,18.0,205.0,119.83251190185547,22.814603805541992,False,False,False,
task1_images,D:\Biology-AI\data\Task1_Segmentation\images\001998.jpg,True,JPEG,RGB,True,1024,768,25.0,236.0,164.62071228027344,39.7854118347168,False,False,False,
task1_images,D:\Biology-AI\data\Task1_Segmentation\images\001999.jpg,True,JPEG,RGB,True,3008,2000,0.0,255.0,155.18695068359375,27.658403396606445,False,False,False,
task1_images,D:\Biology-AI\data\Task1_Segmentation\images\002000.jpg,True,JPEG,RGB,True,1024,768,0.0,255.0,146.99085998535156,36.76084518432617,False,False,False,
task1_images,D:\Biology-AI\data\Task1_Segmentation\images\002001.jpg,True,JPEG,RGB,True,6648,4439,0.0,255.0,158.36273193359375,44.753726959228516,False,False,False,
task1_images,D:\Biology-AI\data\Task1_Segmentation\images\002002.jpg,True,JPEG,RGB,True,4288,2848,5.0,254.0,134.25607299804688,23.941434860229492,False,False,False,
task1_images,D:\Biology-AI\data\Task1_Segmentation\images\002003.jpg,True,JPEG,RGB,True,3872,2592,25.0,255.0,193.3358612060547,42.4029655456543,False,False,False,
task1_images,D:\Biology-AI\data\Task1_Segmentation\images\002004.jpg,True,JPEG,RGB,True,944,1127,5.0,255.0,164.07118225097656,34.16651153564453,False,False,False,
task1_images,D:\Biology-AI\data\Task1_Segmentation\images\002005.jpg,True,JPEG,RGB,True,4288,2848,20.0,255.0,111.18946838378906,37.518104553222656,False,False,False,
task1_images,D:\Biology-AI\data\Task1_Segmentation\images\002006.jpg,True,JPEG,RGB,True,1024,768,0.0,255.0,169.7281036376953,42.66073226928711,False,False,False,
task1_images,D:\Biology-AI\data\Task1_Segmentation\images\002007.jpg,True,JPEG,RGB,True,6681,4422,0.0,255.0,124.7337646484375,63.79827880859375,False,False,False,
task1_images,D:\Biology-AI\data\Task1_Segmentation\images\002008.jpg,True,JPEG,RGB,True,1024,768,1.0,255.0,195.46627807617188,42.19886016845703,False,False,False,
task1_images,D:\Biology-AI\data\Task1_Segmentation\images\002009.jpg,True,JPEG,RGB,True,2219,2252,28.0,255.0,189.22702026367188,40.75965881347656,False,False,False,
task1_images,D:\Biology-AI\data\Task1_Segmentation\images\002010.jpg,True,JPEG,RGB,True,640,480,0.0,255.0,126.91682434082031,62.65095138549805,False,False,False,
task1_images,D:\Biology-AI\data\Task1_Segmentation\images\002011.jpg,True,JPEG,RGB,True,6627,4459,0.0,255.0,98.54183197021484,69.73397064208984,False,False,False,
task1_images,D:\Biology-AI\data\Task1_Segmentation\images\002012.jpg,True,JPEG,RGB,True,1024,768,24.0,250.0,155.09796142578125,18.313692092895508,False,False,False,
task1_images,D:\Biology-AI\data\Task1_Segmentation\images\002013.jpg,True,JPEG,RGB,True,6641,4420,0.0,255.0,137.1016387939453,38.93022537231445,False,False,False,
task1_images,D:\Biology-AI\data\Task1_Segmentation\images\002014.jpg,True,JPEG,RGB,True,2355,2028,3.0,229.0,127.68901062011719,47.761898040771484,False,False,False,
task1_images,D:\Biology-AI\data\Task1_Segmentation\images\002015.jpg,True,JPEG,RGB,True,4288,2848,10.0,245.0,139.80018615722656,23.47089385986328,False,False,False,
task1_images,D:\Biology-AI\data\Task1_Segmentation\images\002016.jpg,True,JPEG,RGB,True,3008,2000,15.0,255.0,218.74989318847656,24.787628173828125,False,False,False,
task1_images,D:\Biology-AI\data\Task1_Segmentation\images\002017.jpg,True,JPEG,RGB,True,4288,2848,41.0,255.0,152.37753295898438,30.15292739868164,False,False,False,
task1_images,D:\Biology-AI\data\Task1_Segmentation\images\002018.jpg,True,JPEG,RGB,True,1024,768,38.0,255.0,193.74916076660156,50.76304244995117,False,False,False,
task1_images,D:\Biology-AI\data\Task1_Segmentation\images\002019.jpg,True,JPEG,RGB,True,6661,4441,0.0,255.0,140.39463806152344,62.643638610839844,False,False,False,
task1_images,D:\Biology-AI\data\Task1_Segmentation\images\002020.jpg,True,JPEG,RGB,True,6641,4420,0.0,255.0,158.41238403320312,49.009803771972656,False,False,False,
task1_images,D:\Biology-AI\data\Task1_Segmentation\images\002021.jpg,True,JPEG,RGB,True,6688,4439,0.0,255.0,156.8839874267578,48.957054138183594,False,False,False,
task1_images,D:\Biology-AI\data\Task1_Segmentation\images\002022.jpg,True,JPEG,RGB,True,1024,768,19.0,249.0,164.08279418945312,47.55588912963867,False,False,False,
task1_images,D:\Biology-AI\data\Task1_Segmentation\images\002023.jpg,True,JPEG,RGB,True,6581,4382,0.0,255.0,162.15447998046875,64.3981704711914,False,False,False,
task1_images,D:\Biology-AI\data\Task1_Segmentation\images\002024.jpg,True,JPEG,RGB,True,767,576,0.0,255.0,88.52595520019531,46.347633361816406,False,False,False,
task1_images,D:\Biology-AI\data\Task1_Segmentation\images\002025.jpg,True,JPEG,RGB,True,3072,2304,6.0,255.0,163.87753295898438,43.909400939941406,False,False,False,
task1_images,D:\Biology-AI\data\Task1_Segmentation\images\002026.jpg,True,JPEG,RGB,True,2592,1936,1.0,255.0,166.50076293945312,33.55241012573242,False,False,False,
task1_images,D:\Biology-AI\data\Task1_Segmentation\images\002027.jpg,True,JPEG,RGB,True,3072,2304,22.0,177.0,132.1713409423828,15.690847396850586,False,False,False,
task1_images,D:\Biology-AI\data\Task1_Segmentation\images\002028.jpg,True,JPEG,RGB,True,3872,2592,11.0,244.0,165.73362731933594,24.708202362060547,False,False,False,
task1_images,D:\Biology-AI\data\Task1_Segmentation\images\002029.jpg,True,JPEG,RGB,True,4288,2848,5.0,255.0,144.87498474121094,22.814523696899414,False,False,False,
task1_images,D:\Biology-AI\data\Task1_Segmentation\images\002030.jpg,True,JPEG,RGB,True,6622,4422,0.0,255.0,119.18034362792969,65.89131927490234,False,False,False,
task1_images,D:\Biology-AI\data\Task1_Segmentation\images\002031.jpg,True,JPEG,RGB,True,1024,768,2.0,238.0,118.79535675048828,29.068628311157227,False,False,False,
task1_images,D:\Biology-AI\data\Task1_Segmentation\images\002032.jpg,True,JPEG,RGB,True,6640,4420,0.0,255.0,148.1065216064453,57.00090026855469,False,False,False,
task1_images,D:\Biology-AI\data\Task1_Segmentation\images\002033.jpg,True,JPEG,RGB,True,3024,2016,0.0,255.0,155.46348571777344,37.70460510253906,False,False,False,
task1_images,D:\Biology-AI\data\Task1_Segmentation\images\002034.jpg,True,JPEG,RGB,True,3008,2000,0.0,255.0,138.18504333496094,32.41728591918945,False,False,False,
task1_images,D:\Biology-AI\data\Task1_Segmentation\images\002035.jpg,True,JPEG,RGB,True,6668,4459,0.0,255.0,138.53871154785156,56.17747116088867,False,False,False,
task1_images,D:\Biology-AI\data\Task1_Segmentation\images\002036.jpg,True,JPEG,RGB,True,6668,4439,0.0,255.0,175.15921020507812,53.44707107543945,False,False,False,
task1_images,D:\Biology-AI\data\Task1_Segmentation\images\002037.jpg,True,JPEG,RGB,True,640,480,0.0,255.0,195.09756469726562,59.531375885009766,False,False,False,
task1_images,D:\Biology-AI\data\Task1_Segmentation\images\002038.jpg,True,JPEG,RGB,True,1080,1920,0.0,255.0,163.42539978027344,57.04298782348633,False,False,False,
task1_images,D:\Biology-AI\data\Task1_Segmentation\images\002039.jpg,True,JPEG,RGB,True,2560,2278,0.0,255.0,135.44468688964844,33.16878890991211,False,False,False,
task1_images,D:\Biology-AI\data\Task1_Segmentation\images\002040.jpg,True,JPEG,RGB,True,2355,2028,5.0,231.0,127.7735824584961,47.608882904052734,False,False,False,
task1_images,D:\Biology-AI\data\Task1_Segmentation\images\002041.jpg,True,JPEG,RGB,True,1504,1129,0.0,255.0,160.7459259033203,32.4565544128418,False,False,False,
task1_images,D:\Biology-AI\data\Task1_Segmentation\images\002042.jpg,True,JPEG,RGB,True,2048,1536,0.0,247.0,158.8623046875,50.85692596435547,False,False,False,
task1_images,D:\Biology-AI\data\Task1_Segmentation\images\002043.jpg,True,JPEG,RGB,True,4288,2848,23.0,235.0,121.26994323730469,32.259708404541016,False,False,False,
task1_images,D:\Biology-AI\data\Task1_Segmentation\images\002044.jpg,True,JPEG,RGB,True,4288,2848,7.0,251.0,157.77806091308594,29.07823371887207,False,False,False,
task1_images,D:\Biology-AI\data\Task1_Segmentation\images\002045.jpg,True,JPEG,RGB,True,1024,768,17.0,255.0,202.60198974609375,33.8627815246582,False,False,False,
task1_images,D:\Biology-AI\data\Task1_Segmentation\images\002046.jpg,True,JPEG,RGB,True,771,750,40.0,199.0,166.42221069335938,21.39934730529785,False,False,False,
task1_images,D:\Biology-AI\data\Task1_Segmentation\images\002047.jpg,True,JPEG,RGB,True,2048,1536,0.0,255.0,155.49441528320312,33.6876220703125,False,False,False,
task1_images,D:\Biology-AI\data\Task1_Segmentation\images\002048.jpg,True,JPEG,RGB,True,3008,2000,2.0,249.0,123.3407974243164,34.71460723876953,False,False,False,
task1_images,D:\Biology-AI\data\Task1_Segmentation\images\002049.jpg,True,JPEG,RGB,True,3072,2304,0.0,255.0,151.7804718017578,30.09113311767578,False,False,False,
task1_images,D:\Biology-AI\data\Task1_Segmentation\images\002050.jpg,True,JPEG,RGB,True,1024,768,72.0,233.0,160.99114990234375,23.874649047851562,False,False,False,
task1_images,D:\Biology-AI\data\Task1_Segmentation\images\002051.jpg,True,JPEG,RGB,True,679,566,0.0,255.0,118.33096313476562,58.187381744384766,False,False,False,
task1_images,D:\Biology-AI\data\Task1_Segmentation\images\002052.jpg,True,JPEG,RGB,True,640,480,0.0,247.0,158.5204315185547,45.80868148803711,False,False,False,
task1_images,D:\Biology-AI\data\Task1_Segmentation\images\002053.jpg,True,JPEG,RGB,True,6688,4419,0.0,255.0,167.2015838623047,62.85715866088867,False,False,False,
task1_images,D:\Biology-AI\data\Task1_Segmentation\images\002054.jpg,True,JPEG,RGB,True,3872,2592,15.0,220.0,140.0679473876953,43.46083450317383,False,False,False,
task1_images,D:\Biology-AI\data\Task1_Segmentation\images\002055.jpg,True,JPEG,RGB,True,1024,768,0.0,255.0,167.8917236328125,50.79811096191406,False,False,False,
task1_images,D:\Biology-AI\data\Task1_Segmentation\images\002056.jpg,True,JPEG,RGB,True,1024,768,0.0,235.0,159.44261169433594,39.64933395385742,False,False,False,
task1_images,D:\Biology-AI\data\Task1_Segmentation\images\002057.jpg,True,JPEG,RGB,True,3008,2000,0.0,255.0,145.5059356689453,25.147735595703125,False,False,False,
task1_images,D:\Biology-AI\data\Task1_Segmentation\images\002058.jpg,True,JPEG,RGB,True,6641,4420,0.0,255.0,101.51960754394531,80.38468170166016,False,False,False,
task1_images,D:\Biology-AI\data\Task1_Segmentation\images\002059.jpg,True,JPEG,RGB,True,640,480,0.0,246.0,165.53872680664062,49.622684478759766,False,False,False,
task1_images,D:\Biology-AI\data\Task1_Segmentation\images\002060.jpg,True,JPEG,RGB,True,4288,2848,27.0,253.0,121.77140808105469,30.964811325073242,False,False,False,
task1_images,D:\Biology-AI\data\Task1_Segmentation\images\002061.jpg,True,JPEG,RGB,True,4288,2848,33.0,247.0,158.09100341796875,25.569292068481445,False,False,False,
task1_images,D:\Biology-AI\data\Task1_Segmentation\images\002062.jpg,True,JPEG,RGB,True,1024,768,22.0,255.0,163.0086212158203,44.41130828857422,False,False,False,
task1_images,D:\Biology-AI\data\Task1_Segmentation\images\002063.jpg,True,JPEG,RGB,True,3072,2304,0.0,255.0,165.1092987060547,48.18274688720703,False,False,False,
task1_images,D:\Biology-AI\data\Task1_Segmentation\images\002064.jpg,True,JPEG,RGB,True,957,640,0.0,255.0,152.80087280273438,68.15497589111328,False,False,False,
task1_images,D:\Biology-AI\data\Task1_Segmentation\images\002065.jpg,True,JPEG,RGB,True,2592,1936,0.0,255.0,179.35501098632812,39.59038543701172,False,False,False,
task1_images,D:\Biology-AI\data\Task1_Segmentation\images\002066.jpg,True,JPEG,RGB,True,4288,2848,0.0,255.0,163.8035888671875,48.306583404541016,False,False,False,
task1_images,D:\Biology-AI\data\Task1_Segmentation\images\002067.jpg,True,JPEG,RGB,True,1024,768,24.0,252.0,174.46014404296875,62.98394775390625,False,False,False,
task1_images,D:\Biology-AI\data\Task1_Segmentation\images\002068.jpg,True,JPEG,RGB,True,640,480,0.0,246.0,159.19107055664062,48.19887924194336,False,False,False,
task1_images,D:\Biology-AI\data\Task1_Segmentation\images\002069.jpg,True,JPEG,RGB,True,3008,2000,19.0,255.0,176.3022918701172,15.898039817810059,False,False,False,
task1_images,D:\Biology-AI\data\Task1_Segmentation\images\002070.jpg,True,JPEG,RGB,True,2048,1536,46.0,255.0,182.71356201171875,18.831785202026367,False,False,False,
task1_images,D:\Biology-AI\data\Task1_Segmentation\images\002071.jpg,True,JPEG,RGB,True,3872,2592,6.0,250.0,169.9032745361328,23.2943172454834,False,False,False,
task1_images,D:\Biology-AI\data\Task1_Segmentation\images\002072.jpg,True,JPEG,RGB,True,3872,2592,10.0,223.0,170.13070678710938,15.084532737731934,False,False,False,
task1_images,D:\Biology-AI\data\Task1_Segmentation\images\002073.jpg,True,JPEG,RGB,True,3008,2000,34.0,255.0,180.91012573242188,18.641347885131836,False,False,False,
task1_images,D:\Biology-AI\data\Task1_Segmentation\images\002074.jpg,True,JPEG,RGB,True,6642,4422,0.0,255.0,123.35205841064453,49.6280517578125,False,False,False,
task1_images,D:\Biology-AI\data\Task1_Segmentation\images\002075.jpg,True,JPEG,RGB,True,3008,2000,0.0,255.0,196.4333038330078,31.57622718811035,False,False,False,
task1_images,D:\Biology-AI\data\Task1_Segmentation\images\002076.jpg,True,JPEG,RGB,True,3008,2000,1.0,255.0,145.0382843017578,26.95551109313965,False,False,False,
task1_images,D:\Biology-AI\data\Task1_Segmentation\images\002077.jpg,True,JPEG,RGB,True,2556,2115,3.0,255.0,159.85977172851562,32.81837844848633,False,False,False,
task1_images,D:\Biology-AI\data\Task1_Segmentation\images\002078.jpg,True,JPEG,RGB,True,3008,2000,0.0,255.0,170.00201416015625,35.25308609008789,False,False,False,
task1_images,D:\Biology-AI\data\Task1_Segmentation\images\002079.jpg,True,JPEG,RGB,True,2048,1536,3.0,255.0,150.91925048828125,41.612831115722656,False,False,False,
task1_images,D:\Biology-AI\data\Task1_Segmentation\images\002080.jpg,True,JPEG,RGB,True,4288,2848,0.0,255.0,161.6419677734375,37.207496643066406,False,False,False,
task1_images,D:\Biology-AI\data\Task1_Segmentation\images\002081.jpg,True,JPEG,RGB,True,3072,2304,10.0,255.0,166.5843505859375,20.9345703125,False,False,False,
task1_images,D:\Biology-AI\data\Task1_Segmentation\images\002082.jpg,True,JPEG,RGB,True,1024,768,56.0,255.0,190.12294006347656,28.59968376159668,False,False,False,
task1_images,D:\Biology-AI\data\Task1_Segmentation\images\002083.jpg,True,JPEG,RGB,True,4288,2848,4.0,203.0,139.30479431152344,20.761205673217773,False,False,False,
task1_images,D:\Biology-AI\data\Task1_Segmentation\images\002084.jpg,True,JPEG,RGB,True,1028,753,0.0,255.0,181.86854553222656,28.606552124023438,False,False,False,
task1_images,D:\Biology-AI\data\Task1_Segmentation\images\002085.jpg,True,JPEG,RGB,True,1504,1129,0.0,255.0,163.80958557128906,51.820621490478516,False,False,False,
task1_images,D:\Biology-AI\data\Task1_Segmentation\images\002086.jpg,True,JPEG,RGB,True,3008,2000,2.0,255.0,156.02113342285156,21.116600036621094,False,False,False,
task1_images,D:\Biology-AI\data\Task1_Segmentation\images\002087.jpg,True,JPEG,RGB,True,3008,2000,7.0,255.0,169.88487243652344,22.01717185974121,False,False,False,
task1_images,D:\Biology-AI\data\Task1_Segmentation\images\002088.jpg,True,JPEG,RGB,True,3072,2304,0.0,217.0,127.74889373779297,37.66533279418945,False,False,False,
task1_images,D:\Biology-AI\data\Task1_Segmentation\images\002089.jpg,True,JPEG,RGB,True,6641,4422,0.0,255.0,142.7506561279297,60.60567092895508,False,False,False,
task1_images,D:\Biology-AI\data\Task1_Segmentation\images\002090.jpg,True,JPEG,RGB,True,1024,768,19.0,255.0,204.2272186279297,42.5006217956543,False,False,False,
task1_images,D:\Biology-AI\data\Task1_Segmentation\images\002091.jpg,True,JPEG,RGB,True,6628,4439,0.0,255.0,127.31121826171875,62.78873062133789,False,False,False,
task1_images,D:\Biology-AI\data\Task1_Segmentation\images\002092.jpg,True,JPEG,RGB,True,1024,768,0.0,234.0,182.18739318847656,32.85709762573242,False,False,False,
task1_images,D:\Biology-AI\data\Task1_Segmentation\images\002093.jpg,True,JPEG,RGB,True,2048,1536,0.0,217.0,155.49542236328125,36.45685577392578,False,False,False,
task1_images,D:\Biology-AI\data\Task1_Segmentation\images\002094.jpg,True,JPEG,RGB,True,3008,2000,1.0,255.0,124.80964660644531,37.15818786621094,False,False,False,
task1_images,D:\Biology-AI\data\Task1_Segmentation\images\002095.jpg,True,JPEG,RGB,True,1024,768,38.0,234.0,136.81085205078125,23.75923728942871,False,False,False,
task1_images,D:\Biology-AI\data\Task1_Segmentation\images\002096.jpg,True,JPEG,RGB,True,3072,2304,0.0,255.0,126.91973876953125,37.255401611328125,False,False,False,
task1_images,D:\Biology-AI\data\Task1_Segmentation\images\002097.jpg,True,JPEG,RGB,True,4288,2848,18.0,248.0,128.2085723876953,31.24835777282715,False,False,False,
task1_images,D:\Biology-AI\data\Task1_Segmentation\images\002098.jpg,True,JPEG,RGB,True,3872,2592,25.0,255.0,196.59170532226562,26.623525619506836,False,False,False,
task1_images,D:\Biology-AI\data\Task1_Segmentation\images\002099.jpg,True,JPEG,RGB,True,3872,2592,14.0,255.0,175.66836547851562,37.965736389160156,False,False,False,
task1_images,D:\Biology-AI\data\Task1_Segmentation\images\002100.jpg,True,JPEG,RGB,True,2048,1536,0.0,255.0,142.03480529785156,26.07245445251465,False,False,False,
task1_images,D:\Biology-AI\data\Task1_Segmentation\images\002101.jpg,True,JPEG,RGB,True,640,480,0.0,255.0,168.65968322753906,47.299827575683594,False,False,False,
task1_images,D:\Biology-AI\data\Task1_Segmentation\images\002102.jpg,True,JPEG,RGB,True,4288,2848,9.0,255.0,149.44525146484375,22.353185653686523,False,False,False,
task1_images,D:\Biology-AI\data\Task1_Segmentation\images\002103.jpg,True,JPEG,RGB,True,3072,2304,5.0,255.0,146.26141357421875,35.15487289428711,False,False,False,
task1_images,D:\Biology-AI\data\Task1_Segmentation\images\002104.jpg,True,JPEG,RGB,True,1024,768,37.0,233.0,149.7373504638672,32.11986541748047,False,False,False,
task1_images,D:\Biology-AI\data\Task1_Segmentation\images\002105.jpg,True,JPEG,RGB,True,2592,1936,2.0,255.0,155.18182373046875,32.635623931884766,False,False,False,
task1_images,D:\Biology-AI\data\Task1_Segmentation\images\002106.jpg,True,JPEG,RGB,True,3072,2304,0.0,255.0,166.22032165527344,27.8394718170166,False,False,False,
task1_images,D:\Biology-AI\data\Task1_Segmentation\images\002107.jpg,True,JPEG,RGB,True,640,480,0.0,255.0,172.5330352783203,48.91139602661133,False,False,False,
task1_images,D:\Biology-AI\data\Task1_Segmentation\images\002108.jpg,True,JPEG,RGB,True,4288,2848,7.0,255.0,132.61013793945312,19.20615005493164,False,False,False,
task1_images,D:\Biology-AI\data\Task1_Segmentation\images\002109.jpg,True,JPEG,RGB,True,6668,4459,0.0,255.0,94.57514953613281,62.077362060546875,False,False,False,
task1_images,D:\Biology-AI\data\Task1_Segmentation\images\002110.jpg,True,JPEG,RGB,True,2048,1536,0.0,255.0,138.9785919189453,46.94818115234375,False,False,False,
task1_images,D:\Biology-AI\data\Task1_Segmentation\images\002111.jpg,True,JPEG,RGB,True,640,480,23.0,223.0,159.34555053710938,32.50360107421875,False,False,False,
task1_images,D:\Biology-AI\data\Task1_Segmentation\images\002112.jpg,True,JPEG,RGB,True,3072,2304,8.0,255.0,152.4499969482422,44.66468811035156,False,False,False,
task1_images,D:\Biology-AI\data\Task1_Segmentation\images\002113.jpg,True,JPEG,RGB,True,6708,4439,0.0,255.0,159.42237854003906,48.04145050048828,False,False,False,
task1_images,D:\Biology-AI\data\Task1_Segmentation\images\002114.jpg,True,JPEG,RGB,True,6648,4439,0.0,255.0,151.81419372558594,41.704322814941406,False,False,False,
task1_images,D:\Biology-AI\data\Task1_Segmentation\images\002115.jpg,True,JPEG,RGB,True,3008,2000,7.0,250.0,181.0072021484375,22.441364288330078,False,False,False,
task1_images,D:\Biology-AI\data\Task1_Segmentation\images\002116.jpg,True,JPEG,RGB,True,1024,768,0.0,235.0,117.86073303222656,80.95293426513672,False,False,False,
task1_images,D:\Biology-AI\data\Task1_Segmentation\images\002117.jpg,True,JPEG,RGB,True,6808,4519,0.0,255.0,157.24427795410156,73.68179321289062,False,False,False,
task1_images,D:\Biology-AI\data\Task1_Segmentation\images\002118.jpg,True,JPEG,RGB,True,3008,2000,0.0,255.0,122.041748046875,27.659666061401367,False,False,False,
task1_images,D:\Biology-AI\data\Task1_Segmentation\images\002119.jpg,True,JPEG,RGB,True,919,802,7.0,255.0,173.4359130859375,29.446983337402344,False,False,False,
task1_images,D:\Biology-AI\data\Task1_Segmentation\images\002120.jpg,True,JPEG,RGB,True,4288,2848,17.0,252.0,159.7284393310547,17.51130485534668,False,False,False,
task1_images,D:\Biology-AI\data\Task1_Segmentation\images\002121.jpg,True,JPEG,RGB,True,6681,4440,0.0,255.0,159.0847625732422,52.42959976196289,False,False,False,
task1_images,D:\Biology-AI\data\Task1_Segmentation\images\002122.jpg,True,JPEG,RGB,True,3072,2304,0.0,197.0,147.78030395507812,28.1276798248291,False,False,False,
task1_images,D:\Biology-AI\data\Task1_Segmentation\images\002123.jpg,True,JPEG,RGB,True,3008,2000,2.0,255.0,118.36404418945312,30.536212921142578,False,False,False,
task1_images,D:\Biology-AI\data\Task1_Segmentation\images\002124.jpg,True,JPEG,RGB,True,767,576,0.0,255.0,144.29415893554688,58.700252532958984,False,False,False,
task1_images,D:\Biology-AI\data\Task1_Segmentation\images\002125.jpg,True,JPEG,RGB,True,4288,2848,16.0,255.0,139.9490966796875,24.95194435119629,False,False,False,
task1_images,D:\Biology-AI\data\Task1_Segmentation\images\002126.jpg,True,JPEG,RGB,True,640,480,0.0,229.0,116.25267028808594,38.947776794433594,False,False,False,
task1_images,D:\Biology-AI\data\Task1_Segmentation\images\002127.jpg,True,JPEG,RGB,True,3872,2592,17.0,255.0,184.839111328125,23.457569122314453,False,False,False,
task1_images,D:\Biology-AI\data\Task1_Segmentation\images\002128.jpg,True,JPEG,RGB,True,1024,768,30.0,255.0,191.09262084960938,49.866390228271484,False,False,False,
task1_images,D:\Biology-AI\data\Task1_Segmentation\images\002129.jpg,True,JPEG,RGB,True,6668,4439,0.0,255.0,109.9424819946289,66.87971496582031,False,False,False,
task1_images,D:\Biology-AI\data\Task1_Segmentation\images\002130.jpg,True,JPEG,RGB,True,4288,2848,15.0,255.0,157.58905029296875,27.33708953857422,False,False,False,
task1_images,D:\Biology-AI\data\Task1_Segmentation\images\002131.jpg,True,JPEG,RGB,True,4288,2848,33.0,206.0,129.7339630126953,21.82501983642578,False,False,False,
task1_images,D:\Biology-AI\data\Task1_Segmentation\images\002132.jpg,True,JPEG,RGB,True,919,802,2.0,191.0,114.20256805419922,39.13297653198242,False,False,False,
task1_images,D:\Biology-AI\data\Task1_Segmentation\images\002133.jpg,True,JPEG,RGB,True,640,480,0.0,237.0,134.66476440429688,39.515804290771484,False,False,False,
task1_images,D:\Biology-AI\data\Task1_Segmentation\images\002134.jpg,True,JPEG,RGB,True,4288,2848,37.0,255.0,174.8618927001953,16.286088943481445,False,False,False,
task1_images,D:\Biology-AI\data\Task1_Segmentation\images\002135.jpg,True,JPEG,RGB,True,3072,2304,0.0,255.0,141.43954467773438,42.49740219116211,False,False,False,
task1_images,D:\Biology-AI\data\Task1_Segmentation\images\002136.jpg,True,JPEG,RGB,True,3008,2000,0.0,255.0,150.67335510253906,21.388023376464844,False,False,False,
task1_images,D:\Biology-AI\data\Task1_Segmentation\images\002137.jpg,True,JPEG,RGB,True,3008,2000,0.0,217.0,123.3003158569336,25.88161849975586,False,False,False,
task1_images,D:\Biology-AI\data\Task1_Segmentation\images\002138.jpg,True,JPEG,RGB,True,1024,768,7.0,238.0,147.4647674560547,35.870887756347656,False,False,False,
task1_images,D:\Biology-AI\data\Task1_Segmentation\images\002139.jpg,True,JPEG,RGB,True,3072,2304,0.0,255.0,176.51226806640625,19.579952239990234,False,False,False,
task1_images,D:\Biology-AI\data\Task1_Segmentation\images\002140.jpg,True,JPEG,RGB,True,4288,2848,14.0,244.0,113.9610824584961,26.466745376586914,False,False,False,
task1_images,D:\Biology-AI\data\Task1_Segmentation\images\002141.jpg,True,JPEG,RGB,True,1024,768,90.0,235.0,172.9147186279297,27.06070327758789,False,False,False,
task1_images,D:\Biology-AI\data\Task1_Segmentation\images\002142.jpg,True,JPEG,RGB,True,640,480,0.0,255.0,100.40725708007812,76.27178192138672,False,False,False,
task1_images,D:\Biology-AI\data\Task1_Segmentation\images\002143.jpg,True,JPEG,RGB,True,3072,2304,15.0,255.0,161.5523681640625,21.103790283203125,False,False,False,
task1_images,D:\Biology-AI\data\Task1_Segmentation\images\002144.jpg,True,JPEG,RGB,True,3008,2000,4.0,231.0,127.1644515991211,22.373262405395508,False,False,False,
task1_images,D:\Biology-AI\data\Task1_Segmentation\images\002145.jpg,True,JPEG,RGB,True,1707,1222,10.0,192.0,149.7222442626953,21.19070816040039,False,False,False,
task1_images,D:\Biology-AI\data\Task1_Segmentation\images\002146.jpg,True,JPEG,RGB,True,6748,4499,0.0,255.0,185.2689666748047,41.6684455871582,False,False,False,
task1_images,D:\Biology-AI\data\Task1_Segmentation\images\002147.jpg,True,JPEG,RGB,True,3008,2000,8.0,237.0,170.33912658691406,23.84635353088379,False,False,False,
task1_images,D:\Biology-AI\data\Task1_Segmentation\images\002148.jpg,True,JPEG,RGB,True,3072,2304,20.0,198.0,143.21051025390625,24.3133544921875,False,False,False,
task1_images,D:\Biology-AI\data\Task1_Segmentation\images\002149.jpg,True,JPEG,RGB,True,6688,4419,0.0,255.0,194.7675018310547,48.25752639770508,False,False,False,
task1_images,D:\Biology-AI\data\Task1_Segmentation\images\002150.jpg,True,JPEG,RGB,True,2048,1536,0.0,255.0,157.5657958984375,53.54686737060547,False,False,False,
task1_images,D:\Biology-AI\data\Task1_Segmentation\images\002151.jpg,True,JPEG,RGB,True,3024,2016,0.0,255.0,141.7938995361328,48.85294723510742,False,False,False,
task1_images,D:\Biology-AI\data\Task1_Segmentation\images\002152.jpg,True,JPEG,RGB,True,767,576,0.0,255.0,182.21499633789062,57.10465621948242,False,False,False,
task1_images,D:\Biology-AI\data\Task1_Segmentation\images\002153.jpg,True,JPEG,RGB,True,3024,2016,0.0,255.0,144.73062133789062,37.47727966308594,False,False,False,
task1_images,D:\Biology-AI\data\Task1_Segmentation\images\002154.jpg,True,JPEG,RGB,True,640,480,0.0,232.0,146.89089965820312,40.007694244384766,False,False,False,
task1_images,D:\Biology-AI\data\Task1_Segmentation\images\002155.jpg,True,JPEG,RGB,True,2621,2060,11.0,226.0,133.23028564453125,33.250301361083984,False,False,False,
task1_images,D:\Biology-AI\data\Task1_Segmentation\images\002156.jpg,True,JPEG,RGB,True,767,576,0.0,255.0,165.59339904785156,52.75603103637695,False,False,False,
task1_images,D:\Biology-AI\data\Task1_Segmentation\images\002157.jpg,True,JPEG,RGB,True,6694,4477,0.0,255.0,156.74876403808594,57.49210739135742,False,False,False,
task1_images,D:\Biology-AI\data\Task1_Segmentation\images\002158.jpg,True,JPEG,RGB,True,4288,2848,15.0,255.0,169.72793579101562,20.776002883911133,False,False,False,
task1_images,D:\Biology-AI\data\Task1_Segmentation\images\002159.jpg,True,JPEG,RGB,True,640,480,0.0,255.0,113.97333526611328,48.21181869506836,False,False,False,
task1_images,D:\Biology-AI\data\Task1_Segmentation\images\002160.jpg,True,JPEG,RGB,True,4288,2848,12.0,254.0,131.1419677734375,31.098161697387695,False,False,False,
task1_images,D:\Biology-AI\data\Task1_Segmentation\images\002161.jpg,True,JPEG,RGB,True,4288,2848,24.0,238.0,148.5408477783203,11.617172241210938,False,False,False,
task1_images,D:\Biology-AI\data\Task1_Segmentation\images\002162.jpg,True,JPEG,RGB,True,4288,2848,10.0,244.0,149.79519653320312,27.59878921508789,False,False,False,
task1_images,D:\Biology-AI\data\Task1_Segmentation\images\002163.jpg,True,JPEG,RGB,True,2448,2448,15.0,255.0,157.5738983154297,35.133907318115234,False,False,False,
task1_images,D:\Biology-AI\data\Task1_Segmentation\images\002164.jpg,True,JPEG,RGB,True,640,480,0.0,255.0,186.08856201171875,63.52702331542969,False,False,False,
task1_images,D:\Biology-AI\data\Task1_Segmentation\images\002165.jpg,True,JPEG,RGB,True,4288,2848,7.0,226.0,120.23471069335938,17.380537033081055,False,False,False,
task1_images,D:\Biology-AI\data\Task1_Segmentation\images\002166.jpg,True,JPEG,RGB,True,640,480,0.0,255.0,154.52113342285156,60.332096099853516,False,False,False,
task1_images,D:\Biology-AI\data\Task1_Segmentation\images\002167.jpg,True,JPEG,RGB,True,640,480,0.0,255.0,198.483642578125,51.62057113647461,False,False,False,
task1_images,D:\Biology-AI\data\Task1_Segmentation\images\002168.jpg,True,JPEG,RGB,True,3072,2304,13.0,223.0,131.45594787597656,23.800447463989258,False,False,False,
task1_images,D:\Biology-AI\data\Task1_Segmentation\images\002169.jpg,True,JPEG,RGB,True,6602,4361,0.0,255.0,115.42063903808594,61.63486862182617,False,False,False,
task1_images,D:\Biology-AI\data\Task1_Segmentation\images\002170.jpg,True,JPEG,RGB,True,2592,1936,0.0,255.0,167.88490295410156,33.87321090698242,False,False,False,
task1_images,D:\Biology-AI\data\Task1_Segmentation\images\002171.jpg,True,JPEG,RGB,True,4288,2848,22.0,237.0,141.33567810058594,15.270090103149414,False,False,False,
task1_images,D:\Biology-AI\data\Task1_Segmentation\images\002172.jpg,True,JPEG,RGB,True,853,680,9.0,205.0,134.62307739257812,49.111270904541016,False,False,False,
task1_images,D:\Biology-AI\data\Task1_Segmentation\images\002173.jpg,True,JPEG,RGB,True,6668,4439,0.0,255.0,163.36097717285156,55.77352523803711,False,False,False,
task1_images,D:\Biology-AI\data\Task1_Segmentation\images\002174.jpg,True,JPEG,RGB,True,3072,2304,2.0,255.0,139.7642822265625,32.028106689453125,False,False,False,
task1_images,D:\Biology-AI\data\Task1_Segmentation\images\002175.jpg,True,JPEG,RGB,True,3872,2592,27.0,255.0,208.96075439453125,27.666101455688477,False,False,False,
task1_images,D:\Biology-AI\data\Task1_Segmentation\images\002176.jpg,True,JPEG,RGB,True,6621,4401,0.0,255.0,160.84706115722656,66.70841979980469,False,False,False,
task1_images,D:\Biology-AI\data\Task1_Segmentation\images\002177.jpg,True,JPEG,RGB,True,3072,2304,17.0,255.0,132.72564697265625,17.313201904296875,False,False,False,
task1_images,D:\Biology-AI\data\Task1_Segmentation\images\002178.jpg,True,JPEG,RGB,True,3872,2592,30.0,176.0,144.83236694335938,20.386966705322266,False,False,False,
task1_images,D:\Biology-AI\data\Task1_Segmentation\images\002179.jpg,True,JPEG,RGB,True,3072,2304,11.0,254.0,191.27481079101562,32.63191223144531,False,False,False,
task1_images,D:\Biology-AI\data\Task1_Segmentation\images\002180.jpg,True,JPEG,RGB,True,3872,2592,11.0,255.0,207.88525390625,20.660606384277344,False,False,False,
task1_images,D:\Biology-AI\data\Task1_Segmentation\images\002181.jpg,True,JPEG,RGB,True,3024,2016,0.0,255.0,141.52566528320312,43.49539566040039,False,False,False,
task1_images,D:\Biology-AI\data\Task1_Segmentation\images\002182.jpg,True,JPEG,RGB,True,724,542,0.0,255.0,158.30966186523438,52.89875411987305,False,False,False,
task1_images,D:\Biology-AI\data\Task1_Segmentation\images\002183.jpg,True,JPEG,RGB,True,2592,1944,14.0,165.0,114.51071166992188,15.09384822845459,False,False,False,
task1_images,D:\Biology-AI\data\Task1_Segmentation\images\002184.jpg,True,JPEG,RGB,True,1024,768,20.0,255.0,190.0754852294922,22.521814346313477,False,False,False,
task1_images,D:\Biology-AI\data\Task1_Segmentation\images\002185.jpg,True,JPEG,RGB,True,962,722,4.0,255.0,173.57261657714844,68.31258392333984,False,False,False,
task1_images,D:\Biology-AI\data\Task1_Segmentation\images\002186.jpg,True,JPEG,RGB,True,4288,2848,6.0,254.0,113.86790466308594,20.763404846191406,False,False,False,
task1_images,D:\Biology-AI\data\Task1_Segmentation\images\002187.jpg,True,JPEG,RGB,True,3072,2304,0.0,255.0,143.11907958984375,26.59285545349121,False,False,False,
task1_images,D:\Biology-AI\data\Task1_Segmentation\images\002188.jpg,True,JPEG,RGB,True,3872,2592,24.0,255.0,185.72512817382812,66.97953796386719,False,False,False,
task1_images,D:\Biology-AI\data\Task1_Segmentation\images\002189.jpg,True,JPEG,RGB,True,3872,2592,16.0,164.0,128.40194702148438,13.899554252624512,False,False,False,
task1_images,D:\Biology-AI\data\Task1_Segmentation\images\002190.jpg,True,JPEG,RGB,True,4288,2848,0.0,255.0,158.1138458251953,49.32184982299805,False,False,False,
task1_images,D:\Biology-AI\data\Task1_Segmentation\images\002191.jpg,True,JPEG,RGB,True,3008,2000,7.0,224.0,131.7166748046875,21.914216995239258,False,False,False,
task1_images,D:\Biology-AI\data\Task1_Segmentation\images\002192.jpg,True,JPEG,RGB,True,824,719,0.0,255.0,173.28343200683594,31.55361557006836,False,False,False,
task1_images,D:\Biology-AI\data\Task1_Segmentation\images\002193.jpg,True,JPEG,RGB,True,1024,768,15.0,255.0,182.9913787841797,57.92875289916992,False,False,False,
task1_images,D:\Biology-AI\data\Task1_Segmentation\images\002194.jpg,True,JPEG,RGB,True,6622,4402,0.0,255.0,137.1179962158203,62.8748893737793,False,False,False,
task1_images,D:\Biology-AI\data\Task1_Segmentation\images\002195.jpg,True,JPEG,RGB,True,4288,2848,0.0,255.0,162.67428588867188,35.11682891845703,False,False,False,
task1_images,D:\Biology-AI\data\Task1_Segmentation\images\002196.jpg,True,JPEG,RGB,True,3072,2304,0.0,255.0,131.6117401123047,24.581035614013672,False,False,False,
task1_images,D:\Biology-AI\data\Task1_Segmentation\images\002197.jpg,True,JPEG,RGB,True,640,480,0.0,229.0,125.97437286376953,43.44390869140625,False,False,False,
task1_images,D:\Biology-AI\data\Task1_Segmentation\images\002198.jpg,True,JPEG,RGB,True,1022,767,0.0,255.0,162.76412963867188,30.297964096069336,False,False,False,
task1_images,D:\Biology-AI\data\Task1_Segmentation\images\002199.jpg,True,JPEG,RGB,True,640,480,0.0,246.0,146.9855194091797,45.29405212402344,False,False,False,
task1_images,D:\Biology-AI\data\Task1_Segmentation\images\002200.jpg,True,JPEG,RGB,True,6642,4441,0.0,255.0,179.59561157226562,36.42900848388672,False,False,False,
task1_images,D:\Biology-AI\data\Task1_Segmentation\images\002201.jpg,True,JPEG,RGB,True,1024,768,0.0,240.0,145.79978942871094,43.03350830078125,False,False,False,
task1_images,D:\Biology-AI\data\Task1_Segmentation\images\002202.jpg,True,JPEG,RGB,True,1024,768,0.0,238.0,134.97303771972656,32.84480667114258,False,False,False,
task1_images,D:\Biology-AI\data\Task1_Segmentation\images\002203.jpg,True,JPEG,RGB,True,1024,768,1.0,250.0,176.32456970214844,39.227821350097656,False,False,False,
task1_images,D:\Biology-AI\data\Task1_Segmentation\images\002204.jpg,True,JPEG,RGB,True,3072,2304,16.0,200.0,131.58050537109375,32.35115051269531,False,False,False,
task1_images,D:\Biology-AI\data\Task1_Segmentation\images\002205.jpg,True,JPEG,RGB,True,1024,768,0.0,255.0,169.3346405029297,29.892444610595703,False,False,False,
task1_images,D:\Biology-AI\data\Task1_Segmentation\images\002206.jpg,True,JPEG,RGB,True,3072,2304,0.0,255.0,164.6080780029297,75.96907806396484,False,False,False,
task1_images,D:\Biology-AI\data\Task1_Segmentation\images\002207.jpg,True,JPEG,RGB,True,1024,768,0.0,231.0,154.40408325195312,30.133028030395508,False,False,False,
task1_images,D:\Biology-AI\data\Task1_Segmentation\images\002208.jpg,True,JPEG,RGB,True,3072,2304,6.0,255.0,177.74658203125,38.488494873046875,False,False,False,
task1_images,D:\Biology-AI\data\Task1_Segmentation\images\002209.jpg,True,JPEG,RGB,True,3872,2592,1.0,255.0,138.00323486328125,56.30241012573242,False,False,False,
task1_images,D:\Biology-AI\data\Task1_Segmentation\images\002210.jpg,True,JPEG,RGB,True,2048,1536,0.0,255.0,166.90541076660156,40.505332946777344,False,False,False,
task1_images,D:\Biology-AI\data\Task1_Segmentation\images\002211.jpg,True,JPEG,RGB,True,3072,2304,23.0,222.0,155.2787322998047,23.66036033630371,False,False,False,
task1_images,D:\Biology-AI\data\Task1_Segmentation\images\002212.jpg,True,JPEG,RGB,True,919,802,7.0,191.0,142.1512451171875,30.77687644958496,False,False,False,
task1_images,D:\Biology-AI\data\Task1_Segmentation\images\002213.jpg,True,JPEG,RGB,True,6668,4439,0.0,255.0,177.462646484375,60.86310958862305,False,False,False,
task1_images,D:\Biology-AI\data\Task1_Segmentation\images\002214.jpg,True,JPEG,RGB,True,3024,2016,0.0,244.0,158.95391845703125,32.05271530151367,False,False,False,
task1_images,D:\Biology-AI\data\Task1_Segmentation\images\002215.jpg,True,JPEG,RGB,True,2448,2448,17.0,255.0,156.4189910888672,25.023269653320312,False,False,False,
task1_images,D:\Biology-AI\data\Task1_Segmentation\images\002216.jpg,True,JPEG,RGB,True,1024,768,5.0,255.0,208.022705078125,61.98777770996094,False,False,False,
task1_images,D:\Biology-AI\data\Task1_Segmentation\images\002217.jpg,True,JPEG,RGB,True,4288,2848,34.0,255.0,170.45022583007812,24.54479217529297,False,False,False,
task1_images,D:\Biology-AI\data\Task1_Segmentation\images\002218.jpg,True,JPEG,RGB,True,3872,2592,21.0,255.0,138.10952758789062,16.493656158447266,False,False,False,
task1_images,D:\Biology-AI\data\Task1_Segmentation\images\002219.jpg,True,JPEG,RGB,True,3872,2592,40.0,255.0,210.1929168701172,13.299782752990723,False,False,False,
task1_images,D:\Biology-AI\data\Task1_Segmentation\images\002220.jpg,True,JPEG,RGB,True,3872,2592,4.0,255.0,147.676025390625,19.963459014892578,False,False,False,
task1_images,D:\Biology-AI\data\Task1_Segmentation\images\002221.jpg,True,JPEG,RGB,True,4288,2848,4.0,186.0,135.39373779296875,16.667537689208984,False,False,False,
task1_images,D:\Biology-AI\data\Task1_Segmentation\images\002222.jpg,True,JPEG,RGB,True,3872,2592,14.0,255.0,182.87596130371094,28.1379337310791,False,False,False,
task1_images,D:\Biology-AI\data\Task1_Segmentation\images\002223.jpg,True,JPEG,RGB,True,1024,768,0.0,255.0,197.40924072265625,24.544418334960938,False,False,False,
task1_images,D:\Biology-AI\data\Task1_Segmentation\images\002224.jpg,True,JPEG,RGB,True,4288,2848,15.0,207.0,129.87205505371094,18.733078002929688,False,False,False,
task1_images,D:\Biology-AI\data\Task1_Segmentation\images\002225.jpg,True,JPEG,RGB,True,3008,2000,0.0,255.0,89.00174713134766,23.302509307861328,False,False,False,
task1_images,D:\Biology-AI\data\Task1_Segmentation\images\002226.jpg,True,JPEG,RGB,True,1024,768,0.0,255.0,216.92779541015625,37.439945220947266,False,False,False,
task1_images,D:\Biology-AI\data\Task1_Segmentation\images\002227.jpg,True,JPEG,RGB,True,3072,2304,32.0,229.0,170.35580444335938,30.305749893188477,False,False,False,
task1_images,D:\Biology-AI\data\Task1_Segmentation\images\002228.jpg,True,JPEG,RGB,True,2816,2112,5.0,255.0,155.1968536376953,43.041446685791016,False,False,False,
task1_images,D:\Biology-AI\data\Task1_Segmentation\images\002229.jpg,True,JPEG,RGB,True,3872,2592,0.0,224.0,154.19931030273438,24.10012435913086,False,False,False,
task1_images,D:\Biology-AI\data\Task1_Segmentation\images\002230.jpg,True,JPEG,RGB,True,6621,4401,0.0,255.0,174.69161987304688,52.425804138183594,False,False,False,
task1_images,D:\Biology-AI\data\Task1_Segmentation\images\002231.jpg,True,JPEG,RGB,True,4288,2848,7.0,242.0,134.2406463623047,22.717323303222656,False,False,False,
task1_images,D:\Biology-AI\data\Task1_Segmentation\images\002232.jpg,True,JPEG,RGB,True,919,802,6.0,228.0,151.47055053710938,37.94116973876953,False,False,False,
task1_images,D:\Biology-AI\data\Task1_Segmentation\images\002233.jpg,True,JPEG,RGB,True,6648,4419,0.0,255.0,144.87388610839844,54.8057975769043,False,False,False,
task1_images,D:\Biology-AI\data\Task1_Segmentation\images\002234.jpg,True,JPEG,RGB,True,6661,4441,0.0,255.0,159.90408325195312,49.68653106689453,False,False,False,
task1_images,D:\Biology-AI\data\Task1_Segmentation\images\002235.jpg,True,JPEG,RGB,True,640,480,0.0,255.0,155.68394470214844,56.184024810791016,False,False,False,
task1_images,D:\Biology-AI\data\Task1_Segmentation\images\002236.jpg,True,JPEG,RGB,True,640,480,0.0,255.0,66.13646697998047,48.497154235839844,False,False,False,
task1_images,D:\Biology-AI\data\Task1_Segmentation\images\002237.jpg,True,JPEG,RGB,True,3872,2592,11.0,255.0,157.75006103515625,36.78583526611328,False,False,False,
task1_images,D:\Biology-AI\data\Task1_Segmentation\images\002238.jpg,True,JPEG,RGB,True,6688,4439,0.0,255.0,197.46641540527344,43.997066497802734,False,False,False,
task1_images,D:\Biology-AI\data\Task1_Segmentation\images\002239.jpg,True,JPEG,RGB,True,3872,2592,3.0,234.0,113.43756103515625,28.633378982543945,False,False,False,
task1_images,D:\Biology-AI\data\Task1_Segmentation\images\002240.jpg,True,JPEG,RGB,True,3072,2304,15.0,255.0,131.87123107910156,28.46799087524414,False,False,False,
task1_images,D:\Biology-AI\data\Task1_Segmentation\images\002241.jpg,True,JPEG,RGB,True,6628,4419,0.0,255.0,201.56890869140625,46.575897216796875,False,False,False,
task1_images,D:\Biology-AI\data\Task1_Segmentation\images\002242.jpg,True,JPEG,RGB,True,3072,2304,1.0,230.0,151.74339294433594,30.783903121948242,False,False,False,
task1_images,D:\Biology-AI\data\Task1_Segmentation\images\002243.jpg,True,JPEG,RGB,True,919,802,4.0,168.0,119.44928741455078,33.32338333129883,False,False,False,
task1_images,D:\Biology-AI\data\Task1_Segmentation\images\002244.jpg,True,JPEG,RGB,True,3072,2304,0.0,226.0,154.2400360107422,31.04990005493164,False,False,False,
task1_images,D:\Biology-AI\data\Task1_Segmentation\images\002245.jpg,True,JPEG,RGB,True,4288,2848,9.0,255.0,167.7418670654297,19.14730453491211,False,False,False,
task1_images,D:\Biology-AI\data\Task1_Segmentation\images\002246.jpg,True,JPEG,RGB,True,4288,2848,33.0,249.0,153.2082061767578,18.91189956665039,False,False,False,
task1_images,D:\Biology-AI\data\Task1_Segmentation\images\002247.jpg,True,JPEG,RGB,True,965,624,0.0,255.0,203.07940673828125,51.55206298828125,False,False,False,
task1_images,D:\Biology-AI\data\Task1_Segmentation\images\002248.jpg,True,JPEG,RGB,True,1502,1051,0.0,255.0,197.28329467773438,53.251380920410156,False,False,False,
task1_images,D:\Biology-AI\data\Task1_Segmentation\images\002249.jpg,True,JPEG,RGB,True,3024,2016,0.0,255.0,134.33067321777344,26.468042373657227,False,False,False,
task1_images,D:\Biology-AI\data\Task1_Segmentation\images\002250.jpg,True,JPEG,RGB,True,3024,2016,0.0,255.0,190.263916015625,40.54076385498047,False,False,False,
task1_images,D:\Biology-AI\data\Task1_Segmentation\images\002251.jpg,True,JPEG,RGB,True,640,480,0.0,253.0,177.40298461914062,42.312278747558594,False,False,False,
task1_images,D:\Biology-AI\data\Task1_Segmentation\images\002252.jpg,True,JPEG,RGB,True,6681,4441,0.0,255.0,140.3145294189453,51.990638732910156,False,False,False,
task1_images,D:\Biology-AI\data\Task1_Segmentation\images\002253.jpg,True,JPEG,RGB,True,4288,2848,13.0,219.0,138.75367736816406,15.843671798706055,False,False,False,
task1_images,D:\Biology-AI\data\Task1_Segmentation\images\002254.jpg,True,JPEG,RGB,True,767,576,0.0,255.0,102.70818328857422,43.80696105957031,False,False,False,
task1_images,D:\Biology-AI\data\Task1_Segmentation\images\002255.jpg,True,JPEG,RGB,True,1024,768,1.0,250.0,143.047607421875,33.522945404052734,False,False,False,
task1_images,D:\Biology-AI\data\Task1_Segmentation\images\002256.jpg,True,JPEG,RGB,True,2304,1536,0.0,255.0,162.34059143066406,41.24781036376953,False,False,False,
task1_images,D:\Biology-AI\data\Task1_Segmentation\images\002257.jpg,True,JPEG,RGB,True,3072,2304,15.0,255.0,171.1182403564453,53.36289596557617,False,False,False,
task1_images,D:\Biology-AI\data\Task1_Segmentation\images\002258.jpg,True,JPEG,RGB,True,4288,2848,11.0,238.0,148.21231079101562,22.853973388671875,False,False,False,
task1_images,D:\Biology-AI\data\Task1_Segmentation\images\002259.jpg,True,JPEG,RGB,True,1024,768,27.0,236.0,174.55804443359375,32.118900299072266,False,False,False,
task1_images,D:\Biology-AI\data\Task1_Segmentation\images\002260.jpg,True,JPEG,RGB,True,824,719,0.0,255.0,128.45013427734375,51.49399185180664,False,False,False,
task1_images,D:\Biology-AI\data\Task1_Segmentation\images\002261.jpg,True,JPEG,RGB,True,3008,2000,7.0,217.0,148.4975128173828,24.458776473999023,False,False,False,
task1_images,D:\Biology-AI\data\Task1_Segmentation\images\002262.jpg,True,JPEG,RGB,True,3008,2000,0.0,255.0,182.74383544921875,26.811967849731445,False,False,False,
task1_images,D:\Biology-AI\data\Task1_Segmentation\images\002263.jpg,True,JPEG,RGB,True,1024,768,0.0,255.0,166.45529174804688,27.579452514648438,False,False,False,
task1_images,D:\Biology-AI\data\Task1_Segmentation\images\002264.jpg,True,JPEG,RGB,True,3872,2592,12.0,208.0,151.87416076660156,25.178909301757812,False,False,False,
task1_images,D:\Biology-AI\data\Task1_Segmentation\images\002265.jpg,True,JPEG,RGB,True,3008,2000,0.0,255.0,134.9445343017578,28.369470596313477,False,False,False,
task1_images,D:\Biology-AI\data\Task1_Segmentation\images\002266.jpg,True,JPEG,RGB,True,3024,2016,0.0,243.0,151.67462158203125,24.515947341918945,False,False,False,
task1_images,D:\Biology-AI\data\Task1_Segmentation\images\002267.jpg,True,JPEG,RGB,True,6642,4421,0.0,255.0,144.1464080810547,62.56905746459961,False,False,False,
task1_images,D:\Biology-AI\data\Task1_Segmentation\images\002268.jpg,True,JPEG,RGB,True,3872,2592,12.0,255.0,170.21481323242188,23.398412704467773,False,False,False,
task1_images,D:\Biology-AI\data\Task1_Segmentation\images\002269.jpg,True,JPEG,RGB,True,6688,4439,0.0,255.0,129.64620971679688,64.65699005126953,False,False,False,
task1_images,D:\Biology-AI\data\Task1_Segmentation\images\002270.jpg,True,JPEG,RGB,True,4288,2848,12.0,237.0,151.0745849609375,29.00771141052246,False,False,False,
task1_images,D:\Biology-AI\data\Task1_Segmentation\images\002271.jpg,True,JPEG,RGB,True,6668,4439,0.0,255.0,126.2566909790039,63.29989242553711,False,False,False,
task1_images,D:\Biology-AI\data\Task1_Segmentation\images\002272.jpg,True,JPEG,RGB,True,6648,4439,0.0,255.0,152.69639587402344,53.14899444580078,False,False,False,
task1_images,D:\Biology-AI\data\Task1_Segmentation\images\002273.jpg,True,JPEG,RGB,True,4288,2848,20.0,251.0,126.76898956298828,27.751907348632812,False,False,False,
task1_images,D:\Biology-AI\data\Task1_Segmentation\images\002274.jpg,True,JPEG,RGB,True,3008,2000,14.0,240.0,171.6719207763672,16.905715942382812,False,False,False,
task1_images,D:\Biology-AI\data\Task1_Segmentation\images\002275.jpg,True,JPEG,RGB,True,3024,2016,0.0,255.0,141.7227325439453,34.40949249267578,False,False,False,
task1_images,D:\Biology-AI\data\Task1_Segmentation\images\002276.jpg,True,JPEG,RGB,True,3072,2304,15.0,255.0,143.77052307128906,25.03803825378418,False,False,False,
task1_images,D:\Biology-AI\data\Task1_Segmentation\images\002277.jpg,True,JPEG,RGB,True,4288,2848,12.0,255.0,147.0102996826172,27.00731086730957,False,False,False,
task1_images,D:\Biology-AI\data\Task1_Segmentation\images\002278.jpg,True,JPEG,RGB,True,3072,2304,0.0,255.0,93.95987701416016,86.67982482910156,False,False,False,
task1_images,D:\Biology-AI\data\Task1_Segmentation\images\002279.jpg,True,JPEG,RGB,True,3008,2000,3.0,255.0,169.7749481201172,13.47735595703125,False,False,False,
task1_images,D:\Biology-AI\data\Task1_Segmentation\images\002280.jpg,True,JPEG,RGB,True,3072,2304,0.0,255.0,140.7340850830078,42.386226654052734,False,False,False,
task1_images,D:\Biology-AI\data\Task1_Segmentation\images\002281.jpg,True,JPEG,RGB,True,4288,2848,1.0,231.0,130.18896484375,29.197481155395508,False,False,False,
task1_images,D:\Biology-AI\data\Task1_Segmentation\images\002282.jpg,True,JPEG,RGB,True,1024,768,19.0,247.0,138.25999450683594,19.349416732788086,False,False,False,
task1_images,D:\Biology-AI\data\Task1_Segmentation\images\002283.jpg,True,JPEG,RGB,True,1024,768,18.0,236.0,183.33200073242188,33.701751708984375,False,False,False,
task1_images,D:\Biology-AI\data\Task1_Segmentation\images\002284.jpg,True,JPEG,RGB,True,1024,768,47.0,233.0,164.3613739013672,24.63776397705078,False,False,False,
task1_images,D:\Biology-AI\data\Task1_Segmentation\images\002285.jpg,True,JPEG,RGB,True,2592,1936,0.0,255.0,178.9847869873047,48.633724212646484,False,False,False,
task1_images,D:\Biology-AI\data\Task1_Segmentation\images\002286.jpg,True,JPEG,RGB,True,3872,2592,18.0,210.0,134.92059326171875,24.209253311157227,False,False,False,
task1_images,D:\Biology-AI\data\Task1_Segmentation\images\002287.jpg,True,JPEG,RGB,True,3008,2000,13.0,255.0,189.7470703125,17.004304885864258,False,False,False,
task1_images,D:\Biology-AI\data\Task1_Segmentation\images\002288.jpg,True,JPEG,RGB,True,640,480,0.0,237.0,136.70387268066406,54.74528884887695,False,False,False,
task1_images,D:\Biology-AI\data\Task1_Segmentation\images\002289.jpg,True,JPEG,RGB,True,3072,2304,27.0,241.0,143.5496368408203,26.550716400146484,False,False,False,
task1_images,D:\Biology-AI\data\Task1_Segmentation\images\002290.jpg,True,JPEG,RGB,True,1024,768,0.0,255.0,177.2099151611328,32.53696823120117,False,False,False,
task1_images,D:\Biology-AI\data\Task1_Segmentation\images\002291.jpg,True,JPEG,RGB,True,1024,768,13.0,252.0,167.643310546875,45.00554656982422,False,False,False,
task1_images,D:\Biology-AI\data\Task1_Segmentation\images\002292.jpg,True,JPEG,RGB,True,6641,4402,0.0,255.0,165.31260681152344,47.35612869262695,False,False,False,
task1_images,D:\Biology-AI\data\Task1_Segmentation\images\002293.jpg,True,JPEG,RGB,True,640,480,0.0,246.0,138.75778198242188,46.076290130615234,False,False,False,
task1_images,D:\Biology-AI\data\Task1_Segmentation\images\002294.jpg,True,JPEG,RGB,True,3008,2000,0.0,255.0,138.8892059326172,32.99995040893555,False,False,False,
task1_images,D:\Biology-AI\data\Task1_Segmentation\images\002295.jpg,True,JPEG,RGB,True,3072,2304,11.0,255.0,164.37330627441406,33.599674224853516,False,False,False,
task1_images,D:\Biology-AI\data\Task1_Segmentation\images\002296.jpg,True,JPEG,RGB,True,3024,2016,0.0,255.0,205.6615447998047,38.745086669921875,False,False,False,
task1_images,D:\Biology-AI\data\Task1_Segmentation\images\002297.jpg,True,JPEG,RGB,True,3072,2304,16.0,255.0,142.8748321533203,31.990583419799805,False,False,False,
task1_images,D:\Biology-AI\data\Task1_Segmentation\images\002298.jpg,True,JPEG,RGB,True,2048,1536,0.0,248.0,156.50770568847656,48.59553909301758,False,False,False,
task1_images,D:\Biology-AI\data\Task1_Segmentation\images\002299.jpg,True,JPEG,RGB,True,3008,2000,1.0,237.0,106.03733825683594,22.84390640258789,False,False,False,
task1_images,D:\Biology-AI\data\Task1_Segmentation\images\002300.jpg,True,JPEG,RGB,True,3008,2000,1.0,255.0,128.73089599609375,30.280807495117188,False,False,False,
task1_images,D:\Biology-AI\data\Task1_Segmentation\images\002301.jpg,True,JPEG,RGB,True,1502,1043,0.0,255.0,170.1397705078125,58.50939178466797,False,False,False,
task1_images,D:\Biology-AI\data\Task1_Segmentation\images\002302.jpg,True,JPEG,RGB,True,3872,2592,0.0,214.0,140.73526000976562,14.635770797729492,False,False,False,
task1_images,D:\Biology-AI\data\Task1_Segmentation\images\002303.jpg,True,JPEG,RGB,True,4288,2848,0.0,255.0,153.1513214111328,46.856788635253906,False,False,False,
task1_images,D:\Biology-AI\data\Task1_Segmentation\images\002304.jpg,True,JPEG,RGB,True,1024,768,0.0,255.0,156.6329803466797,35.73668670654297,False,False,False,
task1_images,D:\Biology-AI\data\Task1_Segmentation\images\002305.jpg,True,JPEG,RGB,True,640,480,0.0,219.0,111.79153442382812,41.8773193359375,False,False,False,
task1_images,D:\Biology-AI\data\Task1_Segmentation\images\002306.jpg,True,JPEG,RGB,True,1024,768,21.0,255.0,177.22447204589844,24.695011138916016,False,False,False,
task1_images,D:\Biology-AI\data\Task1_Segmentation\images\002307.jpg,True,JPEG,RGB,True,3008,2000,8.0,255.0,153.73036193847656,17.35703468322754,False,False,False,
task1_images,D:\Biology-AI\data\Task1_Segmentation\images\002308.jpg,True,JPEG,RGB,True,3072,2304,22.0,255.0,165.3269500732422,23.51975440979004,False,False,False,
task1_images,D:\Biology-AI\data\Task1_Segmentation\images\002309.jpg,True,JPEG,RGB,True,3008,2000,10.0,255.0,188.43092346191406,20.285030364990234,False,False,False,
task1_images,D:\Biology-AI\data\Task1_Segmentation\images\002310.jpg,True,JPEG,RGB,True,4288,2848,9.0,251.0,143.09951782226562,24.05171012878418,False,False,False,
task1_images,D:\Biology-AI\data\Task1_Segmentation\images\002311.jpg,True,JPEG,RGB,True,962,671,6.0,255.0,199.69534301757812,53.36051940917969,False,False,False,
task1_images,D:\Biology-AI\data\Task1_Segmentation\images\002312.jpg,True,JPEG,RGB,True,1504,1129,0.0,255.0,167.3230438232422,64.5771255493164,False,False,False,
task1_images,D:\Biology-AI\data\Task1_Segmentation\images\002313.jpg,True,JPEG,RGB,True,640,480,0.0,230.0,142.98793029785156,45.18082046508789,False,False,False,
task1_images,D:\Biology-AI\data\Task1_Segmentation\images\002314.jpg,True,JPEG,RGB,True,3072,2304,0.0,255.0,180.6036376953125,46.52141571044922,False,False,False,
task1_images,D:\Biology-AI\data\Task1_Segmentation\images\002315.jpg,True,JPEG,RGB,True,2048,1536,0.0,250.0,165.628173828125,39.318355560302734,False,False,False,
task1_images,D:\Biology-AI\data\Task1_Segmentation\images\002316.jpg,True,JPEG,RGB,True,3008,2000,17.0,255.0,146.96420288085938,40.482078552246094,False,False,False,
task1_images,D:\Biology-AI\data\Task1_Segmentation\images\002317.jpg,True,JPEG,RGB,True,640,480,0.0,247.0,137.16709899902344,47.07477569580078,False,False,False,
task1_images,D:\Biology-AI\data\Task1_Segmentation\images\002318.jpg,True,JPEG,RGB,True,2392,2237,15.0,195.0,136.43161010742188,28.797704696655273,False,False,False,
task1_images,D:\Biology-AI\data\Task1_Segmentation\images\002319.jpg,True,JPEG,RGB,True,3008,2000,3.0,221.0,140.02220153808594,15.415621757507324,False,False,False,
task1_images,D:\Biology-AI\data\Task1_Segmentation\images\002320.jpg,True,JPEG,RGB,True,1024,768,14.0,255.0,183.0697479248047,50.184024810791016,False,False,False,
task1_images,D:\Biology-AI\data\Task1_Segmentation\images\002321.jpg,True,JPEG,RGB,True,640,480,0.0,230.0,123.92254638671875,41.72821044921875,False,False,False,
task1_images,D:\Biology-AI\data\Task1_Segmentation\images\002322.jpg,True,JPEG,RGB,True,4288,2848,5.0,254.0,134.93019104003906,25.674537658691406,False,False,False,
task1_images,D:\Biology-AI\data\Task1_Segmentation\images\002323.jpg,True,JPEG,RGB,True,3008,2000,24.0,255.0,173.81825256347656,15.234262466430664,False,False,False,
task1_images,D:\Biology-AI\data\Task1_Segmentation\images\002324.jpg,True,JPEG,RGB,True,640,480,0.0,252.0,148.03343200683594,48.14869689941406,False,False,False,
task1_images,D:\Biology-AI\data\Task1_Segmentation\images\002325.jpg,True,JPEG,RGB,True,4288,2848,16.0,253.0,134.58445739746094,19.593542098999023,False,False,False,
task1_images,D:\Biology-AI\data\Task1_Segmentation\images\002326.jpg,True,JPEG,RGB,True,6708,4459,0.0,255.0,154.79190063476562,46.165279388427734,False,False,False,
task1_images,D:\Biology-AI\data\Task1_Segmentation\images\002327.jpg,True,JPEG,RGB,True,1024,768,20.0,230.0,164.65060424804688,23.10641860961914,False,False,False,
task1_images,D:\Biology-AI\data\Task1_Segmentation\images\002328.jpg,True,JPEG,RGB,True,4288,2848,20.0,253.0,150.6758270263672,27.257272720336914,False,False,False,
task1_images,D:\Biology-AI\data\Task1_Segmentation\images\002329.jpg,True,JPEG,RGB,True,4288,2848,10.0,243.0,164.24249267578125,23.035484313964844,False,False,False,
task1_images,D:\Biology-AI\data\Task1_Segmentation\images\002330.jpg,True,JPEG,RGB,True,640,480,0.0,249.0,159.52427673339844,47.21909713745117,False,False,False,
task1_images,D:\Biology-AI\data\Task1_Segmentation\images\002331.jpg,True,JPEG,RGB,True,640,480,0.0,226.0,137.60585021972656,40.67076873779297,False,False,False,
task1_images,D:\Biology-AI\data\Task1_Segmentation\images\002332.jpg,True,JPEG,RGB,True,767,576,0.0,255.0,155.9223175048828,55.9466552734375,False,False,False,
task1_images,D:\Biology-AI\data\Task1_Segmentation\images\002333.jpg,True,JPEG,RGB,True,3072,2304,6.0,229.0,154.6579132080078,20.5789852142334,False,False,False,
task1_images,D:\Biology-AI\data\Task1_Segmentation\images\002334.jpg,True,JPEG,RGB,True,6708,4439,0.0,255.0,162.43336486816406,49.341487884521484,False,False,False,
task1_images,D:\Biology-AI\data\Task1_Segmentation\images\002335.jpg,True,JPEG,RGB,True,3008,2000,12.0,255.0,124.3846664428711,37.3870964050293,False,False,False,
task1_images,D:\Biology-AI\data\Task1_Segmentation\images\002336.jpg,True,JPEG,RGB,True,4288,2848,16.0,255.0,136.04660034179688,21.901891708374023,False,False,False,
task1_images,D:\Biology-AI\data\Task1_Segmentation\images\002337.jpg,True,JPEG,RGB,True,3072,2304,14.0,224.0,161.61830139160156,48.32502746582031,False,False,False,
task1_images,D:\Biology-AI\data\Task1_Segmentation\images\002338.jpg,True,JPEG,RGB,True,1024,768,5.0,245.0,170.14471435546875,34.934349060058594,False,False,False,
task1_images,D:\Biology-AI\data\Task1_Segmentation\images\002339.jpg,True,JPEG,RGB,True,4288,2848,3.0,255.0,110.52198028564453,23.908878326416016,False,False,False,
task1_images,D:\Biology-AI\data\Task1_Segmentation\images\002340.jpg,True,JPEG,RGB,True,1024,768,15.0,244.0,135.10821533203125,19.679243087768555,False,False,False,
task1_images,D:\Biology-AI\data\Task1_Segmentation\images\002341.jpg,True,JPEG,RGB,True,4288,2848,5.0,255.0,131.20370483398438,16.871566772460938,False,False,False,
task1_images,D:\Biology-AI\data\Task1_Segmentation\images\002342.jpg,True,JPEG,RGB,True,1024,768,0.0,255.0,222.7071533203125,26.73406219482422,False,False,False,
task1_images,D:\Biology-AI\data\Task1_Segmentation\images\002343.jpg,True,JPEG,RGB,True,3024,2016,0.0,255.0,143.89305114746094,40.429466247558594,False,False,False,
task1_images,D:\Biology-AI\data\Task1_Segmentation\images\002344.jpg,True,JPEG,RGB,True,4288,2848,21.0,230.0,143.32948303222656,12.828324317932129,False,False,False,
task1_images,D:\Biology-AI\data\Task1_Segmentation\images\002345.jpg,True,JPEG,RGB,True,3072,2304,0.0,213.0,127.29434204101562,41.427154541015625,False,False,False,
task1_images,D:\Biology-AI\data\Task1_Segmentation\images\002346.jpg,True,JPEG,RGB,True,3072,2304,15.0,241.0,144.02288818359375,51.37137985229492,False,False,False,
task1_images,D:\Biology-AI\data\Task1_Segmentation\images\002347.jpg,True,JPEG,RGB,True,2530,2122,8.0,182.0,134.66574096679688,26.135358810424805,False,False,False,
task1_images,D:\Biology-AI\data\Task1_Segmentation\images\002348.jpg,True,JPEG,RGB,True,3008,2000,18.0,253.0,161.18312072753906,19.54232406616211,False,False,False,
task1_images,D:\Biology-AI\data\Task1_Segmentation\images\002349.jpg,True,JPEG,RGB,True,1024,768,10.0,235.0,169.76548767089844,29.29229164123535,False,False,False,
task1_images,D:\Biology-AI\data\Task1_Segmentation\images\002350.jpg,True,JPEG,RGB,True,1024,768,0.0,243.0,152.50811767578125,40.505367279052734,False,False,False,
task1_images,D:\Biology-AI\data\Task1_Segmentation\images\002351.jpg,True,JPEG,RGB,True,3072,2304,0.0,255.0,162.7622833251953,34.19331359863281,False,False,False,
task1_images,D:\Biology-AI\data\Task1_Segmentation\images\002352.jpg,True,JPEG,RGB,True,4288,2848,31.0,255.0,158.0914764404297,32.156578063964844,False,False,False,
task1_images,D:\Biology-AI\data\Task1_Segmentation\images\002353.jpg,True,JPEG,RGB,True,640,480,0.0,229.0,116.86966705322266,44.63016891479492,False,False,False,
task1_images,D:\Biology-AI\data\Task1_Segmentation\images\002354.jpg,True,JPEG,RGB,True,3072,2304,0.0,255.0,169.5715789794922,23.576860427856445,False,False,False,
task1_images,D:\Biology-AI\data\Task1_Segmentation\images\002355.jpg,True,JPEG,RGB,True,3024,2016,0.0,255.0,162.45083618164062,14.237218856811523,False,False,False,
task1_images,D:\Biology-AI\data\Task1_Segmentation\images\002356.jpg,True,JPEG,RGB,True,4288,2848,19.0,255.0,175.4264678955078,32.474815368652344,False,False,False,
task1_images,D:\Biology-AI\data\Task1_Segmentation\images\002357.jpg,True,JPEG,RGB,True,3008,2000,0.0,252.0,169.29759216308594,23.18874168395996,False,False,False,
task1_images,D:\Biology-AI\data\Task1_Segmentation\images\002358.jpg,True,JPEG,RGB,True,3008,2000,6.0,255.0,126.0914306640625,36.05513000488281,False,False,False,
task1_images,D:\Biology-AI\data\Task1_Segmentation\images\002359.jpg,True,JPEG,RGB,True,3008,2000,3.0,255.0,156.93072509765625,21.569608688354492,False,False,False,
task1_images,D:\Biology-AI\data\Task1_Segmentation\images\002360.jpg,True,JPEG,RGB,True,3072,2304,13.0,176.0,129.15432739257812,15.294537544250488,False,False,False,
task1_images,D:\Biology-AI\data\Task1_Segmentation\images\002361.jpg,True,JPEG,RGB,True,3072,2304,0.0,255.0,163.79220581054688,40.3631477355957,False,False,False,
task1_images,D:\Biology-AI\data\Task1_Segmentation\images\002362.jpg,True,JPEG,RGB,True,722,542,0.0,255.0,142.73484802246094,70.1554946899414,False,False,False,
task1_images,D:\Biology-AI\data\Task1_Segmentation\images\002363.jpg,True,JPEG,RGB,True,6688,4419,0.0,255.0,185.50924682617188,59.46891403198242,False,False,False,
task1_images,D:\Biology-AI\data\Task1_Segmentation\images\002364.jpg,True,JPEG,RGB,True,3072,2304,17.0,255.0,156.91030883789062,26.486692428588867,False,False,False,
task1_images,D:\Biology-AI\data\Task1_Segmentation\images\002365.jpg,True,JPEG,RGB,True,640,480,30.0,206.0,133.14569091796875,28.557039260864258,False,False,False,
task1_images,D:\Biology-AI\data\Task1_Segmentation\images\002366.jpg,True,JPEG,RGB,True,4288,2848,15.0,244.0,151.2041015625,15.068258285522461,False,False,False,
task1_images,D:\Biology-AI\data\Task1_Segmentation\images\002367.jpg,True,JPEG,RGB,True,6708,4439,0.0,255.0,120.6220932006836,62.579017639160156,False,False,False,
task1_images,D:\Biology-AI\data\Task1_Segmentation\images\002368.jpg,True,JPEG,RGB,True,3872,2592,7.0,255.0,143.999755859375,16.09022331237793,False,False,False,
task1_images,D:\Biology-AI\data\Task1_Segmentation\images\002369.jpg,True,JPEG,RGB,True,3008,2000,19.0,222.0,161.22825622558594,20.903738021850586,False,False,False,
task1_images,D:\Biology-AI\data\Task1_Segmentation\images\002370.jpg,True,JPEG,RGB,True,3072,2304,3.0,189.0,131.66461181640625,30.79411506652832,False,False,False,
task1_images,D:\Biology-AI\data\Task1_Segmentation\images\002371.jpg,True,JPEG,RGB,True,3072,2304,0.0,211.0,140.9317169189453,22.396392822265625,False,False,False,
task1_images,D:\Biology-AI\data\Task1_Segmentation\images\002372.jpg,True,JPEG,RGB,True,3008,2000,8.0,255.0,166.9635009765625,22.864255905151367,False,False,False,
task1_images,D:\Biology-AI\data\Task1_Segmentation\images\002373.jpg,True,JPEG,RGB,True,1024,768,0.0,231.0,148.6138458251953,41.859737396240234,False,False,False,
task1_images,D:\Biology-AI\data\Task1_Segmentation\images\002374.jpg,True,JPEG,RGB,True,3072,2304,0.0,248.0,129.9606170654297,57.962615966796875,False,False,False,
task1_images,D:\Biology-AI\data\Task1_Segmentation\images\002375.jpg,True,JPEG,RGB,True,3072,2304,0.0,255.0,129.00033569335938,38.07202911376953,False,False,False,
task1_images,D:\Biology-AI\data\Task1_Segmentation\images\002376.jpg,True,JPEG,RGB,True,6668,4439,0.0,255.0,144.17379760742188,59.04893112182617,False,False,False,
task1_images,D:\Biology-AI\data\Task1_Segmentation\images\002377.jpg,True,JPEG,RGB,True,4288,2848,11.0,255.0,141.07200622558594,31.6383113861084,False,False,False,
task1_images,D:\Biology-AI\data\Task1_Segmentation\images\002378.jpg,True,JPEG,RGB,True,4288,2848,5.0,227.0,120.23101043701172,18.285890579223633,False,False,False,
task1_images,D:\Biology-AI\data\Task1_Segmentation\images\002379.jpg,True,JPEG,RGB,True,3072,2304,15.0,213.0,141.59693908691406,35.415771484375,False,False,False,
task1_images,D:\Biology-AI\data\Task1_Segmentation\images\002380.jpg,True,JPEG,RGB,True,6642,4441,0.0,255.0,159.03622436523438,67.0325698852539,False,False,False,
task1_images,D:\Biology-AI\data\Task1_Segmentation\images\002381.jpg,True,JPEG,RGB,True,2304,1536,0.0,255.0,208.8186798095703,20.307815551757812,False,False,False,
task1_images,D:\Biology-AI\data\Task1_Segmentation\images\002382.jpg,True,JPEG,RGB,True,2592,1944,10.0,197.0,124.35054016113281,18.240449905395508,False,False,False,
task1_images,D:\Biology-AI\data\Task1_Segmentation\images\002383.jpg,True,JPEG,RGB,True,4288,2848,8.0,245.0,137.32107543945312,23.260162353515625,False,False,False,
task1_images,D:\Biology-AI\data\Task1_Segmentation\images\002384.jpg,True,JPEG,RGB,True,3008,2000,3.0,255.0,176.50424194335938,15.288520812988281,False,False,False,
task1_images,D:\Biology-AI\data\Task1_Segmentation\images\002385.jpg,True,JPEG,RGB,True,3072,2304,0.0,191.0,122.32203674316406,29.22215461730957,False,False,False,
task1_images,D:\Biology-AI\data\Task1_Segmentation\images\002386.jpg,True,JPEG,RGB,True,4288,2848,23.0,255.0,174.02325439453125,25.816621780395508,False,False,False,
task1_images,D:\Biology-AI\data\Task1_Segmentation\images\002387.jpg,True,JPEG,RGB,True,767,576,0.0,255.0,210.53909301757812,51.11845397949219,False,False,False,
task1_images,D:\Biology-AI\data\Task1_Segmentation\images\002388.jpg,True,JPEG,RGB,True,4288,2848,4.0,255.0,161.29867553710938,39.036014556884766,False,False,False,
task1_images,D:\Biology-AI\data\Task1_Segmentation\images\002389.jpg,True,JPEG,RGB,True,3008,2000,7.0,255.0,163.42889404296875,25.388275146484375,False,False,False,
task1_images,D:\Biology-AI\data\Task1_Segmentation\images\002390.jpg,True,JPEG,RGB,True,4288,2848,0.0,255.0,160.5287628173828,50.73588943481445,False,False,False,
task1_images,D:\Biology-AI\data\Task1_Segmentation\images\002391.jpg,True,JPEG,RGB,True,962,722,10.0,255.0,158.53843688964844,73.01527404785156,False,False,False,
task1_images,D:\Biology-AI\data\Task1_Segmentation\images\002392.jpg,True,JPEG,RGB,True,3008,2000,3.0,255.0,154.1046600341797,41.36203384399414,False,False,False,
task1_images,D:\Biology-AI\data\Task1_Segmentation\images\002393.jpg,True,JPEG,RGB,True,6661,4441,0.0,255.0,164.1198272705078,48.31015396118164,False,False,False,
task1_images,D:\Biology-AI\data\Task1_Segmentation\images\002394.jpg,True,JPEG,RGB,True,919,802,14.0,221.0,137.89450073242188,35.90729904174805,False,False,False,
task1_images,D:\Biology-AI\data\Task1_Segmentation\images\002395.jpg,True,JPEG,RGB,True,3008,2000,7.0,255.0,121.39041137695312,21.507394790649414,False,False,False,
task1_images,D:\Biology-AI\data\Task1_Segmentation\images\002396.jpg,True,JPEG,RGB,True,3872,2592,9.0,255.0,152.42823791503906,16.060863494873047,False,False,False,
task1_images,D:\Biology-AI\data\Task1_Segmentation\images\002397.jpg,True,JPEG,RGB,True,3008,2000,30.0,255.0,175.2638397216797,23.925790786743164,False,False,False,
task1_images,D:\Biology-AI\data\Task1_Segmentation\images\002398.jpg,True,JPEG,RGB,True,2592,1936,0.0,255.0,189.32679748535156,44.61206817626953,False,False,False,
task1_images,D:\Biology-AI\data\Task1_Segmentation\images\002399.jpg,True,JPEG,RGB,True,6701,4440,0.0,255.0,171.18710327148438,52.64103698730469,False,False,False,
task1_images,D:\Biology-AI\data\Task1_Segmentation\images\002400.jpg,True,JPEG,RGB,True,722,542,2.0,255.0,188.92169189453125,65.92665100097656,False,False,False,
task1_images,D:\Biology-AI\data\Task1_Segmentation\images\002401.jpg,True,JPEG,RGB,True,4288,2848,16.0,255.0,139.31153869628906,33.98160171508789,False,False,False,
task1_images,D:\Biology-AI\data\Task1_Segmentation\images\002402.jpg,True,JPEG,RGB,True,4288,2848,3.0,255.0,162.8883056640625,30.23270034790039,False,False,False,
task1_images,D:\Biology-AI\data\Task1_Segmentation\images\002403.jpg,True,JPEG,RGB,True,3872,2592,6.0,255.0,156.3507843017578,33.18976974487305,False,False,False,
task1_images,D:\Biology-AI\data\Task1_Segmentation\images\002404.jpg,True,JPEG,RGB,True,3008,2000,6.0,250.0,120.00354766845703,22.812089920043945,False,False,False,
task1_images,D:\Biology-AI\data\Task1_Segmentation\images\002405.jpg,True,JPEG,RGB,True,4608,3072,19.0,192.0,133.80055236816406,13.844182968139648,False,False,False,
task1_images,D:\Biology-AI\data\Task1_Segmentation\images\002406.jpg,True,JPEG,RGB,True,3008,2000,6.0,255.0,153.7097625732422,27.16823959350586,False,False,False,
task1_images,D:\Biology-AI\data\Task1_Segmentation\images\002407.jpg,True,JPEG,RGB,True,718,542,0.0,255.0,152.65086364746094,73.13768768310547,False,False,False,
task1_images,D:\Biology-AI\data\Task1_Segmentation\images\002408.jpg,True,JPEG,RGB,True,4288,2848,13.0,255.0,150.2593536376953,24.861839294433594,False,False,False,
task1_images,D:\Biology-AI\data\Task1_Segmentation\images\002409.jpg,True,JPEG,RGB,True,4288,2848,22.0,255.0,144.76718139648438,16.703475952148438,False,False,False,
task1_images,D:\Biology-AI\data\Task1_Segmentation\images\002410.jpg,True,JPEG,RGB,True,640,480,0.0,226.0,122.51671600341797,43.31859588623047,False,False,False,
task1_images,D:\Biology-AI\data\Task1_Segmentation\images\002411.jpg,True,JPEG,RGB,True,6641,4420,0.0,255.0,180.7404022216797,53.73616409301758,False,False,False,
task1_images,D:\Biology-AI\data\Task1_Segmentation\images\002412.jpg,True,JPEG,RGB,True,1024,768,22.0,237.0,143.12008666992188,26.661766052246094,False,False,False,
task1_images,D:\Biology-AI\data\Task1_Segmentation\images\002413.jpg,True,JPEG,RGB,True,1024,768,0.0,255.0,204.40196228027344,24.864980697631836,False,False,False,
task1_images,D:\Biology-AI\data\Task1_Segmentation\images\002414.jpg,True,JPEG,RGB,True,4288,2848,7.0,237.0,122.57460021972656,24.37323760986328,False,False,False,
task1_images,D:\Biology-AI\data\Task1_Segmentation\images\002415.jpg,True,JPEG,RGB,True,3072,2304,0.0,239.0,153.1588134765625,44.5245361328125,False,False,False,
task1_images,D:\Biology-AI\data\Task1_Segmentation\images\002416.jpg,True,JPEG,RGB,True,3872,2592,0.0,255.0,151.61416625976562,37.21550750732422,False,False,False,
task1_images,D:\Biology-AI\data\Task1_Segmentation\images\002417.jpg,True,JPEG,RGB,True,3072,2304,10.0,245.0,158.16427612304688,26.559534072875977,False,False,False,
task1_images,D:\Biology-AI\data\Task1_Segmentation\images\002418.jpg,True,JPEG,RGB,True,3072,2304,3.0,255.0,153.61007690429688,28.01784324645996,False,False,False,
task1_images,D:\Biology-AI\data\Task1_Segmentation\images\002419.jpg,True,JPEG,RGB,True,3008,2000,32.0,236.0,186.99583435058594,20.860158920288086,False,False,False,
task1_images,D:\Biology-AI\data\Task1_Segmentation\images\002420.jpg,True,JPEG,RGB,True,3008,2000,0.0,255.0,123.095458984375,29.26812744140625,False,False,False,
task1_images,D:\Biology-AI\data\Task1_Segmentation\images\002421.jpg,True,JPEG,RGB,True,640,480,0.0,242.0,100.88628387451172,70.16643524169922,False,False,False,
task1_images,D:\Biology-AI\data\Task1_Segmentation\images\002422.jpg,True,JPEG,RGB,True,6708,4439,0.0,255.0,154.06881713867188,69.62549591064453,False,False,False,
task1_images,D:\Biology-AI\data\Task1_Segmentation\images\002423.jpg,True,JPEG,RGB,True,4288,2848,11.0,255.0,131.2838592529297,24.284212112426758,False,False,False,
task1_images,D:\Biology-AI\data\Task1_Segmentation\images\002424.jpg,True,JPEG,RGB,True,4288,2848,0.0,255.0,164.2732696533203,37.02076721191406,False,False,False,
task1_images,D:\Biology-AI\data\Task1_Segmentation\images\002425.jpg,True,JPEG,RGB,True,4288,2848,7.0,237.0,131.30531311035156,24.65004539489746,False,False,False,
task1_images,D:\Biology-AI\data\Task1_Segmentation\images\002426.jpg,True,JPEG,RGB,True,640,480,0.0,247.0,154.64065551757812,45.97857666015625,False,False,False,
task1_images,D:\Biology-AI\data\Task1_Segmentation\images\002427.jpg,True,JPEG,RGB,True,3872,2592,4.0,216.0,153.43858337402344,19.585939407348633,False,False,False,
task1_images,D:\Biology-AI\data\Task1_Segmentation\images\002428.jpg,True,JPEG,RGB,True,3072,2304,0.0,213.0,122.9882583618164,25.20882797241211,False,False,False,
task1_images,D:\Biology-AI\data\Task1_Segmentation\images\002429.jpg,True,JPEG,RGB,True,4288,2848,36.0,235.0,141.6277313232422,10.326858520507812,False,False,False,
task1_images,D:\Biology-AI\data\Task1_Segmentation\images\002430.jpg,True,JPEG,RGB,True,4288,2848,14.0,211.0,146.96385192871094,10.187437057495117,False,False,False,
task1_images,D:\Biology-AI\data\Task1_Segmentation\images\002431.jpg,True,JPEG,RGB,True,1024,768,0.0,255.0,122.57093811035156,34.42619705200195,False,False,False,
task1_images,D:\Biology-AI\data\Task1_Segmentation\images\002432.jpg,True,JPEG,RGB,True,3072,2304,0.0,187.0,123.138427734375,28.87510871887207,False,False,False,
task1_images,D:\Biology-AI\data\Task1_Segmentation\images\002433.jpg,True,JPEG,RGB,True,3008,2000,0.0,255.0,135.8402862548828,35.141265869140625,False,False,False,
task1_images,D:\Biology-AI\data\Task1_Segmentation\images\002434.jpg,True,JPEG,RGB,True,640,480,0.0,255.0,153.77662658691406,51.98003005981445,False,False,False,
task1_images,D:\Biology-AI\data\Task1_Segmentation\images\002435.jpg,True,JPEG,RGB,True,6641,4441,0.0,255.0,165.5941162109375,37.907466888427734,False,False,False,
task1_images,D:\Biology-AI\data\Task1_Segmentation\images\002436.jpg,True,JPEG,RGB,True,767,576,0.0,255.0,175.9586944580078,65.39441680908203,False,False,False,
task1_images,D:\Biology-AI\data\Task1_Segmentation\images\002437.jpg,True,JPEG,RGB,True,3024,2016,4.0,255.0,193.95005798339844,24.68408966064453,False,False,False,
task1_images,D:\Biology-AI\data\Task1_Segmentation\images\002438.jpg,True,JPEG,RGB,True,2592,1936,1.0,255.0,168.21786499023438,31.605663299560547,False,False,False,
task1_images,D:\Biology-AI\data\Task1_Segmentation\images\002439.jpg,True,JPEG,RGB,True,1024,768,17.0,239.0,141.89324951171875,26.163002014160156,False,False,False,
task1_images,D:\Biology-AI\data\Task1_Segmentation\images\002440.jpg,True,JPEG,RGB,True,3008,2000,41.0,255.0,162.5389862060547,20.885345458984375,False,False,False,
task1_images,D:\Biology-AI\data\Task1_Segmentation\images\002441.jpg,True,JPEG,RGB,True,3024,2016,0.0,255.0,139.44833374023438,33.90716552734375,False,False,False,
task1_images,D:\Biology-AI\data\Task1_Segmentation\images\002442.jpg,True,JPEG,RGB,True,6688,4439,0.0,255.0,181.7193145751953,59.207950592041016,False,False,False,
task1_images,D:\Biology-AI\data\Task1_Segmentation\images\002443.jpg,True,JPEG,RGB,True,3008,2000,0.0,255.0,142.03982543945312,34.54800033569336,False,False,False,
task1_images,D:\Biology-AI\data\Task1_Segmentation\images\002444.jpg,True,JPEG,RGB,True,6602,4380,0.0,255.0,121.3506088256836,58.89352035522461,False,False,False,
task1_images,D:\Biology-AI\data\Task1_Segmentation\images\002445.jpg,True,JPEG,RGB,True,4288,2848,24.0,255.0,150.13729858398438,23.833486557006836,False,False,False,
task1_images,D:\Biology-AI\data\Task1_Segmentation\images\002446.jpg,True,JPEG,RGB,True,4288,2848,8.0,255.0,156.0947723388672,21.18150520324707,False,False,False,
task1_images,D:\Biology-AI\data\Task1_Segmentation\images\002447.jpg,True,JPEG,RGB,True,4288,2848,11.0,207.0,116.06178283691406,30.412097930908203,False,False,False,
task1_images,D:\Biology-AI\data\Task1_Segmentation\images\002448.jpg,True,JPEG,RGB,True,1024,768,24.0,236.0,170.1927032470703,25.615793228149414,False,False,False,
task1_images,D:\Biology-AI\data\Task1_Segmentation\images\002449.jpg,True,JPEG,RGB,True,2592,1936,4.0,255.0,167.80718994140625,31.560895919799805,False,False,False,
task1_images,D:\Biology-AI\data\Task1_Segmentation\images\002450.jpg,True,JPEG,RGB,True,3008,2000,13.0,223.0,144.33834838867188,16.24162483215332,False,False,False,
task1_images,D:\Biology-AI\data\Task1_Segmentation\images\002451.jpg,True,JPEG,RGB,True,6641,4400,0.0,255.0,154.0233612060547,66.49842071533203,False,False,False,
task1_images,D:\Biology-AI\data\Task1_Segmentation\images\002452.jpg,True,JPEG,RGB,True,3024,2016,0.0,255.0,157.62400817871094,23.84174346923828,False,False,False,
task1_images,D:\Biology-AI\data\Task1_Segmentation\images\002453.jpg,True,JPEG,RGB,True,4288,2848,5.0,249.0,161.03665161132812,22.176240921020508,False,False,False,
task1_images,D:\Biology-AI\data\Task1_Segmentation\images\002454.jpg,True,JPEG,RGB,True,4288,2848,32.0,255.0,222.47576904296875,22.621089935302734,False,False,False,
task1_images,D:\Biology-AI\data\Task1_Segmentation\images\002455.jpg,True,JPEG,RGB,True,3072,2304,4.0,189.0,131.05128479003906,27.086872100830078,False,False,False,
task1_images,D:\Biology-AI\data\Task1_Segmentation\images\002456.jpg,True,JPEG,RGB,True,640,480,0.0,239.0,133.35084533691406,46.941246032714844,False,False,False,
task1_images,D:\Biology-AI\data\Task1_Segmentation\images\002457.jpg,True,JPEG,RGB,True,640,480,0.0,245.0,140.53759765625,54.2441291809082,False,False,False,
task1_images,D:\Biology-AI\data\Task1_Segmentation\images\002458.jpg,True,JPEG,RGB,True,4288,2848,16.0,253.0,149.23806762695312,23.564495086669922,False,False,False,
task1_images,D:\Biology-AI\data\Task1_Segmentation\images\002459.jpg,True,JPEG,RGB,True,6688,4439,0.0,255.0,166.28790283203125,47.90447235107422,False,False,False,
task1_images,D:\Biology-AI\data\Task1_Segmentation\images\002460.jpg,True,JPEG,RGB,True,1504,1129,0.0,255.0,154.99667358398438,46.39602279663086,False,False,False,
task1_images,D:\Biology-AI\data\Task1_Segmentation\images\002461.jpg,True,JPEG,RGB,True,6688,4439,0.0,255.0,160.38034057617188,63.485198974609375,False,False,False,
task1_images,D:\Biology-AI\data\Task1_Segmentation\images\002462.jpg,True,JPEG,RGB,True,4288,2848,16.0,247.0,129.8470001220703,29.414165496826172,False,False,False,
task1_images,D:\Biology-AI\data\Task1_Segmentation\images\002463.jpg,True,JPEG,RGB,True,1024,768,2.0,235.0,137.19322204589844,21.566390991210938,False,False,False,
task1_images,D:\Biology-AI\data\Task1_Segmentation\images\002464.jpg,True,JPEG,RGB,True,3072,2304,0.0,255.0,128.720947265625,26.905593872070312,False,False,False,
task1_images,D:\Biology-AI\data\Task1_Segmentation\images\002465.jpg,True,JPEG,RGB,True,640,480,0.0,255.0,162.81065368652344,47.170318603515625,False,False,False,
task1_images,D:\Biology-AI\data\Task1_Segmentation\images\002466.jpg,True,JPEG,RGB,True,640,480,0.0,253.0,68.20213317871094,62.52827072143555,False,False,False,
task1_images,D:\Biology-AI\data\Task1_Segmentation\images\002467.jpg,True,JPEG,RGB,True,4288,2848,9.0,255.0,138.276123046875,28.532495498657227,False,False,False,
task1_images,D:\Biology-AI\data\Task1_Segmentation\images\002468.jpg,True,JPEG,RGB,True,3072,2304,0.0,247.0,158.07798767089844,22.66167449951172,False,False,False,
task1_images,D:\Biology-AI\data\Task1_Segmentation\images\002469.jpg,True,JPEG,RGB,True,3008,2000,7.0,255.0,139.41534423828125,27.971284866333008,False,False,False,
task1_images,D:\Biology-AI\data\Task1_Segmentation\images\002470.jpg,True,JPEG,RGB,True,3072,2304,6.0,255.0,204.51625061035156,49.23342514038086,False,False,False,
task1_images,D:\Biology-AI\data\Task1_Segmentation\images\002471.jpg,True,JPEG,RGB,True,6688,4439,0.0,255.0,192.7510223388672,50.47103500366211,False,False,False,
task1_images,D:\Biology-AI\data\Task1_Segmentation\images\002472.jpg,True,JPEG,RGB,True,3072,2304,42.0,255.0,204.43345642089844,29.919530868530273,False,False,False,
task1_images,D:\Biology-AI\data\Task1_Segmentation\images\002473.jpg,True,JPEG,RGB,True,3072,2304,0.0,255.0,136.95382690429688,31.524749755859375,False,False,False,
task1_images,D:\Biology-AI\data\Task1_Segmentation\images\002474.jpg,True,JPEG,RGB,True,960,645,0.0,255.0,190.8216094970703,61.22856521606445,False,False,False,
task1_images,D:\Biology-AI\data\Task1_Segmentation\images\002475.jpg,True,JPEG,RGB,True,4288,2848,12.0,222.0,137.3990936279297,17.787071228027344,False,False,False,
task1_images,D:\Biology-AI\data\Task1_Segmentation\images\002476.jpg,True,JPEG,RGB,True,4288,2848,3.0,255.0,127.95466613769531,23.548309326171875,False,False,False,
task1_images,D:\Biology-AI\data\Task1_Segmentation\images\002477.jpg,True,JPEG,RGB,True,2048,1536,0.0,255.0,139.74969482421875,38.24135208129883,False,False,False,
task1_images,D:\Biology-AI\data\Task1_Segmentation\images\002478.jpg,True,JPEG,RGB,True,6641,4440,0.0,255.0,111.82218933105469,55.804805755615234,False,False,False,
task1_images,D:\Biology-AI\data\Task1_Segmentation\images\002479.jpg,True,JPEG,RGB,True,1024,768,39.0,235.0,142.76698303222656,33.66607666015625,False,False,False,
task1_images,D:\Biology-AI\data\Task1_Segmentation\images\002480.jpg,True,JPEG,RGB,True,1024,768,34.0,212.0,156.0203399658203,23.149166107177734,False,False,False,
task1_images,D:\Biology-AI\data\Task1_Segmentation\images\002481.jpg,True,JPEG,RGB,True,4288,2848,8.0,255.0,139.7489471435547,18.914119720458984,False,False,False,
task1_images,D:\Biology-AI\data\Task1_Segmentation\images\002482.jpg,True,JPEG,RGB,True,4288,2848,5.0,215.0,127.68470764160156,17.35659408569336,False,False,False,
task1_images,D:\Biology-AI\data\Task1_Segmentation\images\002483.jpg,True,JPEG,RGB,True,640,480,0.0,249.0,156.82420349121094,45.172142028808594,False,False,False,
task1_images,D:\Biology-AI\data\Task1_Segmentation\images\002484.jpg,True,JPEG,RGB,True,1022,767,0.0,255.0,149.7806396484375,38.671382904052734,False,False,False,
task1_images,D:\Biology-AI\data\Task1_Segmentation\images\002485.jpg,True,JPEG,RGB,True,6648,4459,0.0,255.0,142.70358276367188,67.60858917236328,False,False,False,
task1_images,D:\Biology-AI\data\Task1_Segmentation\images\002486.jpg,True,JPEG,RGB,True,4288,2848,6.0,252.0,144.10140991210938,25.916446685791016,False,False,False,
task1_images,D:\Biology-AI\data\Task1_Segmentation\images\002487.jpg,True,JPEG,RGB,True,3072,2304,0.0,229.0,132.4098358154297,47.959999084472656,False,False,False,
task1_images,D:\Biology-AI\data\Task1_Segmentation\images\002488.jpg,True,JPEG,RGB,True,4288,2848,4.0,221.0,133.06092834472656,23.21551513671875,False,False,False,
task1_images,D:\Biology-AI\data\Task1_Segmentation\images\002489.jpg,True,JPEG,RGB,True,640,480,0.0,254.0,159.43023681640625,50.313987731933594,False,False,False,
task1_images,D:\Biology-AI\data\Task1_Segmentation\images\002490.jpg,True,JPEG,RGB,True,3072,2304,0.0,230.0,146.6350860595703,26.722753524780273,False,False,False,
task1_images,D:\Biology-AI\data\Task1_Segmentation\images\002491.jpg,True,JPEG,RGB,True,3072,2304,44.0,248.0,189.8136444091797,33.258399963378906,False,False,False,
task1_images,D:\Biology-AI\data\Task1_Segmentation\images\002492.jpg,True,JPEG,RGB,True,640,480,0.0,255.0,122.1348648071289,44.34946823120117,False,False,False,
task1_images,D:\Biology-AI\data\Task1_Segmentation\images\002493.jpg,True,JPEG,RGB,True,961,649,0.0,255.0,188.93836975097656,60.37949752807617,False,False,False,
task1_images,D:\Biology-AI\data\Task1_Segmentation\images\002494.jpg,True,JPEG,RGB,True,6668,4439,0.0,255.0,157.03355407714844,58.535037994384766,False,False,False,
task1_images,D:\Biology-AI\data\Task1_Segmentation\images\002495.jpg,True,JPEG,RGB,True,4288,2848,10.0,255.0,129.13186645507812,20.596349716186523,False,False,False,
task1_images,D:\Biology-AI\data\Task1_Segmentation\images\002496.jpg,True,JPEG,RGB,True,3008,2000,8.0,255.0,191.5987548828125,27.057031631469727,False,False,False,
task1_images,D:\Biology-AI\data\Task1_Segmentation\images\002497.jpg,True,JPEG,RGB,True,4288,2848,11.0,255.0,142.20001220703125,30.234222412109375,False,False,False,
task1_images,D:\Biology-AI\data\Task1_Segmentation\images\002498.jpg,True,JPEG,RGB,True,3072,2304,12.0,255.0,137.3123321533203,49.16055679321289,False,False,False,
task1_images,D:\Biology-AI\data\Task1_Segmentation\images\002499.jpg,True,JPEG,RGB,True,2304,1536,0.0,255.0,182.4681396484375,26.240589141845703,False,False,False,
task1_images,D:\Biology-AI\data\Task1_Segmentation\images\002500.jpg,True,JPEG,RGB,True,1024,768,0.0,244.0,178.91026306152344,26.635595321655273,False,False,False,
task1_images,D:\Biology-AI\data\Task1_Segmentation\images\002501.jpg,True,JPEG,RGB,True,919,802,20.0,230.0,171.36666870117188,50.49848175048828,False,False,False,
task1_images,D:\Biology-AI\data\Task1_Segmentation\images\002502.jpg,True,JPEG,RGB,True,3008,2000,16.0,255.0,165.69424438476562,26.32929229736328,False,False,False,
task1_images,D:\Biology-AI\data\Task1_Segmentation\images\002503.jpg,True,JPEG,RGB,True,3008,2000,7.0,233.0,181.32203674316406,21.258508682250977,False,False,False,
task1_images,D:\Biology-AI\data\Task1_Segmentation\images\002504.jpg,True,JPEG,RGB,True,3072,2304,12.0,255.0,205.98526000976562,42.46095275878906,False,False,False,
task1_images,D:\Biology-AI\data\Task1_Segmentation\images\002505.jpg,True,JPEG,RGB,True,3872,2592,8.0,255.0,152.41268920898438,39.28337478637695,False,False,False,
task1_images,D:\Biology-AI\data\Task1_Segmentation\images\002506.jpg,True,JPEG,RGB,True,4288,2848,13.0,229.0,126.63607788085938,19.16863250732422,False,False,False,
task1_images,D:\Biology-AI\data\Task1_Segmentation\images\002507.jpg,True,JPEG,RGB,True,1028,753,20.0,209.0,146.88870239257812,40.978172302246094,False,False,False,
task1_images,D:\Biology-AI\data\Task1_Segmentation\images\002508.jpg,True,JPEG,RGB,True,1024,768,0.0,234.0,176.63978576660156,27.905309677124023,False,False,False,
task1_images,D:\Biology-AI\data\Task1_Segmentation\images\002509.jpg,True,JPEG,RGB,True,640,480,0.0,255.0,179.3345489501953,41.08243942260742,False,False,False,
task1_images,D:\Biology-AI\data\Task1_Segmentation\images\002510.jpg,True,JPEG,RGB,True,6688,4459,0.0,255.0,141.27691650390625,57.15495681762695,False,False,False,
task1_images,D:\Biology-AI\data\Task1_Segmentation\images\002511.jpg,True,JPEG,RGB,True,1024,768,0.0,255.0,131.83596801757812,24.371240615844727,False,False,False,
task1_images,D:\Biology-AI\data\Task1_Segmentation\images\002512.jpg,True,JPEG,RGB,True,640,480,0.0,235.0,143.58853149414062,41.92009735107422,False,False,False,
task1_images,D:\Biology-AI\data\Task1_Segmentation\images\002513.jpg,True,JPEG,RGB,True,640,480,0.0,254.0,160.9524688720703,44.939796447753906,False,False,False,
task1_images,D:\Biology-AI\data\Task1_Segmentation\images\002514.jpg,True,JPEG,RGB,True,6648,4439,0.0,255.0,157.03504943847656,43.79070281982422,False,False,False,
task1_images,D:\Biology-AI\data\Task1_Segmentation\images\002515.jpg,True,JPEG,RGB,True,3072,2304,0.0,213.0,160.50340270996094,30.154895782470703,False,False,False,
task1_images,D:\Biology-AI\data\Task1_Segmentation\images\002516.jpg,True,JPEG,RGB,True,1024,768,0.0,253.0,169.39694213867188,32.49951934814453,False,False,False,
task1_images,D:\Biology-AI\data\Task1_Segmentation\images\002517.jpg,True,JPEG,RGB,True,640,480,0.0,244.0,136.08567810058594,47.487525939941406,False,False,False,
task1_images,D:\Biology-AI\data\Task1_Segmentation\images\002518.jpg,True,JPEG,RGB,True,3072,2304,10.0,229.0,131.42626953125,23.9531307220459,False,False,False,
task1_images,D:\Biology-AI\data\Task1_Segmentation\images\002519.jpg,True,JPEG,RGB,True,1024,768,3.0,248.0,206.3841552734375,28.5037899017334,False,False,False,
task1_images,D:\Biology-AI\data\Task1_Segmentation\images\002520.jpg,True,JPEG,RGB,True,2048,1536,0.0,218.0,154.21546936035156,35.47504806518555,False,False,False,
task1_images,D:\Biology-AI\data\Task1_Segmentation\images\002521.jpg,True,JPEG,RGB,True,6648,4439,0.0,255.0,154.50267028808594,57.05110168457031,False,False,False,
task1_images,D:\Biology-AI\data\Task1_Segmentation\images\002522.jpg,True,JPEG,RGB,True,6668,4418,0.0,255.0,117.74761962890625,55.84926986694336,False,False,False,
task1_images,D:\Biology-AI\data\Task1_Segmentation\images\002523.jpg,True,JPEG,RGB,True,2565,2000,0.0,178.0,138.01141357421875,25.2921085357666,False,False,False,
task1_images,D:\Biology-AI\data\Task1_Segmentation\images\002524.jpg,True,JPEG,RGB,True,919,802,12.0,221.0,169.18930053710938,30.085657119750977,False,False,False,
task1_images,D:\Biology-AI\data\Task1_Segmentation\images\002525.jpg,True,JPEG,RGB,True,3072,2304,37.0,192.0,150.7755889892578,18.551799774169922,False,False,False,
task1_images,D:\Biology-AI\data\Task1_Segmentation\images\002526.jpg,True,JPEG,RGB,True,1024,768,0.0,226.0,153.52207946777344,32.9903450012207,False,False,False,
task1_images,D:\Biology-AI\data\Task1_Segmentation\images\002527.jpg,True,JPEG,RGB,True,2048,1536,0.0,255.0,146.12840270996094,55.98181915283203,False,False,False,
task1_images,D:\Biology-AI\data\Task1_Segmentation\images\002528.jpg,True,JPEG,RGB,True,640,480,0.0,242.0,162.23416137695312,44.91031265258789,False,False,False,
task1_images,D:\Biology-AI\data\Task1_Segmentation\images\002529.jpg,True,JPEG,RGB,True,4288,2848,8.0,218.0,141.017578125,18.109031677246094,False,False,False,
task1_images,D:\Biology-AI\data\Task1_Segmentation\images\002530.jpg,True,JPEG,RGB,True,3072,2304,19.0,255.0,158.6964874267578,20.151655197143555,False,False,False,
task1_images,D:\Biology-AI\data\Task1_Segmentation\images\002531.jpg,True,JPEG,RGB,True,6708,4439,0.0,255.0,166.27281188964844,35.724063873291016,False,False,False,
task1_images,D:\Biology-AI\data\Task1_Segmentation\images\002532.jpg,True,JPEG,RGB,True,2583,2096,24.0,188.0,148.75445556640625,20.712078094482422,False,False,False,
task1_images,D:\Biology-AI\data\Task1_Segmentation\images\002533.jpg,True,JPEG,RGB,True,2304,1536,0.0,255.0,170.7230682373047,32.305667877197266,False,False,False,
task1_images,D:\Biology-AI\data\Task1_Segmentation\images\002534.jpg,True,JPEG,RGB,True,4288,2848,37.0,255.0,201.03878784179688,26.90414047241211,False,False,False,
task1_images,D:\Biology-AI\data\Task1_Segmentation\images\002535.jpg,True,JPEG,RGB,True,6648,4419,0.0,255.0,153.0547637939453,52.43960952758789,False,False,False,
task1_images,D:\Biology-AI\data\Task1_Segmentation\images\002536.jpg,True,JPEG,RGB,True,4288,2848,7.0,242.0,137.50282287597656,24.397964477539062,False,False,False,
task1_images,D:\Biology-AI\data\Task1_Segmentation\images\002537.jpg,True,JPEG,RGB,True,3072,2304,4.0,255.0,163.52259826660156,24.38056755065918,False,False,False,
task1_images,D:\Biology-AI\data\Task1_Segmentation\images\002538.jpg,True,JPEG,RGB,True,640,480,0.0,249.0,152.97686767578125,50.671382904052734,False,False,False,
task1_images,D:\Biology-AI\data\Task1_Segmentation\images\002539.jpg,True,JPEG,RGB,True,4288,2848,42.0,239.0,135.89483642578125,13.524258613586426,False,False,False,
task1_images,D:\Biology-AI\data\Task1_Segmentation\images\002540.jpg,True,JPEG,RGB,True,4288,2848,2.0,255.0,117.55010223388672,30.302350997924805,False,False,False,
task1_images,D:\Biology-AI\data\Task1_Segmentation\images\002541.jpg,True,JPEG,RGB,True,3024,2016,0.0,255.0,140.9468536376953,35.77696990966797,False,False,False,
task1_images,D:\Biology-AI\data\Task1_Segmentation\images\002542.jpg,True,JPEG,RGB,True,3872,2592,5.0,255.0,186.56640625,30.759876251220703,False,False,False,
task1_images,D:\Biology-AI\data\Task1_Segmentation\images\002543.jpg,True,JPEG,RGB,True,3008,2000,3.0,255.0,139.03211975097656,22.181461334228516,False,False,False,
task1_images,D:\Biology-AI\data\Task1_Segmentation\images\002544.jpg,True,JPEG,RGB,True,640,480,0.0,255.0,118.25659942626953,56.152069091796875,False,False,False,
task1_images,D:\Biology-AI\data\Task1_Segmentation\images\002545.jpg,True,JPEG,RGB,True,2592,1944,11.0,235.0,135.5391845703125,17.989351272583008,False,False,False,
task1_images,D:\Biology-AI\data\Task1_Segmentation\images\002546.jpg,True,JPEG,RGB,True,3072,2304,0.0,255.0,140.55343627929688,33.198726654052734,False,False,False,
task1_images,D:\Biology-AI\data\Task1_Segmentation\images\002547.jpg,True,JPEG,RGB,True,1024,768,45.0,255.0,208.0790557861328,40.70306396484375,False,False,False,
task1_images,D:\Biology-AI\data\Task1_Segmentation\images\002548.jpg,True,JPEG,RGB,True,1024,768,0.0,219.0,85.65374755859375,71.25020599365234,False,False,False,
task1_images,D:\Biology-AI\data\Task1_Segmentation\images\002549.jpg,True,JPEG,RGB,True,3072,2304,0.0,255.0,152.2185821533203,44.458648681640625,False,False,False,
task1_images,D:\Biology-AI\data\Task1_Segmentation\images\002550.jpg,True,JPEG,RGB,True,3024,2016,4.0,246.0,152.2853240966797,20.501596450805664,False,False,False,
task1_images,D:\Biology-AI\data\Task1_Segmentation\images\002551.jpg,True,JPEG,RGB,True,1024,768,0.0,225.0,141.17396545410156,22.86612319946289,False,False,False,
task1_images,D:\Biology-AI\data\Task1_Segmentation\images\002552.jpg,True,JPEG,RGB,True,2344,1330,1.0,198.0,125.18568420410156,31.97630500793457,False,False,False,
task1_images,D:\Biology-AI\data\Task1_Segmentation\images\002553.jpg,True,JPEG,RGB,True,1044,986,14.0,255.0,207.56558227539062,43.25070571899414,False,False,False,
task1_images,D:\Biology-AI\data\Task1_Segmentation\images\002554.jpg,True,JPEG,RGB,True,6708,4439,0.0,255.0,140.6792755126953,59.95108413696289,False,False,False,
task1_images,D:\Biology-AI\data\Task1_Segmentation\images\002555.jpg,True,JPEG,RGB,True,3072,2304,0.0,255.0,130.80160522460938,90.99056243896484,False,False,False,
task1_images,D:\Biology-AI\data\Task1_Segmentation\images\002556.jpg,True,JPEG,RGB,True,640,480,0.0,204.0,99.37533569335938,35.68265914916992,False,False,False,
task1_images,D:\Biology-AI\data\Task1_Segmentation\images\002557.jpg,True,JPEG,RGB,True,1024,768,0.0,255.0,177.4817657470703,42.86651611328125,False,False,False,
task1_images,D:\Biology-AI\data\Task1_Segmentation\images\002558.jpg,True,JPEG,RGB,True,6668,4439,0.0,255.0,102.45439147949219,46.51537322998047,False,False,False,
task1_images,D:\Biology-AI\data\Task1_Segmentation\images\002559.jpg,True,JPEG,RGB,True,640,480,0.0,251.0,157.42025756835938,42.64591598510742,False,False,False,
task1_images,D:\Biology-AI\data\Task1_Segmentation\images\002560.jpg,True,JPEG,RGB,True,1024,768,0.0,255.0,180.048583984375,60.955902099609375,False,False,False,
task1_images,D:\Biology-AI\data\Task1_Segmentation\images\002561.jpg,True,JPEG,RGB,True,767,576,0.0,255.0,153.5223388671875,55.802181243896484,False,False,False,
task1_images,D:\Biology-AI\data\Task1_Segmentation\images\002562.jpg,True,JPEG,RGB,True,4288,2848,1.0,255.0,138.78680419921875,37.388309478759766,False,False,False,
task1_images,D:\Biology-AI\data\Task1_Segmentation\images\002563.jpg,True,JPEG,RGB,True,1024,768,0.0,255.0,174.53167724609375,39.83570098876953,False,False,False,
task1_images,D:\Biology-AI\data\Task1_Segmentation\images\002564.jpg,True,JPEG,RGB,True,3008,2000,3.0,255.0,172.11219787597656,17.456361770629883,False,False,False,
task1_images,D:\Biology-AI\data\Task1_Segmentation\images\002565.jpg,True,JPEG,RGB,True,1024,768,26.0,255.0,206.6785888671875,39.42420959472656,False,False,False,
task1_images,D:\Biology-AI\data\Task1_Segmentation\images\002566.jpg,True,JPEG,RGB,True,2048,1536,0.0,255.0,165.04554748535156,54.60545349121094,False,False,False,
task1_images,D:\Biology-AI\data\Task1_Segmentation\images\002567.jpg,True,JPEG,RGB,True,3008,2000,23.0,243.0,166.0623321533203,18.60706901550293,False,False,False,
task1_images,D:\Biology-AI\data\Task1_Segmentation\images\002568.jpg,True,JPEG,RGB,True,4288,2848,18.0,222.0,130.28170776367188,19.6412410736084,False,False,False,
task1_images,D:\Biology-AI\data\Task1_Segmentation\images\002569.jpg,True,JPEG,RGB,True,6648,4419,0.0,255.0,182.59622192382812,40.32284164428711,False,False,False,
task1_images,D:\Biology-AI\data\Task1_Segmentation\images\002570.jpg,True,JPEG,RGB,True,4288,2848,40.0,234.0,132.829833984375,27.777362823486328,False,False,False,
task1_images,D:\Biology-AI\data\Task1_Segmentation\images\002571.jpg,True,JPEG,RGB,True,4288,2848,16.0,255.0,143.28701782226562,27.31119155883789,False,False,False,
task1_images,D:\Biology-AI\data\Task1_Segmentation\images\002572.jpg,True,JPEG,RGB,True,1022,767,13.0,255.0,182.5464324951172,73.1641616821289,False,False,False,
task1_images,D:\Biology-AI\data\Task1_Segmentation\images\002573.jpg,True,JPEG,RGB,True,4288,2848,12.0,255.0,160.60260009765625,35.42863845825195,False,False,False,
task1_images,D:\Biology-AI\data\Task1_Segmentation\images\002574.jpg,True,JPEG,RGB,True,767,576,0.0,255.0,193.47189331054688,53.70909118652344,False,False,False,
task1_images,D:\Biology-AI\data\Task1_Segmentation\images\002575.jpg,True,JPEG,RGB,True,6687,4439,0.0,255.0,134.38919067382812,63.973899841308594,False,False,False,
task1_images,D:\Biology-AI\data\Task1_Segmentation\images\002576.jpg,True,JPEG,RGB,True,1024,768,6.0,255.0,182.47036743164062,26.422935485839844,False,False,False,
task1_images,D:\Biology-AI\data\Task1_Segmentation\images\002577.jpg,True,JPEG,RGB,True,1024,768,0.0,235.0,162.96653747558594,33.556331634521484,False,False,False,
task1_images,D:\Biology-AI\data\Task1_Segmentation\images\002578.jpg,True,JPEG,RGB,True,4288,2848,3.0,255.0,165.3098602294922,33.63373565673828,False,False,False,
task1_images,D:\Biology-AI\data\Task1_Segmentation\images\002579.jpg,True,JPEG,RGB,True,3072,2304,0.0,255.0,159.83441162109375,22.69017219543457,False,False,False,
task1_images,D:\Biology-AI\data\Task1_Segmentation\images\002580.jpg,True,JPEG,RGB,True,3072,2304,0.0,185.0,117.07544708251953,29.40648078918457,False,False,False,
task1_images,D:\Biology-AI\data\Task1_Segmentation\images\002581.jpg,True,JPEG,RGB,True,3072,2304,0.0,199.0,135.50732421875,34.13442611694336,False,False,False,
task1_images,D:\Biology-AI\data\Task1_Segmentation\images\002582.jpg,True,JPEG,RGB,True,4288,2848,2.0,255.0,142.55685424804688,17.312744140625,False,False,False,
task1_images,D:\Biology-AI\data\Task1_Segmentation\images\002583.jpg,True,JPEG,RGB,True,1024,768,0.0,247.0,137.70916748046875,49.337459564208984,False,False,False,
task1_images,D:\Biology-AI\data\Task1_Segmentation\images\002584.jpg,True,JPEG,RGB,True,919,802,0.0,245.0,178.83001708984375,28.776334762573242,False,False,False,
task1_images,D:\Biology-AI\data\Task1_Segmentation\images\002585.jpg,True,JPEG,RGB,True,3872,2592,16.0,255.0,193.970458984375,22.883203506469727,False,False,False,
task1_images,D:\Biology-AI\data\Task1_Segmentation\images\002586.jpg,True,JPEG,RGB,True,1024,768,0.0,236.0,118.95579528808594,73.0082015991211,False,False,False,
task1_images,D:\Biology-AI\data\Task1_Segmentation\images\002587.jpg,True,JPEG,RGB,True,4288,2848,18.0,255.0,123.92105102539062,34.85893249511719,False,False,False,
task1_images,D:\Biology-AI\data\Task1_Segmentation\images\002588.jpg,True,JPEG,RGB,True,6681,4422,0.0,255.0,146.91419982910156,58.07438278198242,False,False,False,
task1_images,D:\Biology-AI\data\Task1_Segmentation\images\002589.jpg,True,JPEG,RGB,True,2469,2232,28.0,202.0,150.09375,25.524423599243164,False,False,False,
task1_images,D:\Biology-AI\data\Task1_Segmentation\images\002590.jpg,True,JPEG,RGB,True,3872,2592,51.0,255.0,219.34490966796875,23.486806869506836,False,False,False,
task1_images,D:\Biology-AI\data\Task1_Segmentation\images\002591.jpg,True,JPEG,RGB,True,3072,2304,7.0,222.0,137.8328094482422,22.77316665649414,False,False,False,
task1_images,D:\Biology-AI\data\Task1_Segmentation\images\002592.jpg,True,JPEG,RGB,True,3008,2000,6.0,255.0,172.4580841064453,26.376670837402344,False,False,False,
task1_images,D:\Biology-AI\data\Task1_Segmentation\images\002593.jpg,True,JPEG,RGB,True,4288,2848,0.0,226.0,95.63362121582031,20.575761795043945,False,False,False,
task1_images,D:\Biology-AI\data\Task1_Segmentation\images\002594.jpg,True,JPEG,RGB,True,4288,2848,5.0,255.0,134.9656524658203,19.183557510375977,False,False,False,
task1_images,D:\Biology-AI\data\Task1_Segmentation\images\002595.jpg,True,JPEG,RGB,True,640,480,0.0,255.0,166.77928161621094,71.43372344970703,False,False,False,
task1_images,D:\Biology-AI\data\Task1_Segmentation\images\002596.jpg,True,JPEG,RGB,True,6648,4439,0.0,255.0,143.97314453125,60.33627700805664,False,False,False,
task1_images,D:\Biology-AI\data\Task1_Segmentation\images\002597.jpg,True,JPEG,RGB,True,1024,768,0.0,255.0,146.80819702148438,27.576379776000977,False,False,False,
task1_images,D:\Biology-AI\data\Task1_Segmentation\images\002598.jpg,True,JPEG,RGB,True,2441,1565,7.0,232.0,158.90199279785156,30.490238189697266,False,False,False,
task1_images,D:\Biology-AI\data\Task1_Segmentation\images\002599.jpg,True,JPEG,RGB,True,640,480,0.0,255.0,135.4445037841797,44.782901763916016,False,False,False,
task1_images,D:\Biology-AI\data\Task1_Segmentation\images\002600.jpg,True,JPEG,RGB,True,640,480,0.0,255.0,158.305908203125,51.759586334228516,False,False,False,
task1_images,D:\Biology-AI\data\Task1_Segmentation\images\002601.jpg,True,JPEG,RGB,True,3008,2000,3.0,251.0,127.90303802490234,29.659841537475586,False,False,False,
task1_images,D:\Biology-AI\data\Task1_Segmentation\images\002602.jpg,True,JPEG,RGB,True,6648,4439,0.0,255.0,126.81964874267578,58.60141372680664,False,False,False,
task1_images,D:\Biology-AI\data\Task1_Segmentation\images\002603.jpg,True,JPEG,RGB,True,3024,2016,0.0,255.0,171.8612060546875,25.500137329101562,False,False,False,
task1_images,D:\Biology-AI\data\Task1_Segmentation\images\002604.jpg,True,JPEG,RGB,True,2664,2124,26.0,216.0,165.34698486328125,28.380094528198242,False,False,False,
task1_images,D:\Biology-AI\data\Task1_Segmentation\images\002605.jpg,True,JPEG,RGB,True,3072,2304,9.0,255.0,174.46363830566406,29.702051162719727,False,False,False,
task1_images,D:\Biology-AI\data\Task1_Segmentation\images\002606.jpg,True,JPEG,RGB,True,640,480,0.0,255.0,169.4374237060547,62.271488189697266,False,False,False,
task1_images,D:\Biology-AI\data\Task1_Segmentation\images\002607.jpg,True,JPEG,RGB,True,6601,4380,0.0,255.0,182.938232421875,35.653804779052734,False,False,False,
task1_images,D:\Biology-AI\data\Task1_Segmentation\images\002608.jpg,True,JPEG,RGB,True,4288,2848,0.0,255.0,164.51576232910156,48.17002868652344,False,False,False,
task1_images,D:\Biology-AI\data\Task1_Segmentation\images\002609.jpg,True,JPEG,RGB,True,4288,2848,10.0,255.0,170.093994140625,26.933942794799805,False,False,False,
task1_images,D:\Biology-AI\data\Task1_Segmentation\images\002610.jpg,True,JPEG,RGB,True,576,768,43.0,232.0,162.7347412109375,41.32514190673828,False,False,False,
task1_images,D:\Biology-AI\data\Task1_Segmentation\images\002611.jpg,True,JPEG,RGB,True,4288,2848,6.0,211.0,113.79729461669922,27.431419372558594,False,False,False,
task1_images,D:\Biology-AI\data\Task1_Segmentation\images\002612.jpg,True,JPEG,RGB,True,6628,4399,0.0,255.0,158.65557861328125,48.23872375488281,False,False,False,
task1_images,D:\Biology-AI\data\Task1_Segmentation\images\002613.jpg,True,JPEG,RGB,True,767,576,0.0,255.0,145.5935821533203,60.25333786010742,False,False,False,
task1_images,D:\Biology-AI\data\Task1_Segmentation\images\002614.jpg,True,JPEG,RGB,True,4288,2848,16.0,255.0,178.7901153564453,28.45505142211914,False,False,False,
task1_images,D:\Biology-AI\data\Task1_Segmentation\images\002615.jpg,True,JPEG,RGB,True,4288,2848,13.0,255.0,128.9019775390625,19.174129486083984,False,False,False,
task1_images,D:\Biology-AI\data\Task1_Segmentation\images\002616.jpg,True,JPEG,RGB,True,767,576,0.0,255.0,97.11225128173828,47.81188201904297,False,False,False,
task1_images,D:\Biology-AI\data\Task1_Segmentation\images\002617.jpg,True,JPEG,RGB,True,3072,2304,0.0,255.0,132.92794799804688,26.829153060913086,False,False,False,
task1_images,D:\Biology-AI\data\Task1_Segmentation\images\002618.jpg,True,JPEG,RGB,True,4288,2848,2.0,255.0,141.7041778564453,27.424758911132812,False,False,False,
task1_images,D:\Biology-AI\data\Task1_Segmentation\images\002619.jpg,True,JPEG,RGB,True,1024,768,10.0,255.0,207.26336669921875,46.4676399230957,False,False,False,
task1_images,D:\Biology-AI\data\Task1_Segmentation\images\002620.jpg,True,JPEG,RGB,True,962,723,3.0,255.0,160.45037841796875,68.6343002319336,False,False,False,
task1_images,D:\Biology-AI\data\Task1_Segmentation\images\002621.jpg,True,JPEG,RGB,True,1024,768,0.0,255.0,195.44839477539062,47.00469970703125,False,False,False,
task1_images,D:\Biology-AI\data\Task1_Segmentation\images\002622.jpg,True,JPEG,RGB,True,3008,2000,5.0,255.0,179.53341674804688,19.37281036376953,False,False,False,
task1_images,D:\Biology-AI\data\Task1_Segmentation\images\002623.jpg,True,JPEG,RGB,True,3008,2000,15.0,255.0,176.00833129882812,19.138673782348633,False,False,False,
task1_images,D:\Biology-AI\data\Task1_Segmentation\images\002624.jpg,True,JPEG,RGB,True,4288,2848,1.0,205.0,106.1409912109375,21.240379333496094,False,False,False,
task1_images,D:\Biology-AI\data\Task1_Segmentation\images\002625.jpg,True,JPEG,RGB,True,4288,2848,15.0,255.0,140.2169189453125,32.77153396606445,False,False,False,
task1_images,D:\Biology-AI\data\Task1_Segmentation\images\002626.jpg,True,JPEG,RGB,True,1024,768,8.0,240.0,154.85662841796875,46.118106842041016,False,False,False,
task1_images,D:\Biology-AI\data\Task1_Segmentation\images\002627.jpg,True,JPEG,RGB,True,6642,4441,0.0,255.0,133.73980712890625,43.19911575317383,False,False,False,
task1_images,D:\Biology-AI\data\Task1_Segmentation\images\002628.jpg,True,JPEG,RGB,True,1504,1129,0.0,255.0,155.75538635253906,32.72658157348633,False,False,False,
task1_images,D:\Biology-AI\data\Task1_Segmentation\images\002629.jpg,True,JPEG,RGB,True,919,802,1.0,194.0,148.302734375,37.266788482666016,False,False,False,
task1_images,D:\Biology-AI\data\Task1_Segmentation\images\002630.jpg,True,JPEG,RGB,True,3072,2304,12.0,255.0,189.11624145507812,42.61567306518555,False,False,False,
task1_images,D:\Biology-AI\data\Task1_Segmentation\images\002631.jpg,True,JPEG,RGB,True,1024,768,15.0,233.0,158.70867919921875,30.694889068603516,False,False,False,
task1_images,D:\Biology-AI\data\Task1_Segmentation\images\002632.jpg,True,JPEG,RGB,True,640,480,0.0,255.0,95.9429702758789,66.30148315429688,False,False,False,
task1_images,D:\Biology-AI\data\Task1_Segmentation\images\002633.jpg,True,JPEG,RGB,True,3008,2000,13.0,255.0,112.92700958251953,37.66383361816406,False,False,False,
task1_images,D:\Biology-AI\data\Task1_Segmentation\images\002634.jpg,True,JPEG,RGB,True,3072,2304,0.0,219.0,163.9645233154297,23.80794906616211,False,False,False,
task1_images,D:\Biology-AI\data\Task1_Segmentation\images\002635.jpg,True,JPEG,RGB,True,1024,768,0.0,181.0,127.92410278320312,50.2438850402832,False,False,False,
task1_images,D:\Biology-AI\data\Task1_Segmentation\images\002636.jpg,True,JPEG,RGB,True,1062,701,0.0,255.0,148.31910705566406,64.9622802734375,False,False,False,
task1_images,D:\Biology-AI\data\Task1_Segmentation\images\002637.jpg,True,JPEG,RGB,True,1024,768,0.0,254.0,179.67529296875,27.848546981811523,False,False,False,
task1_images,D:\Biology-AI\data\Task1_Segmentation\images\002638.jpg,True,JPEG,RGB,True,3024,2016,0.0,255.0,155.09693908691406,46.084102630615234,False,False,False,
task1_images,D:\Biology-AI\data\Task1_Segmentation\images\002639.jpg,True,JPEG,RGB,True,2048,1536,29.0,255.0,170.62515258789062,63.92319869995117,False,False,False,
task1_images,D:\Biology-AI\data\Task1_Segmentation\images\002640.jpg,True,JPEG,RGB,True,1504,1129,0.0,255.0,169.6072235107422,49.60591506958008,False,False,False,
task1_images,D:\Biology-AI\data\Task1_Segmentation\images\002641.jpg,True,JPEG,RGB,True,4288,2848,15.0,233.0,118.09355163574219,18.982975006103516,False,False,False,
task1_images,D:\Biology-AI\data\Task1_Segmentation\images\002642.jpg,True,JPEG,RGB,True,3072,2304,10.0,230.0,140.72572326660156,44.07073974609375,False,False,False,
task1_images,D:\Biology-AI\data\Task1_Segmentation\images\002643.jpg,True,JPEG,RGB,True,3872,2592,17.0,255.0,200.622314453125,22.268354415893555,False,False,False,
task1_images,D:\Biology-AI\data\Task1_Segmentation\images\002644.jpg,True,JPEG,RGB,True,1024,768,80.0,255.0,171.81304931640625,25.574026107788086,False,False,False,
task1_images,D:\Biology-AI\data\Task1_Segmentation\images\002645.jpg,True,JPEG,RGB,True,3008,2000,25.0,255.0,153.5311737060547,22.852928161621094,False,False,False,
task1_images,D:\Biology-AI\data\Task1_Segmentation\images\002646.jpg,True,JPEG,RGB,True,1024,768,0.0,232.0,160.43377685546875,28.420989990234375,False,False,False,
task1_images,D:\Biology-AI\data\Task1_Segmentation\images\002647.jpg,True,JPEG,RGB,True,919,802,0.0,255.0,167.76084899902344,36.102073669433594,False,False,False,
task1_images,D:\Biology-AI\data\Task1_Segmentation\images\002648.jpg,True,JPEG,RGB,True,1024,768,19.0,241.0,135.8079833984375,34.1998291015625,False,False,False,
task1_images,D:\Biology-AI\data\Task1_Segmentation\images\002649.jpg,True,JPEG,RGB,True,6641,4440,0.0,255.0,139.6334228515625,55.429420471191406,False,False,False,
task1_images,D:\Biology-AI\data\Task1_Segmentation\images\002650.jpg,True,JPEG,RGB,True,6642,4401,0.0,255.0,144.95773315429688,55.95851135253906,False,False,False,
task1_images,D:\Biology-AI\data\Task1_Segmentation\images\002651.jpg,True,JPEG,RGB,True,6688,4459,0.0,255.0,195.74066162109375,40.994712829589844,False,False,False,
task1_images,D:\Biology-AI\data\Task1_Segmentation\images\002652.jpg,True,JPEG,RGB,True,1024,768,0.0,232.0,183.638916015625,23.329851150512695,False,False,False,
task1_images,D:\Biology-AI\data\Task1_Segmentation\images\002653.jpg,True,JPEG,RGB,True,4288,2848,3.0,205.0,108.0091781616211,20.726232528686523,False,False,False,
task1_images,D:\Biology-AI\data\Task1_Segmentation\images\002654.jpg,True,JPEG,RGB,True,1024,768,0.0,233.0,179.6864013671875,37.933284759521484,False,False,False,
task1_images,D:\Biology-AI\data\Task1_Segmentation\images\002655.jpg,True,JPEG,RGB,True,3872,2592,14.0,244.0,163.58676147460938,21.201797485351562,False,False,False,
task1_images,D:\Biology-AI\data\Task1_Segmentation\images\002656.jpg,True,JPEG,RGB,True,1024,768,15.0,255.0,201.43609619140625,53.73405456542969,False,False,False,
task1_images,D:\Biology-AI\data\Task1_Segmentation\images\002657.jpg,True,JPEG,RGB,True,6622,4401,0.0,255.0,195.99598693847656,63.592567443847656,False,False,False,
task1_images,D:\Biology-AI\data\Task1_Segmentation\images\002658.jpg,True,JPEG,RGB,True,4288,2848,0.0,199.0,78.43641662597656,21.297794342041016,False,False,False,
task1_images,D:\Biology-AI\data\Task1_Segmentation\images\002659.jpg,True,JPEG,RGB,True,3072,2304,0.0,208.0,102.30573272705078,44.49384689331055,False,False,False,
task1_images,D:\Biology-AI\data\Task1_Segmentation\images\002660.jpg,True,JPEG,RGB,True,1024,768,0.0,255.0,158.3083038330078,37.35926055908203,False,False,False,
task1_images,D:\Biology-AI\data\Task1_Segmentation\images\002661.jpg,True,JPEG,RGB,True,3024,2016,0.0,255.0,150.037841796875,36.2585334777832,False,False,False,
task1_images,D:\Biology-AI\data\Task1_Segmentation\images\002662.jpg,True,JPEG,RGB,True,1024,768,34.0,245.0,161.10031127929688,15.754880905151367,False,False,False,
task1_images,D:\Biology-AI\data\Task1_Segmentation\images\002663.jpg,True,JPEG,RGB,True,3072,2304,4.0,255.0,141.12388610839844,29.787626266479492,False,False,False,
task1_images,D:\Biology-AI\data\Task1_Segmentation\images\002664.jpg,True,JPEG,RGB,True,4288,2848,14.0,255.0,164.7105255126953,22.185331344604492,False,False,False,
task1_images,D:\Biology-AI\data\Task1_Segmentation\images\002665.jpg,True,JPEG,RGB,True,1024,768,0.0,231.0,152.02732849121094,38.891014099121094,False,False,False,
task1_images,D:\Biology-AI\data\Task1_Segmentation\images\002666.jpg,True,JPEG,RGB,True,3072,2304,0.0,201.0,120.1971435546875,43.30233383178711,False,False,False,
task1_images,D:\Biology-AI\data\Task1_Segmentation\images\002667.jpg,True,JPEG,RGB,True,3008,2000,5.0,255.0,174.72752380371094,17.73086166381836,False,False,False,
task1_images,D:\Biology-AI\data\Task1_Segmentation\images\002668.jpg,True,JPEG,RGB,True,3008,2000,7.0,255.0,144.84124755859375,29.844970703125,False,False,False,
task1_images,D:\Biology-AI\data\Task1_Segmentation\images\002669.jpg,True,JPEG,RGB,True,2048,1536,10.0,255.0,165.78851318359375,46.03622817993164,False,False,False,
task1_images,D:\Biology-AI\data\Task1_Segmentation\images\002670.jpg,True,JPEG,RGB,True,4288,2848,23.0,255.0,130.7058563232422,36.467811584472656,False,False,False,
task1_images,D:\Biology-AI\data\Task1_Segmentation\images\002671.jpg,True,JPEG,RGB,True,2048,1536,15.0,255.0,149.64178466796875,44.22941970825195,False,False,False,
task1_images,D:\Biology-AI\data\Task1_Segmentation\images\002672.jpg,True,JPEG,RGB,True,6642,4422,0.0,255.0,135.4328155517578,58.74085235595703,False,False,False,
task1_images,D:\Biology-AI\data\Task1_Segmentation\images\002673.jpg,True,JPEG,RGB,True,6688,4439,0.0,255.0,134.484619140625,64.77755737304688,False,False,False,
task1_images,D:\Biology-AI\data\Task1_Segmentation\images\002674.jpg,True,JPEG,RGB,True,640,480,0.0,255.0,150.9456787109375,57.7867546081543,False,False,False,
task1_images,D:\Biology-AI\data\Task1_Segmentation\images\002675.jpg,True,JPEG,RGB,True,3872,2592,58.0,255.0,200.2872772216797,17.82584571838379,False,False,False,
task1_images,D:\Biology-AI\data\Task1_Segmentation\images\002676.jpg,True,JPEG,RGB,True,6642,4422,0.0,255.0,139.13217163085938,70.3093032836914,False,False,False,
task1_images,D:\Biology-AI\data\Task1_Segmentation\images\002677.jpg,True,JPEG,RGB,True,3008,2000,7.0,243.0,148.03778076171875,25.886266708374023,False,False,False,
task1_images,D:\Biology-AI\data\Task1_Segmentation\images\002678.jpg,True,JPEG,RGB,True,1024,768,1.0,255.0,215.5170440673828,47.402774810791016,False,False,False,
task1_images,D:\Biology-AI\data\Task1_Segmentation\images\002679.jpg,True,JPEG,RGB,True,3072,2304,28.0,231.0,151.9869842529297,29.605379104614258,False,False,False,
task1_images,D:\Biology-AI\data\Task1_Segmentation\images\002680.jpg,True,JPEG,RGB,True,1024,768,6.0,255.0,203.05604553222656,31.42112922668457,False,False,False,
task1_images,D:\Biology-AI\data\Task1_Segmentation\images\002681.jpg,True,JPEG,RGB,True,3008,2000,0.0,255.0,166.58331298828125,27.80220603942871,False,False,False,
task1_images,D:\Biology-AI\data\Task1_Segmentation\images\002682.jpg,True,JPEG,RGB,True,919,802,23.0,225.0,174.42547607421875,29.361825942993164,False,False,False,
task1_images,D:\Biology-AI\data\Task1_Segmentation\images\002683.jpg,True,JPEG,RGB,True,1022,767,0.0,255.0,130.59747314453125,63.048404693603516,False,False,False,
task1_images,D:\Biology-AI\data\Task1_Segmentation\images\002684.jpg,True,JPEG,RGB,True,4288,2848,4.0,212.0,112.25001525878906,24.834840774536133,False,False,False,
task1_images,D:\Biology-AI\data\Task1_Segmentation\images\002685.jpg,True,JPEG,RGB,True,4288,2848,15.0,234.0,147.47059631347656,25.943918228149414,False,False,False,
task1_images,D:\Biology-AI\data\Task1_Segmentation\images\002686.jpg,True,JPEG,RGB,True,6681,4422,0.0,255.0,145.5015869140625,60.222381591796875,False,False,False,
task1_images,D:\Biology-AI\data\Task1_Segmentation\images\002687.jpg,True,JPEG,RGB,True,4288,2848,4.0,218.0,124.8863296508789,23.93201446533203,False,False,False,
task1_images,D:\Biology-AI\data\Task1_Segmentation\images\002688.jpg,True,JPEG,RGB,True,1024,768,0.0,255.0,149.87228393554688,33.48357391357422,False,False,False,
task1_images,D:\Biology-AI\data\Task1_Segmentation\images\002689.jpg,True,JPEG,RGB,True,6668,4459,0.0,255.0,177.4190216064453,55.75975036621094,False,False,False,
task1_images,D:\Biology-AI\data\Task1_Segmentation\images\002690.jpg,True,JPEG,RGB,True,3072,2304,7.0,255.0,129.4703369140625,38.901546478271484,False,False,False,
task1_images,D:\Biology-AI\data\Task1_Segmentation\images\002691.jpg,True,JPEG,RGB,True,3072,2304,0.0,255.0,169.11656188964844,23.370887756347656,False,False,False,
task1_images,D:\Biology-AI\data\Task1_Segmentation\images\002692.jpg,True,JPEG,RGB,True,1024,768,0.0,240.0,151.43670654296875,38.79330825805664,False,False,False,
task1_images,D:\Biology-AI\data\Task1_Segmentation\images\002693.jpg,True,JPEG,RGB,True,3072,2304,0.0,255.0,139.146728515625,49.16244125366211,False,False,False,
task1_images,D:\Biology-AI\data\Task1_Segmentation\images\002694.jpg,True,JPEG,RGB,True,1024,768,0.0,237.0,134.4482421875,24.91727638244629,False,False,False,
task1_images,D:\Biology-AI\data\Task1_Segmentation\images\002695.jpg,True,JPEG,RGB,True,6622,4400,0.0,255.0,164.5939483642578,49.44588088989258,False,False,False,
task1_images,D:\Biology-AI\data\Task1_Segmentation\images\002696.jpg,True,JPEG,RGB,True,1504,1129,0.0,255.0,122.66790008544922,80.42182922363281,False,False,False,
task1_images,D:\Biology-AI\data\Task1_Segmentation\images\002697.jpg,True,JPEG,RGB,True,3072,2304,0.0,255.0,179.25042724609375,16.89580535888672,False,False,False,
task1_images,D:\Biology-AI\data\Task1_Segmentation\images\002698.jpg,True,JPEG,RGB,True,1024,768,21.0,255.0,207.65530395507812,35.797340393066406,False,False,False,
task1_images,D:\Biology-AI\data\Task1_Segmentation\images\002699.jpg,True,JPEG,RGB,True,6681,4440,0.0,255.0,165.65057373046875,49.3577766418457,False,False,False,
task1_images,D:\Biology-AI\data\Task1_Segmentation\images\002700.jpg,True,JPEG,RGB,True,1024,768,17.0,255.0,186.9158172607422,56.228816986083984,False,False,False,
task2_images,D:\Biology-AI\data\Task2_Attributes\images\000001.jpg,True,JPEG,RGB,True,640,480,0.0,252.0,136.50318908691406,52.939964294433594,False,False,False,
task2_images,D:\Biology-AI\data\Task2_Attributes\images\000002.jpg,True,JPEG,RGB,True,3008,2000,0.0,222.0,134.15139770507812,29.67377471923828,False,False,False,
task2_images,D:\Biology-AI\data\Task2_Attributes\images\000003.jpg,True,JPEG,RGB,True,639,602,11.0,227.0,183.86459350585938,28.202423095703125,False,False,False,
task2_images,D:\Biology-AI\data\Task2_Attributes\images\000004.jpg,True,JPEG,RGB,True,1024,768,0.0,246.0,191.75083923339844,27.501689910888672,False,False,False,
task2_images,D:\Biology-AI\data\Task2_Attributes\images\000005.jpg,True,JPEG,RGB,True,722,540,0.0,255.0,136.6837158203125,76.8838882446289,False,False,False,
task2_images,D:\Biology-AI\data\Task2_Attributes\images\000006.jpg,True,JPEG,RGB,True,2592,1944,12.0,195.0,124.32801818847656,18.20502471923828,False,False,False,
task2_images,D:\Biology-AI\data\Task2_Attributes\images\000007.jpg,True,JPEG,RGB,True,6688,4459,0.0,255.0,142.9993133544922,57.426815032958984,False,False,False,
task2_images,D:\Biology-AI\data\Task2_Attributes\images\000008.jpg,True,JPEG,RGB,True,4288,2848,7.0,255.0,166.659423828125,28.90719985961914,False,False,False,
task2_images,D:\Biology-AI\data\Task2_Attributes\images\000009.jpg,True,JPEG,RGB,True,4288,2848,9.0,245.0,174.07977294921875,26.535959243774414,False,False,False,
task2_images,D:\Biology-AI\data\Task2_Attributes\images\000010.jpg,True,JPEG,RGB,True,1504,1129,0.0,255.0,154.888427734375,30.12204360961914,False,False,False,
task2_images,D:\Biology-AI\data\Task2_Attributes\images\000011.jpg,True,JPEG,RGB,True,919,802,12.0,244.0,165.17626953125,32.8408317565918,False,False,False,
task2_images,D:\Biology-AI\data\Task2_Attributes\images\000012.jpg,True,JPEG,RGB,True,640,480,0.0,211.0,104.54034423828125,37.96915817260742,False,False,False,
task2_images,D:\Biology-AI\data\Task2_Attributes\images\000013.jpg,True,JPEG,RGB,True,640,480,0.0,255.0,180.73995971679688,38.80040740966797,False,False,False,
task2_images,D:\Biology-AI\data\Task2_Attributes\images\000014.jpg,True,JPEG,RGB,True,2592,1936,0.0,255.0,163.1151885986328,48.35944747924805,False,False,False,
task2_images,D:\Biology-AI\data\Task2_Attributes\images\000015.jpg,True,JPEG,RGB,True,3008,2000,3.0,255.0,170.85997009277344,15.097633361816406,False,False,False,
task2_images,D:\Biology-AI\data\Task2_Attributes\images\000016.jpg,True,JPEG,RGB,True,3072,2304,8.0,255.0,134.24917602539062,33.99711608886719,False,False,False,
task2_images,D:\Biology-AI\data\Task2_Attributes\images\000017.jpg,True,JPEG,RGB,True,4288,2848,10.0,237.0,151.54598999023438,24.563507080078125,False,False,False,
task2_images,D:\Biology-AI\data\Task2_Attributes\images\000018.jpg,True,JPEG,RGB,True,3872,2592,14.0,255.0,216.03067016601562,23.75225067138672,False,False,False,
task2_images,D:\Biology-AI\data\Task2_Attributes\images\000019.jpg,True,JPEG,RGB,True,3872,2592,36.0,255.0,197.07086181640625,31.834684371948242,False,False,False,
task2_images,D:\Biology-AI\data\Task2_Attributes\images\000020.jpg,True,JPEG,RGB,True,3008,2000,0.0,253.0,112.53575897216797,27.763797760009766,False,False,False,
task2_images,D:\Biology-AI\data\Task2_Attributes\images\000021.jpg,True,JPEG,RGB,True,4288,2848,34.0,255.0,158.76705932617188,24.28592300415039,False,False,False,
task2_images,D:\Biology-AI\data\Task2_Attributes\images\000022.jpg,True,JPEG,RGB,True,4288,2848,0.0,244.0,129.49539184570312,32.99515151977539,False,False,False,
task2_images,D:\Biology-AI\data\Task2_Attributes\images\000023.jpg,True,JPEG,RGB,True,767,576,0.0,255.0,167.4740753173828,66.04864501953125,False,False,False,
task2_images,D:\Biology-AI\data\Task2_Attributes\images\000024.jpg,True,JPEG,RGB,True,3024,2016,0.0,240.0,154.8724822998047,19.79163360595703,False,False,False,
task2_images,D:\Biology-AI\data\Task2_Attributes\images\000025.jpg,True,JPEG,RGB,True,1024,768,0.0,238.0,148.89584350585938,26.91693878173828,False,False,False,
task2_images,D:\Biology-AI\data\Task2_Attributes\images\000026.jpg,True,JPEG,RGB,True,4288,2848,13.0,249.0,127.98531341552734,30.520532608032227,False,False,False,
task2_images,D:\Biology-AI\data\Task2_Attributes\images\000027.jpg,True,JPEG,RGB,True,4288,2848,19.0,255.0,188.99070739746094,24.598312377929688,False,False,False,
task2_images,D:\Biology-AI\data\Task2_Attributes\images\000028.jpg,True,JPEG,RGB,True,1024,768,0.0,233.0,157.37315368652344,32.89153289794922,False,False,False,
task2_images,D:\Biology-AI\data\Task2_Attributes\images\000029.jpg,True,JPEG,RGB,True,4288,2848,12.0,232.0,125.95056915283203,18.239479064941406,False,False,False,
task2_images,D:\Biology-AI\data\Task2_Attributes\images\000030.jpg,True,JPEG,RGB,True,4288,2848,10.0,255.0,151.26463317871094,24.026626586914062,False,False,False,
task2_images,D:\Biology-AI\data\Task2_Attributes\images\000031.jpg,True,JPEG,RGB,True,3072,2304,10.0,237.0,170.75502014160156,50.235008239746094,False,False,False,
task2_images,D:\Biology-AI\data\Task2_Attributes\images\000032.jpg,True,JPEG,RGB,True,959,723,0.0,255.0,185.0892333984375,67.5016860961914,False,False,False,
task2_images,D:\Biology-AI\data\Task2_Attributes\images\000033.jpg,True,JPEG,RGB,True,3008,2000,5.0,255.0,136.9033660888672,49.69243621826172,False,False,False,
task2_images,D:\Biology-AI\data\Task2_Attributes\images\000034.jpg,True,JPEG,RGB,True,1024,768,15.0,235.0,155.23207092285156,28.160839080810547,False,False,False,
task2_images,D:\Biology-AI\data\Task2_Attributes\images\000035.jpg,True,JPEG,RGB,True,6682,4382,0.0,255.0,148.65997314453125,44.5291862487793,False,False,False,
task2_images,D:\Biology-AI\data\Task2_Attributes\images\000036.jpg,True,JPEG,RGB,True,1024,768,0.0,254.0,138.97756958007812,23.48257827758789,False,False,False,
task2_images,D:\Biology-AI\data\Task2_Attributes\images\000037.jpg,True,JPEG,RGB,True,6668,4439,0.0,255.0,170.88168334960938,42.52780532836914,False,False,False,
task2_images,D:\Biology-AI\data\Task2_Attributes\images\000038.jpg,True,JPEG,RGB,True,4288,2848,9.0,255.0,150.7181854248047,19.2673397064209,False,False,False,
task2_images,D:\Biology-AI\data\Task2_Attributes\images\000039.jpg,True,JPEG,RGB,True,6668,4459,0.0,255.0,126.15994262695312,56.081443786621094,False,False,False,
task2_images,D:\Biology-AI\data\Task2_Attributes\images\000040.jpg,True,JPEG,RGB,True,824,719,0.0,251.0,145.54757690429688,39.98101043701172,False,False,False,
task2_images,D:\Biology-AI\data\Task2_Attributes\images\000041.jpg,True,JPEG,RGB,True,3008,2000,4.0,255.0,165.33731079101562,21.17064094543457,False,False,False,
task2_images,D:\Biology-AI\data\Task2_Attributes\images\000042.jpg,True,JPEG,RGB,True,3072,2304,0.0,255.0,117.45389556884766,48.24738311767578,False,False,False,
task2_images,D:\Biology-AI\data\Task2_Attributes\images\000043.jpg,True,JPEG,RGB,True,3072,2304,18.0,255.0,134.5188751220703,40.17584228515625,False,False,False,
task2_images,D:\Biology-AI\data\Task2_Attributes\images\000044.jpg,True,JPEG,RGB,True,3872,2592,4.0,255.0,157.7397918701172,34.65388107299805,False,False,False,
task2_images,D:\Biology-AI\data\Task2_Attributes\images\000045.jpg,True,JPEG,RGB,True,3008,2000,6.0,255.0,187.49464416503906,21.834487915039062,False,False,False,
task2_images,D:\Biology-AI\data\Task2_Attributes\images\000046.jpg,True,JPEG,RGB,True,3072,2304,12.0,255.0,147.53909301757812,36.24382400512695,False,False,False,
task2_images,D:\Biology-AI\data\Task2_Attributes\images\000047.jpg,True,JPEG,RGB,True,3072,2304,0.0,255.0,161.74945068359375,34.57590103149414,False,False,False,
task2_images,D:\Biology-AI\data\Task2_Attributes\images\000048.jpg,True,JPEG,RGB,True,3872,2592,8.0,255.0,170.3157501220703,25.976572036743164,False,False,False,
task2_images,D:\Biology-AI\data\Task2_Attributes\images\000049.jpg,True,JPEG,RGB,True,1024,768,77.0,249.0,160.31602478027344,26.12285614013672,False,False,False,
task2_images,D:\Biology-AI\data\Task2_Attributes\images\000050.jpg,True,JPEG,RGB,True,1024,768,0.0,243.0,132.50030517578125,28.977989196777344,False,False,False,
task2_images,D:\Biology-AI\data\Task2_Attributes\images\000051.jpg,True,JPEG,RGB,True,1504,1129,0.0,255.0,144.25674438476562,35.835262298583984,False,False,False,
task2_images,D:\Biology-AI\data\Task2_Attributes\images\000052.jpg,True,JPEG,RGB,True,2592,3872,21.0,255.0,168.69476318359375,17.323850631713867,False,False,False,
task2_images,D:\Biology-AI\data\Task2_Attributes\images\000053.jpg,True,JPEG,RGB,True,2048,1536,0.0,255.0,133.287353515625,41.2974853515625,False,False,False,
task2_images,D:\Biology-AI\data\Task2_Attributes\images\000054.jpg,True,JPEG,RGB,True,6680,4422,0.0,255.0,105.77719116210938,57.5055046081543,False,False,False,
task2_images,D:\Biology-AI\data\Task2_Attributes\images\000055.jpg,True,JPEG,RGB,True,767,576,0.0,255.0,175.7821502685547,61.890018463134766,False,False,False,
task2_images,D:\Biology-AI\data\Task2_Attributes\images\000056.jpg,True,JPEG,RGB,True,6642,4420,0.0,255.0,103.87310791015625,73.69878387451172,False,False,False,
task2_images,D:\Biology-AI\data\Task2_Attributes\images\000057.jpg,True,JPEG,RGB,True,640,480,0.0,255.0,138.31915283203125,49.014652252197266,False,False,False,
task2_images,D:\Biology-AI\data\Task2_Attributes\images\000058.jpg,True,JPEG,RGB,True,3008,2000,13.0,255.0,182.42098999023438,23.180761337280273,False,False,False,
task2_images,D:\Biology-AI\data\Task2_Attributes\images\000059.jpg,True,JPEG,RGB,True,3872,2592,6.0,240.0,163.49417114257812,22.496795654296875,False,False,False,
task2_images,D:\Biology-AI\data\Task2_Attributes\images\000060.jpg,True,JPEG,RGB,True,824,719,0.0,255.0,162.06362915039062,39.623260498046875,False,False,False,
task2_images,D:\Biology-AI\data\Task2_Attributes\images\000061.jpg,True,JPEG,RGB,True,2048,1536,29.0,255.0,164.76541137695312,34.45627212524414,False,False,False,
task2_images,D:\Biology-AI\data\Task2_Attributes\images\000062.jpg,True,JPEG,RGB,True,4288,2848,14.0,250.0,145.54176330566406,27.875350952148438,False,False,False,
task2_images,D:\Biology-AI\data\Task2_Attributes\images\000063.jpg,True,JPEG,RGB,True,6668,4439,0.0,255.0,183.41004943847656,46.6430778503418,False,False,False,
task2_images,D:\Biology-AI\data\Task2_Attributes\images\000064.jpg,True,JPEG,RGB,True,640,480,0.0,244.0,140.32546997070312,47.88425064086914,False,False,False,
task2_images,D:\Biology-AI\data\Task2_Attributes\images\000065.jpg,True,JPEG,RGB,True,640,480,0.0,208.0,78.69856262207031,42.3602409362793,False,False,False,
task2_images,D:\Biology-AI\data\Task2_Attributes\images\000066.jpg,True,JPEG,RGB,True,6688,4419,0.0,255.0,172.70558166503906,41.60394287109375,False,False,False,
task2_images,D:\Biology-AI\data\Task2_Attributes\images\000067.jpg,True,JPEG,RGB,True,640,480,0.0,231.0,118.04756164550781,37.993099212646484,False,False,False,
task2_images,D:\Biology-AI\data\Task2_Attributes\images\000068.jpg,True,JPEG,RGB,True,3872,2592,24.0,255.0,143.3470001220703,57.31073760986328,False,False,False,
task2_images,D:\Biology-AI\data\Task2_Attributes\images\000069.jpg,True,JPEG,RGB,True,767,576,0.0,255.0,171.97479248046875,61.48666763305664,False,False,False,
task2_images,D:\Biology-AI\data\Task2_Attributes\images\000070.jpg,True,JPEG,RGB,True,6601,4382,0.0,255.0,125.96758270263672,62.51219177246094,False,False,False,
task2_images,D:\Biology-AI\data\Task2_Attributes\images\000071.jpg,True,JPEG,RGB,True,640,480,0.0,241.0,137.04920959472656,50.761043548583984,False,False,False,
task2_images,D:\Biology-AI\data\Task2_Attributes\images\000072.jpg,True,JPEG,RGB,True,4288,2848,16.0,255.0,158.37875366210938,16.001859664916992,False,False,False,
task2_images,D:\Biology-AI\data\Task2_Attributes\images\000073.jpg,True,JPEG,RGB,True,3072,2304,3.0,245.0,180.61009216308594,33.53929901123047,False,False,False,
task2_images,D:\Biology-AI\data\Task2_Attributes\images\000074.jpg,True,JPEG,RGB,True,3072,2304,11.0,235.0,154.6665496826172,33.53004455566406,False,False,False,
task2_images,D:\Biology-AI\data\Task2_Attributes\images\000075.jpg,True,JPEG,RGB,True,4288,2848,11.0,238.0,124.48392486572266,17.031068801879883,False,False,False,
task2_images,D:\Biology-AI\data\Task2_Attributes\images\000076.jpg,True,JPEG,RGB,True,3008,2000,0.0,255.0,153.99366760253906,32.027042388916016,False,False,False,
task2_images,D:\Biology-AI\data\Task2_Attributes\images\000077.jpg,True,JPEG,RGB,True,1831,1528,0.0,255.0,133.91322326660156,58.616275787353516,False,False,False,
task2_images,D:\Biology-AI\data\Task2_Attributes\images\000078.jpg,True,JPEG,RGB,True,3072,2304,60.0,220.0,149.01266479492188,18.402727127075195,False,False,False,
task2_images,D:\Biology-AI\data\Task2_Attributes\images\000079.jpg,True,JPEG,RGB,True,3072,2304,4.0,189.0,137.9226531982422,22.44742774963379,False,False,False,
task2_images,D:\Biology-AI\data\Task2_Attributes\images\000080.jpg,True,JPEG,RGB,True,1503,1129,0.0,255.0,139.07383728027344,60.27465057373047,False,False,False,
task2_images,D:\Biology-AI\data\Task2_Attributes\images\000081.jpg,True,JPEG,RGB,True,3072,2304,6.0,218.0,144.79270935058594,34.99615478515625,False,False,False,
task2_images,D:\Biology-AI\data\Task2_Attributes\images\000082.jpg,True,JPEG,RGB,True,3072,2304,0.0,255.0,122.25914001464844,39.17905044555664,False,False,False,
task2_images,D:\Biology-AI\data\Task2_Attributes\images\000083.jpg,True,JPEG,RGB,True,1024,768,0.0,242.0,126.10079956054688,34.43239212036133,False,False,False,
task2_images,D:\Biology-AI\data\Task2_Attributes\images\000084.jpg,True,JPEG,RGB,True,3024,2016,0.0,255.0,143.9597625732422,44.22346115112305,False,False,False,
task2_images,D:\Biology-AI\data\Task2_Attributes\images\000085.jpg,True,JPEG,RGB,True,2048,1536,27.0,255.0,171.40965270996094,35.999691009521484,False,False,False,
task2_images,D:\Biology-AI\data\Task2_Attributes\images\000086.jpg,True,JPEG,RGB,True,1024,768,26.0,249.0,139.0761260986328,33.13665771484375,False,False,False,
task2_images,D:\Biology-AI\data\Task2_Attributes\images\000087.jpg,True,JPEG,RGB,True,4288,2848,0.0,255.0,161.07177734375,32.57841873168945,False,False,False,
task2_images,D:\Biology-AI\data\Task2_Attributes\images\000088.jpg,True,JPEG,RGB,True,1022,767,16.0,255.0,150.32412719726562,72.34929656982422,False,False,False,
task2_images,D:\Biology-AI\data\Task2_Attributes\images\000089.jpg,True,JPEG,RGB,True,3008,2000,4.0,255.0,140.0710906982422,21.612518310546875,False,False,False,
task2_images,D:\Biology-AI\data\Task2_Attributes\images\000090.jpg,True,JPEG,RGB,True,4288,2848,4.0,255.0,134.03846740722656,26.410226821899414,False,False,False,
task2_images,D:\Biology-AI\data\Task2_Attributes\images\000091.jpg,True,JPEG,RGB,True,6642,4420,0.0,255.0,140.5417022705078,56.32121658325195,False,False,False,
task2_images,D:\Biology-AI\data\Task2_Attributes\images\000092.jpg,True,JPEG,RGB,True,1024,768,0.0,255.0,168.28297424316406,51.79517364501953,False,False,False,
task2_images,D:\Biology-AI\data\Task2_Attributes\images\000093.jpg,True,JPEG,RGB,True,3072,2304,0.0,255.0,135.5237579345703,43.15102005004883,False,False,False,
task2_images,D:\Biology-AI\data\Task2_Attributes\images\000094.jpg,True,JPEG,RGB,True,2048,1536,0.0,255.0,164.34423828125,53.77666091918945,False,False,False,
task2_images,D:\Biology-AI\data\Task2_Attributes\images\000095.jpg,True,JPEG,RGB,True,1057,704,0.0,255.0,173.653564453125,49.645389556884766,False,False,False,
task2_images,D:\Biology-AI\data\Task2_Attributes\images\000096.jpg,True,JPEG,RGB,True,6688,4439,0.0,255.0,180.91932678222656,56.0406379699707,False,False,False,
task2_images,D:\Biology-AI\data\Task2_Attributes\images\000097.jpg,True,JPEG,RGB,True,2370,1720,40.0,237.0,183.8645782470703,23.87978172302246,False,False,False,
task2_images,D:\Biology-AI\data\Task2_Attributes\images\000098.jpg,True,JPEG,RGB,True,6621,4420,0.0,255.0,170.64175415039062,51.83195114135742,False,False,False,
task2_images,D:\Biology-AI\data\Task2_Attributes\images\000099.jpg,True,JPEG,RGB,True,3008,2000,0.0,255.0,150.16995239257812,31.134963989257812,False,False,False,
task2_images,D:\Biology-AI\data\Task2_Attributes\images\000100.jpg,True,JPEG,RGB,True,1859,1351,18.0,255.0,150.24195861816406,27.85761260986328,False,False,False,
task2_images,D:\Biology-AI\data\Task2_Attributes\images\000101.jpg,True,JPEG,RGB,True,4288,2848,8.0,225.0,118.03162384033203,18.93889045715332,False,False,False,
task2_images,D:\Biology-AI\data\Task2_Attributes\images\000102.jpg,True,JPEG,RGB,True,3872,2592,1.0,255.0,133.73777770996094,17.914583206176758,False,False,False,
task2_images,D:\Biology-AI\data\Task2_Attributes\images\000103.jpg,True,JPEG,RGB,True,3072,2304,0.0,255.0,126.34683990478516,45.118988037109375,False,False,False,
task2_images,D:\Biology-AI\data\Task2_Attributes\images\000104.jpg,True,JPEG,RGB,True,965,649,0.0,255.0,170.1263427734375,66.45917510986328,False,False,False,
task2_images,D:\Biology-AI\data\Task2_Attributes\images\000105.jpg,True,JPEG,RGB,True,1024,768,0.0,255.0,143.84486389160156,50.652015686035156,False,False,False,
task2_images,D:\Biology-AI\data\Task2_Attributes\images\000106.jpg,True,JPEG,RGB,True,3072,2304,0.0,226.0,147.85537719726562,37.059913635253906,False,False,False,
task2_images,D:\Biology-AI\data\Task2_Attributes\images\000107.jpg,True,JPEG,RGB,True,3024,2016,0.0,255.0,153.39892578125,34.15919494628906,False,False,False,
task2_images,D:\Biology-AI\data\Task2_Attributes\images\000108.jpg,True,JPEG,RGB,True,1024,768,9.0,255.0,135.8731231689453,53.007240295410156,False,False,False,
task2_images,D:\Biology-AI\data\Task2_Attributes\images\000109.jpg,True,JPEG,RGB,True,2048,1536,2.0,255.0,120.88232421875,49.76041793823242,False,False,False,
task2_images,D:\Biology-AI\data\Task2_Attributes\images\000110.jpg,True,JPEG,RGB,True,6688,4439,0.0,255.0,156.38735961914062,53.762794494628906,False,False,False,
task2_images,D:\Biology-AI\data\Task2_Attributes\images\000111.jpg,True,JPEG,RGB,True,3072,2304,2.0,255.0,142.04397583007812,36.46394348144531,False,False,False,
task2_images,D:\Biology-AI\data\Task2_Attributes\images\000112.jpg,True,JPEG,RGB,True,3072,2304,0.0,255.0,165.588134765625,37.481651306152344,False,False,False,
task2_images,D:\Biology-AI\data\Task2_Attributes\images\000113.jpg,True,JPEG,RGB,True,640,480,0.0,211.0,92.9186782836914,49.92744064331055,False,False,False,
task2_images,D:\Biology-AI\data\Task2_Attributes\images\000114.jpg,True,JPEG,RGB,True,6641,4401,0.0,255.0,172.12478637695312,61.59852600097656,False,False,False,
task2_images,D:\Biology-AI\data\Task2_Attributes\images\000115.jpg,True,JPEG,RGB,True,3872,2592,5.0,217.0,144.66014099121094,21.957454681396484,False,False,False,
task2_images,D:\Biology-AI\data\Task2_Attributes\images\000116.jpg,True,JPEG,RGB,True,3072,2304,27.0,255.0,156.65374755859375,50.58509826660156,False,False,False,
task2_images,D:\Biology-AI\data\Task2_Attributes\images\000117.jpg,True,JPEG,RGB,True,6760,4480,0.0,255.0,155.50778198242188,46.80998992919922,False,False,False,
task2_images,D:\Biology-AI\data\Task2_Attributes\images\000118.jpg,True,JPEG,RGB,True,3008,2000,3.0,247.0,130.6270294189453,21.390579223632812,False,False,False,
task2_images,D:\Biology-AI\data\Task2_Attributes\images\000119.jpg,True,JPEG,RGB,True,3072,2304,0.0,241.0,158.0178680419922,32.16807174682617,False,False,False,
task2_images,D:\Biology-AI\data\Task2_Attributes\images\000120.jpg,True,JPEG,RGB,True,1504,1129,0.0,255.0,160.23960876464844,48.65672302246094,False,False,False,
task2_images,D:\Biology-AI\data\Task2_Attributes\images\000121.jpg,True,JPEG,RGB,True,3008,2000,3.0,255.0,168.98651123046875,24.198627471923828,False,False,False,
task2_images,D:\Biology-AI\data\Task2_Attributes\images\000122.jpg,True,JPEG,RGB,True,640,480,0.0,253.0,163.37042236328125,43.71858596801758,False,False,False,
task2_images,D:\Biology-AI\data\Task2_Attributes\images\000123.jpg,True,JPEG,RGB,True,3072,2304,10.0,244.0,145.76429748535156,25.096288681030273,False,False,False,
task2_images,D:\Biology-AI\data\Task2_Attributes\images\000124.jpg,True,JPEG,RGB,True,3024,2016,0.0,255.0,131.72142028808594,47.507537841796875,False,False,False,
task2_images,D:\Biology-AI\data\Task2_Attributes\images\000125.jpg,True,JPEG,RGB,True,1024,768,3.0,235.0,173.78091430664062,39.077510833740234,False,False,False,
task2_images,D:\Biology-AI\data\Task2_Attributes\images\000126.jpg,True,JPEG,RGB,True,640,480,0.0,255.0,190.54275512695312,46.06224060058594,False,False,False,
task2_images,D:\Biology-AI\data\Task2_Attributes\images\000127.jpg,True,JPEG,RGB,True,6620,4401,0.0,255.0,133.20748901367188,64.69060516357422,False,False,False,
task2_images,D:\Biology-AI\data\Task2_Attributes\images\000128.jpg,True,JPEG,RGB,True,3872,2592,11.0,255.0,195.8451690673828,15.8546724319458,False,False,False,
task2_images,D:\Biology-AI\data\Task2_Attributes\images\000129.jpg,True,JPEG,RGB,True,767,576,0.0,255.0,193.7704315185547,51.865272521972656,False,False,False,
task2_images,D:\Biology-AI\data\Task2_Attributes\images\000130.jpg,True,JPEG,RGB,True,3008,2000,9.0,255.0,170.32754516601562,29.519079208374023,False,False,False,
task2_images,D:\Biology-AI\data\Task2_Attributes\images\000131.jpg,True,JPEG,RGB,True,640,480,0.0,240.0,151.170654296875,43.275054931640625,False,False,False,
task2_images,D:\Biology-AI\data\Task2_Attributes\images\000132.jpg,True,JPEG,RGB,True,3072,2304,15.0,255.0,168.74110412597656,48.0810546875,False,False,False,
task2_images,D:\Biology-AI\data\Task2_Attributes\images\000133.jpg,True,JPEG,RGB,True,1024,768,20.0,255.0,192.2993927001953,38.63386535644531,False,False,False,
task2_images,D:\Biology-AI\data\Task2_Attributes\images\000134.jpg,True,JPEG,RGB,True,3872,2592,32.0,197.0,134.3226318359375,28.747297286987305,False,False,False,
task2_images,D:\Biology-AI\data\Task2_Attributes\images\000135.jpg,True,JPEG,RGB,True,3072,2304,44.0,198.0,142.82089233398438,12.826835632324219,False,False,False,
task2_images,D:\Biology-AI\data\Task2_Attributes\images\000136.jpg,True,JPEG,RGB,True,3072,2304,13.0,194.0,137.8332061767578,26.78795623779297,False,False,False,
task2_images,D:\Biology-AI\data\Task2_Attributes\images\000137.jpg,True,JPEG,RGB,True,3024,2016,0.0,255.0,141.74990844726562,38.89935302734375,False,False,False,
task2_images,D:\Biology-AI\data\Task2_Attributes\images\000138.jpg,True,JPEG,RGB,True,1024,768,0.0,240.0,145.51893615722656,22.855052947998047,False,False,False,
task2_images,D:\Biology-AI\data\Task2_Attributes\images\000139.jpg,True,JPEG,RGB,True,3008,2000,0.0,243.0,122.47615814208984,25.905237197875977,False,False,False,
task2_images,D:\Biology-AI\data\Task2_Attributes\images\000140.jpg,True,JPEG,RGB,True,3872,2592,4.0,255.0,164.64356994628906,12.282305717468262,False,False,False,
task2_images,D:\Biology-AI\data\Task2_Attributes\images\000141.jpg,True,JPEG,RGB,True,3872,2592,2.0,255.0,137.48495483398438,20.514795303344727,False,False,False,
task2_images,D:\Biology-AI\data\Task2_Attributes\images\000142.jpg,True,JPEG,RGB,True,3008,2000,0.0,239.0,136.9243621826172,28.599653244018555,False,False,False,
task2_images,D:\Biology-AI\data\Task2_Attributes\images\000143.jpg,True,JPEG,RGB,True,767,576,0.0,255.0,184.371826171875,54.528717041015625,False,False,False,
task2_images,D:\Biology-AI\data\Task2_Attributes\images\000144.jpg,True,JPEG,RGB,True,6681,4420,0.0,255.0,165.19873046875,50.92982482910156,False,False,False,
task2_images,D:\Biology-AI\data\Task2_Attributes\images\000145.jpg,True,JPEG,RGB,True,3072,2304,43.0,255.0,159.47975158691406,27.705896377563477,False,False,False,
task2_images,D:\Biology-AI\data\Task2_Attributes\images\000146.jpg,True,JPEG,RGB,True,1024,768,14.0,243.0,152.99798583984375,36.64518356323242,False,False,False,
task2_images,D:\Biology-AI\data\Task2_Attributes\images\000147.jpg,True,JPEG,RGB,True,3008,2000,10.0,255.0,160.84080505371094,19.03067398071289,False,False,False,
task2_images,D:\Biology-AI\data\Task2_Attributes\images\000148.jpg,True,JPEG,RGB,True,6621,4420,0.0,255.0,127.90088653564453,65.03865814208984,False,False,False,
task2_images,D:\Biology-AI\data\Task2_Attributes\images\000149.jpg,True,JPEG,RGB,True,2725,2082,7.0,215.0,166.90199279785156,22.949085235595703,False,False,False,
task2_images,D:\Biology-AI\data\Task2_Attributes\images\000150.jpg,True,JPEG,RGB,True,1024,768,57.0,255.0,204.43731689453125,41.181358337402344,False,False,False,
task2_images,D:\Biology-AI\data\Task2_Attributes\images\000151.jpg,True,JPEG,RGB,True,1024,768,0.0,255.0,203.54676818847656,49.54111862182617,False,False,False,
task2_images,D:\Biology-AI\data\Task2_Attributes\images\000152.jpg,True,JPEG,RGB,True,640,480,0.0,238.0,83.4074935913086,57.21438980102539,False,False,False,
task2_images,D:\Biology-AI\data\Task2_Attributes\images\000153.jpg,True,JPEG,RGB,True,3072,2304,1.0,223.0,147.69264221191406,27.257144927978516,False,False,False,
task2_images,D:\Biology-AI\data\Task2_Attributes\images\000154.jpg,True,JPEG,RGB,True,1024,768,26.0,255.0,214.33035278320312,39.929786682128906,False,False,False,
task2_images,D:\Biology-AI\data\Task2_Attributes\images\000155.jpg,True,JPEG,RGB,True,1022,767,0.0,255.0,138.0843963623047,58.75910186767578,False,False,False,
task2_images,D:\Biology-AI\data\Task2_Attributes\images\000156.jpg,True,JPEG,RGB,True,4288,2848,14.0,255.0,155.68104553222656,20.648073196411133,False,False,False,
task2_images,D:\Biology-AI\data\Task2_Attributes\images\000157.jpg,True,JPEG,RGB,True,6668,4439,0.0,255.0,168.43174743652344,42.451637268066406,False,False,False,
task2_images,D:\Biology-AI\data\Task2_Attributes\images\000158.jpg,True,JPEG,RGB,True,4256,2848,0.0,255.0,142.54238891601562,31.87159538269043,False,False,False,
task2_images,D:\Biology-AI\data\Task2_Attributes\images\000159.jpg,True,JPEG,RGB,True,1024,768,0.0,222.0,179.5245819091797,25.508678436279297,False,False,False,
task2_images,D:\Biology-AI\data\Task2_Attributes\images\000160.jpg,True,JPEG,RGB,True,2173,1863,0.0,255.0,135.5843505859375,43.93897247314453,False,False,False,
task2_images,D:\Biology-AI\data\Task2_Attributes\images\000161.jpg,True,JPEG,RGB,True,1024,768,0.0,244.0,138.58810424804688,36.329505920410156,False,False,False,
task2_images,D:\Biology-AI\data\Task2_Attributes\images\000162.jpg,True,JPEG,RGB,True,640,480,0.0,247.0,142.92520141601562,42.32126998901367,False,False,False,
task2_images,D:\Biology-AI\data\Task2_Attributes\images\000163.jpg,True,JPEG,RGB,True,3008,2000,0.0,233.0,110.02019500732422,23.0322322845459,False,False,False,
task2_images,D:\Biology-AI\data\Task2_Attributes\images\000164.jpg,True,JPEG,RGB,True,6668,4439,0.0,255.0,160.36770629882812,55.01826095581055,False,False,False,
task2_images,D:\Biology-AI\data\Task2_Attributes\images\000165.jpg,True,JPEG,RGB,True,3872,2592,10.0,255.0,196.83236694335938,19.854589462280273,False,False,False,
task2_images,D:\Biology-AI\data\Task2_Attributes\images\000166.jpg,True,JPEG,RGB,True,1024,768,9.0,235.0,166.9564208984375,50.056278228759766,False,False,False,
task2_images,D:\Biology-AI\data\Task2_Attributes\images\000167.jpg,True,JPEG,RGB,True,640,480,0.0,222.0,123.6078109741211,41.987979888916016,False,False,False,
task2_images,D:\Biology-AI\data\Task2_Attributes\images\000168.jpg,True,JPEG,RGB,True,640,480,0.0,255.0,171.39773559570312,42.61021041870117,False,False,False,
task2_images,D:\Biology-AI\data\Task2_Attributes\images\000169.jpg,True,JPEG,RGB,True,4288,2848,8.0,255.0,179.38230895996094,26.043697357177734,False,False,False,
task2_images,D:\Biology-AI\data\Task2_Attributes\images\000170.jpg,True,JPEG,RGB,True,6688,4479,0.0,255.0,151.59417724609375,51.083740234375,False,False,False,
task2_images,D:\Biology-AI\data\Task2_Attributes\images\000171.jpg,True,JPEG,RGB,True,6661,4422,0.0,255.0,166.91921997070312,37.89195251464844,False,False,False,
task2_images,D:\Biology-AI\data\Task2_Attributes\images\000172.jpg,True,JPEG,RGB,True,4288,2848,1.0,230.0,124.81639862060547,24.160186767578125,False,False,False,
task2_images,D:\Biology-AI\data\Task2_Attributes\images\000173.jpg,True,JPEG,RGB,True,1024,768,8.0,246.0,146.83819580078125,21.673906326293945,False,False,False,
task2_images,D:\Biology-AI\data\Task2_Attributes\images\000174.jpg,True,JPEG,RGB,True,4288,2848,5.0,255.0,126.68682098388672,22.57442855834961,False,False,False,
task2_images,D:\Biology-AI\data\Task2_Attributes\images\000175.jpg,True,JPEG,RGB,True,1024,768,7.0,235.0,155.2719268798828,25.26933479309082,False,False,False,
task2_images,D:\Biology-AI\data\Task2_Attributes\images\000176.jpg,True,JPEG,RGB,True,1024,768,29.0,255.0,149.2086639404297,22.274982452392578,False,False,False,
task2_images,D:\Biology-AI\data\Task2_Attributes\images\000177.jpg,True,JPEG,RGB,True,640,480,0.0,255.0,131.71339416503906,42.52985763549805,False,False,False,
task2_images,D:\Biology-AI\data\Task2_Attributes\images\000178.jpg,True,JPEG,RGB,True,6648,4419,0.0,255.0,119.759521484375,60.388126373291016,False,False,False,
task2_images,D:\Biology-AI\data\Task2_Attributes\images\000179.jpg,True,JPEG,RGB,True,767,576,0.0,255.0,191.5585479736328,54.25327682495117,False,False,False,
task2_images,D:\Biology-AI\data\Task2_Attributes\images\000180.jpg,True,JPEG,RGB,True,3008,2000,15.0,255.0,185.62319946289062,30.60883903503418,False,False,False,
task2_images,D:\Biology-AI\data\Task2_Attributes\images\000181.jpg,True,JPEG,RGB,True,6688,4439,0.0,255.0,148.39041137695312,66.8806381225586,False,False,False,
task2_images,D:\Biology-AI\data\Task2_Attributes\images\000182.jpg,True,JPEG,RGB,True,6688,4439,0.0,255.0,164.72723388671875,48.35578918457031,False,False,False,
task2_images,D:\Biology-AI\data\Task2_Attributes\images\000183.jpg,True,JPEG,RGB,True,3072,2304,0.0,255.0,161.98207092285156,56.53196716308594,False,False,False,
task2_images,D:\Biology-AI\data\Task2_Attributes\images\000184.jpg,True,JPEG,RGB,True,1024,768,14.0,255.0,204.35940551757812,38.53704071044922,False,False,False,
task2_images,D:\Biology-AI\data\Task2_Attributes\images\000185.jpg,True,JPEG,RGB,True,1024,768,36.0,255.0,164.10321044921875,35.2963981628418,False,False,False,
task2_images,D:\Biology-AI\data\Task2_Attributes\images\000186.jpg,True,JPEG,RGB,True,1022,767,0.0,255.0,155.72731018066406,38.94359588623047,False,False,False,
task2_images,D:\Biology-AI\data\Task2_Attributes\images\000187.jpg,True,JPEG,RGB,True,965,724,0.0,255.0,166.79849243164062,71.4286880493164,False,False,False,
task2_images,D:\Biology-AI\data\Task2_Attributes\images\000188.jpg,True,JPEG,RGB,True,1024,768,1.0,241.0,148.0162353515625,47.23668670654297,False,False,False,
task2_images,D:\Biology-AI\data\Task2_Attributes\images\000189.jpg,True,JPEG,RGB,True,3072,2304,0.0,243.0,165.08843994140625,33.81308364868164,False,False,False,
task2_images,D:\Biology-AI\data\Task2_Attributes\images\000190.jpg,True,JPEG,RGB,True,3008,2000,1.0,255.0,164.9337921142578,45.26010513305664,False,False,False,
task2_images,D:\Biology-AI\data\Task2_Attributes\images\000191.jpg,True,JPEG,RGB,True,1024,768,5.0,242.0,138.16346740722656,27.261882781982422,False,False,False,
task2_images,D:\Biology-AI\data\Task2_Attributes\images\000192.jpg,True,JPEG,RGB,True,3008,2000,4.0,207.0,92.68571472167969,15.32793140411377,False,False,False,
task2_images,D:\Biology-AI\data\Task2_Attributes\images\000193.jpg,True,JPEG,RGB,True,6648,4459,0.0,255.0,153.05966186523438,62.24412536621094,False,False,False,
task2_images,D:\Biology-AI\data\Task2_Attributes\images\000194.jpg,True,JPEG,RGB,True,1024,768,0.0,255.0,184.8070526123047,48.5600471496582,False,False,False,
task2_images,D:\Biology-AI\data\Task2_Attributes\images\000195.jpg,True,JPEG,RGB,True,4288,2848,4.0,255.0,137.75440979003906,41.61860656738281,False,False,False,
task2_images,D:\Biology-AI\data\Task2_Attributes\images\000196.jpg,True,JPEG,RGB,True,3008,2000,13.0,222.0,163.5149383544922,19.234893798828125,False,False,False,
task2_images,D:\Biology-AI\data\Task2_Attributes\images\000197.jpg,True,JPEG,RGB,True,6620,4420,0.0,255.0,178.03192138671875,45.89199447631836,False,False,False,
task2_images,D:\Biology-AI\data\Task2_Attributes\images\000198.jpg,True,JPEG,RGB,True,640,480,0.0,255.0,96.41739654541016,59.34347915649414,False,False,False,
task2_images,D:\Biology-AI\data\Task2_Attributes\images\000199.jpg,True,JPEG,RGB,True,640,480,0.0,212.0,116.33686065673828,37.76469802856445,False,False,False,
task2_images,D:\Biology-AI\data\Task2_Attributes\images\000200.jpg,True,JPEG,RGB,True,3008,2000,10.0,255.0,173.5899658203125,25.81401824951172,False,False,False,
task2_images,D:\Biology-AI\data\Task2_Attributes\images\000201.jpg,True,JPEG,RGB,True,1300,1212,39.0,208.0,170.40667724609375,20.813657760620117,False,False,False,
task2_images,D:\Biology-AI\data\Task2_Attributes\images\000202.jpg,True,JPEG,RGB,True,3008,2000,8.0,228.0,148.7243194580078,18.651811599731445,False,False,False,
task2_images,D:\Biology-AI\data\Task2_Attributes\images\000203.jpg,True,JPEG,RGB,True,3872,2592,28.0,171.0,138.80918884277344,15.665427207946777,False,False,False,
task2_images,D:\Biology-AI\data\Task2_Attributes\images\000204.jpg,True,JPEG,RGB,True,919,802,6.0,168.0,105.0721664428711,40.45365905761719,False,False,False,
task2_images,D:\Biology-AI\data\Task2_Attributes\images\000205.jpg,True,JPEG,RGB,True,3872,2592,0.0,255.0,148.028564453125,22.31597900390625,False,False,False,
task2_images,D:\Biology-AI\data\Task2_Attributes\images\000206.jpg,True,JPEG,RGB,True,2272,1704,0.0,255.0,153.27674865722656,71.29776763916016,False,False,False,
task2_images,D:\Biology-AI\data\Task2_Attributes\images\000207.jpg,True,JPEG,RGB,True,4288,2848,10.0,255.0,120.27294921875,34.926963806152344,False,False,False,
task2_images,D:\Biology-AI\data\Task2_Attributes\images\000208.jpg,True,JPEG,RGB,True,2048,1536,26.0,255.0,143.18890380859375,33.854835510253906,False,False,False,
task2_images,D:\Biology-AI\data\Task2_Attributes\images\000209.jpg,True,JPEG,RGB,True,1024,768,17.0,238.0,154.29180908203125,22.60514259338379,False,False,False,
task2_images,D:\Biology-AI\data\Task2_Attributes\images\000210.jpg,True,JPEG,RGB,True,4288,2848,10.0,255.0,132.4510498046875,25.411739349365234,False,False,False,
task2_images,D:\Biology-AI\data\Task2_Attributes\images\000211.jpg,True,JPEG,RGB,True,2592,1936,0.0,255.0,129.22042846679688,54.648563385009766,False,False,False,
task2_images,D:\Biology-AI\data\Task2_Attributes\images\000212.jpg,True,JPEG,RGB,True,3008,2000,8.0,249.0,159.8936004638672,18.454442977905273,False,False,False,
task2_images,D:\Biology-AI\data\Task2_Attributes\images\000213.jpg,True,JPEG,RGB,True,1504,1129,0.0,255.0,139.78184509277344,37.2615852355957,False,False,False,
task2_images,D:\Biology-AI\data\Task2_Attributes\images\000214.jpg,True,JPEG,RGB,True,6648,4419,0.0,255.0,179.65420532226562,39.249996185302734,False,False,False,
task2_images,D:\Biology-AI\data\Task2_Attributes\images\000215.jpg,True,JPEG,RGB,True,3072,2304,0.0,255.0,154.44252014160156,75.40802764892578,False,False,False,
task2_images,D:\Biology-AI\data\Task2_Attributes\images\000216.jpg,True,JPEG,RGB,True,3072,2304,9.0,238.0,130.0132598876953,27.85567855834961,False,False,False,
task2_images,D:\Biology-AI\data\Task2_Attributes\images\000217.jpg,True,JPEG,RGB,True,6622,4441,0.0,255.0,122.18180084228516,39.0564079284668,False,False,False,
task2_images,D:\Biology-AI\data\Task2_Attributes\images\000218.jpg,True,JPEG,RGB,True,1057,707,0.0,255.0,166.29713439941406,63.98769760131836,False,False,False,
task2_images,D:\Biology-AI\data\Task2_Attributes\images\000219.jpg,True,JPEG,RGB,True,5184,3456,9.0,255.0,172.1876220703125,36.42717361450195,False,False,False,
task2_images,D:\Biology-AI\data\Task2_Attributes\images\000220.jpg,True,JPEG,RGB,True,3872,2592,15.0,255.0,207.00401306152344,22.11052131652832,False,False,False,
task2_images,D:\Biology-AI\data\Task2_Attributes\images\000221.jpg,True,JPEG,RGB,True,4288,2848,11.0,255.0,122.7684326171875,30.371864318847656,False,False,False,
task2_images,D:\Biology-AI\data\Task2_Attributes\images\000222.jpg,True,JPEG,RGB,True,1024,768,0.0,255.0,199.6161651611328,25.751174926757812,False,False,False,
task2_images,D:\Biology-AI\data\Task2_Attributes\images\000223.jpg,True,JPEG,RGB,True,3008,2000,0.0,255.0,164.4872283935547,23.104694366455078,False,False,False,
task2_images,D:\Biology-AI\data\Task2_Attributes\images\000224.jpg,True,JPEG,RGB,True,3072,2304,0.0,255.0,134.75457763671875,39.951351165771484,False,False,False,
task2_images,D:\Biology-AI\data\Task2_Attributes\images\000225.jpg,True,JPEG,RGB,True,4288,2848,17.0,251.0,127.49964904785156,36.34876251220703,False,False,False,
task2_images,D:\Biology-AI\data\Task2_Attributes\images\000226.jpg,True,JPEG,RGB,True,3008,2000,4.0,255.0,158.96087646484375,17.88180923461914,False,False,False,
task2_images,D:\Biology-AI\data\Task2_Attributes\images\000227.jpg,True,JPEG,RGB,True,4288,2848,18.0,239.0,153.20108032226562,20.408374786376953,False,False,False,
task2_images,D:\Biology-AI\data\Task2_Attributes\images\000228.jpg,True,JPEG,RGB,True,3008,2000,8.0,255.0,165.2106475830078,24.176189422607422,False,False,False,
task2_images,D:\Biology-AI\data\Task2_Attributes\images\000229.jpg,True,JPEG,RGB,True,6661,4420,0.0,255.0,105.42272186279297,58.29352951049805,False,False,False,
task2_images,D:\Biology-AI\data\Task2_Attributes\images\000230.jpg,True,JPEG,RGB,True,6688,4439,0.0,255.0,169.2655029296875,56.404788970947266,False,False,False,
task2_images,D:\Biology-AI\data\Task2_Attributes\images\000231.jpg,True,JPEG,RGB,True,4288,2848,33.0,250.0,117.55921173095703,22.417577743530273,False,False,False,
task2_images,D:\Biology-AI\data\Task2_Attributes\images\000232.jpg,True,JPEG,RGB,True,1504,1129,0.0,255.0,154.59100341796875,41.69876480102539,False,False,False,
task2_images,D:\Biology-AI\data\Task2_Attributes\images\000233.jpg,True,JPEG,RGB,True,1024,768,0.0,233.0,186.81504821777344,35.28509521484375,False,False,False,
task2_images,D:\Biology-AI\data\Task2_Attributes\images\000234.jpg,True,JPEG,RGB,True,4288,2848,0.0,251.0,130.70870971679688,20.670663833618164,False,False,False,
task2_images,D:\Biology-AI\data\Task2_Attributes\images\000235.jpg,True,JPEG,RGB,True,3008,2000,6.0,255.0,140.31089782714844,20.198335647583008,False,False,False,
task2_images,D:\Biology-AI\data\Task2_Attributes\images\000236.jpg,True,JPEG,RGB,True,2048,1536,47.0,255.0,187.61312866210938,28.45136260986328,False,False,False,
task2_images,D:\Biology-AI\data\Task2_Attributes\images\000237.jpg,True,JPEG,RGB,True,919,802,0.0,216.0,140.59979248046875,30.576265335083008,False,False,False,
task2_images,D:\Biology-AI\data\Task2_Attributes\images\000238.jpg,True,JPEG,RGB,True,2592,1936,2.0,255.0,184.04908752441406,42.27916717529297,False,False,False,
task2_images,D:\Biology-AI\data\Task2_Attributes\images\000239.jpg,True,JPEG,RGB,True,3008,2000,0.0,244.0,172.3054656982422,16.419540405273438,False,False,False,
task2_images,D:\Biology-AI\data\Task2_Attributes\images\000240.jpg,True,JPEG,RGB,True,3072,2304,0.0,255.0,85.3670883178711,80.80428314208984,False,False,False,
task2_images,D:\Biology-AI\data\Task2_Attributes\images\000241.jpg,True,JPEG,RGB,True,3872,2592,12.0,255.0,118.8141860961914,57.551597595214844,False,False,False,
task2_images,D:\Biology-AI\data\Task2_Attributes\images\000242.jpg,True,JPEG,RGB,True,1024,768,2.0,235.0,140.39439392089844,25.52576446533203,False,False,False,
task2_images,D:\Biology-AI\data\Task2_Attributes\images\000243.jpg,True,JPEG,RGB,True,1504,1129,0.0,255.0,169.00350952148438,19.73606300354004,False,False,False,
task2_images,D:\Biology-AI\data\Task2_Attributes\images\000244.jpg,True,JPEG,RGB,True,640,480,0.0,246.0,117.30345153808594,59.65949630737305,False,False,False,
task2_images,D:\Biology-AI\data\Task2_Attributes\images\000245.jpg,True,JPEG,RGB,True,1024,768,32.0,251.0,180.32574462890625,39.27543640136719,False,False,False,
task2_images,D:\Biology-AI\data\Task2_Attributes\images\000246.jpg,True,JPEG,RGB,True,3008,2000,40.0,255.0,194.63491821289062,30.231731414794922,False,False,False,
task2_images,D:\Biology-AI\data\Task2_Attributes\images\000247.jpg,True,JPEG,RGB,True,3872,2592,8.0,249.0,124.98700714111328,61.91273880004883,False,False,False,
task2_images,D:\Biology-AI\data\Task2_Attributes\images\000248.jpg,True,JPEG,RGB,True,1024,768,29.0,235.0,182.4008331298828,26.418180465698242,False,False,False,
task2_images,D:\Biology-AI\data\Task2_Attributes\images\000249.jpg,True,JPEG,RGB,True,919,802,16.0,204.0,148.53965759277344,27.63373374938965,False,False,False,
task2_images,D:\Biology-AI\data\Task2_Attributes\images\000250.jpg,True,JPEG,RGB,True,3008,2000,1.0,247.0,135.0102996826172,23.67202377319336,False,False,False,
task2_images,D:\Biology-AI\data\Task2_Attributes\images\000251.jpg,True,JPEG,RGB,True,6688,4459,0.0,255.0,142.21507263183594,66.68697357177734,False,False,False,
task2_images,D:\Biology-AI\data\Task2_Attributes\images\000252.jpg,True,JPEG,RGB,True,1504,1129,0.0,255.0,143.85983276367188,48.85878372192383,False,False,False,
task2_images,D:\Biology-AI\data\Task2_Attributes\images\000253.jpg,True,JPEG,RGB,True,1024,768,4.0,231.0,137.63731384277344,22.68988800048828,False,False,False,
task2_images,D:\Biology-AI\data\Task2_Attributes\images\000254.jpg,True,JPEG,RGB,True,3008,2000,6.0,255.0,140.0069580078125,20.668764114379883,False,False,False,
task2_images,D:\Biology-AI\data\Task2_Attributes\images\000255.jpg,True,JPEG,RGB,True,3008,2000,0.0,240.0,145.25352478027344,19.56861686706543,False,False,False,
task2_images,D:\Biology-AI\data\Task2_Attributes\images\000256.jpg,True,JPEG,RGB,True,2592,1936,8.0,255.0,180.00225830078125,42.286067962646484,False,False,False,
task2_images,D:\Biology-AI\data\Task2_Attributes\images\000257.jpg,True,JPEG,RGB,True,1024,768,20.0,255.0,220.35873413085938,36.12785339355469,False,False,False,
task2_images,D:\Biology-AI\data\Task2_Attributes\images\000258.jpg,True,JPEG,RGB,True,1024,768,0.0,235.0,182.8034210205078,35.62659454345703,False,False,False,
task2_images,D:\Biology-AI\data\Task2_Attributes\images\000259.jpg,True,JPEG,RGB,True,2304,1536,0.0,255.0,140.85130310058594,38.08935546875,False,False,False,
task2_images,D:\Biology-AI\data\Task2_Attributes\images\000260.jpg,True,JPEG,RGB,True,4288,2848,0.0,177.0,94.23341369628906,15.07882022857666,False,False,False,
task2_images,D:\Biology-AI\data\Task2_Attributes\images\000261.jpg,True,JPEG,RGB,True,6688,4439,0.0,255.0,170.75906372070312,42.75272750854492,False,False,False,
task2_images,D:\Biology-AI\data\Task2_Attributes\images\000262.jpg,True,JPEG,RGB,True,3008,2000,35.0,255.0,179.06283569335938,29.003801345825195,False,False,False,
task2_images,D:\Biology-AI\data\Task2_Attributes\images\000263.jpg,True,JPEG,RGB,True,6641,4400,0.0,255.0,155.28485107421875,55.64813232421875,False,False,False,
task2_images,D:\Biology-AI\data\Task2_Attributes\images\000264.jpg,True,JPEG,RGB,True,640,480,0.0,237.0,128.9442138671875,48.119998931884766,False,False,False,
task2_images,D:\Biology-AI\data\Task2_Attributes\images\000265.jpg,True,JPEG,RGB,True,4288,2848,37.0,255.0,172.80918884277344,27.427879333496094,False,False,False,
task2_images,D:\Biology-AI\data\Task2_Attributes\images\000266.jpg,True,JPEG,RGB,True,4288,2848,13.0,255.0,158.4535675048828,14.596993446350098,False,False,False,
task2_images,D:\Biology-AI\data\Task2_Attributes\images\000267.jpg,True,JPEG,RGB,True,1024,768,1.0,255.0,202.84986877441406,48.319129943847656,False,False,False,
task2_images,D:\Biology-AI\data\Task2_Attributes\images\000268.jpg,True,JPEG,RGB,True,2304,1536,0.0,255.0,166.67910766601562,24.74481773376465,False,False,False,
task2_images,D:\Biology-AI\data\Task2_Attributes\images\000269.jpg,True,JPEG,RGB,True,4288,2848,16.0,241.0,140.5009307861328,15.493069648742676,False,False,False,
task2_images,D:\Biology-AI\data\Task2_Attributes\images\000270.jpg,True,JPEG,RGB,True,3024,2016,0.0,255.0,167.02993774414062,40.55116653442383,False,False,False,
task2_images,D:\Biology-AI\data\Task2_Attributes\images\000271.jpg,True,JPEG,RGB,True,3072,2304,3.0,255.0,179.73370361328125,61.378902435302734,False,False,False,
task2_images,D:\Biology-AI\data\Task2_Attributes\images\000272.jpg,True,JPEG,RGB,True,2048,1536,0.0,255.0,158.1289825439453,61.3377571105957,False,False,False,
task2_images,D:\Biology-AI\data\Task2_Attributes\images\000273.jpg,True,JPEG,RGB,True,640,480,0.0,250.0,119.95633697509766,63.898624420166016,False,False,False,
task2_images,D:\Biology-AI\data\Task2_Attributes\images\000274.jpg,True,JPEG,RGB,True,1024,768,28.0,235.0,170.3771209716797,39.97782516479492,False,False,False,
task2_images,D:\Biology-AI\data\Task2_Attributes\images\000275.jpg,True,JPEG,RGB,True,3072,2304,3.0,255.0,129.41725158691406,26.521507263183594,False,False,False,
task2_images,D:\Biology-AI\data\Task2_Attributes\images\000276.jpg,True,JPEG,RGB,True,962,674,0.0,255.0,228.75726318359375,41.988834381103516,False,False,False,
task2_images,D:\Biology-AI\data\Task2_Attributes\images\000277.jpg,True,JPEG,RGB,True,3872,2592,13.0,250.0,187.9246368408203,18.017072677612305,False,False,False,
task2_images,D:\Biology-AI\data\Task2_Attributes\images\000278.jpg,True,JPEG,RGB,True,3872,2592,22.0,255.0,188.63427734375,20.18842887878418,False,False,False,
task2_images,D:\Biology-AI\data\Task2_Attributes\images\000279.jpg,True,JPEG,RGB,True,3072,2304,9.0,203.0,132.85508728027344,39.29182815551758,False,False,False,
task2_images,D:\Biology-AI\data\Task2_Attributes\images\000280.jpg,True,JPEG,RGB,True,3072,2304,0.0,255.0,155.09683227539062,35.074729919433594,False,False,False,
task2_images,D:\Biology-AI\data\Task2_Attributes\images\000281.jpg,True,JPEG,RGB,True,6668,4419,0.0,255.0,183.1236114501953,35.771297454833984,False,False,False,
task2_images,D:\Biology-AI\data\Task2_Attributes\images\000282.jpg,True,JPEG,RGB,True,3872,2592,10.0,241.0,152.63265991210938,14.67046070098877,False,False,False,
task2_images,D:\Biology-AI\data\Task2_Attributes\images\000283.jpg,True,JPEG,RGB,True,4288,2848,3.0,255.0,128.76507568359375,17.395782470703125,False,False,False,
task2_images,D:\Biology-AI\data\Task2_Attributes\images\000284.jpg,True,JPEG,RGB,True,3072,2304,9.0,221.0,135.89988708496094,21.409273147583008,False,False,False,
task2_images,D:\Biology-AI\data\Task2_Attributes\images\000285.jpg,True,JPEG,RGB,True,3072,2304,0.0,255.0,178.7005615234375,24.585935592651367,False,False,False,
task2_images,D:\Biology-AI\data\Task2_Attributes\images\000286.jpg,True,JPEG,RGB,True,6668,4479,0.0,255.0,136.24896240234375,60.19715881347656,False,False,False,
task2_images,D:\Biology-AI\data\Task2_Attributes\images\000287.jpg,True,JPEG,RGB,True,2048,1536,0.0,255.0,140.47010803222656,30.58072280883789,False,False,False,
task2_images,D:\Biology-AI\data\Task2_Attributes\images\000288.jpg,True,JPEG,RGB,True,1024,768,0.0,223.0,148.49998474121094,47.47455596923828,False,False,False,
task2_images,D:\Biology-AI\data\Task2_Attributes\images\000289.jpg,True,JPEG,RGB,True,4288,2848,2.0,201.0,122.65619659423828,13.140030860900879,False,False,False,
task2_images,D:\Biology-AI\data\Task2_Attributes\images\000290.jpg,True,JPEG,RGB,True,1024,768,1.0,255.0,194.75352478027344,39.12834167480469,False,False,False,
task2_images,D:\Biology-AI\data\Task2_Attributes\images\000291.jpg,True,JPEG,RGB,True,2048,1536,0.0,245.0,168.39352416992188,46.06699752807617,False,False,False,
task2_images,D:\Biology-AI\data\Task2_Attributes\images\000292.jpg,True,JPEG,RGB,True,4288,2848,9.0,230.0,134.3238067626953,27.942590713500977,False,False,False,
task2_images,D:\Biology-AI\data\Task2_Attributes\images\000293.jpg,True,JPEG,RGB,True,2304,1536,0.0,255.0,171.72998046875,24.600013732910156,False,False,False,
task2_images,D:\Biology-AI\data\Task2_Attributes\images\000294.jpg,True,JPEG,RGB,True,3008,2000,11.0,246.0,191.5531768798828,22.430891036987305,False,False,False,
task2_images,D:\Biology-AI\data\Task2_Attributes\images\000295.jpg,True,JPEG,RGB,True,1019,717,31.0,255.0,200.23646545410156,35.182342529296875,False,False,False,
task2_images,D:\Biology-AI\data\Task2_Attributes\images\000296.jpg,True,JPEG,RGB,True,3024,2016,0.0,255.0,159.06668090820312,26.262962341308594,False,False,False,
task2_images,D:\Biology-AI\data\Task2_Attributes\images\000297.jpg,True,JPEG,RGB,True,1024,768,0.0,234.0,176.2550506591797,25.151187896728516,False,False,False,
task2_images,D:\Biology-AI\data\Task2_Attributes\images\000298.jpg,True,JPEG,RGB,True,4288,2848,6.0,242.0,149.16368103027344,27.143173217773438,False,False,False,
task2_images,D:\Biology-AI\data\Task2_Attributes\images\000299.jpg,True,JPEG,RGB,True,6688,4459,0.0,255.0,142.6766815185547,54.817874908447266,False,False,False,
task2_images,D:\Biology-AI\data\Task2_Attributes\images\000300.jpg,True,JPEG,RGB,True,1024,768,3.0,255.0,205.61669921875,34.675697326660156,False,False,False,
task2_images,D:\Biology-AI\data\Task2_Attributes\images\000301.jpg,True,JPEG,RGB,True,640,480,0.0,255.0,70.31507873535156,65.31836700439453,False,False,False,
task2_images,D:\Biology-AI\data\Task2_Attributes\images\000302.jpg,True,JPEG,RGB,True,3072,2304,21.0,215.0,159.0065155029297,28.920799255371094,False,False,False,
task2_images,D:\Biology-AI\data\Task2_Attributes\images\000303.jpg,True,JPEG,RGB,True,3008,2000,6.0,255.0,144.05728149414062,35.51320266723633,False,False,False,
task2_images,D:\Biology-AI\data\Task2_Attributes\images\000304.jpg,True,JPEG,RGB,True,6688,4479,0.0,255.0,121.70796966552734,92.75226593017578,False,False,False,
task2_images,D:\Biology-AI\data\Task2_Attributes\images\000305.jpg,True,JPEG,RGB,True,3008,2000,24.0,255.0,178.06297302246094,46.11224365234375,False,False,False,
task2_images,D:\Biology-AI\data\Task2_Attributes\images\000306.jpg,True,JPEG,RGB,True,3024,2016,0.0,255.0,142.46946716308594,36.00194549560547,False,False,False,
task2_images,D:\Biology-AI\data\Task2_Attributes\images\000307.jpg,True,JPEG,RGB,True,1024,768,0.0,255.0,208.39962768554688,34.096435546875,False,False,False,
task2_images,D:\Biology-AI\data\Task2_Attributes\images\000308.jpg,True,JPEG,RGB,True,2448,2448,11.0,233.0,159.30386352539062,29.643526077270508,False,False,False,
task2_images,D:\Biology-AI\data\Task2_Attributes\images\000309.jpg,True,JPEG,RGB,True,2304,1536,0.0,255.0,174.30430603027344,24.238245010375977,False,False,False,
task2_images,D:\Biology-AI\data\Task2_Attributes\images\000310.jpg,True,JPEG,RGB,True,1024,768,54.0,255.0,159.54403686523438,27.597915649414062,False,False,False,
task2_images,D:\Biology-AI\data\Task2_Attributes\images\000311.jpg,True,JPEG,RGB,True,6608,4399,0.0,255.0,141.89932250976562,54.53628158569336,False,False,False,
task2_images,D:\Biology-AI\data\Task2_Attributes\images\000312.jpg,True,JPEG,RGB,True,4288,2848,0.0,255.0,142.40194702148438,31.553327560424805,False,False,False,
task2_images,D:\Biology-AI\data\Task2_Attributes\images\000313.jpg,True,JPEG,RGB,True,2304,1536,0.0,255.0,195.5999298095703,19.493013381958008,False,False,False,
task2_images,D:\Biology-AI\data\Task2_Attributes\images\000314.jpg,True,JPEG,RGB,True,640,480,0.0,255.0,156.60166931152344,50.025394439697266,False,False,False,
task2_images,D:\Biology-AI\data\Task2_Attributes\images\000315.jpg,True,JPEG,RGB,True,4288,2848,11.0,255.0,165.87013244628906,25.554676055908203,False,False,False,
task2_images,D:\Biology-AI\data\Task2_Attributes\images\000316.jpg,True,JPEG,RGB,True,6668,4459,0.0,255.0,126.1548080444336,63.67094039916992,False,False,False,
task2_images,D:\Biology-AI\data\Task2_Attributes\images\000317.jpg,True,JPEG,RGB,True,1504,1129,0.0,255.0,142.47445678710938,39.46037673950195,False,False,False,
task2_images,D:\Biology-AI\data\Task2_Attributes\images\000318.jpg,True,JPEG,RGB,True,1024,768,7.0,236.0,156.5286407470703,39.82269287109375,False,False,False,
task2_images,D:\Biology-AI\data\Task2_Attributes\images\000319.jpg,True,JPEG,RGB,True,3072,2304,0.0,255.0,174.26708984375,36.431373596191406,False,False,False,
task2_images,D:\Biology-AI\data\Task2_Attributes\images\000320.jpg,True,JPEG,RGB,True,3024,2016,0.0,255.0,139.0892333984375,33.96017074584961,False,False,False,
task2_images,D:\Biology-AI\data\Task2_Attributes\images\000321.jpg,True,JPEG,RGB,True,4288,2848,27.0,255.0,186.76255798339844,39.34690475463867,False,False,False,
task2_images,D:\Biology-AI\data\Task2_Attributes\images\000322.jpg,True,JPEG,RGB,True,3072,2304,1.0,255.0,164.50071716308594,46.969181060791016,False,False,False,
task2_images,D:\Biology-AI\data\Task2_Attributes\images\000323.jpg,True,JPEG,RGB,True,3072,2304,5.0,228.0,161.18653869628906,35.05398178100586,False,False,False,
task2_images,D:\Biology-AI\data\Task2_Attributes\images\000324.jpg,True,JPEG,RGB,True,3008,2000,7.0,255.0,140.73167419433594,35.6739387512207,False,False,False,
task2_images,D:\Biology-AI\data\Task2_Attributes\images\000325.jpg,True,JPEG,RGB,True,6640,4441,0.0,255.0,146.1243133544922,58.710018157958984,False,False,False,
task2_images,D:\Biology-AI\data\Task2_Attributes\images\000326.jpg,True,JPEG,RGB,True,6688,4439,0.0,255.0,146.00840759277344,64.33751678466797,False,False,False,
task2_images,D:\Biology-AI\data\Task2_Attributes\images\000327.jpg,True,JPEG,RGB,True,3872,2592,17.0,255.0,191.94813537597656,23.331090927124023,False,False,False,
task2_images,D:\Biology-AI\data\Task2_Attributes\images\000328.jpg,True,JPEG,RGB,True,3008,2000,1.0,255.0,133.10011291503906,23.009212493896484,False,False,False,
task2_images,D:\Biology-AI\data\Task2_Attributes\images\000329.jpg,True,JPEG,RGB,True,6688,4439,0.0,255.0,195.4361572265625,38.13277816772461,False,False,False,
task2_images,D:\Biology-AI\data\Task2_Attributes\images\000330.jpg,True,JPEG,RGB,True,4288,2848,73.0,255.0,207.95672607421875,33.41598129272461,False,False,False,
task2_images,D:\Biology-AI\data\Task2_Attributes\images\000331.jpg,True,JPEG,RGB,True,3072,2304,9.0,246.0,143.8212890625,28.114315032958984,False,False,False,
task2_images,D:\Biology-AI\data\Task2_Attributes\images\000332.jpg,True,JPEG,RGB,True,3072,2304,7.0,255.0,144.114501953125,40.53740692138672,False,False,False,
task2_images,D:\Biology-AI\data\Task2_Attributes\images\000333.jpg,True,JPEG,RGB,True,1024,768,7.0,255.0,188.00697326660156,31.767728805541992,False,False,False,
task2_images,D:\Biology-AI\data\Task2_Attributes\images\000334.jpg,True,JPEG,RGB,True,919,802,9.0,255.0,179.21315002441406,43.150474548339844,False,False,False,
task2_images,D:\Biology-AI\data\Task2_Attributes\images\000335.jpg,True,JPEG,RGB,True,3072,2304,0.0,255.0,187.1331329345703,23.40629005432129,False,False,False,
task2_images,D:\Biology-AI\data\Task2_Attributes\images\000336.jpg,True,JPEG,RGB,True,1024,768,0.0,238.0,119.19296264648438,29.779523849487305,False,False,False,
task2_images,D:\Biology-AI\data\Task2_Attributes\images\000337.jpg,True,JPEG,RGB,True,640,480,0.0,238.0,161.2239990234375,36.16223907470703,False,False,False,
task2_images,D:\Biology-AI\data\Task2_Attributes\images\000338.jpg,True,JPEG,RGB,True,1024,768,16.0,234.0,173.80181884765625,33.32673645019531,False,False,False,
task2_images,D:\Biology-AI\data\Task2_Attributes\images\000339.jpg,True,JPEG,RGB,True,640,480,0.0,225.0,111.32605743408203,54.972354888916016,False,False,False,
task2_images,D:\Biology-AI\data\Task2_Attributes\images\000340.jpg,True,JPEG,RGB,True,3008,2000,0.0,255.0,127.19606018066406,33.122013092041016,False,False,False,
task2_images,D:\Biology-AI\data\Task2_Attributes\images\000341.jpg,True,JPEG,RGB,True,3072,2304,0.0,255.0,221.1389923095703,26.594337463378906,False,False,False,
task2_images,D:\Biology-AI\data\Task2_Attributes\images\000342.jpg,True,JPEG,RGB,True,3024,2016,0.0,255.0,165.44239807128906,44.01963424682617,False,False,False,
task2_images,D:\Biology-AI\data\Task2_Attributes\images\000343.jpg,True,JPEG,RGB,True,4288,2848,29.0,220.0,130.32383728027344,23.321331024169922,False,False,False,
task2_images,D:\Biology-AI\data\Task2_Attributes\images\000344.jpg,True,JPEG,RGB,True,1024,768,30.0,235.0,152.7095489501953,25.5438175201416,False,False,False,
task2_images,D:\Biology-AI\data\Task2_Attributes\images\000345.jpg,True,JPEG,RGB,True,6688,4419,0.0,255.0,141.9289093017578,67.12357330322266,False,False,False,
task2_images,D:\Biology-AI\data\Task2_Attributes\images\000346.jpg,True,JPEG,RGB,True,957,723,0.0,255.0,199.95892333984375,53.11488342285156,False,False,False,
task2_images,D:\Biology-AI\data\Task2_Attributes\images\000347.jpg,True,JPEG,RGB,True,640,480,0.0,253.0,166.8382110595703,49.13173294067383,False,False,False,
task2_images,D:\Biology-AI\data\Task2_Attributes\images\000348.jpg,True,JPEG,RGB,True,2597,2185,14.0,254.0,171.9095916748047,28.28412628173828,False,False,False,
task2_images,D:\Biology-AI\data\Task2_Attributes\images\000349.jpg,True,JPEG,RGB,True,6642,4422,0.0,255.0,179.5699462890625,43.559356689453125,False,False,False,
task2_images,D:\Biology-AI\data\Task2_Attributes\images\000350.jpg,True,JPEG,RGB,True,1024,768,1.0,255.0,209.02642822265625,53.009578704833984,False,False,False,
task2_images,D:\Biology-AI\data\Task2_Attributes\images\000351.jpg,True,JPEG,RGB,True,1024,768,48.0,255.0,201.71176147460938,25.676509857177734,False,False,False,
task2_images,D:\Biology-AI\data\Task2_Attributes\images\000352.jpg,True,JPEG,RGB,True,3008,2000,46.0,255.0,239.27455139160156,15.511548042297363,False,False,False,
task2_images,D:\Biology-AI\data\Task2_Attributes\images\000353.jpg,True,JPEG,RGB,True,6688,4419,0.0,255.0,194.97796630859375,57.009117126464844,False,False,False,
task2_images,D:\Biology-AI\data\Task2_Attributes\images\000354.jpg,True,JPEG,RGB,True,640,480,0.0,255.0,136.90383911132812,61.9248046875,False,False,False,
task2_images,D:\Biology-AI\data\Task2_Attributes\images\000355.jpg,True,JPEG,RGB,True,1024,768,53.0,255.0,193.76133728027344,40.568965911865234,False,False,False,
task2_images,D:\Biology-AI\data\Task2_Attributes\images\000356.jpg,True,JPEG,RGB,True,3008,2000,8.0,255.0,183.81549072265625,35.24333572387695,False,False,False,
task2_images,D:\Biology-AI\data\Task2_Attributes\images\000357.jpg,True,JPEG,RGB,True,3072,2304,31.0,183.0,134.37567138671875,15.731576919555664,False,False,False,
task2_images,D:\Biology-AI\data\Task2_Attributes\images\000358.jpg,True,JPEG,RGB,True,1024,768,0.0,254.0,189.0065155029297,35.08663558959961,False,False,False,
task2_images,D:\Biology-AI\data\Task2_Attributes\images\000359.jpg,True,JPEG,RGB,True,1504,1129,0.0,255.0,164.23057556152344,47.200439453125,False,False,False,
task2_images,D:\Biology-AI\data\Task2_Attributes\images\000360.jpg,True,JPEG,RGB,True,4288,2848,11.0,244.0,132.27645874023438,28.366369247436523,False,False,False,
task2_images,D:\Biology-AI\data\Task2_Attributes\images\000361.jpg,True,JPEG,RGB,True,640,480,0.0,255.0,135.294189453125,72.0827865600586,False,False,False,
task2_images,D:\Biology-AI\data\Task2_Attributes\images\000362.jpg,True,JPEG,RGB,True,640,480,0.0,224.0,117.93359375,44.889671325683594,False,False,False,
task2_images,D:\Biology-AI\data\Task2_Attributes\images\000363.jpg,True,JPEG,RGB,True,4288,2848,3.0,255.0,163.1643829345703,35.43077850341797,False,False,False,
task2_images,D:\Biology-AI\data\Task2_Attributes\images\000364.jpg,True,JPEG,RGB,True,6662,4422,0.0,255.0,191.73492431640625,52.01859664916992,False,False,False,
task2_images,D:\Biology-AI\data\Task2_Attributes\images\000365.jpg,True,JPEG,RGB,True,3072,2304,1.0,255.0,201.86669921875,35.029747009277344,False,False,False,
task2_images,D:\Biology-AI\data\Task2_Attributes\images\000366.jpg,True,JPEG,RGB,True,1024,768,0.0,234.0,149.85667419433594,24.65738296508789,False,False,False,
task2_images,D:\Biology-AI\data\Task2_Attributes\images\000367.jpg,True,JPEG,RGB,True,3072,2304,19.0,196.0,152.8871612548828,23.514972686767578,False,False,False,
task2_images,D:\Biology-AI\data\Task2_Attributes\images\000368.jpg,True,JPEG,RGB,True,3072,2304,2.0,219.0,135.37864685058594,41.79361343383789,False,False,False,
task2_images,D:\Biology-AI\data\Task2_Attributes\images\000369.jpg,True,JPEG,RGB,True,4288,2848,14.0,243.0,168.41204833984375,29.580585479736328,False,False,False,
task2_images,D:\Biology-AI\data\Task2_Attributes\images\000370.jpg,True,JPEG,RGB,True,767,576,0.0,255.0,171.63388061523438,60.86273956298828,False,False,False,
task2_images,D:\Biology-AI\data\Task2_Attributes\images\000371.jpg,True,JPEG,RGB,True,1024,768,26.0,241.0,139.80946350097656,47.167327880859375,False,False,False,
task2_images,D:\Biology-AI\data\Task2_Attributes\images\000372.jpg,True,JPEG,RGB,True,4288,2848,5.0,211.0,123.16127014160156,15.655930519104004,False,False,False,
task2_images,D:\Biology-AI\data\Task2_Attributes\images\000373.jpg,True,JPEG,RGB,True,640,480,0.0,255.0,134.36236572265625,63.246829986572266,False,False,False,
task2_images,D:\Biology-AI\data\Task2_Attributes\images\000374.jpg,True,JPEG,RGB,True,3008,2000,2.0,223.0,113.64469146728516,23.1063289642334,False,False,False,
task2_images,D:\Biology-AI\data\Task2_Attributes\images\000375.jpg,True,JPEG,RGB,True,4288,2848,14.0,255.0,154.5256805419922,33.04566955566406,False,False,False,
task2_images,D:\Biology-AI\data\Task2_Attributes\images\000376.jpg,True,JPEG,RGB,True,640,480,0.0,251.0,155.53317260742188,48.417179107666016,False,False,False,
task2_images,D:\Biology-AI\data\Task2_Attributes\images\000377.jpg,True,JPEG,RGB,True,6648,4419,0.0,255.0,144.46791076660156,58.06328201293945,False,False,False,
task2_images,D:\Biology-AI\data\Task2_Attributes\images\000378.jpg,True,JPEG,RGB,True,1024,768,0.0,255.0,184.09474182128906,36.78835678100586,False,False,False,
task2_images,D:\Biology-AI\data\Task2_Attributes\images\000379.jpg,True,JPEG,RGB,True,4288,2848,8.0,255.0,159.94972229003906,38.80290985107422,False,False,False,
task2_images,D:\Biology-AI\data\Task2_Attributes\images\000380.jpg,True,JPEG,RGB,True,2012,1956,40.0,255.0,176.0670928955078,20.89289665222168,False,False,False,
task2_images,D:\Biology-AI\data\Task2_Attributes\images\000381.jpg,True,JPEG,RGB,True,1024,768,6.0,255.0,218.18772888183594,46.157684326171875,False,False,False,
task2_images,D:\Biology-AI\data\Task2_Attributes\images\000382.jpg,True,JPEG,RGB,True,3008,2000,12.0,255.0,139.8974151611328,29.140153884887695,False,False,False,
task2_images,D:\Biology-AI\data\Task2_Attributes\images\000383.jpg,True,JPEG,RGB,True,3072,2304,4.0,255.0,138.3278350830078,37.61728286743164,False,False,False,
task2_images,D:\Biology-AI\data\Task2_Attributes\images\000384.jpg,True,JPEG,RGB,True,2048,1536,21.0,255.0,177.82447814941406,84.6673355102539,False,False,False,
task2_images,D:\Biology-AI\data\Task2_Attributes\images\000385.jpg,True,JPEG,RGB,True,3008,2000,19.0,255.0,204.95912170410156,18.449007034301758,False,False,False,
task2_images,D:\Biology-AI\data\Task2_Attributes\images\000386.jpg,True,JPEG,RGB,True,1024,768,52.0,237.0,179.72488403320312,29.103973388671875,False,False,False,
task2_images,D:\Biology-AI\data\Task2_Attributes\images\000387.jpg,True,JPEG,RGB,True,1024,768,50.0,255.0,142.44869995117188,23.567230224609375,False,False,False,
task2_images,D:\Biology-AI\data\Task2_Attributes\images\000388.jpg,True,JPEG,RGB,True,2048,1536,17.0,255.0,180.05381774902344,37.515525817871094,False,False,False,
task2_images,D:\Biology-AI\data\Task2_Attributes\images\000389.jpg,True,JPEG,RGB,True,1024,768,8.0,250.0,181.7911834716797,32.84286117553711,False,False,False,
task2_images,D:\Biology-AI\data\Task2_Attributes\images\000390.jpg,True,JPEG,RGB,True,1024,768,0.0,244.0,128.579345703125,34.98114776611328,False,False,False,
task2_images,D:\Biology-AI\data\Task2_Attributes\images\000391.jpg,True,JPEG,RGB,True,1504,1129,0.0,255.0,182.18115234375,65.04190063476562,False,False,False,
task2_images,D:\Biology-AI\data\Task2_Attributes\images\000392.jpg,True,JPEG,RGB,True,1024,768,49.0,232.0,184.41517639160156,18.801612854003906,False,False,False,
task2_images,D:\Biology-AI\data\Task2_Attributes\images\000393.jpg,True,JPEG,RGB,True,3072,2304,17.0,210.0,155.94488525390625,32.33658981323242,False,False,False,
task2_images,D:\Biology-AI\data\Task2_Attributes\images\000394.jpg,True,JPEG,RGB,True,6601,4382,0.0,255.0,138.2384033203125,61.345306396484375,False,False,False,
task2_images,D:\Biology-AI\data\Task2_Attributes\images\000395.jpg,True,JPEG,RGB,True,1024,768,4.0,253.0,141.45167541503906,40.821319580078125,False,False,False,
task2_images,D:\Biology-AI\data\Task2_Attributes\images\000396.jpg,True,JPEG,RGB,True,4288,2848,4.0,242.0,121.43329620361328,22.193584442138672,False,False,False,
task2_images,D:\Biology-AI\data\Task2_Attributes\images\000397.jpg,True,JPEG,RGB,True,3008,2000,0.0,243.0,147.77114868164062,24.829397201538086,False,False,False,
task2_images,D:\Biology-AI\data\Task2_Attributes\images\000398.jpg,True,JPEG,RGB,True,3008,2000,5.0,255.0,177.88124084472656,25.20948028564453,False,False,False,
task2_images,D:\Biology-AI\data\Task2_Attributes\images\000399.jpg,True,JPEG,RGB,True,6668,4459,0.0,255.0,134.32203674316406,33.551231384277344,False,False,False,
task2_images,D:\Biology-AI\data\Task2_Attributes\images\000400.jpg,True,JPEG,RGB,True,640,480,0.0,255.0,125.18385314941406,43.585575103759766,False,False,False,
task2_images,D:\Biology-AI\data\Task2_Attributes\images\000401.jpg,True,JPEG,RGB,True,6641,4420,0.0,255.0,141.70140075683594,58.69839096069336,False,False,False,
task2_images,D:\Biology-AI\data\Task2_Attributes\images\000402.jpg,True,JPEG,RGB,True,4288,2848,4.0,255.0,124.02761840820312,28.278345108032227,False,False,False,
task2_images,D:\Biology-AI\data\Task2_Attributes\images\000403.jpg,True,JPEG,RGB,True,640,480,0.0,250.0,91.54822540283203,60.0335807800293,False,False,False,
task2_images,D:\Biology-AI\data\Task2_Attributes\images\000404.jpg,True,JPEG,RGB,True,640,480,0.0,255.0,215.7584686279297,48.6782341003418,False,False,False,
task2_images,D:\Biology-AI\data\Task2_Attributes\images\000405.jpg,True,JPEG,RGB,True,3008,2000,5.0,229.0,147.27752685546875,24.555587768554688,False,False,False,
task2_images,D:\Biology-AI\data\Task2_Attributes\images\000406.jpg,True,JPEG,RGB,True,4288,2848,10.0,247.0,133.86729431152344,22.14488410949707,False,False,False,
task2_images,D:\Biology-AI\data\Task2_Attributes\images\000407.jpg,True,JPEG,RGB,True,4288,2848,9.0,255.0,144.89004516601562,34.0633659362793,False,False,False,
task2_images,D:\Biology-AI\data\Task2_Attributes\images\000408.jpg,True,JPEG,RGB,True,3872,2592,16.0,255.0,205.56275939941406,21.217838287353516,False,False,False,
task2_images,D:\Biology-AI\data\Task2_Attributes\images\000409.jpg,True,JPEG,RGB,True,6654,4477,0.0,255.0,139.7423858642578,60.88821792602539,False,False,False,
task2_images,D:\Biology-AI\data\Task2_Attributes\images\000410.jpg,True,JPEG,RGB,True,966,645,0.0,255.0,160.2436065673828,68.72406768798828,False,False,False,
task2_images,D:\Biology-AI\data\Task2_Attributes\images\000411.jpg,True,JPEG,RGB,True,4288,2848,10.0,246.0,142.04344177246094,26.185455322265625,False,False,False,
task2_images,D:\Biology-AI\data\Task2_Attributes\images\000412.jpg,True,JPEG,RGB,True,1024,768,14.0,255.0,209.30715942382812,30.581708908081055,False,False,False,
task2_images,D:\Biology-AI\data\Task2_Attributes\images\000413.jpg,True,JPEG,RGB,True,1024,768,0.0,255.0,216.707275390625,31.763004302978516,False,False,False,
task2_images,D:\Biology-AI\data\Task2_Attributes\images\000414.jpg,True,JPEG,RGB,True,3072,2304,0.0,255.0,137.9779815673828,42.032073974609375,False,False,False,
task2_images,D:\Biology-AI\data\Task2_Attributes\images\000415.jpg,True,JPEG,RGB,True,640,480,0.0,255.0,218.51673889160156,50.127037048339844,False,False,False,
task2_images,D:\Biology-AI\data\Task2_Attributes\images\000416.jpg,True,JPEG,RGB,True,640,480,0.0,255.0,182.9678955078125,54.58720397949219,False,False,False,
task2_images,D:\Biology-AI\data\Task2_Attributes\images\000417.jpg,True,JPEG,RGB,True,6688,4459,0.0,255.0,127.85562133789062,49.44646072387695,False,False,False,
task2_images,D:\Biology-AI\data\Task2_Attributes\images\000418.jpg,True,JPEG,RGB,True,1024,768,8.0,254.0,130.19024658203125,55.37602996826172,False,False,False,
task2_images,D:\Biology-AI\data\Task2_Attributes\images\000419.jpg,True,JPEG,RGB,True,4288,2848,1.0,255.0,183.3330078125,29.16373634338379,False,False,False,
task2_images,D:\Biology-AI\data\Task2_Attributes\images\000420.jpg,True,JPEG,RGB,True,3008,2000,4.0,255.0,163.82850646972656,17.48889923095703,False,False,False,
task2_images,D:\Biology-AI\data\Task2_Attributes\images\000421.jpg,True,JPEG,RGB,True,3008,2000,5.0,233.0,109.49696350097656,33.2586784362793,False,False,False,
task2_images,D:\Biology-AI\data\Task2_Attributes\images\000422.jpg,True,JPEG,RGB,True,4288,2848,14.0,245.0,147.32701110839844,23.043806076049805,False,False,False,
task2_images,D:\Biology-AI\data\Task2_Attributes\images\000423.jpg,True,JPEG,RGB,True,3008,2000,8.0,233.0,125.65670776367188,27.2800235748291,False,False,False,
task2_images,D:\Biology-AI\data\Task2_Attributes\images\000424.jpg,True,JPEG,RGB,True,6642,4422,0.0,255.0,150.8096466064453,56.22919845581055,False,False,False,
task2_images,D:\Biology-AI\data\Task2_Attributes\images\000425.jpg,True,JPEG,RGB,True,2592,1944,35.0,255.0,162.50473022460938,29.379629135131836,False,False,False,
task2_images,D:\Biology-AI\data\Task2_Attributes\images\000426.jpg,True,JPEG,RGB,True,1069,703,14.0,255.0,181.9795684814453,52.78327178955078,False,False,False,
task2_images,D:\Biology-AI\data\Task2_Attributes\images\000427.jpg,True,JPEG,RGB,True,1024,768,0.0,254.0,178.5363006591797,36.903011322021484,False,False,False,
task2_images,D:\Biology-AI\data\Task2_Attributes\images\000428.jpg,True,JPEG,RGB,True,6688,4419,0.0,255.0,125.24651336669922,93.86421966552734,False,False,False,
task2_images,D:\Biology-AI\data\Task2_Attributes\images\000429.jpg,True,JPEG,RGB,True,6688,4419,0.0,255.0,153.62330627441406,65.66253662109375,False,False,False,
task2_images,D:\Biology-AI\data\Task2_Attributes\images\000430.jpg,True,JPEG,RGB,True,6708,4439,0.0,255.0,166.45193481445312,60.5989990234375,False,False,False,
task2_images,D:\Biology-AI\data\Task2_Attributes\images\000431.jpg,True,JPEG,RGB,True,3008,2000,17.0,255.0,167.5595703125,20.17430877685547,False,False,False,
task2_images,D:\Biology-AI\data\Task2_Attributes\images\000432.jpg,True,JPEG,RGB,True,1024,768,18.0,255.0,220.8147735595703,32.744476318359375,False,False,False,
task2_images,D:\Biology-AI\data\Task2_Attributes\images\000433.jpg,True,JPEG,RGB,True,6641,4441,0.0,255.0,135.9996795654297,53.42362594604492,False,False,False,
task2_images,D:\Biology-AI\data\Task2_Attributes\images\000434.jpg,True,JPEG,RGB,True,640,480,0.0,255.0,113.48416900634766,57.460609436035156,False,False,False,
task2_images,D:\Biology-AI\data\Task2_Attributes\images\000435.jpg,True,JPEG,RGB,True,3072,2304,49.0,216.0,167.31126403808594,21.590978622436523,False,False,False,
task2_images,D:\Biology-AI\data\Task2_Attributes\images\000436.jpg,True,JPEG,RGB,True,3024,2016,0.0,250.0,151.09011840820312,44.79962158203125,False,False,False,
task2_images,D:\Biology-AI\data\Task2_Attributes\images\000437.jpg,True,JPEG,RGB,True,4288,2848,16.0,159.0,107.81775665283203,11.567112922668457,False,False,False,
task2_images,D:\Biology-AI\data\Task2_Attributes\images\000438.jpg,True,JPEG,RGB,True,1506,1196,22.0,255.0,181.5752716064453,29.680814743041992,False,False,False,
task2_images,D:\Biology-AI\data\Task2_Attributes\images\000439.jpg,True,JPEG,RGB,True,3872,2592,11.0,240.0,172.21705627441406,23.3177433013916,False,False,False,
task2_images,D:\Biology-AI\data\Task2_Attributes\images\000440.jpg,True,JPEG,RGB,True,4288,2848,11.0,241.0,134.259521484375,21.545785903930664,False,False,False,
task2_images,D:\Biology-AI\data\Task2_Attributes\images\000441.jpg,True,JPEG,RGB,True,1024,768,0.0,255.0,159.98085021972656,26.0310115814209,False,False,False,
task2_images,D:\Biology-AI\data\Task2_Attributes\images\000442.jpg,True,JPEG,RGB,True,1024,768,0.0,255.0,176.01136779785156,40.149452209472656,False,False,False,
task2_images,D:\Biology-AI\data\Task2_Attributes\images\000443.jpg,True,JPEG,RGB,True,2048,1536,0.0,255.0,139.4497833251953,36.45986557006836,False,False,False,
task2_images,D:\Biology-AI\data\Task2_Attributes\images\000444.jpg,True,JPEG,RGB,True,4288,2848,2.0,255.0,171.33876037597656,24.863618850708008,False,False,False,
task2_images,D:\Biology-AI\data\Task2_Attributes\images\000445.jpg,True,JPEG,RGB,True,640,480,0.0,240.0,136.79827880859375,48.76667785644531,False,False,False,
task2_images,D:\Biology-AI\data\Task2_Attributes\images\000446.jpg,True,JPEG,RGB,True,3008,2000,14.0,255.0,187.28857421875,22.207195281982422,False,False,False,
task2_images,D:\Biology-AI\data\Task2_Attributes\images\000447.jpg,True,JPEG,RGB,True,1502,1051,0.0,255.0,161.9595489501953,62.666324615478516,False,False,False,
task2_images,D:\Biology-AI\data\Task2_Attributes\images\000448.jpg,True,JPEG,RGB,True,3072,2304,0.0,255.0,135.0998077392578,38.6924934387207,False,False,False,
task2_images,D:\Biology-AI\data\Task2_Attributes\images\000449.jpg,True,JPEG,RGB,True,640,480,0.0,255.0,166.95892333984375,63.22374725341797,False,False,False,
task2_images,D:\Biology-AI\data\Task2_Attributes\images\000450.jpg,True,JPEG,RGB,True,964,720,0.0,255.0,183.7420654296875,63.43898010253906,False,False,False,
task2_images,D:\Biology-AI\data\Task2_Attributes\images\000451.jpg,True,JPEG,RGB,True,2592,1936,0.0,255.0,171.48602294921875,54.124549865722656,False,False,False,
task2_images,D:\Biology-AI\data\Task2_Attributes\images\000452.jpg,True,JPEG,RGB,True,3072,2304,4.0,238.0,168.86248779296875,32.319759368896484,False,False,False,
task2_images,D:\Biology-AI\data\Task2_Attributes\images\000453.jpg,True,JPEG,RGB,True,2592,1944,0.0,245.0,196.17230224609375,39.09541320800781,False,False,False,
task2_images,D:\Biology-AI\data\Task2_Attributes\images\000454.jpg,True,JPEG,RGB,True,3024,2016,0.0,255.0,80.89574432373047,53.95101547241211,False,False,False,
task2_images,D:\Biology-AI\data\Task2_Attributes\images\000455.jpg,True,JPEG,RGB,True,3872,2592,5.0,231.0,158.0811309814453,15.206766128540039,False,False,False,
task2_images,D:\Biology-AI\data\Task2_Attributes\images\000456.jpg,True,JPEG,RGB,True,767,576,0.0,255.0,136.29086303710938,59.660160064697266,False,False,False,
task2_images,D:\Biology-AI\data\Task2_Attributes\images\000457.jpg,True,JPEG,RGB,True,640,480,0.0,253.0,169.3236846923828,44.52949523925781,False,False,False,
task2_images,D:\Biology-AI\data\Task2_Attributes\images\000458.jpg,True,JPEG,RGB,True,3008,2000,5.0,255.0,170.06642150878906,30.5941162109375,False,False,False,
task2_images,D:\Biology-AI\data\Task2_Attributes\images\000459.jpg,True,JPEG,RGB,True,4288,2848,6.0,250.0,136.25311279296875,19.278270721435547,False,False,False,
task2_images,D:\Biology-AI\data\Task2_Attributes\images\000460.jpg,True,JPEG,RGB,True,6642,4420,0.0,255.0,133.4846954345703,59.652584075927734,False,False,False,
task2_images,D:\Biology-AI\data\Task2_Attributes\images\000461.jpg,True,JPEG,RGB,True,4288,2848,42.0,255.0,193.12704467773438,33.92109298706055,False,False,False,
task2_images,D:\Biology-AI\data\Task2_Attributes\images\000462.jpg,True,JPEG,RGB,True,6688,4439,0.0,255.0,137.59202575683594,65.72224426269531,False,False,False,
task2_images,D:\Biology-AI\data\Task2_Attributes\images\000463.jpg,True,JPEG,RGB,True,2673,2013,8.0,226.0,133.6114044189453,28.52308464050293,False,False,False,
task2_images,D:\Biology-AI\data\Task2_Attributes\images\000464.jpg,True,JPEG,RGB,True,919,802,33.0,189.0,169.6843719482422,14.162553787231445,False,False,False,
task2_images,D:\Biology-AI\data\Task2_Attributes\images\000465.jpg,True,JPEG,RGB,True,1024,768,0.0,255.0,164.1687774658203,54.56702423095703,False,False,False,
task2_images,D:\Biology-AI\data\Task2_Attributes\images\000466.jpg,True,JPEG,RGB,True,3072,2304,0.0,217.0,139.240478515625,44.023590087890625,False,False,False,
task2_images,D:\Biology-AI\data\Task2_Attributes\images\000467.jpg,True,JPEG,RGB,True,2592,1936,0.0,255.0,165.27871704101562,47.46042251586914,False,False,False,
task2_images,D:\Biology-AI\data\Task2_Attributes\images\000468.jpg,True,JPEG,RGB,True,2048,1536,0.0,255.0,166.39816284179688,92.80829620361328,False,False,False,
task2_images,D:\Biology-AI\data\Task2_Attributes\images\000469.jpg,True,JPEG,RGB,True,2592,1944,8.0,211.0,139.8108673095703,25.657588958740234,False,False,False,
task2_images,D:\Biology-AI\data\Task2_Attributes\images\000470.jpg,True,JPEG,RGB,True,3008,2000,5.0,255.0,133.12950134277344,19.77750015258789,False,False,False,
task2_images,D:\Biology-AI\data\Task2_Attributes\images\000471.jpg,True,JPEG,RGB,True,640,480,0.0,255.0,99.84178161621094,74.13213348388672,False,False,False,
task2_images,D:\Biology-AI\data\Task2_Attributes\images\000472.jpg,True,JPEG,RGB,True,1024,768,30.0,255.0,176.68649291992188,57.19157791137695,False,False,False,
task2_images,D:\Biology-AI\data\Task2_Attributes\images\000473.jpg,True,JPEG,RGB,True,3008,2000,12.0,255.0,145.96319580078125,27.463232040405273,False,False,False,
task2_images,D:\Biology-AI\data\Task2_Attributes\images\000474.jpg,True,JPEG,RGB,True,4288,2848,4.0,255.0,121.8553695678711,42.68483352661133,False,False,False,
task2_images,D:\Biology-AI\data\Task2_Attributes\images\000475.jpg,True,JPEG,RGB,True,3072,2304,32.0,237.0,183.22776794433594,24.829347610473633,False,False,False,
task2_images,D:\Biology-AI\data\Task2_Attributes\images\000476.jpg,True,JPEG,RGB,True,3008,2000,19.0,255.0,184.73019409179688,18.015607833862305,False,False,False,
task2_images,D:\Biology-AI\data\Task2_Attributes\images\000477.jpg,True,JPEG,RGB,True,6622,4380,0.0,255.0,145.47906494140625,53.524147033691406,False,False,False,
task2_images,D:\Biology-AI\data\Task2_Attributes\images\000478.jpg,True,JPEG,RGB,True,3008,2000,19.0,225.0,136.26596069335938,21.98496437072754,False,False,False,
task2_images,D:\Biology-AI\data\Task2_Attributes\images\000479.jpg,True,JPEG,RGB,True,3872,2592,14.0,255.0,180.25729370117188,21.46993064880371,False,False,False,
task2_images,D:\Biology-AI\data\Task2_Attributes\images\000480.jpg,True,JPEG,RGB,True,3008,2000,25.0,255.0,196.03819274902344,28.03495979309082,False,False,False,
task2_images,D:\Biology-AI\data\Task2_Attributes\images\000481.jpg,True,JPEG,RGB,True,3008,2000,0.0,255.0,141.24002075195312,23.579452514648438,False,False,False,
task2_images,D:\Biology-AI\data\Task2_Attributes\images\000482.jpg,True,JPEG,RGB,True,767,576,0.0,255.0,102.94010162353516,57.294334411621094,False,False,False,
task2_images,D:\Biology-AI\data\Task2_Attributes\images\000483.jpg,True,JPEG,RGB,True,6602,4380,0.0,255.0,106.90563201904297,53.52501678466797,False,False,False,
task2_images,D:\Biology-AI\data\Task2_Attributes\images\000484.jpg,True,JPEG,RGB,True,2048,1536,0.0,235.0,162.03717041015625,46.54791259765625,False,False,False,
task2_images,D:\Biology-AI\data\Task2_Attributes\images\000485.jpg,True,JPEG,RGB,True,3072,2304,0.0,255.0,183.25677490234375,24.664487838745117,False,False,False,
task2_images,D:\Biology-AI\data\Task2_Attributes\images\000486.jpg,True,JPEG,RGB,True,4288,2848,20.0,228.0,136.5043487548828,14.051352500915527,False,False,False,
task2_images,D:\Biology-AI\data\Task2_Attributes\images\000487.jpg,True,JPEG,RGB,True,3008,2000,8.0,255.0,166.85476684570312,19.33563232421875,False,False,False,
task2_images,D:\Biology-AI\data\Task2_Attributes\images\000488.jpg,True,JPEG,RGB,True,2283,1824,22.0,193.0,141.53076171875,31.74656867980957,False,False,False,
task2_images,D:\Biology-AI\data\Task2_Attributes\images\000489.jpg,True,JPEG,RGB,True,3024,2016,0.0,255.0,140.18356323242188,28.475658416748047,False,False,False,
task2_images,D:\Biology-AI\data\Task2_Attributes\images\000490.jpg,True,JPEG,RGB,True,1024,768,0.0,255.0,177.1371307373047,20.210281372070312,False,False,False,
task2_images,D:\Biology-AI\data\Task2_Attributes\images\000491.jpg,True,JPEG,RGB,True,6661,4422,0.0,255.0,154.91725158691406,50.00368118286133,False,False,False,
task2_images,D:\Biology-AI\data\Task2_Attributes\images\000492.jpg,True,JPEG,RGB,True,3872,2592,7.0,253.0,140.09934997558594,31.66950035095215,False,False,False,
task2_images,D:\Biology-AI\data\Task2_Attributes\images\000493.jpg,True,JPEG,RGB,True,3008,2000,13.0,255.0,189.47340393066406,23.313907623291016,False,False,False,
task2_images,D:\Biology-AI\data\Task2_Attributes\images\000494.jpg,True,JPEG,RGB,True,640,480,0.0,222.0,130.0625457763672,36.81104278564453,False,False,False,
task2_images,D:\Biology-AI\data\Task2_Attributes\images\000495.jpg,True,JPEG,RGB,True,1502,1016,0.0,255.0,179.73760986328125,57.87718963623047,False,False,False,
task2_images,D:\Biology-AI\data\Task2_Attributes\images\000496.jpg,True,JPEG,RGB,True,1024,768,0.0,237.0,142.97686767578125,33.46303939819336,False,False,False,
task2_images,D:\Biology-AI\data\Task2_Attributes\images\000497.jpg,True,JPEG,RGB,True,1024,768,8.0,255.0,156.8249053955078,32.832393646240234,False,False,False,
task2_images,D:\Biology-AI\data\Task2_Attributes\images\000498.jpg,True,JPEG,RGB,True,3872,2592,0.0,205.0,137.87225341796875,55.90566635131836,False,False,False,
task2_images,D:\Biology-AI\data\Task2_Attributes\images\000499.jpg,True,JPEG,RGB,True,6648,4398,0.0,255.0,118.9563980102539,49.394832611083984,False,False,False,
task2_images,D:\Biology-AI\data\Task2_Attributes\images\000500.jpg,True,JPEG,RGB,True,1024,768,12.0,236.0,192.13490295410156,32.85894775390625,False,False,False,
task2_images,D:\Biology-AI\data\Task2_Attributes\images\000501.jpg,True,JPEG,RGB,True,3072,2304,33.0,216.0,152.34495544433594,24.16370964050293,False,False,False,
task2_images,D:\Biology-AI\data\Task2_Attributes\images\000502.jpg,True,JPEG,RGB,True,2592,1936,2.0,255.0,169.8478240966797,34.96607971191406,False,False,False,
task2_images,D:\Biology-AI\data\Task2_Attributes\images\000503.jpg,True,JPEG,RGB,True,3072,2304,17.0,232.0,172.7689208984375,28.692062377929688,False,False,False,
task2_images,D:\Biology-AI\data\Task2_Attributes\images\000504.jpg,True,JPEG,RGB,True,1024,768,17.0,236.0,186.8276824951172,27.566387176513672,False,False,False,
task2_images,D:\Biology-AI\data\Task2_Attributes\images\000505.jpg,True,JPEG,RGB,True,3072,2304,0.0,255.0,138.8987274169922,27.746810913085938,False,False,False,
task2_images,D:\Biology-AI\data\Task2_Attributes\images\000506.jpg,True,JPEG,RGB,True,6581,4382,0.0,255.0,145.19590759277344,54.100521087646484,False,False,False,
task2_images,D:\Biology-AI\data\Task2_Attributes\images\000507.jpg,True,JPEG,RGB,True,3008,2000,10.0,255.0,156.17398071289062,26.939409255981445,False,False,False,
task2_images,D:\Biology-AI\data\Task2_Attributes\images\000508.jpg,True,JPEG,RGB,True,4288,2848,9.0,255.0,147.32757568359375,20.86454963684082,False,False,False,
task2_images,D:\Biology-AI\data\Task2_Attributes\images\000509.jpg,True,JPEG,RGB,True,3008,2000,0.0,243.0,126.5180435180664,27.32659149169922,False,False,False,
task2_images,D:\Biology-AI\data\Task2_Attributes\images\000510.jpg,True,JPEG,RGB,True,3072,2304,0.0,255.0,131.3303985595703,67.26036834716797,False,False,False,
task2_images,D:\Biology-AI\data\Task2_Attributes\images\000511.jpg,True,JPEG,RGB,True,6648,4459,0.0,255.0,158.93260192871094,52.3337287902832,False,False,False,
task2_images,D:\Biology-AI\data\Task2_Attributes\images\000512.jpg,True,JPEG,RGB,True,3072,2304,19.0,197.0,141.03973388671875,32.381168365478516,False,False,False,
task2_images,D:\Biology-AI\data\Task2_Attributes\images\000513.jpg,True,JPEG,RGB,True,4288,2848,7.0,255.0,141.74600219726562,21.176616668701172,False,False,False,
task2_images,D:\Biology-AI\data\Task2_Attributes\images\000514.jpg,True,JPEG,RGB,True,3008,2000,18.0,255.0,169.1329803466797,35.3259162902832,False,False,False,
task2_images,D:\Biology-AI\data\Task2_Attributes\images\000515.jpg,True,JPEG,RGB,True,3008,2000,3.0,255.0,136.68922424316406,37.94983673095703,False,False,False,
task2_images,D:\Biology-AI\data\Task2_Attributes\images\000516.jpg,True,JPEG,RGB,True,3072,2304,22.0,255.0,216.97003173828125,38.36528778076172,False,False,False,
task2_images,D:\Biology-AI\data\Task2_Attributes\images\000517.jpg,True,JPEG,RGB,True,3008,2000,17.0,255.0,194.37445068359375,31.039487838745117,False,False,False,
task2_images,D:\Biology-AI\data\Task2_Attributes\images\000518.jpg,True,JPEG,RGB,True,3072,2304,0.0,255.0,136.2772979736328,40.67526626586914,False,False,False,
task2_images,D:\Biology-AI\data\Task2_Attributes\images\000519.jpg,True,JPEG,RGB,True,824,719,55.0,255.0,197.7864227294922,35.991641998291016,False,False,False,
task2_images,D:\Biology-AI\data\Task2_Attributes\images\000520.jpg,True,JPEG,RGB,True,1024,768,25.0,252.0,128.440185546875,29.02967643737793,False,False,False,
task2_images,D:\Biology-AI\data\Task2_Attributes\images\000521.jpg,True,JPEG,RGB,True,1022,767,0.0,255.0,155.6078643798828,46.0407600402832,False,False,False,
task2_images,D:\Biology-AI\data\Task2_Attributes\images\000522.jpg,True,JPEG,RGB,True,1024,768,18.0,255.0,198.9192657470703,48.9014892578125,False,False,False,
task2_images,D:\Biology-AI\data\Task2_Attributes\images\000523.jpg,True,JPEG,RGB,True,1024,768,0.0,254.0,161.9910430908203,46.761131286621094,False,False,False,
task2_images,D:\Biology-AI\data\Task2_Attributes\images\000524.jpg,True,JPEG,RGB,True,3008,2000,3.0,215.0,132.498779296875,24.532224655151367,False,False,False,
task2_images,D:\Biology-AI\data\Task2_Attributes\images\000525.jpg,True,JPEG,RGB,True,3072,2304,0.0,196.0,136.45655822753906,39.16642761230469,False,False,False,
task2_images,D:\Biology-AI\data\Task2_Attributes\images\000526.jpg,True,JPEG,RGB,True,3072,2304,0.0,217.0,108.73823547363281,46.8848762512207,False,False,False,
task2_images,D:\Biology-AI\data\Task2_Attributes\images\000527.jpg,True,JPEG,RGB,True,4288,2848,3.0,255.0,163.2238006591797,44.72230529785156,False,False,False,
task2_images,D:\Biology-AI\data\Task2_Attributes\images\000528.jpg,True,JPEG,RGB,True,3072,2304,3.0,233.0,152.7319793701172,17.660140991210938,False,False,False,
task2_images,D:\Biology-AI\data\Task2_Attributes\images\000529.jpg,True,JPEG,RGB,True,3872,2592,4.0,220.0,151.5662078857422,17.035852432250977,False,False,False,
task2_images,D:\Biology-AI\data\Task2_Attributes\images\000530.jpg,True,JPEG,RGB,True,1024,768,0.0,255.0,217.16009521484375,35.01284408569336,False,False,False,
task2_images,D:\Biology-AI\data\Task2_Attributes\images\000531.jpg,True,JPEG,RGB,True,4288,2848,2.0,185.0,131.71107482910156,16.47015380859375,False,False,False,
task2_images,D:\Biology-AI\data\Task2_Attributes\images\000532.jpg,True,JPEG,RGB,True,3008,2000,16.0,255.0,156.25094604492188,34.87013626098633,False,False,False,
task2_images,D:\Biology-AI\data\Task2_Attributes\images\000533.jpg,True,JPEG,RGB,True,1024,768,0.0,239.0,118.94883728027344,75.6380386352539,False,False,False,
task2_images,D:\Biology-AI\data\Task2_Attributes\images\000534.jpg,True,JPEG,RGB,True,3008,2000,0.0,255.0,154.7527618408203,32.6143913269043,False,False,False,
task2_images,D:\Biology-AI\data\Task2_Attributes\images\000535.jpg,True,JPEG,RGB,True,6647,4439,0.0,255.0,137.62997436523438,61.31098937988281,False,False,False,
task2_images,D:\Biology-AI\data\Task2_Attributes\images\000536.jpg,True,JPEG,RGB,True,3008,2000,7.0,219.0,153.33348083496094,19.285850524902344,False,False,False,
task2_images,D:\Biology-AI\data\Task2_Attributes\images\000537.jpg,True,JPEG,RGB,True,962,674,0.0,255.0,184.7952117919922,55.43642807006836,False,False,False,
task2_images,D:\Biology-AI\data\Task2_Attributes\images\000538.jpg,True,JPEG,RGB,True,6642,4420,0.0,255.0,135.90846252441406,57.73076629638672,False,False,False,
task2_images,D:\Biology-AI\data\Task2_Attributes\images\000539.jpg,True,JPEG,RGB,True,1819,859,19.0,229.0,174.3788299560547,26.939170837402344,False,False,False,
task2_images,D:\Biology-AI\data\Task2_Attributes\images\000540.jpg,True,JPEG,RGB,True,3072,2304,16.0,255.0,183.15135192871094,24.768457412719727,False,False,False,
task2_images,D:\Biology-AI\data\Task2_Attributes\images\000541.jpg,True,JPEG,RGB,True,2592,1944,6.0,217.0,152.1959686279297,21.36870765686035,False,False,False,
task2_images,D:\Biology-AI\data\Task2_Attributes\images\000542.jpg,True,JPEG,RGB,True,2592,1944,59.0,180.0,138.00880432128906,12.824228286743164,False,False,False,
task2_images,D:\Biology-AI\data\Task2_Attributes\images\000543.jpg,True,JPEG,RGB,True,640,480,0.0,231.0,120.1295166015625,41.094322204589844,False,False,False,
task2_images,D:\Biology-AI\data\Task2_Attributes\images\000544.jpg,True,JPEG,RGB,True,767,576,0.0,255.0,142.18788146972656,61.615966796875,False,False,False,
task2_images,D:\Biology-AI\data\Task2_Attributes\images\000545.jpg,True,JPEG,RGB,True,1504,1129,0.0,255.0,157.71376037597656,48.01545333862305,False,False,False,
task2_images,D:\Biology-AI\data\Task2_Attributes\images\000546.jpg,True,JPEG,RGB,True,2592,1936,0.0,255.0,173.0612030029297,39.02109909057617,False,False,False,
task2_images,D:\Biology-AI\data\Task2_Attributes\images\000547.jpg,True,JPEG,RGB,True,6621,4441,0.0,255.0,156.5059051513672,47.479427337646484,False,False,False,
task2_images,D:\Biology-AI\data\Task2_Attributes\images\000548.jpg,True,JPEG,RGB,True,4288,2848,1.0,255.0,111.24744415283203,20.06974983215332,False,False,False,
task2_images,D:\Biology-AI\data\Task2_Attributes\images\000549.jpg,True,JPEG,RGB,True,640,480,0.0,255.0,93.49466705322266,72.41484832763672,False,False,False,
task2_images,D:\Biology-AI\data\Task2_Attributes\images\000550.jpg,True,JPEG,RGB,True,3072,2304,2.0,187.0,136.85447692871094,26.562639236450195,False,False,False,
task2_images,D:\Biology-AI\data\Task2_Attributes\images\000551.jpg,True,JPEG,RGB,True,3872,2592,31.0,195.0,137.7138671875,22.484966278076172,False,False,False,
task2_images,D:\Biology-AI\data\Task2_Attributes\images\000552.jpg,True,JPEG,RGB,True,4288,2848,17.0,249.0,150.63307189941406,31.54557991027832,False,False,False,
task2_images,D:\Biology-AI\data\Task2_Attributes\images\000553.jpg,True,JPEG,RGB,True,4288,2848,21.0,244.0,131.10391235351562,17.600412368774414,False,False,False,
task2_images,D:\Biology-AI\data\Task2_Attributes\images\000554.jpg,True,JPEG,RGB,True,640,480,30.0,196.0,139.677978515625,28.020151138305664,False,False,False,
task2_images,D:\Biology-AI\data\Task2_Attributes\images\000555.jpg,True,JPEG,RGB,True,3008,2000,8.0,255.0,164.3152313232422,19.411325454711914,False,False,False,
task2_images,D:\Biology-AI\data\Task2_Attributes\images\000556.jpg,True,JPEG,RGB,True,3048,1939,0.0,255.0,135.43406677246094,27.988510131835938,False,False,False,
task2_images,D:\Biology-AI\data\Task2_Attributes\images\000557.jpg,True,JPEG,RGB,True,1024,768,0.0,255.0,175.88226318359375,23.618553161621094,False,False,False,
task2_images,D:\Biology-AI\data\Task2_Attributes\images\000558.jpg,True,JPEG,RGB,True,6648,4419,0.0,255.0,176.16677856445312,38.857967376708984,False,False,False,
task2_images,D:\Biology-AI\data\Task2_Attributes\images\000559.jpg,True,JPEG,RGB,True,3072,2304,0.0,255.0,162.88560485839844,29.86962890625,False,False,False,
task2_images,D:\Biology-AI\data\Task2_Attributes\images\000560.jpg,True,JPEG,RGB,True,3024,2016,1.0,255.0,155.1687774658203,30.504119873046875,False,False,False,
task2_images,D:\Biology-AI\data\Task2_Attributes\images\000561.jpg,True,JPEG,RGB,True,6682,4441,0.0,255.0,162.22540283203125,57.06510925292969,False,False,False,
task2_images,D:\Biology-AI\data\Task2_Attributes\images\000562.jpg,True,JPEG,RGB,True,3072,2304,10.0,230.0,127.22721099853516,45.37620544433594,False,False,False,
task2_images,D:\Biology-AI\data\Task2_Attributes\images\000563.jpg,True,JPEG,RGB,True,4288,2848,2.0,255.0,118.29557037353516,27.8498592376709,False,False,False,
task2_images,D:\Biology-AI\data\Task2_Attributes\images\000564.jpg,True,JPEG,RGB,True,640,480,0.0,255.0,175.3201904296875,53.991939544677734,False,False,False,
task2_images,D:\Biology-AI\data\Task2_Attributes\images\000565.jpg,True,JPEG,RGB,True,3008,2000,5.0,255.0,147.36085510253906,33.797950744628906,False,False,False,
task2_images,D:\Biology-AI\data\Task2_Attributes\images\000566.jpg,True,JPEG,RGB,True,4288,2848,12.0,244.0,162.02301025390625,22.070144653320312,False,False,False,
task2_images,D:\Biology-AI\data\Task2_Attributes\images\000567.jpg,True,JPEG,RGB,True,3008,2000,20.0,255.0,180.99732971191406,28.506956100463867,False,False,False,
task2_images,D:\Biology-AI\data\Task2_Attributes\images\000568.jpg,True,JPEG,RGB,True,3072,2304,10.0,183.0,133.66397094726562,29.14731788635254,False,False,False,
task2_images,D:\Biology-AI\data\Task2_Attributes\images\000569.jpg,True,JPEG,RGB,True,3072,2304,0.0,255.0,135.11595153808594,45.78962326049805,False,False,False,
task2_images,D:\Biology-AI\data\Task2_Attributes\images\000570.jpg,True,JPEG,RGB,True,3008,2000,3.0,255.0,150.32508850097656,37.209049224853516,False,False,False,
task2_images,D:\Biology-AI\data\Task2_Attributes\images\000571.jpg,True,JPEG,RGB,True,6708,4439,0.0,255.0,161.65200805664062,52.715293884277344,False,False,False,
task2_images,D:\Biology-AI\data\Task2_Attributes\images\000572.jpg,True,JPEG,RGB,True,640,480,0.0,255.0,150.86492919921875,55.46133804321289,False,False,False,
task2_images,D:\Biology-AI\data\Task2_Attributes\images\000573.jpg,True,JPEG,RGB,True,1024,768,0.0,222.0,167.34022521972656,25.327590942382812,False,False,False,
task2_images,D:\Biology-AI\data\Task2_Attributes\images\000574.jpg,True,JPEG,RGB,True,3008,2000,32.0,255.0,202.41098022460938,17.729141235351562,False,False,False,
task2_images,D:\Biology-AI\data\Task2_Attributes\images\000575.jpg,True,JPEG,RGB,True,640,480,0.0,255.0,130.48403930664062,51.45472717285156,False,False,False,
task2_images,D:\Biology-AI\data\Task2_Attributes\images\000576.jpg,True,JPEG,RGB,True,6668,4459,0.0,255.0,146.28953552246094,59.339210510253906,False,False,False,
task2_images,D:\Biology-AI\data\Task2_Attributes\images\000577.jpg,True,JPEG,RGB,True,4288,2848,10.0,255.0,135.02493286132812,23.64383888244629,False,False,False,
task2_images,D:\Biology-AI\data\Task2_Attributes\images\000578.jpg,True,JPEG,RGB,True,6688,4459,0.0,255.0,148.0501708984375,66.26155853271484,False,False,False,
task2_images,D:\Biology-AI\data\Task2_Attributes\images\000579.jpg,True,JPEG,RGB,True,3008,2000,0.0,255.0,157.43211364746094,19.01100730895996,False,False,False,
task2_images,D:\Biology-AI\data\Task2_Attributes\images\000580.jpg,True,JPEG,RGB,True,3872,2592,42.0,179.0,141.06405639648438,15.428349494934082,False,False,False,
task2_images,D:\Biology-AI\data\Task2_Attributes\images\000581.jpg,True,JPEG,RGB,True,1504,1129,0.0,255.0,167.91549682617188,46.69656753540039,False,False,False,
task2_images,D:\Biology-AI\data\Task2_Attributes\images\000582.jpg,True,JPEG,RGB,True,3008,2000,8.0,255.0,143.55868530273438,47.38908767700195,False,False,False,
task2_images,D:\Biology-AI\data\Task2_Attributes\images\000583.jpg,True,JPEG,RGB,True,4288,2848,6.0,255.0,123.51998138427734,27.738786697387695,False,False,False,
task2_images,D:\Biology-AI\data\Task2_Attributes\images\000584.jpg,True,JPEG,RGB,True,4288,2848,8.0,255.0,134.8902130126953,40.86752700805664,False,False,False,
task2_images,D:\Biology-AI\data\Task2_Attributes\images\000585.jpg,True,JPEG,RGB,True,4288,2848,6.0,255.0,142.35922241210938,20.47553825378418,False,False,False,
task2_images,D:\Biology-AI\data\Task2_Attributes\images\000586.jpg,True,JPEG,RGB,True,3072,2304,14.0,220.0,156.9469451904297,30.30648422241211,False,False,False,
task2_images,D:\Biology-AI\data\Task2_Attributes\images\000587.jpg,True,JPEG,RGB,True,640,480,0.0,236.0,135.95115661621094,51.067161560058594,False,False,False,
task2_images,D:\Biology-AI\data\Task2_Attributes\images\000588.jpg,True,JPEG,RGB,True,3008,2000,15.0,255.0,139.51145935058594,32.679073333740234,False,False,False,
task2_images,D:\Biology-AI\data\Task2_Attributes\images\000589.jpg,True,JPEG,RGB,True,1692,1915,5.0,255.0,145.59716796875,38.519832611083984,False,False,False,
task2_images,D:\Biology-AI\data\Task2_Attributes\images\000590.jpg,True,JPEG,RGB,True,3872,2592,18.0,216.0,147.42840576171875,42.37739944458008,False,False,False,
task2_images,D:\Biology-AI\data\Task2_Attributes\images\000591.jpg,True,JPEG,RGB,True,4288,2848,3.0,255.0,125.18791198730469,22.821849822998047,False,False,False,
task2_images,D:\Biology-AI\data\Task2_Attributes\images\000592.jpg,True,JPEG,RGB,True,4288,2848,0.0,255.0,158.34376525878906,40.149314880371094,False,False,False,
task2_images,D:\Biology-AI\data\Task2_Attributes\images\000593.jpg,True,JPEG,RGB,True,640,480,0.0,255.0,106.19107818603516,64.33500671386719,False,False,False,
task2_images,D:\Biology-AI\data\Task2_Attributes\images\000594.jpg,True,JPEG,RGB,True,1024,768,38.0,254.0,147.66009521484375,51.92631530761719,False,False,False,
task2_images,D:\Biology-AI\data\Task2_Attributes\images\000595.jpg,True,JPEG,RGB,True,6641,4440,0.0,255.0,141.33021545410156,66.52845001220703,False,False,False,
task2_images,D:\Biology-AI\data\Task2_Attributes\images\000596.jpg,True,JPEG,RGB,True,6641,4440,0.0,255.0,114.53140258789062,61.80859375,False,False,False,
task2_images,D:\Biology-AI\data\Task2_Attributes\images\000597.jpg,True,JPEG,RGB,True,2048,1536,0.0,255.0,143.75994873046875,68.72420501708984,False,False,False,
task2_images,D:\Biology-AI\data\Task2_Attributes\images\000598.jpg,True,JPEG,RGB,True,3008,2000,0.0,235.0,156.13002014160156,25.316116333007812,False,False,False,
task2_images,D:\Biology-AI\data\Task2_Attributes\images\000599.jpg,True,JPEG,RGB,True,640,480,0.0,236.0,150.35572814941406,48.35252380371094,False,False,False,
task2_images,D:\Biology-AI\data\Task2_Attributes\images\000600.jpg,True,JPEG,RGB,True,4288,2848,0.0,255.0,126.90484619140625,17.477502822875977,False,False,False,
task2_images,D:\Biology-AI\data\Task2_Attributes\images\000601.jpg,True,JPEG,RGB,True,1024,768,10.0,198.0,155.41116333007812,31.717506408691406,False,False,False,
task2_images,D:\Biology-AI\data\Task2_Attributes\images\000602.jpg,True,JPEG,RGB,True,3072,2304,12.0,254.0,138.8716583251953,29.94550323486328,False,False,False,
task2_images,D:\Biology-AI\data\Task2_Attributes\images\000603.jpg,True,JPEG,RGB,True,3024,2016,1.0,255.0,159.39064025878906,37.371639251708984,False,False,False,
task2_images,D:\Biology-AI\data\Task2_Attributes\images\000604.jpg,True,JPEG,RGB,True,6642,4420,0.0,255.0,142.6978759765625,56.791748046875,False,False,False,
task2_images,D:\Biology-AI\data\Task2_Attributes\images\000605.jpg,True,JPEG,RGB,True,1024,768,0.0,255.0,225.7330780029297,34.11478805541992,False,False,False,
task2_images,D:\Biology-AI\data\Task2_Attributes\images\000606.jpg,True,JPEG,RGB,True,3024,2016,0.0,255.0,140.2050323486328,34.371360778808594,False,False,False,
task2_images,D:\Biology-AI\data\Task2_Attributes\images\000607.jpg,True,JPEG,RGB,True,2592,1936,3.0,255.0,163.8173370361328,30.969482421875,False,False,False,
task2_images,D:\Biology-AI\data\Task2_Attributes\images\000608.jpg,True,JPEG,RGB,True,3008,2000,0.0,255.0,115.14547729492188,27.69223976135254,False,False,False,
task2_images,D:\Biology-AI\data\Task2_Attributes\images\000609.jpg,True,JPEG,RGB,True,3008,2000,10.0,255.0,169.07144165039062,25.11304473876953,False,False,False,
task2_images,D:\Biology-AI\data\Task2_Attributes\images\000610.jpg,True,JPEG,RGB,True,3072,2304,11.0,228.0,145.94943237304688,43.386688232421875,False,False,False,
task2_images,D:\Biology-AI\data\Task2_Attributes\images\000611.jpg,True,JPEG,RGB,True,2781,2077,0.0,224.0,142.39393615722656,33.72749710083008,False,False,False,
task2_images,D:\Biology-AI\data\Task2_Attributes\images\000612.jpg,True,JPEG,RGB,True,6642,4420,0.0,255.0,144.20318603515625,57.8700065612793,False,False,False,
task2_images,D:\Biology-AI\data\Task2_Attributes\images\000613.jpg,True,JPEG,RGB,True,959,638,0.0,255.0,170.8673095703125,63.59907913208008,False,False,False,
task2_images,D:\Biology-AI\data\Task2_Attributes\images\000614.jpg,True,JPEG,RGB,True,1024,768,0.0,235.0,174.89727783203125,39.44027328491211,False,False,False,
task2_images,D:\Biology-AI\data\Task2_Attributes\images\000615.jpg,True,JPEG,RGB,True,2304,1536,0.0,255.0,206.7071075439453,18.60761070251465,False,False,False,
task2_images,D:\Biology-AI\data\Task2_Attributes\images\000616.jpg,True,JPEG,RGB,True,3008,2000,8.0,255.0,149.30230712890625,13.5449800491333,False,False,False,
task2_images,D:\Biology-AI\data\Task2_Attributes\images\000617.jpg,True,JPEG,RGB,True,2048,1536,0.0,255.0,150.13134765625,46.23758316040039,False,False,False,
task2_images,D:\Biology-AI\data\Task2_Attributes\images\000618.jpg,True,JPEG,RGB,True,4288,2848,9.0,255.0,137.74484252929688,31.194534301757812,False,False,False,
task2_images,D:\Biology-AI\data\Task2_Attributes\images\000619.jpg,True,JPEG,RGB,True,1024,768,15.0,238.0,158.33255004882812,24.26984405517578,False,False,False,
task2_images,D:\Biology-AI\data\Task2_Attributes\images\000620.jpg,True,JPEG,RGB,True,4288,2848,20.0,255.0,156.6671142578125,30.454225540161133,False,False,False,
task2_images,D:\Biology-AI\data\Task2_Attributes\images\000621.jpg,True,JPEG,RGB,True,640,480,0.0,218.0,80.4006576538086,38.0722770690918,False,False,False,
task2_images,D:\Biology-AI\data\Task2_Attributes\images\000622.jpg,True,JPEG,RGB,True,640,480,0.0,255.0,184.52301025390625,47.44678497314453,False,False,False,
task2_images,D:\Biology-AI\data\Task2_Attributes\images\000623.jpg,True,JPEG,RGB,True,2592,1944,46.0,242.0,203.98956298828125,30.087200164794922,False,False,False,
task2_images,D:\Biology-AI\data\Task2_Attributes\images\000624.jpg,True,JPEG,RGB,True,4288,2848,8.0,255.0,136.6042022705078,28.205595016479492,False,False,False,
task2_images,D:\Biology-AI\data\Task2_Attributes\images\000625.jpg,True,JPEG,RGB,True,1024,768,29.0,255.0,206.69244384765625,30.124187469482422,False,False,False,
task2_images,D:\Biology-AI\data\Task2_Attributes\images\000626.jpg,True,JPEG,RGB,True,3008,2000,6.0,197.0,132.59205627441406,27.157007217407227,False,False,False,
task2_images,D:\Biology-AI\data\Task2_Attributes\images\000627.jpg,True,JPEG,RGB,True,1504,1129,0.0,255.0,154.04457092285156,41.58965301513672,False,False,False,
task2_images,D:\Biology-AI\data\Task2_Attributes\images\000628.jpg,True,JPEG,RGB,True,1022,767,0.0,255.0,165.88397216796875,42.256404876708984,False,False,False,
task2_images,D:\Biology-AI\data\Task2_Attributes\images\000629.jpg,True,JPEG,RGB,True,3072,2304,0.0,246.0,158.6177520751953,25.765295028686523,False,False,False,
task2_images,D:\Biology-AI\data\Task2_Attributes\images\000630.jpg,True,JPEG,RGB,True,3024,2016,0.0,255.0,134.49476623535156,33.43038558959961,False,False,False,
task2_images,D:\Biology-AI\data\Task2_Attributes\images\000631.jpg,True,JPEG,RGB,True,3008,2000,2.0,250.0,105.16850280761719,31.092296600341797,False,False,False,
task2_images,D:\Biology-AI\data\Task2_Attributes\images\000632.jpg,True,JPEG,RGB,True,1024,768,10.0,255.0,197.435546875,48.525699615478516,False,False,False,
task2_images,D:\Biology-AI\data\Task2_Attributes\images\000633.jpg,True,JPEG,RGB,True,1024,768,0.0,235.0,178.84506225585938,25.670007705688477,False,False,False,
task2_images,D:\Biology-AI\data\Task2_Attributes\images\000634.jpg,True,JPEG,RGB,True,3024,2016,0.0,255.0,157.99607849121094,25.155885696411133,False,False,False,
task2_images,D:\Biology-AI\data\Task2_Attributes\images\000635.jpg,True,JPEG,RGB,True,6708,4439,0.0,255.0,181.1803436279297,55.84785461425781,False,False,False,
task2_images,D:\Biology-AI\data\Task2_Attributes\images\000636.jpg,True,JPEG,RGB,True,3008,2000,15.0,247.0,146.55287170410156,26.728208541870117,False,False,False,
task2_images,D:\Biology-AI\data\Task2_Attributes\images\000637.jpg,True,JPEG,RGB,True,640,480,0.0,252.0,138.45040893554688,54.91537857055664,False,False,False,
task2_images,D:\Biology-AI\data\Task2_Attributes\images\000638.jpg,True,JPEG,RGB,True,4288,2848,14.0,255.0,135.50755310058594,27.69693946838379,False,False,False,
task2_images,D:\Biology-AI\data\Task2_Attributes\images\000639.jpg,True,JPEG,RGB,True,6688,4459,0.0,255.0,157.4362335205078,61.90691375732422,False,False,False,
task2_images,D:\Biology-AI\data\Task2_Attributes\images\000640.jpg,True,JPEG,RGB,True,3008,2000,4.0,200.0,117.53569030761719,18.6651611328125,False,False,False,
task2_images,D:\Biology-AI\data\Task2_Attributes\images\000641.jpg,True,JPEG,RGB,True,3072,2304,5.0,202.0,125.37113189697266,32.53730773925781,False,False,False,
task2_images,D:\Biology-AI\data\Task2_Attributes\images\000642.jpg,True,JPEG,RGB,True,1024,768,0.0,235.0,172.06968688964844,32.19083023071289,False,False,False,
task2_images,D:\Biology-AI\data\Task2_Attributes\images\000643.jpg,True,JPEG,RGB,True,1022,767,0.0,255.0,151.01083374023438,25.79144287109375,False,False,False,
task2_images,D:\Biology-AI\data\Task2_Attributes\images\000644.jpg,True,JPEG,RGB,True,4288,2848,20.0,247.0,146.59765625,30.39791488647461,False,False,False,
task2_images,D:\Biology-AI\data\Task2_Attributes\images\000645.jpg,True,JPEG,RGB,True,1022,767,0.0,255.0,151.56277465820312,60.65695571899414,False,False,False,
task2_images,D:\Biology-AI\data\Task2_Attributes\images\000646.jpg,True,JPEG,RGB,True,576,768,19.0,191.0,155.73367309570312,20.547100067138672,False,False,False,
task2_images,D:\Biology-AI\data\Task2_Attributes\images\000647.jpg,True,JPEG,RGB,True,4288,2848,0.0,255.0,144.20494079589844,53.38564682006836,False,False,False,
task2_images,D:\Biology-AI\data\Task2_Attributes\images\000648.jpg,True,JPEG,RGB,True,2048,1536,0.0,232.0,154.73475646972656,39.40999984741211,False,False,False,
task2_images,D:\Biology-AI\data\Task2_Attributes\images\000649.jpg,True,JPEG,RGB,True,3072,2304,2.0,193.0,131.0393829345703,27.093746185302734,False,False,False,
task2_images,D:\Biology-AI\data\Task2_Attributes\images\000650.jpg,True,JPEG,RGB,True,1321,1339,0.0,255.0,155.4344482421875,27.088289260864258,False,False,False,
task2_images,D:\Biology-AI\data\Task2_Attributes\images\000651.jpg,True,JPEG,RGB,True,3008,2000,3.0,255.0,134.2797088623047,21.277061462402344,False,False,False,
task2_images,D:\Biology-AI\data\Task2_Attributes\images\000652.jpg,True,JPEG,RGB,True,640,480,0.0,239.0,158.56846618652344,38.612091064453125,False,False,False,
task2_images,D:\Biology-AI\data\Task2_Attributes\images\000653.jpg,True,JPEG,RGB,True,3072,2304,11.0,255.0,201.04693603515625,30.748472213745117,False,False,False,
task2_images,D:\Biology-AI\data\Task2_Attributes\images\000654.jpg,True,JPEG,RGB,True,3872,2592,29.0,255.0,217.5326385498047,20.95172882080078,False,False,False,
task2_images,D:\Biology-AI\data\Task2_Attributes\images\000655.jpg,True,JPEG,RGB,True,6681,4441,0.0,255.0,141.4170684814453,59.6629753112793,False,False,False,
task2_images,D:\Biology-AI\data\Task2_Attributes\images\000656.jpg,True,JPEG,RGB,True,1024,768,15.0,235.0,175.9105682373047,32.83210372924805,False,False,False,
task2_images,D:\Biology-AI\data\Task2_Attributes\images\000657.jpg,True,JPEG,RGB,True,1024,768,27.0,233.0,191.6738739013672,21.090930938720703,False,False,False,
task2_images,D:\Biology-AI\data\Task2_Attributes\images\000658.jpg,True,JPEG,RGB,True,3072,2304,2.0,207.0,118.96014404296875,36.738895416259766,False,False,False,
task2_images,D:\Biology-AI\data\Task2_Attributes\images\000659.jpg,True,JPEG,RGB,True,6641,4440,0.0,255.0,89.53504943847656,62.44971466064453,False,False,False,
task2_images,D:\Biology-AI\data\Task2_Attributes\images\000660.jpg,True,JPEG,RGB,True,3072,2304,0.0,255.0,136.35057067871094,34.8382568359375,False,False,False,
task2_images,D:\Biology-AI\data\Task2_Attributes\images\000661.jpg,True,JPEG,RGB,True,4288,2848,17.0,255.0,139.14883422851562,27.748817443847656,False,False,False,
task2_images,D:\Biology-AI\data\Task2_Attributes\images\000662.jpg,True,JPEG,RGB,True,3072,2304,1.0,243.0,148.9800567626953,19.301061630249023,False,False,False,
task2_images,D:\Biology-AI\data\Task2_Attributes\images\000663.jpg,True,JPEG,RGB,True,4288,2848,1.0,255.0,135.31382751464844,17.532318115234375,False,False,False,
task2_images,D:\Biology-AI\data\Task2_Attributes\images\000664.jpg,True,JPEG,RGB,True,1024,768,0.0,234.0,156.43028259277344,30.01793098449707,False,False,False,
task2_images,D:\Biology-AI\data\Task2_Attributes\images\000665.jpg,True,JPEG,RGB,True,3024,2016,0.0,255.0,145.9797821044922,34.152645111083984,False,False,False,
task2_images,D:\Biology-AI\data\Task2_Attributes\images\000666.jpg,True,JPEG,RGB,True,3072,2304,0.0,255.0,154.5559844970703,32.62360763549805,False,False,False,
task2_images,D:\Biology-AI\data\Task2_Attributes\images\000667.jpg,True,JPEG,RGB,True,1024,768,32.0,255.0,208.1186065673828,21.837190628051758,False,False,False,
task2_images,D:\Biology-AI\data\Task2_Attributes\images\000668.jpg,True,JPEG,RGB,True,3008,2000,8.0,246.0,137.0087432861328,20.127960205078125,False,False,False,
task2_images,D:\Biology-AI\data\Task2_Attributes\images\000669.jpg,True,JPEG,RGB,True,4288,2848,17.0,245.0,132.57994079589844,25.37100601196289,False,False,False,
task2_images,D:\Biology-AI\data\Task2_Attributes\images\000670.jpg,True,JPEG,RGB,True,3024,2016,0.0,255.0,130.98692321777344,36.50520706176758,False,False,False,
task2_images,D:\Biology-AI\data\Task2_Attributes\images\000671.jpg,True,JPEG,RGB,True,6648,4439,0.0,255.0,168.2251739501953,66.58446502685547,False,False,False,
task2_images,D:\Biology-AI\data\Task2_Attributes\images\000672.jpg,True,JPEG,RGB,True,640,480,0.0,240.0,108.03157043457031,63.86852264404297,False,False,False,
task2_images,D:\Biology-AI\data\Task2_Attributes\images\000673.jpg,True,JPEG,RGB,True,3872,2592,10.0,246.0,163.83859252929688,29.603382110595703,False,False,False,
task2_images,D:\Biology-AI\data\Task2_Attributes\images\000674.jpg,True,JPEG,RGB,True,1024,768,46.0,252.0,150.529296875,18.81707191467285,False,False,False,
task2_images,D:\Biology-AI\data\Task2_Attributes\images\000675.jpg,True,JPEG,RGB,True,4288,2848,19.0,255.0,146.30892944335938,30.466127395629883,False,False,False,
task2_images,D:\Biology-AI\data\Task2_Attributes\images\000676.jpg,True,JPEG,RGB,True,4288,2848,31.0,255.0,171.515625,37.811676025390625,False,False,False,
task2_images,D:\Biology-AI\data\Task2_Attributes\images\000677.jpg,True,JPEG,RGB,True,640,480,0.0,231.0,108.96338653564453,59.39271545410156,False,False,False,
task2_images,D:\Biology-AI\data\Task2_Attributes\images\000678.jpg,True,JPEG,RGB,True,1024,768,16.0,246.0,139.0799102783203,22.161964416503906,False,False,False,
task2_images,D:\Biology-AI\data\Task2_Attributes\images\000679.jpg,True,JPEG,RGB,True,1024,768,12.0,255.0,192.7232208251953,23.827959060668945,False,False,False,
task2_images,D:\Biology-AI\data\Task2_Attributes\images\000680.jpg,True,JPEG,RGB,True,919,802,0.0,184.0,141.98931884765625,26.815074920654297,False,False,False,
task2_images,D:\Biology-AI\data\Task2_Attributes\images\000681.jpg,True,JPEG,RGB,True,6682,4442,0.0,255.0,184.4551239013672,40.773502349853516,False,False,False,
task2_images,D:\Biology-AI\data\Task2_Attributes\images\000682.jpg,True,JPEG,RGB,True,4288,2848,0.0,233.0,111.75450134277344,23.951688766479492,False,False,False,
task2_images,D:\Biology-AI\data\Task2_Attributes\images\000683.jpg,True,JPEG,RGB,True,640,480,0.0,246.0,119.66404724121094,54.133995056152344,False,False,False,
task2_images,D:\Biology-AI\data\Task2_Attributes\images\000684.jpg,True,JPEG,RGB,True,3072,2304,0.0,223.0,112.6113510131836,54.18373489379883,False,False,False,
task2_images,D:\Biology-AI\data\Task2_Attributes\images\000685.jpg,True,JPEG,RGB,True,1024,768,7.0,255.0,131.86355590820312,53.375465393066406,False,False,False,
task2_images,D:\Biology-AI\data\Task2_Attributes\images\000686.jpg,True,JPEG,RGB,True,4288,2848,16.0,255.0,170.9058380126953,30.17634391784668,False,False,False,
task2_images,D:\Biology-AI\data\Task2_Attributes\images\000687.jpg,True,JPEG,RGB,True,6628,4399,0.0,255.0,144.1571502685547,58.89003372192383,False,False,False,
task2_images,D:\Biology-AI\data\Task2_Attributes\images\000688.jpg,True,JPEG,RGB,True,3072,2304,20.0,218.0,156.69775390625,30.479055404663086,False,False,False,
task2_images,D:\Biology-AI\data\Task2_Attributes\images\000689.jpg,True,JPEG,RGB,True,1024,768,0.0,248.0,127.83712768554688,38.22783279418945,False,False,False,
task2_images,D:\Biology-AI\data\Task2_Attributes\images\000690.jpg,True,JPEG,RGB,True,1024,768,30.0,255.0,205.4922637939453,23.90353775024414,False,False,False,
task2_images,D:\Biology-AI\data\Task2_Attributes\images\000691.jpg,True,JPEG,RGB,True,767,576,0.0,255.0,212.70428466796875,53.71134948730469,False,False,False,
task2_images,D:\Biology-AI\data\Task2_Attributes\images\000692.jpg,True,JPEG,RGB,True,3008,2000,6.0,255.0,160.98155212402344,29.35500144958496,False,False,False,
task2_images,D:\Biology-AI\data\Task2_Attributes\images\000693.jpg,True,JPEG,RGB,True,6668,4439,0.0,255.0,134.80809020996094,71.53805541992188,False,False,False,
task2_images,D:\Biology-AI\data\Task2_Attributes\images\000694.jpg,True,JPEG,RGB,True,3008,2000,0.0,255.0,188.12159729003906,24.83769989013672,False,False,False,
task2_images,D:\Biology-AI\data\Task2_Attributes\images\000695.jpg,True,JPEG,RGB,True,4288,2848,0.0,237.0,155.68016052246094,40.14194869995117,False,False,False,
task2_images,D:\Biology-AI\data\Task2_Attributes\images\000696.jpg,True,JPEG,RGB,True,3072,2304,0.0,255.0,152.5181427001953,24.7203369140625,False,False,False,
task2_images,D:\Biology-AI\data\Task2_Attributes\images\000697.jpg,True,JPEG,RGB,True,3008,2000,21.0,255.0,216.62513732910156,15.251850128173828,False,False,False,
task2_images,D:\Biology-AI\data\Task2_Attributes\images\000698.jpg,True,JPEG,RGB,True,4288,2848,21.0,251.0,162.6383514404297,25.826828002929688,False,False,False,
task2_images,D:\Biology-AI\data\Task2_Attributes\images\000699.jpg,True,JPEG,RGB,True,4288,2848,3.0,255.0,125.13199615478516,22.949975967407227,False,False,False,
task2_images,D:\Biology-AI\data\Task2_Attributes\images\000700.jpg,True,JPEG,RGB,True,3008,2000,3.0,255.0,105.7148208618164,35.426937103271484,False,False,False,
task2_images,D:\Biology-AI\data\Task2_Attributes\images\000701.jpg,True,JPEG,RGB,True,3072,2304,32.0,240.0,165.16598510742188,35.63313674926758,False,False,False,
task2_images,D:\Biology-AI\data\Task2_Attributes\images\000702.jpg,True,JPEG,RGB,True,1024,768,33.0,255.0,188.1182403564453,32.08155822753906,False,False,False,
task2_images,D:\Biology-AI\data\Task2_Attributes\images\000703.jpg,True,JPEG,RGB,True,3072,2304,24.0,255.0,175.59091186523438,36.61465072631836,False,False,False,
task2_images,D:\Biology-AI\data\Task2_Attributes\images\000704.jpg,True,JPEG,RGB,True,1024,768,0.0,243.0,151.1561737060547,59.9635124206543,False,False,False,
task2_images,D:\Biology-AI\data\Task2_Attributes\images\000705.jpg,True,JPEG,RGB,True,4288,2848,5.0,234.0,124.73065948486328,21.380407333374023,False,False,False,
task2_images,D:\Biology-AI\data\Task2_Attributes\images\000706.jpg,True,JPEG,RGB,True,640,480,0.0,251.0,138.7430419921875,49.894744873046875,False,False,False,
task2_images,D:\Biology-AI\data\Task2_Attributes\images\000707.jpg,True,JPEG,RGB,True,6648,4419,0.0,255.0,166.75051879882812,69.85205841064453,False,False,False,
task2_images,D:\Biology-AI\data\Task2_Attributes\images\000708.jpg,True,JPEG,RGB,True,4288,2848,6.0,233.0,105.6729507446289,26.903032302856445,False,False,False,
task2_images,D:\Biology-AI\data\Task2_Attributes\images\000709.jpg,True,JPEG,RGB,True,3872,2592,2.0,217.0,112.60242462158203,22.637096405029297,False,False,False,
task2_images,D:\Biology-AI\data\Task2_Attributes\images\000710.jpg,True,JPEG,RGB,True,3024,2016,0.0,255.0,146.03147888183594,36.62721252441406,False,False,False,
task2_images,D:\Biology-AI\data\Task2_Attributes\images\000711.jpg,True,JPEG,RGB,True,3872,2592,5.0,244.0,148.15223693847656,22.209529876708984,False,False,False,
task2_images,D:\Biology-AI\data\Task2_Attributes\images\000712.jpg,True,JPEG,RGB,True,6642,4421,0.0,255.0,143.61993408203125,64.76581573486328,False,False,False,
task2_images,D:\Biology-AI\data\Task2_Attributes\images\000713.jpg,True,JPEG,RGB,True,962,674,0.0,255.0,156.8698272705078,65.93254852294922,False,False,False,
task2_images,D:\Biology-AI\data\Task2_Attributes\images\000714.jpg,True,JPEG,RGB,True,4288,2848,19.0,245.0,122.82215118408203,29.451276779174805,False,False,False,
task2_images,D:\Biology-AI\data\Task2_Attributes\images\000715.jpg,True,JPEG,RGB,True,640,480,0.0,255.0,190.66188049316406,46.12315368652344,False,False,False,
task2_images,D:\Biology-AI\data\Task2_Attributes\images\000716.jpg,True,JPEG,RGB,True,6662,4440,0.0,255.0,100.07395935058594,35.96638870239258,False,False,False,
task2_images,D:\Biology-AI\data\Task2_Attributes\images\000717.jpg,True,JPEG,RGB,True,3872,2592,4.0,255.0,133.555908203125,21.060710906982422,False,False,False,
task2_images,D:\Biology-AI\data\Task2_Attributes\images\000718.jpg,True,JPEG,RGB,True,640,480,0.0,255.0,200.94444274902344,45.1609001159668,False,False,False,
task2_images,D:\Biology-AI\data\Task2_Attributes\images\000719.jpg,True,JPEG,RGB,True,962,674,0.0,255.0,183.28125,63.47103500366211,False,False,False,
task2_images,D:\Biology-AI\data\Task2_Attributes\images\000720.jpg,True,JPEG,RGB,True,6648,4419,0.0,255.0,177.47381591796875,38.50096893310547,False,False,False,
task2_images,D:\Biology-AI\data\Task2_Attributes\images\000721.jpg,True,JPEG,RGB,True,6668,4459,0.0,255.0,125.7930679321289,59.261131286621094,False,False,False,
task2_images,D:\Biology-AI\data\Task2_Attributes\images\000722.jpg,True,JPEG,RGB,True,6640,4420,0.0,255.0,170.5213623046875,52.37569808959961,False,False,False,
task2_images,D:\Biology-AI\data\Task2_Attributes\images\000723.jpg,True,JPEG,RGB,True,3072,2304,9.0,220.0,137.8419647216797,22.700862884521484,False,False,False,
task2_images,D:\Biology-AI\data\Task2_Attributes\images\000724.jpg,True,JPEG,RGB,True,640,480,0.0,255.0,148.80198669433594,44.48029708862305,False,False,False,
task2_images,D:\Biology-AI\data\Task2_Attributes\images\000725.jpg,True,JPEG,RGB,True,6681,4441,0.0,255.0,151.3707733154297,58.58896255493164,False,False,False,
task2_images,D:\Biology-AI\data\Task2_Attributes\images\000726.jpg,True,JPEG,RGB,True,1024,768,0.0,241.0,159.50296020507812,34.01679992675781,False,False,False,
task2_images,D:\Biology-AI\data\Task2_Attributes\images\000727.jpg,True,JPEG,RGB,True,6601,4382,0.0,255.0,137.7090301513672,52.08660888671875,False,False,False,
task2_images,D:\Biology-AI\data\Task2_Attributes\images\000728.jpg,True,JPEG,RGB,True,4288,2848,5.0,231.0,141.88369750976562,22.209489822387695,False,False,False,
task2_images,D:\Biology-AI\data\Task2_Attributes\images\000729.jpg,True,JPEG,RGB,True,3872,2592,4.0,249.0,150.00265502929688,25.295730590820312,False,False,False,
task2_images,D:\Biology-AI\data\Task2_Attributes\images\000730.jpg,True,JPEG,RGB,True,3072,2304,0.0,255.0,150.9964141845703,46.75947570800781,False,False,False,
task2_images,D:\Biology-AI\data\Task2_Attributes\images\000731.jpg,True,JPEG,RGB,True,4288,2848,27.0,255.0,134.73123168945312,20.377153396606445,False,False,False,
task2_images,D:\Biology-AI\data\Task2_Attributes\images\000732.jpg,True,JPEG,RGB,True,1504,1129,0.0,255.0,161.0729217529297,71.90611267089844,False,False,False,
task2_images,D:\Biology-AI\data\Task2_Attributes\images\000733.jpg,True,JPEG,RGB,True,6662,4422,0.0,255.0,157.53453063964844,68.44022369384766,False,False,False,
task2_images,D:\Biology-AI\data\Task2_Attributes\images\000734.jpg,True,JPEG,RGB,True,4288,2848,16.0,242.0,182.6297607421875,19.40665054321289,False,False,False,
task2_images,D:\Biology-AI\data\Task2_Attributes\images\000735.jpg,True,JPEG,RGB,True,640,480,0.0,255.0,151.787841796875,48.2537841796875,False,False,False,
task2_images,D:\Biology-AI\data\Task2_Attributes\images\000736.jpg,True,JPEG,RGB,True,1024,768,46.0,224.0,168.3396453857422,21.55632781982422,False,False,False,
task2_images,D:\Biology-AI\data\Task2_Attributes\images\000737.jpg,True,JPEG,RGB,True,3072,2304,16.0,255.0,183.1584930419922,24.757448196411133,False,False,False,
task2_images,D:\Biology-AI\data\Task2_Attributes\images\000738.jpg,True,JPEG,RGB,True,1504,1129,0.0,255.0,159.025390625,34.6441650390625,False,False,False,
task2_images,D:\Biology-AI\data\Task2_Attributes\images\000739.jpg,True,JPEG,RGB,True,1024,768,0.0,255.0,163.24488830566406,42.794700622558594,False,False,False,
task2_images,D:\Biology-AI\data\Task2_Attributes\images\000740.jpg,True,JPEG,RGB,True,4288,2848,0.0,216.0,118.69678497314453,36.566192626953125,False,False,False,
task2_images,D:\Biology-AI\data\Task2_Attributes\images\000741.jpg,True,JPEG,RGB,True,2048,1536,0.0,255.0,157.02276611328125,70.06157684326172,False,False,False,
task2_images,D:\Biology-AI\data\Task2_Attributes\images\000742.jpg,True,JPEG,RGB,True,2048,1536,0.0,255.0,111.97317504882812,52.07658386230469,False,False,False,
task2_images,D:\Biology-AI\data\Task2_Attributes\images\000743.jpg,True,JPEG,RGB,True,1024,768,0.0,255.0,165.88134765625,36.75217819213867,False,False,False,
task2_images,D:\Biology-AI\data\Task2_Attributes\images\000744.jpg,True,JPEG,RGB,True,6648,4399,0.0,255.0,147.3968963623047,62.056644439697266,False,False,False,
task2_images,D:\Biology-AI\data\Task2_Attributes\images\000745.jpg,True,JPEG,RGB,True,1024,768,22.0,255.0,196.22964477539062,51.77424240112305,False,False,False,
task2_images,D:\Biology-AI\data\Task2_Attributes\images\000746.jpg,True,JPEG,RGB,True,3072,2304,0.0,255.0,143.12220764160156,26.538660049438477,False,False,False,
task2_images,D:\Biology-AI\data\Task2_Attributes\images\000747.jpg,True,JPEG,RGB,True,3072,2304,0.0,255.0,144.87533569335938,29.532649993896484,False,False,False,
task2_images,D:\Biology-AI\data\Task2_Attributes\images\000748.jpg,True,JPEG,RGB,True,3008,2000,0.0,168.0,98.03961944580078,16.859498977661133,False,False,False,
task2_images,D:\Biology-AI\data\Task2_Attributes\images\000749.jpg,True,JPEG,RGB,True,3008,2000,0.0,242.0,137.77548217773438,17.041135787963867,False,False,False,
task2_images,D:\Biology-AI\data\Task2_Attributes\images\000750.jpg,True,JPEG,RGB,True,3872,2592,29.0,255.0,200.08702087402344,34.16350173950195,False,False,False,
task2_images,D:\Biology-AI\data\Task2_Attributes\images\000751.jpg,True,JPEG,RGB,True,3872,2592,60.0,255.0,225.93673706054688,23.230897903442383,False,False,False,
task2_images,D:\Biology-AI\data\Task2_Attributes\images\000752.jpg,True,JPEG,RGB,True,6682,4441,0.0,255.0,165.94308471679688,48.13167953491211,False,False,False,
task2_images,D:\Biology-AI\data\Task2_Attributes\images\000753.jpg,True,JPEG,RGB,True,1024,768,3.0,239.0,163.22259521484375,46.21037292480469,False,False,False,
task2_images,D:\Biology-AI\data\Task2_Attributes\images\000754.jpg,True,JPEG,RGB,True,1024,768,17.0,250.0,158.96572875976562,22.75688362121582,False,False,False,
task2_images,D:\Biology-AI\data\Task2_Attributes\images\000755.jpg,True,JPEG,RGB,True,919,802,0.0,218.0,132.10902404785156,37.67803192138672,False,False,False,
task2_images,D:\Biology-AI\data\Task2_Attributes\images\000756.jpg,True,JPEG,RGB,True,3024,2016,0.0,255.0,143.8952178955078,45.966121673583984,False,False,False,
task2_images,D:\Biology-AI\data\Task2_Attributes\images\000757.jpg,True,JPEG,RGB,True,1024,768,15.0,255.0,200.67518615722656,30.599851608276367,False,False,False,
task2_images,D:\Biology-AI\data\Task2_Attributes\images\000758.jpg,True,JPEG,RGB,True,3008,2000,16.0,255.0,158.53697204589844,27.475812911987305,False,False,False,
task2_images,D:\Biology-AI\data\Task2_Attributes\images\000759.jpg,True,JPEG,RGB,True,4288,2848,11.0,252.0,145.99951171875,18.97306251525879,False,False,False,
task2_images,D:\Biology-AI\data\Task2_Attributes\images\000760.jpg,True,JPEG,RGB,True,1024,768,0.0,255.0,180.01126098632812,47.16502380371094,False,False,False,
task2_images,D:\Biology-AI\data\Task2_Attributes\images\000761.jpg,True,JPEG,RGB,True,4288,2848,11.0,245.0,148.98776245117188,21.90121841430664,False,False,False,
task2_images,D:\Biology-AI\data\Task2_Attributes\images\000762.jpg,True,JPEG,RGB,True,3008,2000,7.0,255.0,174.72903442382812,17.728044509887695,False,False,False,
task2_images,D:\Biology-AI\data\Task2_Attributes\images\000763.jpg,True,JPEG,RGB,True,3872,2592,14.0,255.0,200.90109252929688,18.80228042602539,False,False,False,
task2_images,D:\Biology-AI\data\Task2_Attributes\images\000764.jpg,True,JPEG,RGB,True,640,480,0.0,255.0,186.4569091796875,57.43184280395508,False,False,False,
task2_images,D:\Biology-AI\data\Task2_Attributes\images\000765.jpg,True,JPEG,RGB,True,3072,2304,0.0,241.0,148.2984161376953,41.7091064453125,False,False,False,
task2_images,D:\Biology-AI\data\Task2_Attributes\images\000766.jpg,True,JPEG,RGB,True,3072,2304,0.0,255.0,162.63116455078125,30.698307037353516,False,False,False,
task2_images,D:\Biology-AI\data\Task2_Attributes\images\000767.jpg,True,JPEG,RGB,True,4288,2848,18.0,255.0,134.98277282714844,24.168004989624023,False,False,False,
task2_images,D:\Biology-AI\data\Task2_Attributes\images\000768.jpg,True,JPEG,RGB,True,6708,4459,0.0,255.0,181.89015197753906,35.45011901855469,False,False,False,
task2_images,D:\Biology-AI\data\Task2_Attributes\images\000769.jpg,True,JPEG,RGB,True,6688,4399,0.0,255.0,182.49903869628906,48.151859283447266,False,False,False,
task2_images,D:\Biology-AI\data\Task2_Attributes\images\000770.jpg,True,JPEG,RGB,True,3072,2304,7.0,216.0,143.9569549560547,30.446321487426758,False,False,False,
task2_images,D:\Biology-AI\data\Task2_Attributes\images\000771.jpg,True,JPEG,RGB,True,919,802,0.0,255.0,168.71603393554688,26.22936248779297,False,False,False,
task2_images,D:\Biology-AI\data\Task2_Attributes\images\000772.jpg,True,JPEG,RGB,True,6642,4422,0.0,255.0,136.7143096923828,42.158687591552734,False,False,False,
task2_images,D:\Biology-AI\data\Task2_Attributes\images\000773.jpg,True,JPEG,RGB,True,1024,768,0.0,234.0,165.2721405029297,32.564910888671875,False,False,False,
task2_images,D:\Biology-AI\data\Task2_Attributes\images\000774.jpg,True,JPEG,RGB,True,4288,2848,10.0,255.0,165.9835662841797,28.452543258666992,False,False,False,
task2_images,D:\Biology-AI\data\Task2_Attributes\images\000775.jpg,True,JPEG,RGB,True,6681,4422,0.0,255.0,108.41613006591797,59.31516647338867,False,False,False,
task2_images,D:\Biology-AI\data\Task2_Attributes\images\000776.jpg,True,JPEG,RGB,True,640,480,0.0,255.0,116.4927978515625,73.37569427490234,False,False,False,
task2_images,D:\Biology-AI\data\Task2_Attributes\images\000777.jpg,True,JPEG,RGB,True,3008,2000,7.0,255.0,154.33616638183594,22.482315063476562,False,False,False,
task2_images,D:\Biology-AI\data\Task2_Attributes\images\000778.jpg,True,JPEG,RGB,True,640,480,0.0,238.0,124.70149993896484,56.739776611328125,False,False,False,
task2_images,D:\Biology-AI\data\Task2_Attributes\images\000779.jpg,True,JPEG,RGB,True,1504,1129,0.0,255.0,185.67262268066406,60.616397857666016,False,False,False,
task2_images,D:\Biology-AI\data\Task2_Attributes\images\000780.jpg,True,JPEG,RGB,True,3072,2304,18.0,255.0,137.4022674560547,49.00292205810547,False,False,False,
task2_images,D:\Biology-AI\data\Task2_Attributes\images\000781.jpg,True,JPEG,RGB,True,3024,2016,0.0,255.0,152.50143432617188,48.91751480102539,False,False,False,
task2_images,D:\Biology-AI\data\Task2_Attributes\images\000782.jpg,True,JPEG,RGB,True,824,719,0.0,216.0,149.66050720214844,54.814361572265625,False,False,False,
task2_images,D:\Biology-AI\data\Task2_Attributes\images\000783.jpg,True,JPEG,RGB,True,4288,2848,16.0,255.0,147.2605438232422,34.735023498535156,False,False,False,
task2_images,D:\Biology-AI\data\Task2_Attributes\images\000784.jpg,True,JPEG,RGB,True,6668,4459,0.0,255.0,145.75038146972656,52.28945541381836,False,False,False,
task2_images,D:\Biology-AI\data\Task2_Attributes\images\000785.jpg,True,JPEG,RGB,True,3872,2592,12.0,255.0,197.33450317382812,17.0909423828125,False,False,False,
task2_images,D:\Biology-AI\data\Task2_Attributes\images\000786.jpg,True,JPEG,RGB,True,3008,2000,29.0,237.0,176.37318420410156,17.953454971313477,False,False,False,
task2_images,D:\Biology-AI\data\Task2_Attributes\images\000787.jpg,True,JPEG,RGB,True,3872,2592,23.0,255.0,199.87269592285156,16.823993682861328,False,False,False,
task2_images,D:\Biology-AI\data\Task2_Attributes\images\000788.jpg,True,JPEG,RGB,True,4288,2848,9.0,234.0,130.51283264160156,24.858516693115234,False,False,False,
task2_images,D:\Biology-AI\data\Task2_Attributes\images\000789.jpg,True,JPEG,RGB,True,3008,2000,13.0,255.0,185.2539825439453,20.359275817871094,False,False,False,
task2_images,D:\Biology-AI\data\Task2_Attributes\images\000790.jpg,True,JPEG,RGB,True,6682,4441,0.0,255.0,100.55500793457031,57.85475158691406,False,False,False,
task2_images,D:\Biology-AI\data\Task2_Attributes\images\000791.jpg,True,JPEG,RGB,True,640,480,0.0,246.0,168.28395080566406,44.5922966003418,False,False,False,
task2_images,D:\Biology-AI\data\Task2_Attributes\images\000792.jpg,True,JPEG,RGB,True,3072,2304,0.0,255.0,149.05978393554688,33.91817092895508,False,False,False,
task2_images,D:\Biology-AI\data\Task2_Attributes\images\000793.jpg,True,JPEG,RGB,True,1024,768,14.0,255.0,198.5217742919922,43.40199661254883,False,False,False,
task2_images,D:\Biology-AI\data\Task2_Attributes\images\000794.jpg,True,JPEG,RGB,True,1024,768,36.0,255.0,206.76687622070312,35.138858795166016,False,False,False,
task2_images,D:\Biology-AI\data\Task2_Attributes\images\000795.jpg,True,JPEG,RGB,True,6662,4441,0.0,255.0,158.4630584716797,42.17624282836914,False,False,False,
task2_images,D:\Biology-AI\data\Task2_Attributes\images\000796.jpg,True,JPEG,RGB,True,962,674,0.0,255.0,149.0185546875,82.4833755493164,False,False,False,
task2_images,D:\Biology-AI\data\Task2_Attributes\images\000797.jpg,True,JPEG,RGB,True,3008,2000,0.0,249.0,172.90928649902344,24.479318618774414,False,False,False,
task2_images,D:\Biology-AI\data\Task2_Attributes\images\000798.jpg,True,JPEG,RGB,True,1024,768,20.0,241.0,176.0478057861328,52.73626708984375,False,False,False,
task2_images,D:\Biology-AI\data\Task2_Attributes\images\000799.jpg,True,JPEG,RGB,True,6641,4400,0.0,255.0,157.92649841308594,51.36835479736328,False,False,False,
task2_images,D:\Biology-AI\data\Task2_Attributes\images\000800.jpg,True,JPEG,RGB,True,3072,2304,21.0,247.0,169.58815002441406,50.13207244873047,False,False,False,
task2_images,D:\Biology-AI\data\Task2_Attributes\images\000801.jpg,True,JPEG,RGB,True,4288,2848,12.0,254.0,158.65733337402344,27.109582901000977,False,False,False,
task2_images,D:\Biology-AI\data\Task2_Attributes\images\000802.jpg,True,JPEG,RGB,True,1024,768,38.0,234.0,175.43397521972656,18.727144241333008,False,False,False,
task2_images,D:\Biology-AI\data\Task2_Attributes\images\000803.jpg,True,JPEG,RGB,True,1024,768,0.0,255.0,218.73455810546875,36.58293533325195,False,False,False,
task2_images,D:\Biology-AI\data\Task2_Attributes\images\000804.jpg,True,JPEG,RGB,True,3072,2304,21.0,255.0,168.5675048828125,35.46893310546875,False,False,False,
task2_images,D:\Biology-AI\data\Task2_Attributes\images\000805.jpg,True,JPEG,RGB,True,640,480,0.0,255.0,181.8498077392578,58.256744384765625,False,False,False,
task2_images,D:\Biology-AI\data\Task2_Attributes\images\000806.jpg,True,JPEG,RGB,True,4288,2848,56.0,236.0,164.257568359375,15.9157075881958,False,False,False,
task2_images,D:\Biology-AI\data\Task2_Attributes\images\000807.jpg,True,JPEG,RGB,True,3008,2000,0.0,253.0,148.33969116210938,23.46712875366211,False,False,False,
task2_images,D:\Biology-AI\data\Task2_Attributes\images\000808.jpg,True,JPEG,RGB,True,767,576,0.0,255.0,170.79571533203125,50.02687454223633,False,False,False,
task2_images,D:\Biology-AI\data\Task2_Attributes\images\000809.jpg,True,JPEG,RGB,True,640,480,0.0,246.0,117.88272857666016,47.04254150390625,False,False,False,
task2_images,D:\Biology-AI\data\Task2_Attributes\images\000810.jpg,True,JPEG,RGB,True,963,629,16.0,255.0,158.88308715820312,51.56900405883789,False,False,False,
task2_images,D:\Biology-AI\data\Task2_Attributes\images\000811.jpg,True,JPEG,RGB,True,2592,1936,1.0,255.0,179.6890411376953,41.24162292480469,False,False,False,
task2_images,D:\Biology-AI\data\Task2_Attributes\images\000812.jpg,True,JPEG,RGB,True,1024,768,22.0,252.0,170.93508911132812,24.57797622680664,False,False,False,
task2_images,D:\Biology-AI\data\Task2_Attributes\images\000813.jpg,True,JPEG,RGB,True,6661,4421,0.0,255.0,188.59857177734375,70.39167022705078,False,False,False,
task2_images,D:\Biology-AI\data\Task2_Attributes\images\000814.jpg,True,JPEG,RGB,True,3008,2000,27.0,250.0,184.15211486816406,24.916690826416016,False,False,False,
task2_images,D:\Biology-AI\data\Task2_Attributes\images\000815.jpg,True,JPEG,RGB,True,3072,2304,0.0,255.0,166.11376953125,26.90648078918457,False,False,False,
task2_images,D:\Biology-AI\data\Task2_Attributes\images\000816.jpg,True,JPEG,RGB,True,2592,1944,40.0,243.0,201.8268280029297,26.220121383666992,False,False,False,
task2_images,D:\Biology-AI\data\Task2_Attributes\images\000817.jpg,True,JPEG,RGB,True,3072,2304,1.0,255.0,186.59674072265625,30.069808959960938,False,False,False,
task2_images,D:\Biology-AI\data\Task2_Attributes\images\000818.jpg,True,JPEG,RGB,True,3008,2000,8.0,255.0,188.7278289794922,20.135316848754883,False,False,False,
task2_images,D:\Biology-AI\data\Task2_Attributes\images\000819.jpg,True,JPEG,RGB,True,1504,1129,0.0,255.0,157.84120178222656,47.459171295166016,False,False,False,
task2_images,D:\Biology-AI\data\Task2_Attributes\images\000820.jpg,True,JPEG,RGB,True,3008,2000,5.0,239.0,130.10130310058594,24.163799285888672,False,False,False,
task2_images,D:\Biology-AI\data\Task2_Attributes\images\000821.jpg,True,JPEG,RGB,True,4288,2848,25.0,237.0,132.31103515625,25.24559211730957,False,False,False,
task2_images,D:\Biology-AI\data\Task2_Attributes\images\000822.jpg,True,JPEG,RGB,True,1504,1129,0.0,255.0,161.53005981445312,47.17702102661133,False,False,False,
task2_images,D:\Biology-AI\data\Task2_Attributes\images\000823.jpg,True,JPEG,RGB,True,4288,2848,2.0,220.0,119.96311950683594,20.24782943725586,False,False,False,
task2_images,D:\Biology-AI\data\Task2_Attributes\images\000824.jpg,True,JPEG,RGB,True,3008,2000,0.0,255.0,136.94847106933594,24.923141479492188,False,False,False,
task2_images,D:\Biology-AI\data\Task2_Attributes\images\000825.jpg,True,JPEG,RGB,True,3008,2000,8.0,255.0,116.1878433227539,42.34830856323242,False,False,False,
task2_images,D:\Biology-AI\data\Task2_Attributes\images\000826.jpg,True,JPEG,RGB,True,3008,2000,13.0,255.0,180.51052856445312,24.88871192932129,False,False,False,
task2_images,D:\Biology-AI\data\Task2_Attributes\images\000827.jpg,True,JPEG,RGB,True,6642,4401,0.0,255.0,160.2479705810547,43.78074264526367,False,False,False,
task2_images,D:\Biology-AI\data\Task2_Attributes\images\000828.jpg,True,JPEG,RGB,True,6668,4439,0.0,255.0,184.05210876464844,48.32511901855469,False,False,False,
task2_images,D:\Biology-AI\data\Task2_Attributes\images\000829.jpg,True,JPEG,RGB,True,6628,4419,0.0,255.0,118.60782623291016,60.7856330871582,False,False,False,
task2_images,D:\Biology-AI\data\Task2_Attributes\images\000830.jpg,True,JPEG,RGB,True,1022,767,25.0,255.0,176.67298889160156,73.13526153564453,False,False,False,
task2_images,D:\Biology-AI\data\Task2_Attributes\images\000831.jpg,True,JPEG,RGB,True,3072,2304,0.0,189.0,130.93333435058594,37.47529983520508,False,False,False,
task2_images,D:\Biology-AI\data\Task2_Attributes\images\000832.jpg,True,JPEG,RGB,True,4288,2848,26.0,251.0,157.2463836669922,13.331422805786133,False,False,False,
task2_images,D:\Biology-AI\data\Task2_Attributes\images\000833.jpg,True,JPEG,RGB,True,640,480,0.0,255.0,170.83299255371094,49.75358200073242,False,False,False,
task2_images,D:\Biology-AI\data\Task2_Attributes\images\000834.jpg,True,JPEG,RGB,True,3008,2000,11.0,252.0,188.938720703125,19.984617233276367,False,False,False,
task2_images,D:\Biology-AI\data\Task2_Attributes\images\000835.jpg,True,JPEG,RGB,True,6648,4439,0.0,255.0,144.6350555419922,36.01362228393555,False,False,False,
task2_images,D:\Biology-AI\data\Task2_Attributes\images\000836.jpg,True,JPEG,RGB,True,1007,711,0.0,255.0,153.0398712158203,44.062713623046875,False,False,False,
task2_images,D:\Biology-AI\data\Task2_Attributes\images\000837.jpg,True,JPEG,RGB,True,3872,2592,9.0,245.0,142.72122192382812,22.721004486083984,False,False,False,
task2_images,D:\Biology-AI\data\Task2_Attributes\images\000838.jpg,True,JPEG,RGB,True,3008,2000,8.0,255.0,189.57501220703125,28.845848083496094,False,False,False,
task2_images,D:\Biology-AI\data\Task2_Attributes\images\000839.jpg,True,JPEG,RGB,True,6621,4420,0.0,255.0,159.02651977539062,50.04015350341797,False,False,False,
task2_images,D:\Biology-AI\data\Task2_Attributes\images\000840.jpg,True,JPEG,RGB,True,4288,2848,6.0,255.0,132.14447021484375,21.080480575561523,False,False,False,
task2_images,D:\Biology-AI\data\Task2_Attributes\images\000841.jpg,True,JPEG,RGB,True,1024,768,0.0,239.0,134.13043212890625,23.017494201660156,False,False,False,
task2_images,D:\Biology-AI\data\Task2_Attributes\images\000842.jpg,True,JPEG,RGB,True,4288,2848,6.0,255.0,136.80569458007812,25.128318786621094,False,False,False,
task2_images,D:\Biology-AI\data\Task2_Attributes\images\000843.jpg,True,JPEG,RGB,True,4288,2848,18.0,205.0,133.9610137939453,8.543000221252441,False,False,False,
task2_images,D:\Biology-AI\data\Task2_Attributes\images\000844.jpg,True,JPEG,RGB,True,1024,768,17.0,255.0,185.0752716064453,60.80595016479492,False,False,False,
task2_images,D:\Biology-AI\data\Task2_Attributes\images\000845.jpg,True,JPEG,RGB,True,4288,2848,16.0,255.0,167.11441040039062,20.264612197875977,False,False,False,
task2_images,D:\Biology-AI\data\Task2_Attributes\images\000846.jpg,True,JPEG,RGB,True,1028,753,3.0,255.0,191.27072143554688,30.256404876708984,False,False,False,
task2_images,D:\Biology-AI\data\Task2_Attributes\images\000847.jpg,True,JPEG,RGB,True,4288,2848,11.0,246.0,131.59439086914062,33.69189453125,False,False,False,
task2_images,D:\Biology-AI\data\Task2_Attributes\images\000848.jpg,True,JPEG,RGB,True,1024,768,48.0,244.0,200.65435791015625,16.38776969909668,False,False,False,
task2_images,D:\Biology-AI\data\Task2_Attributes\images\000849.jpg,True,JPEG,RGB,True,4288,2848,15.0,255.0,145.09519958496094,37.39448928833008,False,False,False,
task2_images,D:\Biology-AI\data\Task2_Attributes\images\000850.jpg,True,JPEG,RGB,True,1024,768,4.0,255.0,145.53160095214844,38.388267517089844,False,False,False,
task2_images,D:\Biology-AI\data\Task2_Attributes\images\000851.jpg,True,JPEG,RGB,True,4288,2848,29.0,231.0,130.22084045410156,22.93128776550293,False,False,False,
task2_images,D:\Biology-AI\data\Task2_Attributes\images\000852.jpg,True,JPEG,RGB,True,3024,2016,0.0,255.0,129.3142547607422,40.29880905151367,False,False,False,
task2_images,D:\Biology-AI\data\Task2_Attributes\images\000853.jpg,True,JPEG,RGB,True,919,802,0.0,255.0,154.22108459472656,34.4973030090332,False,False,False,
task2_images,D:\Biology-AI\data\Task2_Attributes\images\000854.jpg,True,JPEG,RGB,True,3024,2016,10.0,255.0,134.62844848632812,26.837257385253906,False,False,False,
task2_images,D:\Biology-AI\data\Task2_Attributes\images\000855.jpg,True,JPEG,RGB,True,1024,768,8.0,236.0,165.50868225097656,44.037925720214844,False,False,False,
task2_images,D:\Biology-AI\data\Task2_Attributes\images\000856.jpg,True,JPEG,RGB,True,4288,2848,10.0,255.0,156.04519653320312,29.894893646240234,False,False,False,
task2_images,D:\Biology-AI\data\Task2_Attributes\images\000857.jpg,True,JPEG,RGB,True,3008,2000,0.0,255.0,142.0611114501953,33.454715728759766,False,False,False,
task2_images,D:\Biology-AI\data\Task2_Attributes\images\000858.jpg,True,JPEG,RGB,True,3008,2000,6.0,255.0,132.3372802734375,27.197750091552734,False,False,False,
task2_images,D:\Biology-AI\data\Task2_Attributes\images\000859.jpg,True,JPEG,RGB,True,1504,1129,0.0,255.0,148.13551330566406,26.494693756103516,False,False,False,
task2_images,D:\Biology-AI\data\Task2_Attributes\images\000860.jpg,True,JPEG,RGB,True,1024,768,40.0,255.0,143.81365966796875,33.956966400146484,False,False,False,
task2_images,D:\Biology-AI\data\Task2_Attributes\images\000861.jpg,True,JPEG,RGB,True,6688,4439,0.0,255.0,183.5860137939453,59.0183219909668,False,False,False,
task2_images,D:\Biology-AI\data\Task2_Attributes\images\000862.jpg,True,JPEG,RGB,True,1024,768,0.0,255.0,170.02761840820312,38.37827682495117,False,False,False,
task2_images,D:\Biology-AI\data\Task2_Attributes\images\000863.jpg,True,JPEG,RGB,True,576,768,0.0,194.0,141.7414093017578,39.05000305175781,False,False,False,
task2_images,D:\Biology-AI\data\Task2_Attributes\images\000864.jpg,True,JPEG,RGB,True,4288,2848,13.0,255.0,137.64100646972656,25.548282623291016,False,False,False,
task2_images,D:\Biology-AI\data\Task2_Attributes\images\000865.jpg,True,JPEG,RGB,True,3072,2304,1.0,255.0,141.05760192871094,30.717947006225586,False,False,False,
task2_images,D:\Biology-AI\data\Task2_Attributes\images\000866.jpg,True,JPEG,RGB,True,3008,2000,19.0,255.0,160.17872619628906,36.612510681152344,False,False,False,
task2_images,D:\Biology-AI\data\Task2_Attributes\images\000867.jpg,True,JPEG,RGB,True,2304,1536,0.0,255.0,195.17449951171875,30.136320114135742,False,False,False,
task2_images,D:\Biology-AI\data\Task2_Attributes\images\000868.jpg,True,JPEG,RGB,True,6620,4380,0.0,255.0,129.37481689453125,53.06888961791992,False,False,False,
task2_images,D:\Biology-AI\data\Task2_Attributes\images\000869.jpg,True,JPEG,RGB,True,1502,1051,0.0,255.0,136.07760620117188,70.28515625,False,False,False,
task2_images,D:\Biology-AI\data\Task2_Attributes\images\000870.jpg,True,JPEG,RGB,True,2592,1944,5.0,215.0,152.2023468017578,21.385311126708984,False,False,False,
task2_images,D:\Biology-AI\data\Task2_Attributes\images\000871.jpg,True,JPEG,RGB,True,3072,2304,0.0,255.0,100.61151123046875,74.05118560791016,False,False,False,
task2_images,D:\Biology-AI\data\Task2_Attributes\images\000872.jpg,True,JPEG,RGB,True,1024,768,7.0,255.0,171.56141662597656,32.234188079833984,False,False,False,
task2_images,D:\Biology-AI\data\Task2_Attributes\images\000873.jpg,True,JPEG,RGB,True,3008,2000,14.0,248.0,190.12693786621094,23.552310943603516,False,False,False,
task2_images,D:\Biology-AI\data\Task2_Attributes\images\000874.jpg,True,JPEG,RGB,True,3024,2016,0.0,255.0,155.38267517089844,27.921669006347656,False,False,False,
task2_images,D:\Biology-AI\data\Task2_Attributes\images\000875.jpg,True,JPEG,RGB,True,640,480,0.0,226.0,86.00892639160156,64.33618927001953,False,False,False,
task2_images,D:\Biology-AI\data\Task2_Attributes\images\000876.jpg,True,JPEG,RGB,True,4288,2848,10.0,255.0,158.9309844970703,23.012311935424805,False,False,False,
task2_images,D:\Biology-AI\data\Task2_Attributes\images\000877.jpg,True,JPEG,RGB,True,3072,2304,0.0,255.0,142.57138061523438,49.87116622924805,False,False,False,
task2_images,D:\Biology-AI\data\Task2_Attributes\images\000878.jpg,True,JPEG,RGB,True,919,802,2.0,192.0,140.2608184814453,41.21022033691406,False,False,False,
task2_images,D:\Biology-AI\data\Task2_Attributes\images\000879.jpg,True,JPEG,RGB,True,3072,2304,1.0,255.0,182.39796447753906,40.2868537902832,False,False,False,
task2_images,D:\Biology-AI\data\Task2_Attributes\images\000880.jpg,True,JPEG,RGB,True,3008,2000,0.0,232.0,135.45848083496094,14.023409843444824,False,False,False,
task2_images,D:\Biology-AI\data\Task2_Attributes\images\000881.jpg,True,JPEG,RGB,True,3008,2000,10.0,255.0,132.4695587158203,28.097108840942383,False,False,False,
task2_images,D:\Biology-AI\data\Task2_Attributes\images\000882.jpg,True,JPEG,RGB,True,3008,2000,3.0,209.0,106.0069808959961,31.965782165527344,False,False,False,
task2_images,D:\Biology-AI\data\Task2_Attributes\images\000883.jpg,True,JPEG,RGB,True,1011,713,0.0,255.0,161.45289611816406,40.738929748535156,False,False,False,
task2_images,D:\Biology-AI\data\Task2_Attributes\images\000884.jpg,True,JPEG,RGB,True,640,480,0.0,254.0,156.47386169433594,42.94380187988281,False,False,False,
task2_images,D:\Biology-AI\data\Task2_Attributes\images\000885.jpg,True,JPEG,RGB,True,3072,2304,2.0,255.0,158.62940979003906,41.28196334838867,False,False,False,
task2_images,D:\Biology-AI\data\Task2_Attributes\images\000886.jpg,True,JPEG,RGB,True,1024,768,11.0,236.0,176.7461700439453,34.60072326660156,False,False,False,
task2_images,D:\Biology-AI\data\Task2_Attributes\images\000887.jpg,True,JPEG,RGB,True,3872,2592,5.0,242.0,142.985595703125,23.811511993408203,False,False,False,
task2_images,D:\Biology-AI\data\Task2_Attributes\images\000888.jpg,True,JPEG,RGB,True,3008,2000,3.0,209.0,146.88941955566406,19.05414390563965,False,False,False,
task2_images,D:\Biology-AI\data\Task2_Attributes\images\000889.jpg,True,JPEG,RGB,True,3008,2000,10.0,255.0,159.94493103027344,32.66835403442383,False,False,False,
task2_images,D:\Biology-AI\data\Task2_Attributes\images\000890.jpg,True,JPEG,RGB,True,3072,2304,13.0,241.0,148.78924560546875,43.66130447387695,False,False,False,
task2_images,D:\Biology-AI\data\Task2_Attributes\images\000891.jpg,True,JPEG,RGB,True,4288,2848,6.0,255.0,144.82838439941406,18.581945419311523,False,False,False,
task2_images,D:\Biology-AI\data\Task2_Attributes\images\000892.jpg,True,JPEG,RGB,True,767,576,0.0,255.0,183.4547576904297,57.385520935058594,False,False,False,
task2_images,D:\Biology-AI\data\Task2_Attributes\images\000893.jpg,True,JPEG,RGB,True,3072,2304,6.0,255.0,173.52418518066406,34.506752014160156,False,False,False,
task2_images,D:\Biology-AI\data\Task2_Attributes\images\000894.jpg,True,JPEG,RGB,True,4288,2848,12.0,255.0,143.79766845703125,26.86729621887207,False,False,False,
task2_images,D:\Biology-AI\data\Task2_Attributes\images\000895.jpg,True,JPEG,RGB,True,6600,4401,0.0,255.0,126.77725219726562,60.41056442260742,False,False,False,
task2_images,D:\Biology-AI\data\Task2_Attributes\images\000896.jpg,True,JPEG,RGB,True,1504,1129,0.0,255.0,155.26182556152344,51.17361068725586,False,False,False,
task2_images,D:\Biology-AI\data\Task2_Attributes\images\000897.jpg,True,JPEG,RGB,True,4288,2848,0.0,255.0,143.5078125,49.80533218383789,False,False,False,
task2_images,D:\Biology-AI\data\Task2_Attributes\images\000898.jpg,True,JPEG,RGB,True,1022,767,0.0,255.0,148.52627563476562,41.36521911621094,False,False,False,
task2_images,D:\Biology-AI\data\Task2_Attributes\images\000899.jpg,True,JPEG,RGB,True,6601,4401,0.0,255.0,109.37480926513672,53.89003372192383,False,False,False,
task2_images,D:\Biology-AI\data\Task2_Attributes\images\000900.jpg,True,JPEG,RGB,True,3072,2304,5.0,230.0,157.44931030273438,39.7631950378418,False,False,False,
task2_images,D:\Biology-AI\data\Task2_Attributes\images\000901.jpg,True,JPEG,RGB,True,919,802,0.0,240.0,161.890869140625,35.224971771240234,False,False,False,
task2_images,D:\Biology-AI\data\Task2_Attributes\images\000902.jpg,True,JPEG,RGB,True,1504,1129,0.0,255.0,166.785400390625,26.41629981994629,False,False,False,
task2_images,D:\Biology-AI\data\Task2_Attributes\images\000903.jpg,True,JPEG,RGB,True,3072,2304,0.0,255.0,158.39349365234375,55.76818084716797,False,False,False,
task2_images,D:\Biology-AI\data\Task2_Attributes\images\000904.jpg,True,JPEG,RGB,True,1024,768,7.0,245.0,159.58631896972656,45.718727111816406,False,False,False,
task2_images,D:\Biology-AI\data\Task2_Attributes\images\000905.jpg,True,JPEG,RGB,True,6688,4439,0.0,255.0,175.4577178955078,38.06630325317383,False,False,False,
task2_images,D:\Biology-AI\data\Task2_Attributes\images\000906.jpg,True,JPEG,RGB,True,3072,2304,3.0,255.0,115.86998748779297,66.78964233398438,False,False,False,
task2_images,D:\Biology-AI\data\Task2_Attributes\images\000907.jpg,True,JPEG,RGB,True,4288,2848,24.0,225.0,144.05894470214844,22.60342788696289,False,False,False,
task2_images,D:\Biology-AI\data\Task2_Attributes\images\000908.jpg,True,JPEG,RGB,True,3072,2304,0.0,255.0,164.73519897460938,27.417266845703125,False,False,False,
task2_images,D:\Biology-AI\data\Task2_Attributes\images\000909.jpg,True,JPEG,RGB,True,6642,4422,0.0,255.0,172.94552612304688,62.87664794921875,False,False,False,
task2_images,D:\Biology-AI\data\Task2_Attributes\images\000910.jpg,True,JPEG,RGB,True,6708,4439,0.0,255.0,140.8660430908203,60.71172332763672,False,False,False,
task2_images,D:\Biology-AI\data\Task2_Attributes\images\000911.jpg,True,JPEG,RGB,True,3072,2304,6.0,231.0,122.3525161743164,36.4233283996582,False,False,False,
task2_images,D:\Biology-AI\data\Task2_Attributes\images\000912.jpg,True,JPEG,RGB,True,3008,2000,21.0,242.0,153.7900390625,14.745146751403809,False,False,False,
task2_images,D:\Biology-AI\data\Task2_Attributes\images\000913.jpg,True,JPEG,RGB,True,2048,1536,19.0,255.0,164.5347442626953,49.16990280151367,False,False,False,
task2_images,D:\Biology-AI\data\Task2_Attributes\images\000914.jpg,True,JPEG,RGB,True,1024,768,4.0,250.0,131.80625915527344,35.90629577636719,False,False,False,
task2_images,D:\Biology-AI\data\Task2_Attributes\images\000915.jpg,True,JPEG,RGB,True,1474,1028,0.0,245.0,165.09388732910156,23.788305282592773,False,False,False,
task2_images,D:\Biology-AI\data\Task2_Attributes\images\000916.jpg,True,JPEG,RGB,True,640,480,0.0,230.0,134.7750244140625,42.27493667602539,False,False,False,
task2_images,D:\Biology-AI\data\Task2_Attributes\images\000917.jpg,True,JPEG,RGB,True,2048,1536,17.0,255.0,190.60247802734375,51.51177215576172,False,False,False,
task2_images,D:\Biology-AI\data\Task2_Attributes\images\000918.jpg,True,JPEG,RGB,True,1504,1129,0.0,255.0,166.30064392089844,63.0748176574707,False,False,False,
task2_images,D:\Biology-AI\data\Task2_Attributes\images\000919.jpg,True,JPEG,RGB,True,4288,2848,11.0,248.0,158.83651733398438,18.273284912109375,False,False,False,
task2_images,D:\Biology-AI\data\Task2_Attributes\images\000920.jpg,True,JPEG,RGB,True,1024,768,50.0,255.0,201.92543029785156,41.63848876953125,False,False,False,
task2_images,D:\Biology-AI\data\Task2_Attributes\images\000921.jpg,True,JPEG,RGB,True,1024,768,8.0,255.0,141.94158935546875,31.498271942138672,False,False,False,
task2_images,D:\Biology-AI\data\Task2_Attributes\images\000922.jpg,True,JPEG,RGB,True,3008,2000,6.0,255.0,139.75640869140625,36.171104431152344,False,False,False,
task2_images,D:\Biology-AI\data\Task2_Attributes\images\000923.jpg,True,JPEG,RGB,True,2048,1536,0.0,243.0,163.82542419433594,45.15198516845703,False,False,False,
task2_images,D:\Biology-AI\data\Task2_Attributes\images\000924.jpg,True,JPEG,RGB,True,6648,4439,0.0,255.0,155.50437927246094,58.082069396972656,False,False,False,
task2_images,D:\Biology-AI\data\Task2_Attributes\images\000925.jpg,True,JPEG,RGB,True,640,480,0.0,249.0,124.0033187866211,66.75982666015625,False,False,False,
task2_images,D:\Biology-AI\data\Task2_Attributes\images\000926.jpg,True,JPEG,RGB,True,6608,4419,0.0,255.0,133.0811767578125,56.52447509765625,False,False,False,
task2_images,D:\Biology-AI\data\Task2_Attributes\images\000927.jpg,True,JPEG,RGB,True,2592,1944,12.0,236.0,182.63433837890625,27.82360076904297,False,False,False,
task2_images,D:\Biology-AI\data\Task2_Attributes\images\000928.jpg,True,JPEG,RGB,True,640,480,0.0,227.0,137.37060546875,41.76001739501953,False,False,False,
task2_images,D:\Biology-AI\data\Task2_Attributes\images\000929.jpg,True,JPEG,RGB,True,640,480,0.0,218.0,96.87128448486328,42.88762664794922,False,False,False,
task2_images,D:\Biology-AI\data\Task2_Attributes\images\000930.jpg,True,JPEG,RGB,True,4288,2848,1.0,255.0,121.43235778808594,16.26350975036621,False,False,False,
task2_images,D:\Biology-AI\data\Task2_Attributes\images\000931.jpg,True,JPEG,RGB,True,6622,4421,0.0,255.0,150.10113525390625,55.79117202758789,False,False,False,
task2_images,D:\Biology-AI\data\Task2_Attributes\images\000932.jpg,True,JPEG,RGB,True,3024,2016,0.0,255.0,138.62290954589844,41.1008415222168,False,False,False,
task2_images,D:\Biology-AI\data\Task2_Attributes\images\000933.jpg,True,JPEG,RGB,True,6668,4459,0.0,255.0,164.8059539794922,65.79492950439453,False,False,False,
task2_images,D:\Biology-AI\data\Task2_Attributes\images\000934.jpg,True,JPEG,RGB,True,640,480,0.0,255.0,146.2820587158203,57.04241180419922,False,False,False,
task2_images,D:\Biology-AI\data\Task2_Attributes\images\000935.jpg,True,JPEG,RGB,True,1024,768,5.0,237.0,161.943115234375,35.177249908447266,False,False,False,
task2_images,D:\Biology-AI\data\Task2_Attributes\images\000936.jpg,True,JPEG,RGB,True,2048,1536,0.0,255.0,165.28114318847656,34.246742248535156,False,False,False,
task2_images,D:\Biology-AI\data\Task2_Attributes\images\000937.jpg,True,JPEG,RGB,True,824,719,0.0,235.0,158.29542541503906,39.569515228271484,False,False,False,
task2_images,D:\Biology-AI\data\Task2_Attributes\images\000938.jpg,True,JPEG,RGB,True,6621,4411,0.0,255.0,120.47490692138672,50.75380325317383,False,False,False,
task2_images,D:\Biology-AI\data\Task2_Attributes\images\000939.jpg,True,JPEG,RGB,True,1024,768,0.0,244.0,129.04356384277344,23.03162956237793,False,False,False,
task2_images,D:\Biology-AI\data\Task2_Attributes\images\000940.jpg,True,JPEG,RGB,True,640,480,0.0,255.0,140.84132385253906,57.903175354003906,False,False,False,
task2_images,D:\Biology-AI\data\Task2_Attributes\images\000941.jpg,True,JPEG,RGB,True,640,480,0.0,255.0,135.7417755126953,64.90402221679688,False,False,False,
task2_images,D:\Biology-AI\data\Task2_Attributes\images\000942.jpg,True,JPEG,RGB,True,3008,2000,3.0,228.0,111.08966064453125,28.777587890625,False,False,False,
task2_images,D:\Biology-AI\data\Task2_Attributes\images\000943.jpg,True,JPEG,RGB,True,3024,2016,0.0,255.0,134.63137817382812,40.936161041259766,False,False,False,
task2_images,D:\Biology-AI\data\Task2_Attributes\images\000944.jpg,True,JPEG,RGB,True,1024,768,18.0,241.0,129.87387084960938,20.67521858215332,False,False,False,
task2_images,D:\Biology-AI\data\Task2_Attributes\images\000945.jpg,True,JPEG,RGB,True,6668,4439,0.0,255.0,123.92650604248047,59.65214157104492,False,False,False,
task2_images,D:\Biology-AI\data\Task2_Attributes\images\000946.jpg,True,JPEG,RGB,True,6668,4459,0.0,255.0,140.3617706298828,45.2430534362793,False,False,False,
task2_images,D:\Biology-AI\data\Task2_Attributes\images\000947.jpg,True,JPEG,RGB,True,6661,4441,0.0,255.0,143.60623168945312,63.81886672973633,False,False,False,
task2_images,D:\Biology-AI\data\Task2_Attributes\images\000948.jpg,True,JPEG,RGB,True,6682,4401,0.0,255.0,187.6998291015625,51.50743103027344,False,False,False,
task2_images,D:\Biology-AI\data\Task2_Attributes\images\000949.jpg,True,JPEG,RGB,True,3072,2304,8.0,212.0,150.97923278808594,24.56610107421875,False,False,False,
task2_images,D:\Biology-AI\data\Task2_Attributes\images\000950.jpg,True,JPEG,RGB,True,3072,2304,3.0,255.0,198.48475646972656,30.963321685791016,False,False,False,
task2_images,D:\Biology-AI\data\Task2_Attributes\images\000951.jpg,True,JPEG,RGB,True,2048,1536,0.0,255.0,156.31141662597656,51.74754333496094,False,False,False,
task2_images,D:\Biology-AI\data\Task2_Attributes\images\000952.jpg,True,JPEG,RGB,True,4288,2848,12.0,255.0,132.18231201171875,23.009952545166016,False,False,False,
task2_images,D:\Biology-AI\data\Task2_Attributes\images\000953.jpg,True,JPEG,RGB,True,1024,768,29.0,255.0,206.23831176757812,27.124814987182617,False,False,False,
task2_images,D:\Biology-AI\data\Task2_Attributes\images\000954.jpg,True,JPEG,RGB,True,1901,1933,0.0,255.0,145.21044921875,53.961055755615234,False,False,False,
task2_images,D:\Biology-AI\data\Task2_Attributes\images\000955.jpg,True,JPEG,RGB,True,6607,4399,0.0,255.0,180.70623779296875,53.46934509277344,False,False,False,
task2_images,D:\Biology-AI\data\Task2_Attributes\images\000956.jpg,True,JPEG,RGB,True,1227,1149,4.0,213.0,140.02093505859375,42.358558654785156,False,False,False,
task2_images,D:\Biology-AI\data\Task2_Attributes\images\000957.jpg,True,JPEG,RGB,True,4288,2848,0.0,255.0,172.16537475585938,43.70404052734375,False,False,False,
task2_images,D:\Biology-AI\data\Task2_Attributes\images\000958.jpg,True,JPEG,RGB,True,824,719,0.0,233.0,167.40493774414062,48.70696258544922,False,False,False,
task2_images,D:\Biology-AI\data\Task2_Attributes\images\000959.jpg,True,JPEG,RGB,True,6668,4439,0.0,255.0,131.40074157714844,62.226844787597656,False,False,False,
task2_images,D:\Biology-AI\data\Task2_Attributes\images\000960.jpg,True,JPEG,RGB,True,2592,1944,21.0,229.0,166.75054931640625,31.006696701049805,False,False,False,
task2_images,D:\Biology-AI\data\Task2_Attributes\images\000961.jpg,True,JPEG,RGB,True,4288,2848,1.0,225.0,114.72305297851562,20.7435359954834,False,False,False,
task2_images,D:\Biology-AI\data\Task2_Attributes\images\000962.jpg,True,JPEG,RGB,True,3008,2000,14.0,255.0,180.1063232421875,32.978084564208984,False,False,False,
task2_images,D:\Biology-AI\data\Task2_Attributes\images\000963.jpg,True,JPEG,RGB,True,3872,2592,8.0,249.0,151.25262451171875,17.562868118286133,False,False,False,
task2_images,D:\Biology-AI\data\Task2_Attributes\images\000964.jpg,True,JPEG,RGB,True,6668,4439,0.0,255.0,174.66610717773438,32.90789794921875,False,False,False,
task2_images,D:\Biology-AI\data\Task2_Attributes\images\000965.jpg,True,JPEG,RGB,True,4288,2848,34.0,239.0,144.98599243164062,38.42018508911133,False,False,False,
task2_images,D:\Biology-AI\data\Task2_Attributes\images\000966.jpg,True,JPEG,RGB,True,1024,768,9.0,255.0,179.29421997070312,60.93794631958008,False,False,False,
task2_images,D:\Biology-AI\data\Task2_Attributes\images\000967.jpg,True,JPEG,RGB,True,640,480,0.0,217.0,111.49911499023438,43.43012237548828,False,False,False,
task2_images,D:\Biology-AI\data\Task2_Attributes\images\000968.jpg,True,JPEG,RGB,True,1024,768,0.0,255.0,182.91033935546875,28.804271697998047,False,False,False,
task2_images,D:\Biology-AI\data\Task2_Attributes\images\000969.jpg,True,JPEG,RGB,True,1024,768,12.0,233.0,173.32113647460938,41.34404373168945,False,False,False,
task2_images,D:\Biology-AI\data\Task2_Attributes\images\000970.jpg,True,JPEG,RGB,True,4288,2848,8.0,255.0,127.59461212158203,37.05611801147461,False,False,False,
task2_images,D:\Biology-AI\data\Task2_Attributes\images\000971.jpg,True,JPEG,RGB,True,1024,768,34.0,233.0,162.57408142089844,17.495067596435547,False,False,False,
task2_images,D:\Biology-AI\data\Task2_Attributes\images\000972.jpg,True,JPEG,RGB,True,3072,2304,0.0,255.0,147.8541717529297,35.10224151611328,False,False,False,
task2_images,D:\Biology-AI\data\Task2_Attributes\images\000973.jpg,True,JPEG,RGB,True,1024,768,0.0,253.0,154.73008728027344,32.16346740722656,False,False,False,
task2_images,D:\Biology-AI\data\Task2_Attributes\images\000974.jpg,True,JPEG,RGB,True,3008,2000,7.0,250.0,142.53717041015625,18.741432189941406,False,False,False,
task2_images,D:\Biology-AI\data\Task2_Attributes\images\000975.jpg,True,JPEG,RGB,True,1024,768,23.0,255.0,183.1217041015625,34.12456512451172,False,False,False,
task2_images,D:\Biology-AI\data\Task2_Attributes\images\000976.jpg,True,JPEG,RGB,True,1658,1440,42.0,255.0,159.57313537597656,38.14531326293945,False,False,False,
task2_images,D:\Biology-AI\data\Task2_Attributes\images\000977.jpg,True,JPEG,RGB,True,1024,768,0.0,250.0,159.75758361816406,31.596282958984375,False,False,False,
task2_images,D:\Biology-AI\data\Task2_Attributes\images\000978.jpg,True,JPEG,RGB,True,3072,2304,0.0,255.0,153.6807403564453,46.220794677734375,False,False,False,
task2_images,D:\Biology-AI\data\Task2_Attributes\images\000979.jpg,True,JPEG,RGB,True,3008,2000,11.0,255.0,152.35147094726562,27.347116470336914,False,False,False,
task2_images,D:\Biology-AI\data\Task2_Attributes\images\000980.jpg,True,JPEG,RGB,True,640,480,0.0,255.0,119.66456604003906,47.37550354003906,False,False,False,
task2_images,D:\Biology-AI\data\Task2_Attributes\images\000981.jpg,True,JPEG,RGB,True,4288,2848,24.0,255.0,168.41366577148438,37.30263137817383,False,False,False,
task2_images,D:\Biology-AI\data\Task2_Attributes\images\000982.jpg,True,JPEG,RGB,True,6622,4421,0.0,255.0,146.20513916015625,54.84374237060547,False,False,False,
task2_images,D:\Biology-AI\data\Task2_Attributes\images\000983.jpg,True,JPEG,RGB,True,4288,2848,4.0,253.0,138.47372436523438,21.839374542236328,False,False,False,
task2_images,D:\Biology-AI\data\Task2_Attributes\images\000984.jpg,True,JPEG,RGB,True,640,480,0.0,255.0,124.81350708007812,55.841426849365234,False,False,False,
task2_images,D:\Biology-AI\data\Task2_Attributes\images\000985.jpg,True,JPEG,RGB,True,3072,2304,7.0,207.0,131.1648712158203,34.59384536743164,False,False,False,
task2_images,D:\Biology-AI\data\Task2_Attributes\images\000986.jpg,True,JPEG,RGB,True,640,480,0.0,215.0,105.95519256591797,43.88445281982422,False,False,False,
task2_images,D:\Biology-AI\data\Task2_Attributes\images\000987.jpg,True,JPEG,RGB,True,640,480,0.0,254.0,155.53268432617188,48.18988037109375,False,False,False,
task2_images,D:\Biology-AI\data\Task2_Attributes\images\000988.jpg,True,JPEG,RGB,True,1024,768,0.0,212.0,147.02418518066406,46.02037048339844,False,False,False,
task2_images,D:\Biology-AI\data\Task2_Attributes\images\000989.jpg,True,JPEG,RGB,True,4288,2848,0.0,255.0,151.1865997314453,46.27720260620117,False,False,False,
task2_images,D:\Biology-AI\data\Task2_Attributes\images\000990.jpg,True,JPEG,RGB,True,919,802,1.0,174.0,141.2987823486328,30.188570022583008,False,False,False,
task2_images,D:\Biology-AI\data\Task2_Attributes\images\000991.jpg,True,JPEG,RGB,True,1024,768,2.0,240.0,173.92723083496094,36.001953125,False,False,False,
task2_images,D:\Biology-AI\data\Task2_Attributes\images\000992.jpg,True,JPEG,RGB,True,4288,2848,16.0,227.0,124.36116027832031,24.611963272094727,False,False,False,
task2_images,D:\Biology-AI\data\Task2_Attributes\images\000993.jpg,True,JPEG,RGB,True,3072,2304,0.0,255.0,137.40576171875,27.274206161499023,False,False,False,
task2_images,D:\Biology-AI\data\Task2_Attributes\images\000994.jpg,True,JPEG,RGB,True,3008,2000,11.0,255.0,185.41708374023438,24.369102478027344,False,False,False,
task2_images,D:\Biology-AI\data\Task2_Attributes\images\000995.jpg,True,JPEG,RGB,True,2048,1536,0.0,255.0,146.75938415527344,43.11455154418945,False,False,False,
task2_images,D:\Biology-AI\data\Task2_Attributes\images\000996.jpg,True,JPEG,RGB,True,1024,768,0.0,237.0,148.29611206054688,30.698740005493164,False,False,False,
task2_images,D:\Biology-AI\data\Task2_Attributes\images\000997.jpg,True,JPEG,RGB,True,767,576,0.0,255.0,163.42518615722656,57.946372985839844,False,False,False,
task2_images,D:\Biology-AI\data\Task2_Attributes\images\000998.jpg,True,JPEG,RGB,True,6661,4421,0.0,255.0,88.24993896484375,45.4500732421875,False,False,False,
task2_images,D:\Biology-AI\data\Task2_Attributes\images\000999.jpg,True,JPEG,RGB,True,4288,2848,5.0,255.0,127.71550750732422,20.34315299987793,False,False,False,
task2_images,D:\Biology-AI\data\Task2_Attributes\images\001000.jpg,True,JPEG,RGB,True,3872,2592,11.0,255.0,203.462890625,26.919021606445312,False,False,False,
task2_images,D:\Biology-AI\data\Task2_Attributes\images\001001.jpg,True,JPEG,RGB,True,1024,768,25.0,240.0,151.18646240234375,20.0361270904541,False,False,False,
task2_images,D:\Biology-AI\data\Task2_Attributes\images\001002.jpg,True,JPEG,RGB,True,4288,2848,22.0,255.0,149.72659301757812,26.026063919067383,False,False,False,
task2_images,D:\Biology-AI\data\Task2_Attributes\images\001003.jpg,True,JPEG,RGB,True,3024,2016,0.0,255.0,147.9695281982422,21.389385223388672,False,False,False,
task2_images,D:\Biology-AI\data\Task2_Attributes\images\001004.jpg,True,JPEG,RGB,True,1024,768,0.0,237.0,155.21707153320312,29.67437744140625,False,False,False,
task2_images,D:\Biology-AI\data\Task2_Attributes\images\001005.jpg,True,JPEG,RGB,True,919,802,17.0,229.0,171.02413940429688,33.449344635009766,False,False,False,
task2_images,D:\Biology-AI\data\Task2_Attributes\images\001006.jpg,True,JPEG,RGB,True,3872,2592,47.0,255.0,206.4637908935547,25.875905990600586,False,False,False,
task2_images,D:\Biology-AI\data\Task2_Attributes\images\001007.jpg,True,JPEG,RGB,True,3072,2304,0.0,202.0,139.53643798828125,38.19241714477539,False,False,False,
task2_images,D:\Biology-AI\data\Task2_Attributes\images\001008.jpg,True,JPEG,RGB,True,6648,4439,0.0,255.0,139.29708862304688,58.98728942871094,False,False,False,
task2_images,D:\Biology-AI\data\Task2_Attributes\images\001009.jpg,True,JPEG,RGB,True,1024,768,46.0,215.0,164.4116973876953,22.54884910583496,False,False,False,
task2_images,D:\Biology-AI\data\Task2_Attributes\images\001010.jpg,True,JPEG,RGB,True,1024,768,54.0,255.0,198.13839721679688,48.79325866699219,False,False,False,
task2_images,D:\Biology-AI\data\Task2_Attributes\images\001011.jpg,True,JPEG,RGB,True,4288,2848,12.0,231.0,139.3931427001953,13.789092063903809,False,False,False,
task2_images,D:\Biology-AI\data\Task2_Attributes\images\001012.jpg,True,JPEG,RGB,True,2048,1536,1.0,255.0,136.86781311035156,50.25399398803711,False,False,False,
task2_images,D:\Biology-AI\data\Task2_Attributes\images\001013.jpg,True,JPEG,RGB,True,1024,768,43.0,244.0,145.97885131835938,18.390893936157227,False,False,False,
task2_images,D:\Biology-AI\data\Task2_Attributes\images\001014.jpg,True,JPEG,RGB,True,3072,2304,20.0,255.0,160.7701416015625,31.766481399536133,False,False,False,
task2_images,D:\Biology-AI\data\Task2_Attributes\images\001015.jpg,True,JPEG,RGB,True,3072,2304,0.0,203.0,152.33555603027344,32.54370880126953,False,False,False,
task2_images,D:\Biology-AI\data\Task2_Attributes\images\001016.jpg,True,JPEG,RGB,True,3008,2000,3.0,255.0,129.13467407226562,40.34841537475586,False,False,False,
task2_images,D:\Biology-AI\data\Task2_Attributes\images\001017.jpg,True,JPEG,RGB,True,3072,2304,0.0,245.0,135.06890869140625,44.4500846862793,False,False,False,
task2_images,D:\Biology-AI\data\Task2_Attributes\images\001018.jpg,True,JPEG,RGB,True,2592,1936,8.0,255.0,178.51258850097656,34.6629753112793,False,False,False,
task2_images,D:\Biology-AI\data\Task2_Attributes\images\001019.jpg,True,JPEG,RGB,True,3008,2000,0.0,255.0,162.10641479492188,20.4624080657959,False,False,False,
task2_images,D:\Biology-AI\data\Task2_Attributes\images\001020.jpg,True,JPEG,RGB,True,2048,1536,13.0,255.0,157.72238159179688,45.97067642211914,False,False,False,
task2_images,D:\Biology-AI\data\Task2_Attributes\images\001021.jpg,True,JPEG,RGB,True,4288,2848,7.0,202.0,134.18875122070312,29.416555404663086,False,False,False,
task2_images,D:\Biology-AI\data\Task2_Attributes\images\001022.jpg,True,JPEG,RGB,True,4288,2848,17.0,255.0,160.70858764648438,24.852169036865234,False,False,False,
task2_images,D:\Biology-AI\data\Task2_Attributes\images\001023.jpg,True,JPEG,RGB,True,1024,768,0.0,255.0,147.69078063964844,38.9713249206543,False,False,False,
task2_images,D:\Biology-AI\data\Task2_Attributes\images\001024.jpg,True,JPEG,RGB,True,4288,2848,15.0,255.0,166.72750854492188,24.492889404296875,False,False,False,
task2_images,D:\Biology-AI\data\Task2_Attributes\images\001025.jpg,True,JPEG,RGB,True,2098,1340,47.0,240.0,178.07115173339844,29.189882278442383,False,False,False,
task2_images,D:\Biology-AI\data\Task2_Attributes\images\001026.jpg,True,JPEG,RGB,True,4288,2848,0.0,255.0,129.41253662109375,36.84477233886719,False,False,False,
task2_images,D:\Biology-AI\data\Task2_Attributes\images\001027.jpg,True,JPEG,RGB,True,3872,2592,9.0,255.0,151.34201049804688,21.207014083862305,False,False,False,
task2_images,D:\Biology-AI\data\Task2_Attributes\images\001028.jpg,True,JPEG,RGB,True,4288,2848,0.0,255.0,165.90892028808594,40.766357421875,False,False,False,
task2_images,D:\Biology-AI\data\Task2_Attributes\images\001029.jpg,True,JPEG,RGB,True,3072,2304,2.0,255.0,134.40350341796875,31.716115951538086,False,False,False,
task2_images,D:\Biology-AI\data\Task2_Attributes\images\001030.jpg,True,JPEG,RGB,True,3008,2000,4.0,255.0,165.37486267089844,20.354053497314453,False,False,False,
task2_images,D:\Biology-AI\data\Task2_Attributes\images\001031.jpg,True,JPEG,RGB,True,1024,768,25.0,255.0,191.94435119628906,37.150634765625,False,False,False,
task2_images,D:\Biology-AI\data\Task2_Attributes\images\001032.jpg,True,JPEG,RGB,True,3072,2304,4.0,198.0,131.2946014404297,38.03988265991211,False,False,False,
task2_images,D:\Biology-AI\data\Task2_Attributes\images\001033.jpg,True,JPEG,RGB,True,767,576,0.0,255.0,186.91488647460938,50.559600830078125,False,False,False,
task2_images,D:\Biology-AI\data\Task2_Attributes\images\001034.jpg,True,JPEG,RGB,True,3072,2304,0.0,218.0,131.09716796875,43.416542053222656,False,False,False,
task2_images,D:\Biology-AI\data\Task2_Attributes\images\001035.jpg,True,JPEG,RGB,True,949,626,35.0,255.0,168.1326904296875,61.44881057739258,False,False,False,
task2_images,D:\Biology-AI\data\Task2_Attributes\images\001036.jpg,True,JPEG,RGB,True,4288,2848,28.0,255.0,140.01719665527344,33.11564636230469,False,False,False,
task2_images,D:\Biology-AI\data\Task2_Attributes\images\001037.jpg,True,JPEG,RGB,True,3072,2304,0.0,255.0,170.34242248535156,39.06764602661133,False,False,False,
task2_images,D:\Biology-AI\data\Task2_Attributes\images\001038.jpg,True,JPEG,RGB,True,3072,2304,0.0,229.0,136.06101989746094,27.611221313476562,False,False,False,
task2_images,D:\Biology-AI\data\Task2_Attributes\images\001039.jpg,True,JPEG,RGB,True,640,480,0.0,255.0,186.4705047607422,39.4017448425293,False,False,False,
task2_images,D:\Biology-AI\data\Task2_Attributes\images\001040.jpg,True,JPEG,RGB,True,1024,768,0.0,244.0,137.2732696533203,31.529390335083008,False,False,False,
task2_images,D:\Biology-AI\data\Task2_Attributes\images\001041.jpg,True,JPEG,RGB,True,6662,4402,0.0,255.0,165.37310791015625,49.032962799072266,False,False,False,
task2_images,D:\Biology-AI\data\Task2_Attributes\images\001042.jpg,True,JPEG,RGB,True,6622,4420,0.0,255.0,145.9013214111328,60.72853088378906,False,False,False,
task2_images,D:\Biology-AI\data\Task2_Attributes\images\001043.jpg,True,JPEG,RGB,True,6620,4420,0.0,255.0,147.0154571533203,58.807037353515625,False,False,False,
task2_images,D:\Biology-AI\data\Task2_Attributes\images\001044.jpg,True,JPEG,RGB,True,1024,768,16.0,229.0,146.68768310546875,26.079458236694336,False,False,False,
task2_images,D:\Biology-AI\data\Task2_Attributes\images\001045.jpg,True,JPEG,RGB,True,1504,1129,0.0,255.0,142.55752563476562,55.37946701049805,False,False,False,
task2_images,D:\Biology-AI\data\Task2_Attributes\images\001046.jpg,True,JPEG,RGB,True,640,480,0.0,221.0,108.62163543701172,54.26060485839844,False,False,False,
task2_images,D:\Biology-AI\data\Task2_Attributes\images\001047.jpg,True,JPEG,RGB,True,3024,2016,9.0,255.0,152.1524658203125,27.175622940063477,False,False,False,
task2_images,D:\Biology-AI\data\Task2_Attributes\images\001048.jpg,True,JPEG,RGB,True,1024,768,0.0,232.0,163.49517822265625,24.307151794433594,False,False,False,
task2_images,D:\Biology-AI\data\Task2_Attributes\images\001049.jpg,True,JPEG,RGB,True,4288,2848,6.0,241.0,106.06502532958984,24.414749145507812,False,False,False,
task2_images,D:\Biology-AI\data\Task2_Attributes\images\001050.jpg,True,JPEG,RGB,True,1024,768,0.0,249.0,203.13186645507812,35.177391052246094,False,False,False,
task2_images,D:\Biology-AI\data\Task2_Attributes\images\001051.jpg,True,JPEG,RGB,True,1024,768,0.0,193.0,143.92648315429688,42.376983642578125,False,False,False,
task2_images,D:\Biology-AI\data\Task2_Attributes\images\001052.jpg,True,JPEG,RGB,True,919,802,1.0,191.0,158.39669799804688,29.25278091430664,False,False,False,
task2_images,D:\Biology-AI\data\Task2_Attributes\images\001053.jpg,True,JPEG,RGB,True,4288,2848,11.0,255.0,143.88253784179688,24.270782470703125,False,False,False,
task2_images,D:\Biology-AI\data\Task2_Attributes\images\001054.jpg,True,JPEG,RGB,True,1024,768,37.0,226.0,151.7685546875,26.28631591796875,False,False,False,
task2_images,D:\Biology-AI\data\Task2_Attributes\images\001055.jpg,True,JPEG,RGB,True,4288,2848,10.0,252.0,119.61526489257812,24.782394409179688,False,False,False,
task2_images,D:\Biology-AI\data\Task2_Attributes\images\001056.jpg,True,JPEG,RGB,True,6641,4420,0.0,255.0,135.5401611328125,59.691165924072266,False,False,False,
task2_images,D:\Biology-AI\data\Task2_Attributes\images\001057.jpg,True,JPEG,RGB,True,4288,2848,6.0,219.0,119.53845977783203,23.060596466064453,False,False,False,
task2_images,D:\Biology-AI\data\Task2_Attributes\images\001058.jpg,True,JPEG,RGB,True,1024,768,5.0,237.0,166.25344848632812,27.298627853393555,False,False,False,
task2_images,D:\Biology-AI\data\Task2_Attributes\images\001059.jpg,True,JPEG,RGB,True,4288,2848,5.0,255.0,128.86195373535156,24.453737258911133,False,False,False,
task2_images,D:\Biology-AI\data\Task2_Attributes\images\001060.jpg,True,JPEG,RGB,True,3008,2000,0.0,255.0,149.3311767578125,33.52568817138672,False,False,False,
task2_images,D:\Biology-AI\data\Task2_Attributes\images\001061.jpg,True,JPEG,RGB,True,3072,2304,0.0,179.0,130.6048126220703,22.569570541381836,False,False,False,
task2_images,D:\Biology-AI\data\Task2_Attributes\images\001062.jpg,True,JPEG,RGB,True,6642,4422,0.0,255.0,90.23075103759766,62.115169525146484,False,False,False,
task2_images,D:\Biology-AI\data\Task2_Attributes\images\001063.jpg,True,JPEG,RGB,True,1504,1129,0.0,255.0,153.78514099121094,33.7310676574707,False,False,False,
task2_images,D:\Biology-AI\data\Task2_Attributes\images\001064.jpg,True,JPEG,RGB,True,4288,2848,19.0,201.0,123.71607971191406,21.326385498046875,False,False,False,
task2_images,D:\Biology-AI\data\Task2_Attributes\images\001065.jpg,True,JPEG,RGB,True,4288,2848,6.0,255.0,124.44622039794922,21.098743438720703,False,False,False,
task2_images,D:\Biology-AI\data\Task2_Attributes\images\001066.jpg,True,JPEG,RGB,True,2592,1936,0.0,255.0,168.1030731201172,30.262611389160156,False,False,False,
task2_images,D:\Biology-AI\data\Task2_Attributes\images\001067.jpg,True,JPEG,RGB,True,1024,768,29.0,236.0,155.57293701171875,39.21889877319336,False,False,False,
task2_images,D:\Biology-AI\data\Task2_Attributes\images\001068.jpg,True,JPEG,RGB,True,4288,2848,19.0,255.0,171.51431274414062,30.796438217163086,False,False,False,
task2_images,D:\Biology-AI\data\Task2_Attributes\images\001069.jpg,True,JPEG,RGB,True,3008,2000,14.0,255.0,182.46807861328125,41.51395797729492,False,False,False,
task2_images,D:\Biology-AI\data\Task2_Attributes\images\001070.jpg,True,JPEG,RGB,True,3008,2000,0.0,244.0,136.3014373779297,19.55109977722168,False,False,False,
task2_images,D:\Biology-AI\data\Task2_Attributes\images\001071.jpg,True,JPEG,RGB,True,4288,2848,18.0,255.0,125.23435974121094,23.802993774414062,False,False,False,
task2_images,D:\Biology-AI\data\Task2_Attributes\images\001072.jpg,True,JPEG,RGB,True,3008,2000,21.0,255.0,165.59176635742188,30.98693084716797,False,False,False,
task2_images,D:\Biology-AI\data\Task2_Attributes\images\001073.jpg,True,JPEG,RGB,True,2048,1536,0.0,234.0,156.31878662109375,52.94221115112305,False,False,False,
task2_images,D:\Biology-AI\data\Task2_Attributes\images\001074.jpg,True,JPEG,RGB,True,6728,4459,0.0,255.0,174.9786376953125,60.20228576660156,False,False,False,
task2_images,D:\Biology-AI\data\Task2_Attributes\images\001075.jpg,True,JPEG,RGB,True,1456,1018,1.0,255.0,156.46722412109375,80.11621856689453,False,False,False,
task2_images,D:\Biology-AI\data\Task2_Attributes\images\001076.jpg,True,JPEG,RGB,True,2048,1536,0.0,205.0,151.35496520996094,30.10584831237793,False,False,False,
task2_images,D:\Biology-AI\data\Task2_Attributes\images\001077.jpg,True,JPEG,RGB,True,3872,2592,9.0,255.0,175.08351135253906,27.843843460083008,False,False,False,
task2_images,D:\Biology-AI\data\Task2_Attributes\images\001078.jpg,True,JPEG,RGB,True,3008,2000,6.0,255.0,147.5386505126953,20.23900604248047,False,False,False,
task2_images,D:\Biology-AI\data\Task2_Attributes\images\001079.jpg,True,JPEG,RGB,True,3024,2016,0.0,255.0,181.58355712890625,47.097206115722656,False,False,False,
task2_images,D:\Biology-AI\data\Task2_Attributes\images\001080.jpg,True,JPEG,RGB,True,3872,2592,4.0,232.0,144.46865844726562,19.681198120117188,False,False,False,
task2_images,D:\Biology-AI\data\Task2_Attributes\images\001081.jpg,True,JPEG,RGB,True,3072,2304,24.0,219.0,155.27052307128906,23.659698486328125,False,False,False,
task2_images,D:\Biology-AI\data\Task2_Attributes\images\001082.jpg,True,JPEG,RGB,True,4288,2848,5.0,255.0,140.79946899414062,18.14832305908203,False,False,False,
task2_images,D:\Biology-AI\data\Task2_Attributes\images\001083.jpg,True,JPEG,RGB,True,3008,2000,10.0,243.0,155.35890197753906,18.993690490722656,False,False,False,
task2_images,D:\Biology-AI\data\Task2_Attributes\images\001084.jpg,True,JPEG,RGB,True,4288,2848,10.0,255.0,142.78485107421875,21.49519920349121,False,False,False,
task2_images,D:\Biology-AI\data\Task2_Attributes\images\001085.jpg,True,JPEG,RGB,True,4288,2848,16.0,255.0,177.10031127929688,31.580347061157227,False,False,False,
task2_images,D:\Biology-AI\data\Task2_Attributes\images\001086.jpg,True,JPEG,RGB,True,2592,1936,8.0,255.0,170.8209686279297,44.89746856689453,False,False,False,
task2_images,D:\Biology-AI\data\Task2_Attributes\images\001087.jpg,True,JPEG,RGB,True,6668,4459,0.0,255.0,182.37269592285156,60.67219161987305,False,False,False,
task2_images,D:\Biology-AI\data\Task2_Attributes\images\001088.jpg,True,JPEG,RGB,True,3872,2592,2.0,255.0,148.26422119140625,21.149269104003906,False,False,False,
task2_images,D:\Biology-AI\data\Task2_Attributes\images\001089.jpg,True,JPEG,RGB,True,640,480,0.0,255.0,149.98538208007812,43.410491943359375,False,False,False,
task2_images,D:\Biology-AI\data\Task2_Attributes\images\001090.jpg,True,JPEG,RGB,True,1024,768,0.0,228.0,171.42518615722656,25.492338180541992,False,False,False,
task2_images,D:\Biology-AI\data\Task2_Attributes\images\001091.jpg,True,JPEG,RGB,True,640,480,0.0,255.0,181.74635314941406,54.85856628417969,False,False,False,
task2_images,D:\Biology-AI\data\Task2_Attributes\images\001092.jpg,True,JPEG,RGB,True,4288,2848,23.0,255.0,137.06199645996094,32.580448150634766,False,False,False,
task2_images,D:\Biology-AI\data\Task2_Attributes\images\001093.jpg,True,JPEG,RGB,True,1936,1296,0.0,233.0,131.4705352783203,36.810028076171875,False,False,False,
task2_images,D:\Biology-AI\data\Task2_Attributes\images\001094.jpg,True,JPEG,RGB,True,3072,2304,5.0,237.0,140.61436462402344,59.465484619140625,False,False,False,
task2_images,D:\Biology-AI\data\Task2_Attributes\images\001095.jpg,True,JPEG,RGB,True,2048,1536,2.0,255.0,137.85472106933594,36.73170471191406,False,False,False,
task2_images,D:\Biology-AI\data\Task2_Attributes\images\001096.jpg,True,JPEG,RGB,True,4288,2848,4.0,255.0,118.19140625,23.316877365112305,False,False,False,
task2_images,D:\Biology-AI\data\Task2_Attributes\images\001097.jpg,True,JPEG,RGB,True,3072,2304,0.0,255.0,124.63956451416016,55.85482406616211,False,False,False,
task2_images,D:\Biology-AI\data\Task2_Attributes\images\001098.jpg,True,JPEG,RGB,True,3024,2016,2.0,255.0,146.23834228515625,32.015869140625,False,False,False,
task2_images,D:\Biology-AI\data\Task2_Attributes\images\001099.jpg,True,JPEG,RGB,True,6648,4419,0.0,255.0,143.02989196777344,62.915504455566406,False,False,False,
task2_images,D:\Biology-AI\data\Task2_Attributes\images\001100.jpg,True,JPEG,RGB,True,3008,2000,3.0,255.0,169.64837646484375,17.996984481811523,False,False,False,
task2_images,D:\Biology-AI\data\Task2_Attributes\images\001101.jpg,True,JPEG,RGB,True,4288,2848,4.0,255.0,171.7714080810547,32.11608123779297,False,False,False,
task2_images,D:\Biology-AI\data\Task2_Attributes\images\001102.jpg,True,JPEG,RGB,True,6708,4439,0.0,255.0,138.56520080566406,64.33795928955078,False,False,False,
task2_images,D:\Biology-AI\data\Task2_Attributes\images\001103.jpg,True,JPEG,RGB,True,3072,2304,29.0,255.0,135.03616333007812,15.78857707977295,False,False,False,
task2_images,D:\Biology-AI\data\Task2_Attributes\images\001104.jpg,True,JPEG,RGB,True,4288,2848,0.0,255.0,96.27014923095703,26.62685775756836,False,False,False,
task2_images,D:\Biology-AI\data\Task2_Attributes\images\001105.jpg,True,JPEG,RGB,True,1024,768,22.0,249.0,166.12335205078125,42.26628494262695,False,False,False,
task2_images,D:\Biology-AI\data\Task2_Attributes\images\001106.jpg,True,JPEG,RGB,True,2592,1944,33.0,175.0,132.35223388671875,14.410149574279785,False,False,False,
task2_images,D:\Biology-AI\data\Task2_Attributes\images\001107.jpg,True,JPEG,RGB,True,4288,2848,14.0,249.0,143.23216247558594,22.097118377685547,False,False,False,
task2_images,D:\Biology-AI\data\Task2_Attributes\images\001108.jpg,True,JPEG,RGB,True,1024,768,0.0,255.0,214.35543823242188,24.958589553833008,False,False,False,
task2_images,D:\Biology-AI\data\Task2_Attributes\images\001109.jpg,True,JPEG,RGB,True,2304,1536,0.0,255.0,200.9156951904297,24.92978858947754,False,False,False,
task2_images,D:\Biology-AI\data\Task2_Attributes\images\001110.jpg,True,JPEG,RGB,True,4288,2848,14.0,254.0,138.80328369140625,28.6511287689209,False,False,False,
task2_images,D:\Biology-AI\data\Task2_Attributes\images\001111.jpg,True,JPEG,RGB,True,3072,2304,0.0,255.0,136.62474060058594,48.17532730102539,False,False,False,
task2_images,D:\Biology-AI\data\Task2_Attributes\images\001112.jpg,True,JPEG,RGB,True,6668,4419,0.0,255.0,178.95797729492188,39.85483169555664,False,False,False,
task2_images,D:\Biology-AI\data\Task2_Attributes\images\001113.jpg,True,JPEG,RGB,True,2592,1944,59.0,255.0,197.1605987548828,22.119670867919922,False,False,False,
task2_images,D:\Biology-AI\data\Task2_Attributes\images\001114.jpg,True,JPEG,RGB,True,3872,2592,32.0,255.0,212.27352905273438,20.105133056640625,False,False,False,
task2_images,D:\Biology-AI\data\Task2_Attributes\images\001115.jpg,True,JPEG,RGB,True,1024,768,0.0,255.0,209.5275115966797,29.585224151611328,False,False,False,
task2_images,D:\Biology-AI\data\Task2_Attributes\images\001116.jpg,True,JPEG,RGB,True,3872,2592,0.0,209.0,129.14218139648438,27.913667678833008,False,False,False,
task2_images,D:\Biology-AI\data\Task2_Attributes\images\001117.jpg,True,JPEG,RGB,True,640,480,0.0,255.0,133.53619384765625,65.23548126220703,False,False,False,
task2_images,D:\Biology-AI\data\Task2_Attributes\images\001118.jpg,True,JPEG,RGB,True,4288,2848,29.0,245.0,161.79086303710938,14.677278518676758,False,False,False,
task2_images,D:\Biology-AI\data\Task2_Attributes\images\001119.jpg,True,JPEG,RGB,True,3024,2016,0.0,255.0,159.5670928955078,19.854780197143555,False,False,False,
task2_images,D:\Biology-AI\data\Task2_Attributes\images\001120.jpg,True,JPEG,RGB,True,6602,4361,0.0,255.0,158.76197814941406,42.96344757080078,False,False,False,
task2_images,D:\Biology-AI\data\Task2_Attributes\images\001121.jpg,True,JPEG,RGB,True,6661,4421,0.0,255.0,125.1146011352539,67.20437622070312,False,False,False,
task2_images,D:\Biology-AI\data\Task2_Attributes\images\001122.jpg,True,JPEG,RGB,True,4288,2848,10.0,255.0,137.17152404785156,20.827312469482422,False,False,False,
task2_images,D:\Biology-AI\data\Task2_Attributes\images\001123.jpg,True,JPEG,RGB,True,640,480,0.0,255.0,177.21270751953125,45.092952728271484,False,False,False,
task2_images,D:\Biology-AI\data\Task2_Attributes\images\001124.jpg,True,JPEG,RGB,True,1024,768,19.0,233.0,168.52291870117188,20.240039825439453,False,False,False,
task2_images,D:\Biology-AI\data\Task2_Attributes\images\001125.jpg,True,JPEG,RGB,True,6688,4459,0.0,255.0,124.60759735107422,67.92047119140625,False,False,False,
task2_images,D:\Biology-AI\data\Task2_Attributes\images\001126.jpg,True,JPEG,RGB,True,4288,2848,14.0,255.0,171.55752563476562,33.46949005126953,False,False,False,
task2_images,D:\Biology-AI\data\Task2_Attributes\images\001127.jpg,True,JPEG,RGB,True,3008,2000,2.0,255.0,148.7040557861328,36.670745849609375,False,False,False,
task2_images,D:\Biology-AI\data\Task2_Attributes\images\001128.jpg,True,JPEG,RGB,True,3024,2016,0.0,255.0,133.6839599609375,46.13087463378906,False,False,False,
task2_images,D:\Biology-AI\data\Task2_Attributes\images\001129.jpg,True,JPEG,RGB,True,1024,768,25.0,224.0,160.49069213867188,19.837495803833008,False,False,False,
task2_images,D:\Biology-AI\data\Task2_Attributes\images\001130.jpg,True,JPEG,RGB,True,3072,2304,6.0,211.0,144.75289916992188,37.18519973754883,False,False,False,
task2_images,D:\Biology-AI\data\Task2_Attributes\images\001131.jpg,True,JPEG,RGB,True,3024,2016,0.0,255.0,156.13986206054688,40.58318328857422,False,False,False,
task2_images,D:\Biology-AI\data\Task2_Attributes\images\001132.jpg,True,JPEG,RGB,True,3008,2000,4.0,255.0,131.47491455078125,25.182540893554688,False,False,False,
task2_images,D:\Biology-AI\data\Task2_Attributes\images\001133.jpg,True,JPEG,RGB,True,6621,4422,0.0,255.0,141.61961364746094,71.26412963867188,False,False,False,
task2_images,D:\Biology-AI\data\Task2_Attributes\images\001134.jpg,True,JPEG,RGB,True,6648,4439,0.0,255.0,147.1144561767578,39.425079345703125,False,False,False,
task2_images,D:\Biology-AI\data\Task2_Attributes\images\001135.jpg,True,JPEG,RGB,True,4288,2848,10.0,244.0,148.9627685546875,31.411365509033203,False,False,False,
task2_images,D:\Biology-AI\data\Task2_Attributes\images\001136.jpg,True,JPEG,RGB,True,6708,4439,0.0,255.0,173.647705078125,35.260467529296875,False,False,False,
task2_images,D:\Biology-AI\data\Task2_Attributes\images\001137.jpg,True,JPEG,RGB,True,1024,768,0.0,253.0,172.09649658203125,43.25138473510742,False,False,False,
task2_images,D:\Biology-AI\data\Task2_Attributes\images\001138.jpg,True,JPEG,RGB,True,1024,768,23.0,249.0,160.1612091064453,40.975948333740234,False,False,False,
task2_images,D:\Biology-AI\data\Task2_Attributes\images\001139.jpg,True,JPEG,RGB,True,640,480,0.0,251.0,125.51935577392578,44.77384948730469,False,False,False,
task2_images,D:\Biology-AI\data\Task2_Attributes\images\001140.jpg,True,JPEG,RGB,True,640,480,0.0,242.0,146.81484985351562,47.727718353271484,False,False,False,
task2_images,D:\Biology-AI\data\Task2_Attributes\images\001141.jpg,True,JPEG,RGB,True,6648,4439,0.0,255.0,163.4923858642578,47.69602584838867,False,False,False,
task2_images,D:\Biology-AI\data\Task2_Attributes\images\001142.jpg,True,JPEG,RGB,True,640,480,0.0,255.0,164.18130493164062,52.41474151611328,False,False,False,
task2_images,D:\Biology-AI\data\Task2_Attributes\images\001143.jpg,True,JPEG,RGB,True,3008,2000,0.0,255.0,162.00062561035156,15.872750282287598,False,False,False,
task2_images,D:\Biology-AI\data\Task2_Attributes\images\001144.jpg,True,JPEG,RGB,True,640,480,0.0,234.0,128.1141815185547,46.2336540222168,False,False,False,
task2_images,D:\Biology-AI\data\Task2_Attributes\images\001145.jpg,True,JPEG,RGB,True,3072,2304,15.0,231.0,166.4022674560547,29.700441360473633,False,False,False,
task2_images,D:\Biology-AI\data\Task2_Attributes\images\001146.jpg,True,JPEG,RGB,True,3072,2304,25.0,244.0,175.61827087402344,32.1232795715332,False,False,False,
task2_images,D:\Biology-AI\data\Task2_Attributes\images\001147.jpg,True,JPEG,RGB,True,6602,4401,0.0,255.0,164.3823699951172,49.670780181884766,False,False,False,
task2_images,D:\Biology-AI\data\Task2_Attributes\images\001148.jpg,True,JPEG,RGB,True,640,480,0.0,231.0,66.62617492675781,68.5418472290039,False,False,False,
task2_images,D:\Biology-AI\data\Task2_Attributes\images\001149.jpg,True,JPEG,RGB,True,6600,4401,0.0,255.0,134.78330993652344,35.96974182128906,False,False,False,
task2_images,D:\Biology-AI\data\Task2_Attributes\images\001150.jpg,True,JPEG,RGB,True,1024,768,13.0,255.0,197.7151641845703,37.999210357666016,False,False,False,
task2_images,D:\Biology-AI\data\Task2_Attributes\images\001151.jpg,True,JPEG,RGB,True,1024,768,0.0,251.0,191.44325256347656,31.563922882080078,False,False,False,
task2_images,D:\Biology-AI\data\Task2_Attributes\images\001152.jpg,True,JPEG,RGB,True,4288,2848,9.0,249.0,138.1764678955078,26.884578704833984,False,False,False,
task2_images,D:\Biology-AI\data\Task2_Attributes\images\001153.jpg,True,JPEG,RGB,True,3072,2304,49.0,255.0,206.80718994140625,25.720151901245117,False,False,False,
task2_images,D:\Biology-AI\data\Task2_Attributes\images\001154.jpg,True,JPEG,RGB,True,1024,768,0.0,234.0,188.07293701171875,22.28730010986328,False,False,False,
task2_images,D:\Biology-AI\data\Task2_Attributes\images\001155.jpg,True,JPEG,RGB,True,767,576,0.0,255.0,130.0330810546875,66.32837677001953,False,False,False,
task2_images,D:\Biology-AI\data\Task2_Attributes\images\001156.jpg,True,JPEG,RGB,True,3008,2000,7.0,250.0,123.91083526611328,16.69354248046875,False,False,False,
task2_images,D:\Biology-AI\data\Task2_Attributes\images\001157.jpg,True,JPEG,RGB,True,4288,2848,0.0,253.0,168.48065185546875,45.24836349487305,False,False,False,
task2_images,D:\Biology-AI\data\Task2_Attributes\images\001158.jpg,True,JPEG,RGB,True,640,480,0.0,252.0,147.70347595214844,50.12018966674805,False,False,False,
task2_images,D:\Biology-AI\data\Task2_Attributes\images\001159.jpg,True,JPEG,RGB,True,4288,2848,10.0,255.0,180.35292053222656,23.105504989624023,False,False,False,
task2_images,D:\Biology-AI\data\Task2_Attributes\images\001160.jpg,True,JPEG,RGB,True,919,802,7.0,197.0,152.74501037597656,45.42726135253906,False,False,False,
task2_images,D:\Biology-AI\data\Task2_Attributes\images\001161.jpg,True,JPEG,RGB,True,1024,768,0.0,253.0,152.2189178466797,62.57310104370117,False,False,False,
task2_images,D:\Biology-AI\data\Task2_Attributes\images\001162.jpg,True,JPEG,RGB,True,6622,4441,0.0,255.0,144.24591064453125,41.568302154541016,False,False,False,
task2_images,D:\Biology-AI\data\Task2_Attributes\images\001163.jpg,True,JPEG,RGB,True,3024,2016,0.0,255.0,137.9092559814453,26.09947967529297,False,False,False,
task2_images,D:\Biology-AI\data\Task2_Attributes\images\001164.jpg,True,JPEG,RGB,True,640,480,0.0,247.0,119.63440704345703,50.648353576660156,False,False,False,
task2_images,D:\Biology-AI\data\Task2_Attributes\images\001165.jpg,True,JPEG,RGB,True,3072,2304,0.0,255.0,151.04684448242188,47.92914962768555,False,False,False,
task2_images,D:\Biology-AI\data\Task2_Attributes\images\001166.jpg,True,JPEG,RGB,True,3008,2000,3.0,242.0,127.21025848388672,26.608217239379883,False,False,False,
task2_images,D:\Biology-AI\data\Task2_Attributes\images\001167.jpg,True,JPEG,RGB,True,640,480,0.0,255.0,171.8882598876953,43.80622863769531,False,False,False,
task2_images,D:\Biology-AI\data\Task2_Attributes\images\001168.jpg,True,JPEG,RGB,True,1024,768,0.0,223.0,173.1896209716797,27.74135398864746,False,False,False,
task2_images,D:\Biology-AI\data\Task2_Attributes\images\001169.jpg,True,JPEG,RGB,True,6642,4440,0.0,255.0,145.40744018554688,56.33768844604492,False,False,False,
task2_images,D:\Biology-AI\data\Task2_Attributes\images\001170.jpg,True,JPEG,RGB,True,2592,1936,4.0,255.0,165.13294982910156,31.977062225341797,False,False,False,
task2_images,D:\Biology-AI\data\Task2_Attributes\images\001171.jpg,True,JPEG,RGB,True,3024,2016,0.0,255.0,133.10150146484375,53.73040008544922,False,False,False,
task2_images,D:\Biology-AI\data\Task2_Attributes\images\001172.jpg,True,JPEG,RGB,True,6681,4422,0.0,255.0,172.3438262939453,52.234107971191406,False,False,False,
task2_images,D:\Biology-AI\data\Task2_Attributes\images\001173.jpg,True,JPEG,RGB,True,6708,4439,0.0,255.0,160.8531036376953,64.73231506347656,False,False,False,
task2_images,D:\Biology-AI\data\Task2_Attributes\images\001174.jpg,True,JPEG,RGB,True,6648,4479,0.0,255.0,152.17221069335938,59.25855255126953,False,False,False,
task2_images,D:\Biology-AI\data\Task2_Attributes\images\001175.jpg,True,JPEG,RGB,True,3008,2000,3.0,255.0,122.29185485839844,25.156274795532227,False,False,False,
task2_images,D:\Biology-AI\data\Task2_Attributes\images\001176.jpg,True,JPEG,RGB,True,1024,768,0.0,235.0,102.91262817382812,75.93819427490234,False,False,False,
task2_images,D:\Biology-AI\data\Task2_Attributes\images\001177.jpg,True,JPEG,RGB,True,1024,768,73.0,255.0,209.93438720703125,23.028539657592773,False,False,False,
task2_images,D:\Biology-AI\data\Task2_Attributes\images\001178.jpg,True,JPEG,RGB,True,1024,768,0.0,255.0,181.9093780517578,47.96320724487305,False,False,False,
task2_images,D:\Biology-AI\data\Task2_Attributes\images\001179.jpg,True,JPEG,RGB,True,1504,1129,0.0,255.0,169.32806396484375,61.45136642456055,False,False,False,
task2_images,D:\Biology-AI\data\Task2_Attributes\images\001180.jpg,True,JPEG,RGB,True,1024,768,29.0,255.0,189.87701416015625,50.01368713378906,False,False,False,
task2_images,D:\Biology-AI\data\Task2_Attributes\images\001181.jpg,True,JPEG,RGB,True,4288,2848,1.0,255.0,150.51968383789062,45.181392669677734,False,False,False,
task2_images,D:\Biology-AI\data\Task2_Attributes\images\001182.jpg,True,JPEG,RGB,True,1024,768,21.0,242.0,148.01239013671875,28.160261154174805,False,False,False,
task2_images,D:\Biology-AI\data\Task2_Attributes\images\001183.jpg,True,JPEG,RGB,True,1751,1524,0.0,249.0,135.34384155273438,54.373287200927734,False,False,False,
task2_images,D:\Biology-AI\data\Task2_Attributes\images\001184.jpg,True,JPEG,RGB,True,3072,2304,0.0,255.0,128.5850372314453,52.01905059814453,False,False,False,
task2_images,D:\Biology-AI\data\Task2_Attributes\images\001185.jpg,True,JPEG,RGB,True,640,480,0.0,243.0,143.07835388183594,41.924495697021484,False,False,False,
task2_images,D:\Biology-AI\data\Task2_Attributes\images\001186.jpg,True,JPEG,RGB,True,3072,2304,11.0,217.0,126.90140533447266,33.71839904785156,False,False,False,
task2_images,D:\Biology-AI\data\Task2_Attributes\images\001187.jpg,True,JPEG,RGB,True,1024,768,0.0,252.0,204.3273162841797,48.28693771362305,False,False,False,
task2_images,D:\Biology-AI\data\Task2_Attributes\images\001188.jpg,True,JPEG,RGB,True,4288,2848,8.0,255.0,164.363037109375,43.83123779296875,False,False,False,
task2_images,D:\Biology-AI\data\Task2_Attributes\images\001189.jpg,True,JPEG,RGB,True,1024,768,0.0,234.0,165.80450439453125,26.65250015258789,False,False,False,
task2_images,D:\Biology-AI\data\Task2_Attributes\images\001190.jpg,True,JPEG,RGB,True,4288,2848,13.0,255.0,129.33705139160156,45.35792541503906,False,False,False,
task2_images,D:\Biology-AI\data\Task2_Attributes\images\001191.jpg,True,JPEG,RGB,True,4288,2848,13.0,230.0,141.87037658691406,27.61676025390625,False,False,False,
task2_images,D:\Biology-AI\data\Task2_Attributes\images\001192.jpg,True,JPEG,RGB,True,3872,2592,14.0,255.0,198.5236053466797,19.310691833496094,False,False,False,
task2_images,D:\Biology-AI\data\Task2_Attributes\images\001193.jpg,True,JPEG,RGB,True,640,480,0.0,247.0,157.87693786621094,43.77412796020508,False,False,False,
task2_images,D:\Biology-AI\data\Task2_Attributes\images\001194.jpg,True,JPEG,RGB,True,3872,2592,16.0,255.0,173.5417938232422,30.175554275512695,False,False,False,
task2_images,D:\Biology-AI\data\Task2_Attributes\images\001195.jpg,True,JPEG,RGB,True,767,576,0.0,255.0,170.26788330078125,59.65805435180664,False,False,False,
task2_images,D:\Biology-AI\data\Task2_Attributes\images\001196.jpg,True,JPEG,RGB,True,640,480,0.0,255.0,160.9405975341797,63.78845977783203,False,False,False,
task2_images,D:\Biology-AI\data\Task2_Attributes\images\001197.jpg,True,JPEG,RGB,True,640,480,0.0,223.0,120.64669036865234,39.89674377441406,False,False,False,
task2_images,D:\Biology-AI\data\Task2_Attributes\images\001198.jpg,True,JPEG,RGB,True,1024,768,65.0,235.0,164.0638885498047,18.727258682250977,False,False,False,
task2_images,D:\Biology-AI\data\Task2_Attributes\images\001199.jpg,True,JPEG,RGB,True,640,480,0.0,212.0,86.2833023071289,45.95735549926758,False,False,False,
task2_images,D:\Biology-AI\data\Task2_Attributes\images\001200.jpg,True,JPEG,RGB,True,6642,4422,0.0,255.0,114.11791229248047,59.9763069152832,False,False,False,
task2_images,D:\Biology-AI\data\Task2_Attributes\images\001201.jpg,True,JPEG,RGB,True,640,480,0.0,248.0,139.79208374023438,42.24131393432617,False,False,False,
task2_images,D:\Biology-AI\data\Task2_Attributes\images\001202.jpg,True,JPEG,RGB,True,640,480,0.0,243.0,149.81881713867188,40.94825744628906,False,False,False,
task2_images,D:\Biology-AI\data\Task2_Attributes\images\001203.jpg,True,JPEG,RGB,True,2048,1536,0.0,255.0,168.63026428222656,33.954193115234375,False,False,False,
task2_images,D:\Biology-AI\data\Task2_Attributes\images\001204.jpg,True,JPEG,RGB,True,4288,2848,12.0,251.0,157.0517578125,29.188753128051758,False,False,False,
task2_images,D:\Biology-AI\data\Task2_Attributes\images\001205.jpg,True,JPEG,RGB,True,640,480,0.0,255.0,188.935302734375,49.48762512207031,False,False,False,
task2_images,D:\Biology-AI\data\Task2_Attributes\images\001206.jpg,True,JPEG,RGB,True,1024,768,29.0,234.0,194.73504638671875,28.71145248413086,False,False,False,
task2_images,D:\Biology-AI\data\Task2_Attributes\images\001207.jpg,True,JPEG,RGB,True,919,802,8.0,204.0,163.2344207763672,30.441577911376953,False,False,False,
task2_images,D:\Biology-AI\data\Task2_Attributes\images\001208.jpg,True,JPEG,RGB,True,767,576,0.0,255.0,134.64036560058594,54.93328094482422,False,False,False,
task2_images,D:\Biology-AI\data\Task2_Attributes\images\001209.jpg,True,JPEG,RGB,True,1024,768,17.0,235.0,168.45489501953125,35.31678009033203,False,False,False,
task2_images,D:\Biology-AI\data\Task2_Attributes\images\001210.jpg,True,JPEG,RGB,True,3008,2000,2.0,223.0,142.8719482421875,17.19969940185547,False,False,False,
task2_images,D:\Biology-AI\data\Task2_Attributes\images\001211.jpg,True,JPEG,RGB,True,4288,2848,3.0,251.0,126.38487243652344,12.108234405517578,False,False,False,
task2_images,D:\Biology-AI\data\Task2_Attributes\images\001212.jpg,True,JPEG,RGB,True,3872,2592,5.0,215.0,142.89453125,23.112699508666992,False,False,False,
task2_images,D:\Biology-AI\data\Task2_Attributes\images\001213.jpg,True,JPEG,RGB,True,1024,768,54.0,255.0,223.94268798828125,34.60661315917969,False,False,False,
task2_images,D:\Biology-AI\data\Task2_Attributes\images\001214.jpg,True,JPEG,RGB,True,640,480,0.0,255.0,141.887939453125,70.46066284179688,False,False,False,
task2_images,D:\Biology-AI\data\Task2_Attributes\images\001215.jpg,True,JPEG,RGB,True,640,480,0.0,222.0,124.31945037841797,48.06940841674805,False,False,False,
task2_images,D:\Biology-AI\data\Task2_Attributes\images\001216.jpg,True,JPEG,RGB,True,1024,768,0.0,244.0,118.82069396972656,79.92597961425781,False,False,False,
task2_images,D:\Biology-AI\data\Task2_Attributes\images\001217.jpg,True,JPEG,RGB,True,6688,4439,0.0,255.0,149.87754821777344,62.048099517822266,False,False,False,
task2_images,D:\Biology-AI\data\Task2_Attributes\images\001218.jpg,True,JPEG,RGB,True,3872,2592,10.0,255.0,164.71104431152344,25.600526809692383,False,False,False,
task2_images,D:\Biology-AI\data\Task2_Attributes\images\001219.jpg,True,JPEG,RGB,True,3008,2000,0.0,255.0,124.72127532958984,30.426639556884766,False,False,False,
task2_images,D:\Biology-AI\data\Task2_Attributes\images\001220.jpg,True,JPEG,RGB,True,1024,768,3.0,255.0,198.8578643798828,36.331382751464844,False,False,False,
task2_images,D:\Biology-AI\data\Task2_Attributes\images\001221.jpg,True,JPEG,RGB,True,3008,2000,4.0,255.0,162.533447265625,21.344314575195312,False,False,False,
task2_images,D:\Biology-AI\data\Task2_Attributes\images\001222.jpg,True,JPEG,RGB,True,3008,2000,0.0,248.0,115.52913665771484,25.22614097595215,False,False,False,
task2_images,D:\Biology-AI\data\Task2_Attributes\images\001223.jpg,True,JPEG,RGB,True,3024,2016,0.0,255.0,174.80995178222656,31.67180061340332,False,False,False,
task2_images,D:\Biology-AI\data\Task2_Attributes\images\001224.jpg,True,JPEG,RGB,True,2304,3072,9.0,255.0,143.51193237304688,25.639583587646484,False,False,False,
task2_images,D:\Biology-AI\data\Task2_Attributes\images\001225.jpg,True,JPEG,RGB,True,3008,2000,19.0,255.0,183.2485809326172,24.41567039489746,False,False,False,
task2_images,D:\Biology-AI\data\Task2_Attributes\images\001226.jpg,True,JPEG,RGB,True,6708,4439,0.0,255.0,183.0115966796875,45.33066177368164,False,False,False,
task2_images,D:\Biology-AI\data\Task2_Attributes\images\001227.jpg,True,JPEG,RGB,True,4288,2848,6.0,203.0,131.69332885742188,25.53261947631836,False,False,False,
task2_images,D:\Biology-AI\data\Task2_Attributes\images\001228.jpg,True,JPEG,RGB,True,3072,2304,0.0,239.0,178.5523223876953,23.646446228027344,False,False,False,
task2_images,D:\Biology-AI\data\Task2_Attributes\images\001229.jpg,True,JPEG,RGB,True,2048,1536,0.0,255.0,156.0269317626953,49.93065643310547,False,False,False,
task2_images,D:\Biology-AI\data\Task2_Attributes\images\001230.jpg,True,JPEG,RGB,True,2592,3872,14.0,187.0,147.7736053466797,16.59973907470703,False,False,False,
task2_images,D:\Biology-AI\data\Task2_Attributes\images\001231.jpg,True,JPEG,RGB,True,2272,1704,0.0,255.0,148.2356719970703,66.55352020263672,False,False,False,
task2_images,D:\Biology-AI\data\Task2_Attributes\images\001232.jpg,True,JPEG,RGB,True,3872,2592,51.0,255.0,176.71043395996094,14.01984691619873,False,False,False,
task2_images,D:\Biology-AI\data\Task2_Attributes\images\001233.jpg,True,JPEG,RGB,True,1024,768,2.0,238.0,163.88101196289062,45.511837005615234,False,False,False,
task2_images,D:\Biology-AI\data\Task2_Attributes\images\001234.jpg,True,JPEG,RGB,True,1024,768,30.0,235.0,184.00416564941406,24.28413200378418,False,False,False,
task2_images,D:\Biology-AI\data\Task2_Attributes\images\001235.jpg,True,JPEG,RGB,True,6608,4399,0.0,255.0,144.61752319335938,57.98671340942383,False,False,False,
task2_images,D:\Biology-AI\data\Task2_Attributes\images\001236.jpg,True,JPEG,RGB,True,3072,2304,5.0,230.0,142.2808380126953,44.810184478759766,False,False,False,
task2_images,D:\Biology-AI\data\Task2_Attributes\images\001237.jpg,True,JPEG,RGB,True,2592,1936,4.0,255.0,167.02850341796875,27.863115310668945,False,False,False,
task2_images,D:\Biology-AI\data\Task2_Attributes\images\001238.jpg,True,JPEG,RGB,True,1024,768,8.0,223.0,158.35580444335938,36.623634338378906,False,False,False,
task2_images,D:\Biology-AI\data\Task2_Attributes\images\001239.jpg,True,JPEG,RGB,True,1504,1129,0.0,255.0,159.67926025390625,50.04724884033203,False,False,False,
task2_images,D:\Biology-AI\data\Task2_Attributes\images\001240.jpg,True,JPEG,RGB,True,640,480,0.0,253.0,156.01210021972656,43.92254638671875,False,False,False,
task2_images,D:\Biology-AI\data\Task2_Attributes\images\001241.jpg,True,JPEG,RGB,True,3072,2304,0.0,255.0,133.00115966796875,36.79302978515625,False,False,False,
task2_images,D:\Biology-AI\data\Task2_Attributes\images\001242.jpg,True,JPEG,RGB,True,2592,1936,0.0,239.0,154.69448852539062,34.412601470947266,False,False,False,
task2_images,D:\Biology-AI\data\Task2_Attributes\images\001243.jpg,True,JPEG,RGB,True,640,480,0.0,240.0,139.5078125,50.48992156982422,False,False,False,
task2_images,D:\Biology-AI\data\Task2_Attributes\images\001244.jpg,True,JPEG,RGB,True,1024,768,15.0,255.0,194.36683654785156,31.46328353881836,False,False,False,
task2_images,D:\Biology-AI\data\Task2_Attributes\images\001245.jpg,True,JPEG,RGB,True,6688,4459,0.0,255.0,152.77468872070312,40.00883865356445,False,False,False,
task2_images,D:\Biology-AI\data\Task2_Attributes\images\001246.jpg,True,JPEG,RGB,True,3008,2000,18.0,255.0,179.13983154296875,24.093143463134766,False,False,False,
task2_images,D:\Biology-AI\data\Task2_Attributes\images\001247.jpg,True,JPEG,RGB,True,2048,1536,0.0,254.0,166.65573120117188,45.90398406982422,False,False,False,
task2_images,D:\Biology-AI\data\Task2_Attributes\images\001248.jpg,True,JPEG,RGB,True,6668,4459,0.0,255.0,190.52590942382812,47.92661666870117,False,False,False,
task2_images,D:\Biology-AI\data\Task2_Attributes\images\001249.jpg,True,JPEG,RGB,True,3008,2000,16.0,243.0,158.73321533203125,18.667089462280273,False,False,False,
task2_images,D:\Biology-AI\data\Task2_Attributes\images\001250.jpg,True,JPEG,RGB,True,824,719,23.0,241.0,143.25376892089844,40.228729248046875,False,False,False,
task2_images,D:\Biology-AI\data\Task2_Attributes\images\001251.jpg,True,JPEG,RGB,True,3872,2592,12.0,255.0,172.4391326904297,25.08661460876465,False,False,False,
task2_images,D:\Biology-AI\data\Task2_Attributes\images\001252.jpg,True,JPEG,RGB,True,4288,2848,18.0,255.0,136.0410919189453,30.094615936279297,False,False,False,
task2_images,D:\Biology-AI\data\Task2_Attributes\images\001253.jpg,True,JPEG,RGB,True,1024,768,57.0,236.0,139.13104248046875,21.273794174194336,False,False,False,
task2_images,D:\Biology-AI\data\Task2_Attributes\images\001254.jpg,True,JPEG,RGB,True,1024,768,7.0,234.0,182.3006591796875,46.641807556152344,False,False,False,
task2_images,D:\Biology-AI\data\Task2_Attributes\images\001255.jpg,True,JPEG,RGB,True,3008,2000,13.0,244.0,173.5001983642578,19.95171546936035,False,False,False,
task2_images,D:\Biology-AI\data\Task2_Attributes\images\001256.jpg,True,JPEG,RGB,True,3072,2304,0.0,255.0,145.3776092529297,51.88996505737305,False,False,False,
task2_images,D:\Biology-AI\data\Task2_Attributes\images\001257.jpg,True,JPEG,RGB,True,6642,4421,0.0,255.0,145.67034912109375,59.14450454711914,False,False,False,
task2_images,D:\Biology-AI\data\Task2_Attributes\images\001258.jpg,True,JPEG,RGB,True,4288,2848,3.0,255.0,154.2091522216797,27.8206787109375,False,False,False,
task2_images,D:\Biology-AI\data\Task2_Attributes\images\001259.jpg,True,JPEG,RGB,True,1024,768,1.0,235.0,164.151611328125,34.928890228271484,False,False,False,
task2_images,D:\Biology-AI\data\Task2_Attributes\images\001260.jpg,True,JPEG,RGB,True,6688,4439,0.0,255.0,126.1353988647461,63.575374603271484,False,False,False,
task2_images,D:\Biology-AI\data\Task2_Attributes\images\001261.jpg,True,JPEG,RGB,True,3072,2304,50.0,245.0,186.51046752929688,28.557527542114258,False,False,False,
task2_images,D:\Biology-AI\data\Task2_Attributes\images\001262.jpg,True,JPEG,RGB,True,640,480,0.0,255.0,61.8445930480957,58.860660552978516,False,False,False,
task2_images,D:\Biology-AI\data\Task2_Attributes\images\001263.jpg,True,JPEG,RGB,True,3072,2304,18.0,216.0,130.62815856933594,35.13003158569336,False,False,False,
task2_images,D:\Biology-AI\data\Task2_Attributes\images\001264.jpg,True,JPEG,RGB,True,919,802,0.0,255.0,180.29025268554688,25.956645965576172,False,False,False,
task2_images,D:\Biology-AI\data\Task2_Attributes\images\001265.jpg,True,JPEG,RGB,True,3008,2000,1.0,255.0,140.9590301513672,34.55241012573242,False,False,False,
task2_images,D:\Biology-AI\data\Task2_Attributes\images\001266.jpg,True,JPEG,RGB,True,3008,2000,4.0,241.0,147.09994506835938,19.61239242553711,False,False,False,
task2_images,D:\Biology-AI\data\Task2_Attributes\images\001267.jpg,True,JPEG,RGB,True,640,480,0.0,240.0,120.74044799804688,54.02492904663086,False,False,False,
task2_images,D:\Biology-AI\data\Task2_Attributes\images\001268.jpg,True,JPEG,RGB,True,3872,2592,15.0,255.0,172.65628051757812,22.55959701538086,False,False,False,
task2_images,D:\Biology-AI\data\Task2_Attributes\images\001269.jpg,True,JPEG,RGB,True,3024,2016,0.0,255.0,149.5115509033203,35.71059799194336,False,False,False,
task2_images,D:\Biology-AI\data\Task2_Attributes\images\001270.jpg,True,JPEG,RGB,True,1024,768,0.0,234.0,137.1707305908203,31.164098739624023,False,False,False,
task2_images,D:\Biology-AI\data\Task2_Attributes\images\001271.jpg,True,JPEG,RGB,True,3872,2592,25.0,176.0,135.89540100097656,15.142661094665527,False,False,False,
task2_images,D:\Biology-AI\data\Task2_Attributes\images\001272.jpg,True,JPEG,RGB,True,1024,768,0.0,255.0,175.05908203125,55.222373962402344,False,False,False,
task2_images,D:\Biology-AI\data\Task2_Attributes\images\001273.jpg,True,JPEG,RGB,True,6688,4439,0.0,255.0,132.51565551757812,79.1816177368164,False,False,False,
task2_images,D:\Biology-AI\data\Task2_Attributes\images\001274.jpg,True,JPEG,RGB,True,2816,2112,0.0,255.0,144.420166015625,34.89430618286133,False,False,False,
task2_images,D:\Biology-AI\data\Task2_Attributes\images\001275.jpg,True,JPEG,RGB,True,962,674,0.0,255.0,186.9315185546875,56.10944366455078,False,False,False,
task2_images,D:\Biology-AI\data\Task2_Attributes\images\001276.jpg,True,JPEG,RGB,True,767,576,0.0,255.0,139.27195739746094,53.412776947021484,False,False,False,
task2_images,D:\Biology-AI\data\Task2_Attributes\images\001277.jpg,True,JPEG,RGB,True,4288,2848,0.0,255.0,118.39646911621094,19.48667335510254,False,False,False,
task2_images,D:\Biology-AI\data\Task2_Attributes\images\001278.jpg,True,JPEG,RGB,True,3008,2000,24.0,244.0,175.25872802734375,23.640186309814453,False,False,False,
task2_images,D:\Biology-AI\data\Task2_Attributes\images\001279.jpg,True,JPEG,RGB,True,3024,2016,0.0,255.0,144.0367889404297,33.348419189453125,False,False,False,
task2_images,D:\Biology-AI\data\Task2_Attributes\images\001280.jpg,True,JPEG,RGB,True,1024,768,0.0,207.0,114.1572265625,68.29894256591797,False,False,False,
task2_images,D:\Biology-AI\data\Task2_Attributes\images\001281.jpg,True,JPEG,RGB,True,1024,768,0.0,239.0,152.8653564453125,55.2140998840332,False,False,False,
task2_images,D:\Biology-AI\data\Task2_Attributes\images\001282.jpg,True,JPEG,RGB,True,4288,2848,30.0,255.0,126.15352630615234,37.852256774902344,False,False,False,
task2_images,D:\Biology-AI\data\Task2_Attributes\images\001283.jpg,True,JPEG,RGB,True,3008,2000,0.0,255.0,172.5181884765625,33.91204071044922,False,False,False,
task2_images,D:\Biology-AI\data\Task2_Attributes\images\001284.jpg,True,JPEG,RGB,True,1024,768,12.0,186.0,133.89093017578125,31.8101863861084,False,False,False,
task2_images,D:\Biology-AI\data\Task2_Attributes\images\001285.jpg,True,JPEG,RGB,True,640,480,0.0,244.0,134.3859405517578,46.66370391845703,False,False,False,
task2_images,D:\Biology-AI\data\Task2_Attributes\images\001286.jpg,True,JPEG,RGB,True,1024,768,0.0,255.0,157.41162109375,39.0004768371582,False,False,False,
task2_images,D:\Biology-AI\data\Task2_Attributes\images\001287.jpg,True,JPEG,RGB,True,6681,4441,0.0,255.0,135.7898712158203,61.246124267578125,False,False,False,
task2_images,D:\Biology-AI\data\Task2_Attributes\images\001288.jpg,True,JPEG,RGB,True,1024,768,0.0,255.0,203.36233520507812,37.27272033691406,False,False,False,
task2_images,D:\Biology-AI\data\Task2_Attributes\images\001289.jpg,True,JPEG,RGB,True,2592,1944,29.0,166.0,131.38587951660156,14.16296672821045,False,False,False,
task2_images,D:\Biology-AI\data\Task2_Attributes\images\001290.jpg,True,JPEG,RGB,True,1024,768,1.0,235.0,166.4713592529297,44.816951751708984,False,False,False,
task2_images,D:\Biology-AI\data\Task2_Attributes\images\001291.jpg,True,JPEG,RGB,True,2048,1536,17.0,255.0,185.14056396484375,42.76838302612305,False,False,False,
task2_images,D:\Biology-AI\data\Task2_Attributes\images\001292.jpg,True,JPEG,RGB,True,4288,2848,4.0,255.0,164.06121826171875,27.03974151611328,False,False,False,
task2_images,D:\Biology-AI\data\Task2_Attributes\images\001293.jpg,True,JPEG,RGB,True,4288,2848,2.0,249.0,147.17678833007812,27.17799949645996,False,False,False,
task2_images,D:\Biology-AI\data\Task2_Attributes\images\001294.jpg,True,JPEG,RGB,True,4288,2848,13.0,255.0,133.25291442871094,31.794570922851562,False,False,False,
task2_images,D:\Biology-AI\data\Task2_Attributes\images\001295.jpg,True,JPEG,RGB,True,6601,4380,0.0,255.0,158.62457275390625,57.46137237548828,False,False,False,
task2_images,D:\Biology-AI\data\Task2_Attributes\images\001296.jpg,True,JPEG,RGB,True,640,480,0.0,194.0,92.20153045654297,42.483642578125,False,False,False,
task2_images,D:\Biology-AI\data\Task2_Attributes\images\001297.jpg,True,JPEG,RGB,True,3072,2304,0.0,255.0,115.15161895751953,80.15035247802734,False,False,False,
task2_images,D:\Biology-AI\data\Task2_Attributes\images\001298.jpg,True,JPEG,RGB,True,1024,768,28.0,243.0,156.69137573242188,28.810474395751953,False,False,False,
task2_images,D:\Biology-AI\data\Task2_Attributes\images\001299.jpg,True,JPEG,RGB,True,4288,2848,4.0,245.0,125.14937591552734,32.441688537597656,False,False,False,
task2_images,D:\Biology-AI\data\Task2_Attributes\images\001300.jpg,True,JPEG,RGB,True,6708,4459,0.0,255.0,174.22006225585938,46.75303268432617,False,False,False,
task2_images,D:\Biology-AI\data\Task2_Attributes\images\001301.jpg,True,JPEG,RGB,True,6601,4401,0.0,255.0,164.85829162597656,45.146453857421875,False,False,False,
task2_images,D:\Biology-AI\data\Task2_Attributes\images\001302.jpg,True,JPEG,RGB,True,3072,2304,0.0,192.0,125.5240249633789,33.20241165161133,False,False,False,
task2_images,D:\Biology-AI\data\Task2_Attributes\images\001303.jpg,True,JPEG,RGB,True,959,638,0.0,255.0,156.21212768554688,57.53041458129883,False,False,False,
task2_images,D:\Biology-AI\data\Task2_Attributes\images\001304.jpg,True,JPEG,RGB,True,1024,768,48.0,255.0,212.5746307373047,40.802513122558594,False,False,False,
task2_images,D:\Biology-AI\data\Task2_Attributes\images\001305.jpg,True,JPEG,RGB,True,4288,2848,3.0,255.0,166.16513061523438,26.355972290039062,False,False,False,
task2_images,D:\Biology-AI\data\Task2_Attributes\images\001306.jpg,True,JPEG,RGB,True,6681,4401,0.0,255.0,128.49093627929688,60.0335807800293,False,False,False,
task2_images,D:\Biology-AI\data\Task2_Attributes\images\001307.jpg,True,JPEG,RGB,True,3024,2016,0.0,255.0,148.8502655029297,49.19764709472656,False,False,False,
task2_images,D:\Biology-AI\data\Task2_Attributes\images\001308.jpg,True,JPEG,RGB,True,1024,768,1.0,244.0,171.6266326904297,43.521995544433594,False,False,False,
task2_images,D:\Biology-AI\data\Task2_Attributes\images\001309.jpg,True,JPEG,RGB,True,4288,2848,0.0,255.0,169.201416015625,37.864315032958984,False,False,False,
task2_images,D:\Biology-AI\data\Task2_Attributes\images\001310.jpg,True,JPEG,RGB,True,3024,2016,0.0,255.0,129.88539123535156,40.61254119873047,False,False,False,
task2_images,D:\Biology-AI\data\Task2_Attributes\images\001311.jpg,True,JPEG,RGB,True,6715,4457,0.0,255.0,155.79092407226562,59.48138427734375,False,False,False,
task2_images,D:\Biology-AI\data\Task2_Attributes\images\001312.jpg,True,JPEG,RGB,True,2048,1536,10.0,255.0,162.123046875,38.36998748779297,False,False,False,
task2_images,D:\Biology-AI\data\Task2_Attributes\images\001313.jpg,True,JPEG,RGB,True,1024,768,13.0,236.0,177.8746795654297,26.418094635009766,False,False,False,
task2_images,D:\Biology-AI\data\Task2_Attributes\images\001314.jpg,True,JPEG,RGB,True,2592,1936,21.0,255.0,184.78077697753906,27.87415313720703,False,False,False,
task2_images,D:\Biology-AI\data\Task2_Attributes\images\001315.jpg,True,JPEG,RGB,True,3008,2000,3.0,223.0,124.25784301757812,23.333154678344727,False,False,False,
task2_images,D:\Biology-AI\data\Task2_Attributes\images\001316.jpg,True,JPEG,RGB,True,4288,2848,8.0,240.0,127.4581298828125,24.59809112548828,False,False,False,
task2_images,D:\Biology-AI\data\Task2_Attributes\images\001317.jpg,True,JPEG,RGB,True,3072,2304,0.0,255.0,144.4434356689453,30.90163803100586,False,False,False,
task2_images,D:\Biology-AI\data\Task2_Attributes\images\001318.jpg,True,JPEG,RGB,True,3008,2000,9.0,255.0,190.73617553710938,22.37877082824707,False,False,False,
task2_images,D:\Biology-AI\data\Task2_Attributes\images\001319.jpg,True,JPEG,RGB,True,1008,711,1.0,255.0,158.30345153808594,30.501981735229492,False,False,False,
task2_images,D:\Biology-AI\data\Task2_Attributes\images\001320.jpg,True,JPEG,RGB,True,3072,2304,0.0,255.0,167.6197967529297,20.67472267150879,False,False,False,
task2_images,D:\Biology-AI\data\Task2_Attributes\images\001321.jpg,True,JPEG,RGB,True,3008,2000,0.0,255.0,131.1743927001953,41.978389739990234,False,False,False,
task2_images,D:\Biology-AI\data\Task2_Attributes\images\001322.jpg,True,JPEG,RGB,True,3008,2000,0.0,255.0,130.00650024414062,22.7258243560791,False,False,False,
task2_images,D:\Biology-AI\data\Task2_Attributes\images\001323.jpg,True,JPEG,RGB,True,4288,2848,27.0,235.0,127.97842407226562,20.549570083618164,False,False,False,
task2_images,D:\Biology-AI\data\Task2_Attributes\images\001324.jpg,True,JPEG,RGB,True,3008,2000,2.0,255.0,163.7781524658203,25.32112693786621,False,False,False,
task2_images,D:\Biology-AI\data\Task2_Attributes\images\001325.jpg,True,JPEG,RGB,True,1504,1129,0.0,255.0,155.45594787597656,29.64807891845703,False,False,False,
task2_images,D:\Biology-AI\data\Task2_Attributes\images\001326.jpg,True,JPEG,RGB,True,3008,2000,18.0,255.0,160.72463989257812,25.013566970825195,False,False,False,
task2_images,D:\Biology-AI\data\Task2_Attributes\images\001327.jpg,True,JPEG,RGB,True,3072,2304,2.0,248.0,143.7288360595703,24.947912216186523,False,False,False,
task2_images,D:\Biology-AI\data\Task2_Attributes\images\001328.jpg,True,JPEG,RGB,True,1024,768,12.0,211.0,151.58102416992188,14.094141960144043,False,False,False,
task2_images,D:\Biology-AI\data\Task2_Attributes\images\001329.jpg,True,JPEG,RGB,True,3072,2304,0.0,255.0,129.47923278808594,44.79309844970703,False,False,False,
task2_images,D:\Biology-AI\data\Task2_Attributes\images\001330.jpg,True,JPEG,RGB,True,3008,2000,3.0,204.0,137.0159454345703,21.262474060058594,False,False,False,
task2_images,D:\Biology-AI\data\Task2_Attributes\images\001331.jpg,True,JPEG,RGB,True,2592,1936,0.0,255.0,118.19499206542969,90.6019287109375,False,False,False,
task2_images,D:\Biology-AI\data\Task2_Attributes\images\001332.jpg,True,JPEG,RGB,True,6641,4421,0.0,255.0,143.41796875,58.06617736816406,False,False,False,
task2_images,D:\Biology-AI\data\Task2_Attributes\images\001333.jpg,True,JPEG,RGB,True,3008,2000,11.0,255.0,114.83027648925781,39.85429763793945,False,False,False,
task2_images,D:\Biology-AI\data\Task2_Attributes\images\001334.jpg,True,JPEG,RGB,True,3008,2000,19.0,255.0,148.4535369873047,25.64651107788086,False,False,False,
task2_images,D:\Biology-AI\data\Task2_Attributes\images\001335.jpg,True,JPEG,RGB,True,2313,1985,6.0,196.0,152.3466033935547,17.8511905670166,False,False,False,
task2_images,D:\Biology-AI\data\Task2_Attributes\images\001336.jpg,True,JPEG,RGB,True,4288,2848,15.0,242.0,116.5390853881836,23.94364356994629,False,False,False,
task2_images,D:\Biology-AI\data\Task2_Attributes\images\001337.jpg,True,JPEG,RGB,True,3072,2304,4.0,213.0,137.5840301513672,35.6331901550293,False,False,False,
task2_images,D:\Biology-AI\data\Task2_Attributes\images\001338.jpg,True,JPEG,RGB,True,640,480,0.0,228.0,102.7156982421875,47.692569732666016,False,False,False,
task2_images,D:\Biology-AI\data\Task2_Attributes\images\001339.jpg,True,JPEG,RGB,True,1936,2592,0.0,255.0,170.463623046875,45.210792541503906,False,False,False,
task2_images,D:\Biology-AI\data\Task2_Attributes\images\001340.jpg,True,JPEG,RGB,True,3008,2000,0.0,255.0,89.05555725097656,34.28697967529297,False,False,False,
task2_images,D:\Biology-AI\data\Task2_Attributes\images\001341.jpg,True,JPEG,RGB,True,640,480,0.0,242.0,136.02737426757812,56.15563201904297,False,False,False,
task2_images,D:\Biology-AI\data\Task2_Attributes\images\001342.jpg,True,JPEG,RGB,True,6648,4399,0.0,255.0,140.39498901367188,60.4138069152832,False,False,False,
task2_images,D:\Biology-AI\data\Task2_Attributes\images\001343.jpg,True,JPEG,RGB,True,640,480,0.0,245.0,153.64065551757812,44.039649963378906,False,False,False,
task2_images,D:\Biology-AI\data\Task2_Attributes\images\001344.jpg,True,JPEG,RGB,True,4288,2848,10.0,224.0,135.10455322265625,26.989439010620117,False,False,False,
task2_images,D:\Biology-AI\data\Task2_Attributes\images\001345.jpg,True,JPEG,RGB,True,1024,768,0.0,255.0,158.34109497070312,23.316490173339844,False,False,False,
task2_images,D:\Biology-AI\data\Task2_Attributes\images\001346.jpg,True,JPEG,RGB,True,3008,2000,8.0,250.0,159.008056640625,19.763885498046875,False,False,False,
task2_images,D:\Biology-AI\data\Task2_Attributes\images\001347.jpg,True,JPEG,RGB,True,919,802,12.0,238.0,159.83924865722656,22.156391143798828,False,False,False,
task2_images,D:\Biology-AI\data\Task2_Attributes\images\001348.jpg,True,JPEG,RGB,True,3024,2016,0.0,255.0,150.8296356201172,33.21323013305664,False,False,False,
task2_images,D:\Biology-AI\data\Task2_Attributes\images\001349.jpg,True,JPEG,RGB,True,3008,2000,2.0,255.0,147.28378295898438,25.84145736694336,False,False,False,
task2_images,D:\Biology-AI\data\Task2_Attributes\images\001350.jpg,True,JPEG,RGB,True,4288,2848,0.0,255.0,126.04862976074219,39.69217300415039,False,False,False,
task2_images,D:\Biology-AI\data\Task2_Attributes\images\001351.jpg,True,JPEG,RGB,True,1024,768,9.0,234.0,160.07867431640625,37.56951904296875,False,False,False,
task2_images,D:\Biology-AI\data\Task2_Attributes\images\001352.jpg,True,JPEG,RGB,True,1024,768,41.0,255.0,219.94117736816406,27.150365829467773,False,False,False,
task2_images,D:\Biology-AI\data\Task2_Attributes\images\001353.jpg,True,JPEG,RGB,True,3072,2304,3.0,255.0,132.06275939941406,38.56026077270508,False,False,False,
task2_images,D:\Biology-AI\data\Task2_Attributes\images\001354.jpg,True,JPEG,RGB,True,1024,768,0.0,234.0,173.68722534179688,25.295345306396484,False,False,False,
task2_images,D:\Biology-AI\data\Task2_Attributes\images\001355.jpg,True,JPEG,RGB,True,6648,4459,0.0,255.0,132.95700073242188,57.681175231933594,False,False,False,
task2_images,D:\Biology-AI\data\Task2_Attributes\images\001356.jpg,True,JPEG,RGB,True,3072,2304,27.0,203.0,150.74232482910156,24.909374237060547,False,False,False,
task2_images,D:\Biology-AI\data\Task2_Attributes\images\001357.jpg,True,JPEG,RGB,True,4288,2848,9.0,255.0,163.8400115966797,42.81129455566406,False,False,False,
task2_images,D:\Biology-AI\data\Task2_Attributes\images\001358.jpg,True,JPEG,RGB,True,4288,2848,10.0,255.0,136.65377807617188,18.684080123901367,False,False,False,
task2_images,D:\Biology-AI\data\Task2_Attributes\images\001359.jpg,True,JPEG,RGB,True,640,480,0.0,249.0,134.94618225097656,57.667240142822266,False,False,False,
task2_images,D:\Biology-AI\data\Task2_Attributes\images\001360.jpg,True,JPEG,RGB,True,3872,2592,6.0,255.0,159.92105102539062,26.012882232666016,False,False,False,
task2_images,D:\Biology-AI\data\Task2_Attributes\images\001361.jpg,True,JPEG,RGB,True,3072,2304,3.0,192.0,132.38601684570312,41.16539764404297,False,False,False,
task2_images,D:\Biology-AI\data\Task2_Attributes\images\001362.jpg,True,JPEG,RGB,True,3072,2304,7.0,255.0,142.04554748535156,33.477813720703125,False,False,False,
task2_images,D:\Biology-AI\data\Task2_Attributes\images\001363.jpg,True,JPEG,RGB,True,6682,4441,0.0,255.0,173.2274932861328,67.08045959472656,False,False,False,
task2_images,D:\Biology-AI\data\Task2_Attributes\images\001364.jpg,True,JPEG,RGB,True,640,480,0.0,235.0,135.08523559570312,53.591190338134766,False,False,False,
task2_images,D:\Biology-AI\data\Task2_Attributes\images\001365.jpg,True,JPEG,RGB,True,3072,2304,0.0,255.0,147.69610595703125,28.413103103637695,False,False,False,
task2_images,D:\Biology-AI\data\Task2_Attributes\images\001366.jpg,True,JPEG,RGB,True,3008,2000,0.0,255.0,111.47310638427734,33.353145599365234,False,False,False,
task2_images,D:\Biology-AI\data\Task2_Attributes\images\001367.jpg,True,JPEG,RGB,True,4288,2848,13.0,245.0,125.64802551269531,18.597034454345703,False,False,False,
task2_images,D:\Biology-AI\data\Task2_Attributes\images\001368.jpg,True,JPEG,RGB,True,4288,2848,19.0,255.0,147.91526794433594,19.14097785949707,False,False,False,
task2_images,D:\Biology-AI\data\Task2_Attributes\images\001369.jpg,True,JPEG,RGB,True,2059,1732,36.0,255.0,169.57408142089844,28.99287986755371,False,False,False,
task2_images,D:\Biology-AI\data\Task2_Attributes\images\001370.jpg,True,JPEG,RGB,True,1024,768,0.0,255.0,158.97398376464844,33.62644958496094,False,False,False,
task2_images,D:\Biology-AI\data\Task2_Attributes\images\001371.jpg,True,JPEG,RGB,True,1024,768,3.0,236.0,135.05064392089844,30.259613037109375,False,False,False,
task2_images,D:\Biology-AI\data\Task2_Attributes\images\001372.jpg,True,JPEG,RGB,True,6641,4440,0.0,255.0,147.92349243164062,73.04837036132812,False,False,False,
task2_images,D:\Biology-AI\data\Task2_Attributes\images\001373.jpg,True,JPEG,RGB,True,4288,2848,29.0,255.0,164.43392944335938,27.969993591308594,False,False,False,
task2_images,D:\Biology-AI\data\Task2_Attributes\images\001374.jpg,True,JPEG,RGB,True,640,480,0.0,246.0,156.10374450683594,41.453182220458984,False,False,False,
task2_images,D:\Biology-AI\data\Task2_Attributes\images\001375.jpg,True,JPEG,RGB,True,3872,2592,21.0,255.0,208.58287048339844,21.270280838012695,False,False,False,
task2_images,D:\Biology-AI\data\Task2_Attributes\images\001376.jpg,True,JPEG,RGB,True,1024,768,0.0,255.0,159.9683380126953,25.53911590576172,False,False,False,
task2_images,D:\Biology-AI\data\Task2_Attributes\images\001377.jpg,True,JPEG,RGB,True,1024,768,0.0,255.0,141.87744140625,68.86066436767578,False,False,False,
task2_images,D:\Biology-AI\data\Task2_Attributes\images\001378.jpg,True,JPEG,RGB,True,3872,2592,25.0,255.0,209.3870086669922,19.730148315429688,False,False,False,
task2_images,D:\Biology-AI\data\Task2_Attributes\images\001379.jpg,True,JPEG,RGB,True,4288,2848,11.0,255.0,148.8525390625,23.816261291503906,False,False,False,
task2_images,D:\Biology-AI\data\Task2_Attributes\images\001380.jpg,True,JPEG,RGB,True,1024,768,15.0,255.0,202.33160400390625,41.217308044433594,False,False,False,
task2_images,D:\Biology-AI\data\Task2_Attributes\images\001381.jpg,True,JPEG,RGB,True,1453,1241,0.0,255.0,140.5767822265625,49.524505615234375,False,False,False,
task2_images,D:\Biology-AI\data\Task2_Attributes\images\001382.jpg,True,JPEG,RGB,True,3072,2304,4.0,201.0,117.46793365478516,31.955318450927734,False,False,False,
task2_images,D:\Biology-AI\data\Task2_Attributes\images\001383.jpg,True,JPEG,RGB,True,4288,2848,26.0,250.0,148.26373291015625,13.376195907592773,False,False,False,
task2_images,D:\Biology-AI\data\Task2_Attributes\images\001384.jpg,True,JPEG,RGB,True,6622,4441,0.0,255.0,157.36575317382812,56.52349090576172,False,False,False,
task2_images,D:\Biology-AI\data\Task2_Attributes\images\001385.jpg,True,JPEG,RGB,True,2592,1936,3.0,255.0,170.2798309326172,40.326351165771484,False,False,False,
task2_images,D:\Biology-AI\data\Task2_Attributes\images\001386.jpg,True,JPEG,RGB,True,640,480,0.0,231.0,138.2684783935547,40.489479064941406,False,False,False,
task2_images,D:\Biology-AI\data\Task2_Attributes\images\001387.jpg,True,JPEG,RGB,True,1502,1051,0.0,255.0,186.31253051757812,59.7799072265625,False,False,False,
task2_images,D:\Biology-AI\data\Task2_Attributes\images\001388.jpg,True,JPEG,RGB,True,3008,2000,15.0,255.0,175.94119262695312,31.141555786132812,False,False,False,
task2_images,D:\Biology-AI\data\Task2_Attributes\images\001389.jpg,True,JPEG,RGB,True,767,576,0.0,255.0,117.15617370605469,53.018218994140625,False,False,False,
task2_images,D:\Biology-AI\data\Task2_Attributes\images\001390.jpg,True,JPEG,RGB,True,1024,768,21.0,254.0,163.39369201660156,38.28611755371094,False,False,False,
task2_images,D:\Biology-AI\data\Task2_Attributes\images\001391.jpg,True,JPEG,RGB,True,6688,4439,0.0,255.0,167.98947143554688,44.2997932434082,False,False,False,
task2_images,D:\Biology-AI\data\Task2_Attributes\images\001392.jpg,True,JPEG,RGB,True,640,480,0.0,231.0,139.57435607910156,45.730342864990234,False,False,False,
task2_images,D:\Biology-AI\data\Task2_Attributes\images\001393.jpg,True,JPEG,RGB,True,6621,4402,0.0,255.0,183.87879943847656,52.90257263183594,False,False,False,
task2_images,D:\Biology-AI\data\Task2_Attributes\images\001394.jpg,True,JPEG,RGB,True,3872,2592,2.0,250.0,118.40113067626953,16.5748348236084,False,False,False,
task2_images,D:\Biology-AI\data\Task2_Attributes\images\001395.jpg,True,JPEG,RGB,True,1024,768,0.0,232.0,160.83062744140625,40.99445343017578,False,False,False,
task2_images,D:\Biology-AI\data\Task2_Attributes\images\001396.jpg,True,JPEG,RGB,True,3072,2304,9.0,255.0,162.44361877441406,31.353294372558594,False,False,False,
task2_images,D:\Biology-AI\data\Task2_Attributes\images\001397.jpg,True,JPEG,RGB,True,4288,2848,13.0,255.0,145.41934204101562,28.375728607177734,False,False,False,
task2_images,D:\Biology-AI\data\Task2_Attributes\images\001398.jpg,True,JPEG,RGB,True,4288,2848,0.0,255.0,161.8367919921875,29.804208755493164,False,False,False,
task2_images,D:\Biology-AI\data\Task2_Attributes\images\001399.jpg,True,JPEG,RGB,True,4288,2848,5.0,242.0,96.53654479980469,33.50959014892578,False,False,False,
task2_images,D:\Biology-AI\data\Task2_Attributes\images\001400.jpg,True,JPEG,RGB,True,6608,4419,0.0,255.0,139.4490509033203,51.06406021118164,False,False,False,
task2_images,D:\Biology-AI\data\Task2_Attributes\images\001401.jpg,True,JPEG,RGB,True,6648,4439,0.0,255.0,191.8351287841797,33.595672607421875,False,False,False,
task2_images,D:\Biology-AI\data\Task2_Attributes\images\001402.jpg,True,JPEG,RGB,True,4288,2848,2.0,228.0,130.308349609375,22.866201400756836,False,False,False,
task2_images,D:\Biology-AI\data\Task2_Attributes\images\001403.jpg,True,JPEG,RGB,True,3072,2304,19.0,253.0,162.32131958007812,31.897165298461914,False,False,False,
task2_images,D:\Biology-AI\data\Task2_Attributes\images\001404.jpg,True,JPEG,RGB,True,1024,768,16.0,236.0,143.200927734375,31.03253173828125,False,False,False,
task2_images,D:\Biology-AI\data\Task2_Attributes\images\001405.jpg,True,JPEG,RGB,True,2265,1965,0.0,201.0,138.34886169433594,23.964094161987305,False,False,False,
task2_images,D:\Biology-AI\data\Task2_Attributes\images\001406.jpg,True,JPEG,RGB,True,4288,2848,21.0,228.0,130.84361267089844,15.889281272888184,False,False,False,
task2_images,D:\Biology-AI\data\Task2_Attributes\images\001407.jpg,True,JPEG,RGB,True,3072,2304,0.0,187.0,132.05029296875,25.38314437866211,False,False,False,
task2_images,D:\Biology-AI\data\Task2_Attributes\images\001408.jpg,True,JPEG,RGB,True,4288,2848,10.0,255.0,169.0874481201172,28.565553665161133,False,False,False,
task2_images,D:\Biology-AI\data\Task2_Attributes\images\001409.jpg,True,JPEG,RGB,True,3024,2016,0.0,255.0,145.2437286376953,37.342193603515625,False,False,False,
task2_images,D:\Biology-AI\data\Task2_Attributes\images\001410.jpg,True,JPEG,RGB,True,1024,768,3.0,255.0,174.52301025390625,57.02070236206055,False,False,False,
task2_images,D:\Biology-AI\data\Task2_Attributes\images\001411.jpg,True,JPEG,RGB,True,6642,4420,0.0,255.0,134.56338500976562,48.824859619140625,False,False,False,
task2_images,D:\Biology-AI\data\Task2_Attributes\images\001412.jpg,True,JPEG,RGB,True,2048,1536,0.0,255.0,169.2582244873047,61.3135871887207,False,False,False,
task2_images,D:\Biology-AI\data\Task2_Attributes\images\001413.jpg,True,JPEG,RGB,True,4288,2848,5.0,214.0,120.98770141601562,20.181554794311523,False,False,False,
task2_images,D:\Biology-AI\data\Task2_Attributes\images\001414.jpg,True,JPEG,RGB,True,3008,2000,1.0,227.0,151.40138244628906,27.08448028564453,False,False,False,
task2_images,D:\Biology-AI\data\Task2_Attributes\images\001415.jpg,True,JPEG,RGB,True,1024,768,0.0,255.0,212.70408630371094,37.66168212890625,False,False,False,
task2_images,D:\Biology-AI\data\Task2_Attributes\images\001416.jpg,True,JPEG,RGB,True,3072,2304,0.0,255.0,147.7910919189453,26.89348030090332,False,False,False,
task2_images,D:\Biology-AI\data\Task2_Attributes\images\001417.jpg,True,JPEG,RGB,True,962,670,0.0,255.0,181.23019409179688,70.40478515625,False,False,False,
task2_images,D:\Biology-AI\data\Task2_Attributes\images\001418.jpg,True,JPEG,RGB,True,3072,2304,0.0,255.0,161.68299865722656,29.471635818481445,False,False,False,
task2_images,D:\Biology-AI\data\Task2_Attributes\images\001419.jpg,True,JPEG,RGB,True,4288,2848,14.0,245.0,138.28684997558594,23.797679901123047,False,False,False,
task2_images,D:\Biology-AI\data\Task2_Attributes\images\001420.jpg,True,JPEG,RGB,True,3872,2592,38.0,185.0,143.5197296142578,19.301546096801758,False,False,False,
task2_images,D:\Biology-AI\data\Task2_Attributes\images\001421.jpg,True,JPEG,RGB,True,4288,2848,10.0,255.0,136.8234405517578,29.797361373901367,False,False,False,
task2_images,D:\Biology-AI\data\Task2_Attributes\images\001422.jpg,True,JPEG,RGB,True,767,576,0.0,255.0,127.321044921875,56.75775909423828,False,False,False,
task2_images,D:\Biology-AI\data\Task2_Attributes\images\001423.jpg,True,JPEG,RGB,True,1024,768,0.0,253.0,92.4047622680664,84.78013610839844,False,False,False,
task2_images,D:\Biology-AI\data\Task2_Attributes\images\001424.jpg,True,JPEG,RGB,True,3072,2304,0.0,173.0,131.9158477783203,25.745012283325195,False,False,False,
task2_images,D:\Biology-AI\data\Task2_Attributes\images\001425.jpg,True,JPEG,RGB,True,3008,2000,4.0,232.0,147.16773986816406,28.6757755279541,False,False,False,
task2_images,D:\Biology-AI\data\Task2_Attributes\images\001426.jpg,True,JPEG,RGB,True,3872,2592,17.0,255.0,216.1439666748047,18.524133682250977,False,False,False,
task2_images,D:\Biology-AI\data\Task2_Attributes\images\001427.jpg,True,JPEG,RGB,True,3024,2016,0.0,255.0,146.4730682373047,26.44782829284668,False,False,False,
task2_images,D:\Biology-AI\data\Task2_Attributes\images\001428.jpg,True,JPEG,RGB,True,3008,2000,8.0,227.0,131.5653839111328,19.024381637573242,False,False,False,
task2_images,D:\Biology-AI\data\Task2_Attributes\images\001429.jpg,True,JPEG,RGB,True,796,682,0.0,254.0,180.62159729003906,33.99824142456055,False,False,False,
task2_images,D:\Biology-AI\data\Task2_Attributes\images\001430.jpg,True,JPEG,RGB,True,3872,2592,6.0,227.0,164.64288330078125,18.259016036987305,False,False,False,
task2_images,D:\Biology-AI\data\Task2_Attributes\images\001431.jpg,True,JPEG,RGB,True,3024,2016,0.0,255.0,133.60617065429688,41.4457893371582,False,False,False,
task2_images,D:\Biology-AI\data\Task2_Attributes\images\001432.jpg,True,JPEG,RGB,True,6648,4419,0.0,255.0,126.15349578857422,63.63454055786133,False,False,False,
task2_images,D:\Biology-AI\data\Task2_Attributes\images\001433.jpg,True,JPEG,RGB,True,3072,2304,0.0,255.0,174.26849365234375,36.475624084472656,False,False,False,
task2_images,D:\Biology-AI\data\Task2_Attributes\images\001434.jpg,True,JPEG,RGB,True,1024,768,0.0,245.0,147.7207794189453,33.791866302490234,False,False,False,
task2_images,D:\Biology-AI\data\Task2_Attributes\images\001435.jpg,True,JPEG,RGB,True,6708,4439,0.0,255.0,161.51153564453125,60.7637825012207,False,False,False,
task2_images,D:\Biology-AI\data\Task2_Attributes\images\001436.jpg,True,JPEG,RGB,True,1024,768,16.0,235.0,161.97227478027344,45.125980377197266,False,False,False,
task2_images,D:\Biology-AI\data\Task2_Attributes\images\001437.jpg,True,JPEG,RGB,True,3072,2304,0.0,255.0,149.2498321533203,32.89986801147461,False,False,False,
task2_images,D:\Biology-AI\data\Task2_Attributes\images\001438.jpg,True,JPEG,RGB,True,6602,4382,0.0,255.0,103.26083374023438,56.58229446411133,False,False,False,
task2_images,D:\Biology-AI\data\Task2_Attributes\images\001439.jpg,True,JPEG,RGB,True,1504,1129,0.0,255.0,170.970703125,39.85003662109375,False,False,False,
task2_images,D:\Biology-AI\data\Task2_Attributes\images\001440.jpg,True,JPEG,RGB,True,2592,1936,0.0,206.0,142.2249755859375,37.69606018066406,False,False,False,
task2_images,D:\Biology-AI\data\Task2_Attributes\images\001441.jpg,True,JPEG,RGB,True,2048,1536,5.0,255.0,175.9009246826172,45.150054931640625,False,False,False,
task2_images,D:\Biology-AI\data\Task2_Attributes\images\001442.jpg,True,JPEG,RGB,True,4288,2848,4.0,255.0,144.7364959716797,27.668163299560547,False,False,False,
task2_images,D:\Biology-AI\data\Task2_Attributes\images\001443.jpg,True,JPEG,RGB,True,4288,2848,9.0,241.0,133.89515686035156,23.06697654724121,False,False,False,
task2_images,D:\Biology-AI\data\Task2_Attributes\images\001444.jpg,True,JPEG,RGB,True,4288,2848,4.0,243.0,134.59654235839844,41.125587463378906,False,False,False,
task2_images,D:\Biology-AI\data\Task2_Attributes\images\001445.jpg,True,JPEG,RGB,True,3008,2000,1.0,255.0,163.01800537109375,16.191774368286133,False,False,False,
task2_images,D:\Biology-AI\data\Task2_Attributes\images\001446.jpg,True,JPEG,RGB,True,3872,2592,12.0,211.0,142.20130920410156,21.74083709716797,False,False,False,
task2_images,D:\Biology-AI\data\Task2_Attributes\images\001447.jpg,True,JPEG,RGB,True,3072,2304,7.0,232.0,165.44630432128906,27.336044311523438,False,False,False,
task2_images,D:\Biology-AI\data\Task2_Attributes\images\001448.jpg,True,JPEG,RGB,True,4288,2848,6.0,240.0,131.5653076171875,21.099573135375977,False,False,False,
task2_images,D:\Biology-AI\data\Task2_Attributes\images\001449.jpg,True,JPEG,RGB,True,640,480,0.0,243.0,108.88258361816406,60.35586929321289,False,False,False,
task2_images,D:\Biology-AI\data\Task2_Attributes\images\001450.jpg,True,JPEG,RGB,True,6662,4382,0.0,255.0,158.2661590576172,52.35617446899414,False,False,False,
task2_images,D:\Biology-AI\data\Task2_Attributes\images\001451.jpg,True,JPEG,RGB,True,640,480,0.0,255.0,186.14532470703125,41.650421142578125,False,False,False,
task2_images,D:\Biology-AI\data\Task2_Attributes\images\001452.jpg,True,JPEG,RGB,True,2592,1936,0.0,248.0,139.4689178466797,39.41535568237305,False,False,False,
task2_images,D:\Biology-AI\data\Task2_Attributes\images\001453.jpg,True,JPEG,RGB,True,1024,768,13.0,236.0,163.73861694335938,41.000244140625,False,False,False,
task2_images,D:\Biology-AI\data\Task2_Attributes\images\001454.jpg,True,JPEG,RGB,True,3072,2304,48.0,255.0,178.25132751464844,20.072172164916992,False,False,False,
task2_images,D:\Biology-AI\data\Task2_Attributes\images\001455.jpg,True,JPEG,RGB,True,4288,2848,14.0,250.0,157.93821716308594,25.617332458496094,False,False,False,
task2_images,D:\Biology-AI\data\Task2_Attributes\images\001456.jpg,True,JPEG,RGB,True,767,576,0.0,255.0,190.13160705566406,52.88871765136719,False,False,False,
task2_images,D:\Biology-AI\data\Task2_Attributes\images\001457.jpg,True,JPEG,RGB,True,6682,4422,0.0,255.0,197.27049255371094,52.518150329589844,False,False,False,
task2_images,D:\Biology-AI\data\Task2_Attributes\images\001458.jpg,True,JPEG,RGB,True,1022,767,0.0,255.0,90.15828704833984,77.423095703125,False,False,False,
task2_images,D:\Biology-AI\data\Task2_Attributes\images\001459.jpg,True,JPEG,RGB,True,1024,768,0.0,255.0,164.2466278076172,52.75685119628906,False,False,False,
task2_images,D:\Biology-AI\data\Task2_Attributes\images\001460.jpg,True,JPEG,RGB,True,3072,2304,19.0,209.0,147.4757080078125,28.785634994506836,False,False,False,
task2_images,D:\Biology-AI\data\Task2_Attributes\images\001461.jpg,True,JPEG,RGB,True,4288,2848,5.0,255.0,130.98171997070312,22.458681106567383,False,False,False,
task2_images,D:\Biology-AI\data\Task2_Attributes\images\001462.jpg,True,JPEG,RGB,True,1024,768,0.0,255.0,209.76119995117188,41.30580520629883,False,False,False,
task2_images,D:\Biology-AI\data\Task2_Attributes\images\001463.jpg,True,JPEG,RGB,True,640,480,0.0,251.0,141.90585327148438,43.1360969543457,False,False,False,
task2_images,D:\Biology-AI\data\Task2_Attributes\images\001464.jpg,True,JPEG,RGB,True,4288,2848,9.0,255.0,150.3726806640625,20.666921615600586,False,False,False,
task2_images,D:\Biology-AI\data\Task2_Attributes\images\001465.jpg,True,JPEG,RGB,True,2048,1536,0.0,209.0,141.1887969970703,32.718475341796875,False,False,False,
task2_images,D:\Biology-AI\data\Task2_Attributes\images\001466.jpg,True,JPEG,RGB,True,3008,2000,0.0,255.0,121.28907775878906,31.75835609436035,False,False,False,
task2_images,D:\Biology-AI\data\Task2_Attributes\images\001467.jpg,True,JPEG,RGB,True,1504,1129,0.0,255.0,135.8909149169922,50.963890075683594,False,False,False,
task2_images,D:\Biology-AI\data\Task2_Attributes\images\001468.jpg,True,JPEG,RGB,True,1024,768,19.0,255.0,199.29457092285156,21.746519088745117,False,False,False,
task2_images,D:\Biology-AI\data\Task2_Attributes\images\001469.jpg,True,JPEG,RGB,True,3072,2304,0.0,255.0,199.9113311767578,43.66472244262695,False,False,False,
task2_images,D:\Biology-AI\data\Task2_Attributes\images\001470.jpg,True,JPEG,RGB,True,1024,768,13.0,222.0,176.29739379882812,29.727161407470703,False,False,False,
task2_images,D:\Biology-AI\data\Task2_Attributes\images\001471.jpg,True,JPEG,RGB,True,640,480,0.0,245.0,152.95538330078125,44.48145294189453,False,False,False,
task2_images,D:\Biology-AI\data\Task2_Attributes\images\001472.jpg,True,JPEG,RGB,True,962,722,2.0,255.0,159.3323516845703,47.99833679199219,False,False,False,
task2_images,D:\Biology-AI\data\Task2_Attributes\images\001473.jpg,True,JPEG,RGB,True,2314,2067,15.0,255.0,138.72996520996094,19.9079532623291,False,False,False,
task2_images,D:\Biology-AI\data\Task2_Attributes\images\001474.jpg,True,JPEG,RGB,True,2048,1536,10.0,255.0,142.80670166015625,40.069217681884766,False,False,False,
task2_images,D:\Biology-AI\data\Task2_Attributes\images\001475.jpg,True,JPEG,RGB,True,1024,768,23.0,240.0,146.20309448242188,26.22356414794922,False,False,False,
task2_images,D:\Biology-AI\data\Task2_Attributes\images\001476.jpg,True,JPEG,RGB,True,6648,4419,0.0,255.0,186.5167999267578,48.37503433227539,False,False,False,
task2_images,D:\Biology-AI\data\Task2_Attributes\images\001477.jpg,True,JPEG,RGB,True,1024,768,3.0,223.0,156.22216796875,44.943580627441406,False,False,False,
task2_images,D:\Biology-AI\data\Task2_Attributes\images\001478.jpg,True,JPEG,RGB,True,4288,2848,3.0,217.0,109.3591079711914,22.298992156982422,False,False,False,
task2_images,D:\Biology-AI\data\Task2_Attributes\images\001479.jpg,True,JPEG,RGB,True,3008,2000,3.0,237.0,139.7028045654297,17.859935760498047,False,False,False,
task2_images,D:\Biology-AI\data\Task2_Attributes\images\001480.jpg,True,JPEG,RGB,True,722,542,0.0,255.0,131.0409393310547,72.20555114746094,False,False,False,
task2_images,D:\Biology-AI\data\Task2_Attributes\images\001481.jpg,True,JPEG,RGB,True,3072,2304,0.0,255.0,191.8939971923828,47.69453811645508,False,False,False,
task2_images,D:\Biology-AI\data\Task2_Attributes\images\001482.jpg,True,JPEG,RGB,True,640,480,0.0,234.0,118.99710083007812,51.17351150512695,False,False,False,
task2_images,D:\Biology-AI\data\Task2_Attributes\images\001483.jpg,True,JPEG,RGB,True,640,480,0.0,248.0,149.8983612060547,45.40777587890625,False,False,False,
task2_images,D:\Biology-AI\data\Task2_Attributes\images\001484.jpg,True,JPEG,RGB,True,1024,768,0.0,255.0,209.19825744628906,37.86369705200195,False,False,False,
task2_images,D:\Biology-AI\data\Task2_Attributes\images\001485.jpg,True,JPEG,RGB,True,4288,2848,30.0,237.0,137.63162231445312,19.645877838134766,False,False,False,
task2_images,D:\Biology-AI\data\Task2_Attributes\images\001486.jpg,True,JPEG,RGB,True,4288,2848,3.0,244.0,149.4094696044922,20.47563934326172,False,False,False,
task2_images,D:\Biology-AI\data\Task2_Attributes\images\001487.jpg,True,JPEG,RGB,True,6621,4401,0.0,255.0,170.77439880371094,51.5678596496582,False,False,False,
task2_images,D:\Biology-AI\data\Task2_Attributes\images\001488.jpg,True,JPEG,RGB,True,1024,768,0.0,255.0,127.65473175048828,38.03719711303711,False,False,False,
task2_images,D:\Biology-AI\data\Task2_Attributes\images\001489.jpg,True,JPEG,RGB,True,4288,2848,19.0,255.0,162.262939453125,30.988161087036133,False,False,False,
task2_images,D:\Biology-AI\data\Task2_Attributes\images\001490.jpg,True,JPEG,RGB,True,4288,2848,5.0,255.0,138.1890106201172,16.836149215698242,False,False,False,
task2_images,D:\Biology-AI\data\Task2_Attributes\images\001491.jpg,True,JPEG,RGB,True,4288,2848,10.0,255.0,164.0851593017578,21.074726104736328,False,False,False,
task2_images,D:\Biology-AI\data\Task2_Attributes\images\001492.jpg,True,JPEG,RGB,True,3072,2304,0.0,180.0,127.10777282714844,38.03116989135742,False,False,False,
task2_images,D:\Biology-AI\data\Task2_Attributes\images\001493.jpg,True,JPEG,RGB,True,1024,768,0.0,236.0,152.60552978515625,32.09416961669922,False,False,False,
task2_images,D:\Biology-AI\data\Task2_Attributes\images\001494.jpg,True,JPEG,RGB,True,6668,4439,0.0,255.0,175.2444610595703,83.7166748046875,False,False,False,
task2_images,D:\Biology-AI\data\Task2_Attributes\images\001495.jpg,True,JPEG,RGB,True,3872,2592,7.0,255.0,124.0334243774414,46.0744514465332,False,False,False,
task2_images,D:\Biology-AI\data\Task2_Attributes\images\001496.jpg,True,JPEG,RGB,True,2655,2292,4.0,255.0,153.3325653076172,30.715211868286133,False,False,False,
task2_images,D:\Biology-AI\data\Task2_Attributes\images\001497.jpg,True,JPEG,RGB,True,4288,2848,2.0,255.0,154.66722106933594,32.02955627441406,False,False,False,
task2_images,D:\Biology-AI\data\Task2_Attributes\images\001498.jpg,True,JPEG,RGB,True,3008,2000,11.0,255.0,162.02255249023438,25.4741268157959,False,False,False,
task2_images,D:\Biology-AI\data\Task2_Attributes\images\001499.jpg,True,JPEG,RGB,True,3072,2304,6.0,255.0,157.28549194335938,36.0641975402832,False,False,False,
task2_images,D:\Biology-AI\data\Task2_Attributes\images\001500.jpg,True,JPEG,RGB,True,4288,2848,9.0,251.0,136.8081512451172,27.869808197021484,False,False,False,
task2_images,D:\Biology-AI\data\Task2_Attributes\images\001501.jpg,True,JPEG,RGB,True,3008,2000,0.0,255.0,143.59146118164062,15.032032012939453,False,False,False,
task2_images,D:\Biology-AI\data\Task2_Attributes\images\001502.jpg,True,JPEG,RGB,True,3008,2000,0.0,234.0,116.82275390625,26.005088806152344,False,False,False,
task2_images,D:\Biology-AI\data\Task2_Attributes\images\001503.jpg,True,JPEG,RGB,True,1024,768,0.0,255.0,139.46148681640625,22.356048583984375,False,False,False,
task2_images,D:\Biology-AI\data\Task2_Attributes\images\001504.jpg,True,JPEG,RGB,True,3024,2016,0.0,255.0,150.24034118652344,25.350500106811523,False,False,False,
task2_images,D:\Biology-AI\data\Task2_Attributes\images\001505.jpg,True,JPEG,RGB,True,640,480,0.0,255.0,179.06301879882812,41.8177604675293,False,False,False,
task2_images,D:\Biology-AI\data\Task2_Attributes\images\001506.jpg,True,JPEG,RGB,True,4288,2848,6.0,255.0,111.94158935546875,19.948570251464844,False,False,False,
task2_images,D:\Biology-AI\data\Task2_Attributes\images\001507.jpg,True,JPEG,RGB,True,3872,2592,6.0,255.0,147.79559326171875,31.884992599487305,False,False,False,
task2_images,D:\Biology-AI\data\Task2_Attributes\images\001508.jpg,True,JPEG,RGB,True,4288,2848,15.0,252.0,147.1485595703125,24.887466430664062,False,False,False,
task2_images,D:\Biology-AI\data\Task2_Attributes\images\001509.jpg,True,JPEG,RGB,True,4288,2848,28.0,255.0,171.27610778808594,31.275218963623047,False,False,False,
task2_images,D:\Biology-AI\data\Task2_Attributes\images\001510.jpg,True,JPEG,RGB,True,1024,768,11.0,255.0,184.39578247070312,30.41864585876465,False,False,False,
task2_images,D:\Biology-AI\data\Task2_Attributes\images\001511.jpg,True,JPEG,RGB,True,3072,2304,28.0,207.0,147.4920196533203,28.164875030517578,False,False,False,
task2_images,D:\Biology-AI\data\Task2_Attributes\images\001512.jpg,True,JPEG,RGB,True,1502,1036,0.0,255.0,156.14144897460938,66.05441284179688,False,False,False,
task2_images,D:\Biology-AI\data\Task2_Attributes\images\001513.jpg,True,JPEG,RGB,True,640,480,0.0,203.0,73.02993774414062,37.045345306396484,False,False,False,
task2_images,D:\Biology-AI\data\Task2_Attributes\images\001514.jpg,True,JPEG,RGB,True,1024,768,0.0,246.0,141.09730529785156,29.5562744140625,False,False,False,
task2_images,D:\Biology-AI\data\Task2_Attributes\images\001515.jpg,True,JPEG,RGB,True,1024,768,0.0,240.0,142.368896484375,32.56462097167969,False,False,False,
task2_images,D:\Biology-AI\data\Task2_Attributes\images\001516.jpg,True,JPEG,RGB,True,4288,2848,53.0,238.0,173.13304138183594,20.77806282043457,False,False,False,
task2_images,D:\Biology-AI\data\Task2_Attributes\images\001517.jpg,True,JPEG,RGB,True,3872,2592,18.0,255.0,200.19898986816406,17.4787654876709,False,False,False,
task2_images,D:\Biology-AI\data\Task2_Attributes\images\001518.jpg,True,JPEG,RGB,True,640,480,0.0,235.0,138.808349609375,40.74760437011719,False,False,False,
task2_images,D:\Biology-AI\data\Task2_Attributes\images\001519.jpg,True,JPEG,RGB,True,640,480,0.0,231.0,129.76046752929688,44.79743576049805,False,False,False,
task2_images,D:\Biology-AI\data\Task2_Attributes\images\001520.jpg,True,JPEG,RGB,True,1024,768,0.0,253.0,140.95985412597656,27.415571212768555,False,False,False,
task2_images,D:\Biology-AI\data\Task2_Attributes\images\001521.jpg,True,JPEG,RGB,True,6695,4497,0.0,255.0,141.13412475585938,53.32620620727539,False,False,False,
task2_images,D:\Biology-AI\data\Task2_Attributes\images\001522.jpg,True,JPEG,RGB,True,4288,2848,25.0,255.0,183.0390625,35.236690521240234,False,False,False,
task2_images,D:\Biology-AI\data\Task2_Attributes\images\001523.jpg,True,JPEG,RGB,True,1024,768,16.0,235.0,161.60064697265625,27.50543212890625,False,False,False,
task2_images,D:\Biology-AI\data\Task2_Attributes\images\001524.jpg,True,JPEG,RGB,True,4288,2848,6.0,255.0,138.80909729003906,27.5387020111084,False,False,False,
task2_images,D:\Biology-AI\data\Task2_Attributes\images\001525.jpg,True,JPEG,RGB,True,4288,2848,21.0,255.0,158.3717803955078,21.367019653320312,False,False,False,
task2_images,D:\Biology-AI\data\Task2_Attributes\images\001526.jpg,True,JPEG,RGB,True,1024,768,0.0,231.0,75.74391174316406,79.79177856445312,False,False,False,
task2_images,D:\Biology-AI\data\Task2_Attributes\images\001527.jpg,True,JPEG,RGB,True,6648,4419,0.0,255.0,164.86070251464844,38.40666198730469,False,False,False,
task2_images,D:\Biology-AI\data\Task2_Attributes\images\001528.jpg,True,JPEG,RGB,True,4288,2848,12.0,243.0,110.94448852539062,32.431251525878906,False,False,False,
task2_images,D:\Biology-AI\data\Task2_Attributes\images\001529.jpg,True,JPEG,RGB,True,4288,2848,2.0,181.0,113.71991729736328,20.57090187072754,False,False,False,
task2_images,D:\Biology-AI\data\Task2_Attributes\images\001530.jpg,True,JPEG,RGB,True,640,480,0.0,255.0,103.12699890136719,72.63215637207031,False,False,False,
task2_images,D:\Biology-AI\data\Task2_Attributes\images\001531.jpg,True,JPEG,RGB,True,3072,2304,12.0,239.0,141.74061584472656,37.12726974487305,False,False,False,
task2_images,D:\Biology-AI\data\Task2_Attributes\images\001532.jpg,True,JPEG,RGB,True,3072,2304,17.0,255.0,143.90426635742188,39.20585632324219,False,False,False,
task2_images,D:\Biology-AI\data\Task2_Attributes\images\001533.jpg,True,JPEG,RGB,True,919,802,13.0,199.0,142.7498016357422,43.80786895751953,False,False,False,
task2_images,D:\Biology-AI\data\Task2_Attributes\images\001534.jpg,True,JPEG,RGB,True,2048,1536,0.0,255.0,86.87333679199219,77.86687469482422,False,False,False,
task2_images,D:\Biology-AI\data\Task2_Attributes\images\001535.jpg,True,JPEG,RGB,True,2592,1944,0.0,247.0,159.8879852294922,54.52299118041992,False,False,False,
task2_images,D:\Biology-AI\data\Task2_Attributes\images\001536.jpg,True,JPEG,RGB,True,6688,4439,0.0,255.0,184.9037322998047,49.42377853393555,False,False,False,
task2_images,D:\Biology-AI\data\Task2_Attributes\images\001537.jpg,True,JPEG,RGB,True,3072,2304,11.0,255.0,139.5308837890625,28.6748046875,False,False,False,
task2_images,D:\Biology-AI\data\Task2_Attributes\images\001538.jpg,True,JPEG,RGB,True,640,480,0.0,255.0,116.9578628540039,68.21604919433594,False,False,False,
task2_images,D:\Biology-AI\data\Task2_Attributes\images\001539.jpg,True,JPEG,RGB,True,3072,2304,0.0,255.0,151.39773559570312,39.92034149169922,False,False,False,
task2_images,D:\Biology-AI\data\Task2_Attributes\images\001540.jpg,True,JPEG,RGB,True,4288,2848,28.0,255.0,166.80015563964844,30.164104461669922,False,False,False,
task2_images,D:\Biology-AI\data\Task2_Attributes\images\001541.jpg,True,JPEG,RGB,True,4288,2848,12.0,254.0,158.695068359375,24.86800765991211,False,False,False,
task2_images,D:\Biology-AI\data\Task2_Attributes\images\001542.jpg,True,JPEG,RGB,True,3072,2304,0.0,255.0,102.0233154296875,76.22705078125,False,False,False,
task2_images,D:\Biology-AI\data\Task2_Attributes\images\001543.jpg,True,JPEG,RGB,True,2048,1536,17.0,230.0,165.24725341796875,29.00620460510254,False,False,False,
task2_images,D:\Biology-AI\data\Task2_Attributes\images\001544.jpg,True,JPEG,RGB,True,2048,1536,1.0,255.0,152.55511474609375,31.96981430053711,False,False,False,
task2_images,D:\Biology-AI\data\Task2_Attributes\images\001545.jpg,True,JPEG,RGB,True,3008,2000,32.0,255.0,176.16709899902344,28.559741973876953,False,False,False,
task2_images,D:\Biology-AI\data\Task2_Attributes\images\001546.jpg,True,JPEG,RGB,True,919,802,17.0,247.0,171.7305908203125,23.339380264282227,False,False,False,
task2_images,D:\Biology-AI\data\Task2_Attributes\images\001547.jpg,True,JPEG,RGB,True,4288,2848,7.0,255.0,157.4478759765625,33.06772994995117,False,False,False,
task2_images,D:\Biology-AI\data\Task2_Attributes\images\001548.jpg,True,JPEG,RGB,True,2048,1536,17.0,233.0,173.15733337402344,20.674434661865234,False,False,False,
task2_images,D:\Biology-AI\data\Task2_Attributes\images\001549.jpg,True,JPEG,RGB,True,640,480,0.0,255.0,171.07577514648438,55.60277557373047,False,False,False,
task2_images,D:\Biology-AI\data\Task2_Attributes\images\001550.jpg,True,JPEG,RGB,True,3008,2000,18.0,255.0,202.2571563720703,13.05000114440918,False,False,False,
task2_images,D:\Biology-AI\data\Task2_Attributes\images\001551.jpg,True,JPEG,RGB,True,2048,1536,0.0,255.0,164.28842163085938,64.89324951171875,False,False,False,
task2_images,D:\Biology-AI\data\Task2_Attributes\images\001552.jpg,True,JPEG,RGB,True,3072,2304,0.0,255.0,175.35963439941406,37.301910400390625,False,False,False,
task2_images,D:\Biology-AI\data\Task2_Attributes\images\001553.jpg,True,JPEG,RGB,True,6602,4401,0.0,255.0,162.51832580566406,53.940818786621094,False,False,False,
task2_images,D:\Biology-AI\data\Task2_Attributes\images\001554.jpg,True,JPEG,RGB,True,6661,4401,0.0,255.0,162.87850952148438,75.31636047363281,False,False,False,
task2_images,D:\Biology-AI\data\Task2_Attributes\images\001555.jpg,True,JPEG,RGB,True,6688,4439,0.0,255.0,131.87828063964844,97.50199127197266,False,False,False,
task2_images,D:\Biology-AI\data\Task2_Attributes\images\001556.jpg,True,JPEG,RGB,True,3008,2000,4.0,255.0,143.623779296875,32.57590866088867,False,False,False,
task2_images,D:\Biology-AI\data\Task2_Attributes\images\001557.jpg,True,JPEG,RGB,True,6682,4401,0.0,255.0,154.1786651611328,71.45077514648438,False,False,False,
task2_images,D:\Biology-AI\data\Task2_Attributes\images\001558.jpg,True,JPEG,RGB,True,3008,2000,1.0,233.0,136.51406860351562,22.86663055419922,False,False,False,
task2_images,D:\Biology-AI\data\Task2_Attributes\images\001559.jpg,True,JPEG,RGB,True,3072,2304,13.0,179.0,140.33331298828125,23.959049224853516,False,False,False,
task2_images,D:\Biology-AI\data\Task2_Attributes\images\001560.jpg,True,JPEG,RGB,True,3072,2304,0.0,233.0,127.63240051269531,50.0129508972168,False,False,False,
task2_images,D:\Biology-AI\data\Task2_Attributes\images\001561.jpg,True,JPEG,RGB,True,1024,768,0.0,234.0,160.2271270751953,24.36142921447754,False,False,False,
task2_images,D:\Biology-AI\data\Task2_Attributes\images\001562.jpg,True,JPEG,RGB,True,6628,4399,0.0,255.0,136.0897216796875,58.85933303833008,False,False,False,
task2_images,D:\Biology-AI\data\Task2_Attributes\images\001563.jpg,True,JPEG,RGB,True,640,480,0.0,255.0,211.0631561279297,45.64726638793945,False,False,False,
task2_images,D:\Biology-AI\data\Task2_Attributes\images\001564.jpg,True,JPEG,RGB,True,2048,1536,0.0,247.0,163.01458740234375,40.96323776245117,False,False,False,
task2_images,D:\Biology-AI\data\Task2_Attributes\images\001565.jpg,True,JPEG,RGB,True,767,576,0.0,255.0,194.87794494628906,49.925758361816406,False,False,False,
task2_images,D:\Biology-AI\data\Task2_Attributes\images\001566.jpg,True,JPEG,RGB,True,1024,768,28.0,234.0,191.39727783203125,31.2214298248291,False,False,False,
task2_images,D:\Biology-AI\data\Task2_Attributes\images\001567.jpg,True,JPEG,RGB,True,3872,2592,11.0,255.0,172.3585662841797,23.63797378540039,False,False,False,
task2_images,D:\Biology-AI\data\Task2_Attributes\images\001568.jpg,True,JPEG,RGB,True,6688,4439,0.0,255.0,140.51913452148438,59.67344284057617,False,False,False,
task2_images,D:\Biology-AI\data\Task2_Attributes\images\001569.jpg,True,JPEG,RGB,True,3008,2000,14.0,255.0,144.43373107910156,30.904695510864258,False,False,False,
task2_images,D:\Biology-AI\data\Task2_Attributes\images\001570.jpg,True,JPEG,RGB,True,962,674,0.0,255.0,146.84649658203125,69.9166259765625,False,False,False,
task2_images,D:\Biology-AI\data\Task2_Attributes\images\001571.jpg,True,JPEG,RGB,True,4288,2848,8.0,226.0,127.0152587890625,10.84199333190918,False,False,False,
task2_images,D:\Biology-AI\data\Task2_Attributes\images\001572.jpg,True,JPEG,RGB,True,3072,2304,0.0,255.0,85.15962219238281,75.5978012084961,False,False,False,
task2_images,D:\Biology-AI\data\Task2_Attributes\images\001573.jpg,True,JPEG,RGB,True,3872,2592,7.0,255.0,148.45834350585938,17.537202835083008,False,False,False,
task2_images,D:\Biology-AI\data\Task2_Attributes\images\001574.jpg,True,JPEG,RGB,True,3024,2016,0.0,253.0,143.71702575683594,25.664344787597656,False,False,False,
task2_images,D:\Biology-AI\data\Task2_Attributes\images\001575.jpg,True,JPEG,RGB,True,1024,768,4.0,235.0,153.35540771484375,15.407390594482422,False,False,False,
task2_images,D:\Biology-AI\data\Task2_Attributes\images\001576.jpg,True,JPEG,RGB,True,640,480,0.0,253.0,170.7403106689453,44.43937301635742,False,False,False,
task2_images,D:\Biology-AI\data\Task2_Attributes\images\001577.jpg,True,JPEG,RGB,True,3072,2304,0.0,236.0,129.22935485839844,39.66416931152344,False,False,False,
task2_images,D:\Biology-AI\data\Task2_Attributes\images\001578.jpg,True,JPEG,RGB,True,640,480,0.0,255.0,139.2657470703125,59.555904388427734,False,False,False,
task2_images,D:\Biology-AI\data\Task2_Attributes\images\001579.jpg,True,JPEG,RGB,True,3008,2000,1.0,255.0,130.05471801757812,30.694061279296875,False,False,False,
task2_images,D:\Biology-AI\data\Task2_Attributes\images\001580.jpg,True,JPEG,RGB,True,6661,4420,0.0,255.0,155.42747497558594,47.09716796875,False,False,False,
task2_images,D:\Biology-AI\data\Task2_Attributes\images\001581.jpg,True,JPEG,RGB,True,1024,768,0.0,255.0,219.4319610595703,27.958948135375977,False,False,False,
task2_images,D:\Biology-AI\data\Task2_Attributes\images\001582.jpg,True,JPEG,RGB,True,1024,768,0.0,255.0,180.2635955810547,43.66055679321289,False,False,False,
task2_images,D:\Biology-AI\data\Task2_Attributes\images\001583.jpg,True,JPEG,RGB,True,4288,2848,0.0,255.0,133.75775146484375,44.50925827026367,False,False,False,
task2_images,D:\Biology-AI\data\Task2_Attributes\images\001584.jpg,True,JPEG,RGB,True,4288,2848,4.0,255.0,144.10574340820312,22.077964782714844,False,False,False,
task2_images,D:\Biology-AI\data\Task2_Attributes\images\001585.jpg,True,JPEG,RGB,True,640,480,0.0,234.0,139.11204528808594,51.29693603515625,False,False,False,
task2_images,D:\Biology-AI\data\Task2_Attributes\images\001586.jpg,True,JPEG,RGB,True,1024,768,5.0,255.0,181.84996032714844,35.61384201049805,False,False,False,
task2_images,D:\Biology-AI\data\Task2_Attributes\images\001587.jpg,True,JPEG,RGB,True,6600,4411,0.0,255.0,184.28131103515625,51.66963577270508,False,False,False,
task2_images,D:\Biology-AI\data\Task2_Attributes\images\001588.jpg,True,JPEG,RGB,True,1024,768,0.0,255.0,135.88800048828125,28.0870304107666,False,False,False,
task2_images,D:\Biology-AI\data\Task2_Attributes\images\001589.jpg,True,JPEG,RGB,True,4288,2848,0.0,255.0,123.770263671875,27.172046661376953,False,False,False,
task2_images,D:\Biology-AI\data\Task2_Attributes\images\001590.jpg,True,JPEG,RGB,True,2592,1936,0.0,255.0,171.43161010742188,39.499755859375,False,False,False,
task2_images,D:\Biology-AI\data\Task2_Attributes\images\001591.jpg,True,JPEG,RGB,True,5184,3456,0.0,254.0,133.7827606201172,51.09708786010742,False,False,False,
task2_images,D:\Biology-AI\data\Task2_Attributes\images\001592.jpg,True,JPEG,RGB,True,1024,768,15.0,255.0,209.64100646972656,37.957603454589844,False,False,False,
task2_images,D:\Biology-AI\data\Task2_Attributes\images\001593.jpg,True,JPEG,RGB,True,2592,1944,0.0,255.0,159.0928497314453,44.76078414916992,False,False,False,
task2_images,D:\Biology-AI\data\Task2_Attributes\images\001594.jpg,True,JPEG,RGB,True,6662,4440,0.0,255.0,158.3537139892578,59.155296325683594,False,False,False,
task2_images,D:\Biology-AI\data\Task2_Attributes\images\001595.jpg,True,JPEG,RGB,True,3072,2304,19.0,255.0,153.10162353515625,21.969051361083984,False,False,False,
task2_images,D:\Biology-AI\data\Task2_Attributes\images\001596.jpg,True,JPEG,RGB,True,1494,1036,0.0,255.0,185.57339477539062,59.52655792236328,False,False,False,
task2_images,D:\Biology-AI\data\Task2_Attributes\images\001597.jpg,True,JPEG,RGB,True,4288,2848,23.0,255.0,182.33604431152344,30.993864059448242,False,False,False,
task2_images,D:\Biology-AI\data\Task2_Attributes\images\001598.jpg,True,JPEG,RGB,True,2048,1536,11.0,255.0,134.8409881591797,36.310447692871094,False,False,False,
task2_images,D:\Biology-AI\data\Task2_Attributes\images\001599.jpg,True,JPEG,RGB,True,1213,1307,0.0,255.0,125.64468383789062,54.20673751831055,False,False,False,
task2_images,D:\Biology-AI\data\Task2_Attributes\images\001600.jpg,True,JPEG,RGB,True,1024,768,47.0,238.0,134.62074279785156,26.191017150878906,False,False,False,
task2_images,D:\Biology-AI\data\Task2_Attributes\images\001601.jpg,True,JPEG,RGB,True,4288,2848,24.0,255.0,152.3068084716797,22.049362182617188,False,False,False,
task2_images,D:\Biology-AI\data\Task2_Attributes\images\001602.jpg,True,JPEG,RGB,True,3024,2016,0.0,255.0,141.15956115722656,28.167461395263672,False,False,False,
task2_images,D:\Biology-AI\data\Task2_Attributes\images\001603.jpg,True,JPEG,RGB,True,1024,768,0.0,255.0,180.07757568359375,29.176494598388672,False,False,False,
task2_images,D:\Biology-AI\data\Task2_Attributes\images\001604.jpg,True,JPEG,RGB,True,4288,2848,12.0,255.0,134.71376037597656,19.30882453918457,False,False,False,
task2_images,D:\Biology-AI\data\Task2_Attributes\images\001605.jpg,True,JPEG,RGB,True,1022,767,0.0,255.0,79.59964752197266,88.61409759521484,False,False,False,
task2_images,D:\Biology-AI\data\Task2_Attributes\images\001606.jpg,True,JPEG,RGB,True,640,480,0.0,255.0,156.4832305908203,56.335662841796875,False,False,False,
task2_images,D:\Biology-AI\data\Task2_Attributes\images\001607.jpg,True,JPEG,RGB,True,6628,4419,0.0,255.0,163.5203399658203,45.7943115234375,False,False,False,
task2_images,D:\Biology-AI\data\Task2_Attributes\images\001608.jpg,True,JPEG,RGB,True,767,576,0.0,255.0,176.67864990234375,56.25827407836914,False,False,False,
task2_images,D:\Biology-AI\data\Task2_Attributes\images\001609.jpg,True,JPEG,RGB,True,3872,2592,8.0,255.0,147.0343780517578,23.340436935424805,False,False,False,
task2_images,D:\Biology-AI\data\Task2_Attributes\images\001610.jpg,True,JPEG,RGB,True,640,480,0.0,252.0,128.37022399902344,62.958900451660156,False,False,False,
task2_images,D:\Biology-AI\data\Task2_Attributes\images\001611.jpg,True,JPEG,RGB,True,3072,2304,0.0,199.0,149.40237426757812,30.227277755737305,False,False,False,
task2_images,D:\Biology-AI\data\Task2_Attributes\images\001612.jpg,True,JPEG,RGB,True,1024,768,0.0,250.0,149.0366973876953,32.5918083190918,False,False,False,
task2_images,D:\Biology-AI\data\Task2_Attributes\images\001613.jpg,True,JPEG,RGB,True,3008,2000,7.0,255.0,177.92013549804688,26.470705032348633,False,False,False,
task2_images,D:\Biology-AI\data\Task2_Attributes\images\001614.jpg,True,JPEG,RGB,True,640,480,0.0,227.0,93.2865982055664,55.16373825073242,False,False,False,
task2_images,D:\Biology-AI\data\Task2_Attributes\images\001615.jpg,True,JPEG,RGB,True,1024,768,31.0,255.0,195.302734375,23.89151954650879,False,False,False,
task2_images,D:\Biology-AI\data\Task2_Attributes\images\001616.jpg,True,JPEG,RGB,True,6608,4399,0.0,255.0,129.1398468017578,63.29429244995117,False,False,False,
task2_images,D:\Biology-AI\data\Task2_Attributes\images\001617.jpg,True,JPEG,RGB,True,3872,2592,7.0,255.0,138.25753784179688,49.1353645324707,False,False,False,
task2_images,D:\Biology-AI\data\Task2_Attributes\images\001618.jpg,True,JPEG,RGB,True,6688,4459,0.0,255.0,148.78753662109375,52.177467346191406,False,False,False,
task2_images,D:\Biology-AI\data\Task2_Attributes\images\001619.jpg,True,JPEG,RGB,True,2048,1536,18.0,255.0,136.9678192138672,32.498085021972656,False,False,False,
task2_images,D:\Biology-AI\data\Task2_Attributes\images\001620.jpg,True,JPEG,RGB,True,1024,768,0.0,235.0,167.96408081054688,50.92298126220703,False,False,False,
task2_images,D:\Biology-AI\data\Task2_Attributes\images\001621.jpg,True,JPEG,RGB,True,3008,2000,47.0,253.0,147.9821319580078,37.36227798461914,False,False,False,
task2_images,D:\Biology-AI\data\Task2_Attributes\images\001622.jpg,True,JPEG,RGB,True,4288,2848,27.0,255.0,118.59648132324219,41.385929107666016,False,False,False,
task2_images,D:\Biology-AI\data\Task2_Attributes\images\001623.jpg,True,JPEG,RGB,True,1024,768,0.0,204.0,166.4073944091797,21.862483978271484,False,False,False,
task2_images,D:\Biology-AI\data\Task2_Attributes\images\001624.jpg,True,JPEG,RGB,True,4288,2848,8.0,255.0,159.26339721679688,55.5949821472168,False,False,False,
task2_images,D:\Biology-AI\data\Task2_Attributes\images\001625.jpg,True,JPEG,RGB,True,2048,1536,0.0,227.0,149.89236450195312,45.621063232421875,False,False,False,
task2_images,D:\Biology-AI\data\Task2_Attributes\images\001626.jpg,True,JPEG,RGB,True,6641,4441,0.0,255.0,137.66456604003906,70.46488952636719,False,False,False,
task2_images,D:\Biology-AI\data\Task2_Attributes\images\001627.jpg,True,JPEG,RGB,True,4288,2848,5.0,255.0,159.5665740966797,47.00198745727539,False,False,False,
task2_images,D:\Biology-AI\data\Task2_Attributes\images\001628.jpg,True,JPEG,RGB,True,4288,2848,5.0,232.0,124.19671630859375,31.523298263549805,False,False,False,
task2_images,D:\Biology-AI\data\Task2_Attributes\images\001629.jpg,True,JPEG,RGB,True,6641,4441,0.0,255.0,158.80810546875,47.17818069458008,False,False,False,
task2_images,D:\Biology-AI\data\Task2_Attributes\images\001630.jpg,True,JPEG,RGB,True,4288,2848,5.0,255.0,135.88833618164062,23.750370025634766,False,False,False,
task2_images,D:\Biology-AI\data\Task2_Attributes\images\001631.jpg,True,JPEG,RGB,True,576,768,0.0,223.0,136.82281494140625,65.6028823852539,False,False,False,
task2_images,D:\Biology-AI\data\Task2_Attributes\images\001632.jpg,True,JPEG,RGB,True,640,480,0.0,253.0,129.8707275390625,50.38114547729492,False,False,False,
task2_images,D:\Biology-AI\data\Task2_Attributes\images\001633.jpg,True,JPEG,RGB,True,3072,2304,0.0,227.0,140.05441284179688,30.263530731201172,False,False,False,
task2_images,D:\Biology-AI\data\Task2_Attributes\images\001634.jpg,True,JPEG,RGB,True,6688,4439,0.0,255.0,152.39083862304688,58.24420166015625,False,False,False,
task2_images,D:\Biology-AI\data\Task2_Attributes\images\001635.jpg,True,JPEG,RGB,True,4288,2848,9.0,233.0,119.43486022949219,24.052204132080078,False,False,False,
task2_images,D:\Biology-AI\data\Task2_Attributes\images\001636.jpg,True,JPEG,RGB,True,6648,4439,0.0,255.0,167.0655975341797,53.53914260864258,False,False,False,
task2_images,D:\Biology-AI\data\Task2_Attributes\images\001637.jpg,True,JPEG,RGB,True,6621,4420,0.0,255.0,167.6814422607422,45.755340576171875,False,False,False,
task2_images,D:\Biology-AI\data\Task2_Attributes\images\001638.jpg,True,JPEG,RGB,True,824,719,0.0,218.0,165.38229370117188,43.78709411621094,False,False,False,
task2_images,D:\Biology-AI\data\Task2_Attributes\images\001639.jpg,True,JPEG,RGB,True,6662,4420,0.0,255.0,143.4440155029297,56.88514709472656,False,False,False,
task2_images,D:\Biology-AI\data\Task2_Attributes\images\001640.jpg,True,JPEG,RGB,True,4288,2848,21.0,255.0,127.76608276367188,25.0804500579834,False,False,False,
task2_images,D:\Biology-AI\data\Task2_Attributes\images\001641.jpg,True,JPEG,RGB,True,1936,2592,0.0,230.0,156.47732543945312,34.33456802368164,False,False,False,
task2_images,D:\Biology-AI\data\Task2_Attributes\images\001642.jpg,True,JPEG,RGB,True,6688,4439,0.0,255.0,186.62274169921875,47.6075325012207,False,False,False,
task2_images,D:\Biology-AI\data\Task2_Attributes\images\001643.jpg,True,JPEG,RGB,True,3008,2000,0.0,255.0,170.61073303222656,26.018802642822266,False,False,False,
task2_images,D:\Biology-AI\data\Task2_Attributes\images\001644.jpg,True,JPEG,RGB,True,6628,4419,0.0,255.0,194.3985595703125,49.32691192626953,False,False,False,
task2_images,D:\Biology-AI\data\Task2_Attributes\images\001645.jpg,True,JPEG,RGB,True,3072,2304,9.0,191.0,132.99525451660156,21.26707649230957,False,False,False,
task2_images,D:\Biology-AI\data\Task2_Attributes\images\001646.jpg,True,JPEG,RGB,True,3008,2000,7.0,255.0,173.33306884765625,21.10618782043457,False,False,False,
task2_images,D:\Biology-AI\data\Task2_Attributes\images\001647.jpg,True,JPEG,RGB,True,6682,4421,0.0,255.0,203.92837524414062,65.21051025390625,False,False,False,
task2_images,D:\Biology-AI\data\Task2_Attributes\images\001648.jpg,True,JPEG,RGB,True,1241,1261,35.0,255.0,150.92787170410156,50.542823791503906,False,False,False,
task2_images,D:\Biology-AI\data\Task2_Attributes\images\001649.jpg,True,JPEG,RGB,True,3872,2592,13.0,255.0,191.51365661621094,17.885709762573242,False,False,False,
task2_images,D:\Biology-AI\data\Task2_Attributes\images\001650.jpg,True,JPEG,RGB,True,3008,2000,0.0,240.0,167.9087677001953,14.807144165039062,False,False,False,
task2_images,D:\Biology-AI\data\Task2_Attributes\images\001651.jpg,True,JPEG,RGB,True,4288,2848,25.0,183.0,126.65278625488281,18.092050552368164,False,False,False,
task2_images,D:\Biology-AI\data\Task2_Attributes\images\001652.jpg,True,JPEG,RGB,True,2592,1944,0.0,255.0,159.99502563476562,47.80803298950195,False,False,False,
task2_images,D:\Biology-AI\data\Task2_Attributes\images\001653.jpg,True,JPEG,RGB,True,3008,2000,7.0,255.0,153.035400390625,28.570032119750977,False,False,False,
task2_images,D:\Biology-AI\data\Task2_Attributes\images\001654.jpg,True,JPEG,RGB,True,4288,2848,3.0,255.0,131.44375610351562,30.704511642456055,False,False,False,
task2_images,D:\Biology-AI\data\Task2_Attributes\images\001655.jpg,True,JPEG,RGB,True,3072,2304,4.0,231.0,157.9475555419922,29.629379272460938,False,False,False,
task2_images,D:\Biology-AI\data\Task2_Attributes\images\001656.jpg,True,JPEG,RGB,True,1024,768,0.0,255.0,160.98150634765625,44.04990768432617,False,False,False,
task2_images,D:\Biology-AI\data\Task2_Attributes\images\001657.jpg,True,JPEG,RGB,True,6681,4460,0.0,255.0,198.3478240966797,49.43347930908203,False,False,False,
task2_images,D:\Biology-AI\data\Task2_Attributes\images\001658.jpg,True,JPEG,RGB,True,3872,2592,3.0,229.0,152.13824462890625,26.914234161376953,False,False,False,
task2_images,D:\Biology-AI\data\Task2_Attributes\images\001659.jpg,True,JPEG,RGB,True,959,634,9.0,255.0,160.91696166992188,61.35547637939453,False,False,False,
task2_images,D:\Biology-AI\data\Task2_Attributes\images\001660.jpg,True,JPEG,RGB,True,3072,2304,4.0,255.0,143.63003540039062,51.247379302978516,False,False,False,
task2_images,D:\Biology-AI\data\Task2_Attributes\images\001661.jpg,True,JPEG,RGB,True,1765,1648,30.0,255.0,190.994384765625,33.64857482910156,False,False,False,
task2_images,D:\Biology-AI\data\Task2_Attributes\images\001662.jpg,True,JPEG,RGB,True,3024,2016,0.0,255.0,154.56776428222656,37.58329772949219,False,False,False,
task2_images,D:\Biology-AI\data\Task2_Attributes\images\001663.jpg,True,JPEG,RGB,True,1024,768,10.0,241.0,138.97862243652344,28.54292869567871,False,False,False,
task2_images,D:\Biology-AI\data\Task2_Attributes\images\001664.jpg,True,JPEG,RGB,True,1064,702,19.0,255.0,205.18841552734375,37.133419036865234,False,False,False,
task2_images,D:\Biology-AI\data\Task2_Attributes\images\001665.jpg,True,JPEG,RGB,True,1024,768,31.0,233.0,179.42654418945312,21.8480224609375,False,False,False,
task2_images,D:\Biology-AI\data\Task2_Attributes\images\001666.jpg,True,JPEG,RGB,True,4288,2848,0.0,255.0,163.61196899414062,32.240081787109375,False,False,False,
task2_images,D:\Biology-AI\data\Task2_Attributes\images\001667.jpg,True,JPEG,RGB,True,1024,768,0.0,255.0,152.48971557617188,36.38808822631836,False,False,False,
task2_images,D:\Biology-AI\data\Task2_Attributes\images\001668.jpg,True,JPEG,RGB,True,3072,2304,34.0,255.0,202.95254516601562,32.02324676513672,False,False,False,
task2_images,D:\Biology-AI\data\Task2_Attributes\images\001669.jpg,True,JPEG,RGB,True,1024,768,26.0,236.0,166.79750061035156,43.785648345947266,False,False,False,
task2_images,D:\Biology-AI\data\Task2_Attributes\images\001670.jpg,True,JPEG,RGB,True,2048,1536,31.0,215.0,159.4097137451172,28.63680648803711,False,False,False,
task2_images,D:\Biology-AI\data\Task2_Attributes\images\001671.jpg,True,JPEG,RGB,True,1024,768,21.0,249.0,191.70211791992188,29.513080596923828,False,False,False,
task2_images,D:\Biology-AI\data\Task2_Attributes\images\001672.jpg,True,JPEG,RGB,True,1504,1129,0.0,255.0,158.85263061523438,33.87932205200195,False,False,False,
task2_images,D:\Biology-AI\data\Task2_Attributes\images\001673.jpg,True,JPEG,RGB,True,6601,4382,0.0,255.0,156.66018676757812,52.84819030761719,False,False,False,
task2_images,D:\Biology-AI\data\Task2_Attributes\images\001674.jpg,True,JPEG,RGB,True,1024,768,14.0,216.0,147.37823486328125,10.752211570739746,False,False,False,
task2_images,D:\Biology-AI\data\Task2_Attributes\images\001675.jpg,True,JPEG,RGB,True,4288,2848,10.0,225.0,130.184326171875,31.65850830078125,False,False,False,
task2_images,D:\Biology-AI\data\Task2_Attributes\images\001676.jpg,True,JPEG,RGB,True,3072,2304,0.0,255.0,132.97154235839844,44.74248123168945,False,False,False,
task2_images,D:\Biology-AI\data\Task2_Attributes\images\001677.jpg,True,JPEG,RGB,True,3072,2304,0.0,255.0,148.52601623535156,50.927268981933594,False,False,False,
task2_images,D:\Biology-AI\data\Task2_Attributes\images\001678.jpg,True,JPEG,RGB,True,3072,2304,13.0,183.0,133.69483947753906,29.015384674072266,False,False,False,
task2_images,D:\Biology-AI\data\Task2_Attributes\images\001679.jpg,True,JPEG,RGB,True,6661,4422,0.0,255.0,141.88319396972656,58.72117233276367,False,False,False,
task2_images,D:\Biology-AI\data\Task2_Attributes\images\001680.jpg,True,JPEG,RGB,True,1024,768,13.0,255.0,206.20285034179688,31.09274673461914,False,False,False,
task2_images,D:\Biology-AI\data\Task2_Attributes\images\001681.jpg,True,JPEG,RGB,True,6688,4459,0.0,255.0,194.59742736816406,67.10423278808594,False,False,False,
task2_images,D:\Biology-AI\data\Task2_Attributes\images\001682.jpg,True,JPEG,RGB,True,4288,2848,0.0,241.0,166.5965118408203,31.281206130981445,False,False,False,
task2_images,D:\Biology-AI\data\Task2_Attributes\images\001683.jpg,True,JPEG,RGB,True,6621,4420,0.0,255.0,97.33638763427734,56.69396209716797,False,False,False,
task2_images,D:\Biology-AI\data\Task2_Attributes\images\001684.jpg,True,JPEG,RGB,True,6602,4361,0.0,255.0,143.71168518066406,54.40129470825195,False,False,False,
task2_images,D:\Biology-AI\data\Task2_Attributes\images\001685.jpg,True,JPEG,RGB,True,2625,2020,0.0,255.0,139.3727264404297,47.36928176879883,False,False,False,
task2_images,D:\Biology-AI\data\Task2_Attributes\images\001686.jpg,True,JPEG,RGB,True,3872,2592,8.0,213.0,173.91458129882812,22.187314987182617,False,False,False,
task2_images,D:\Biology-AI\data\Task2_Attributes\images\001687.jpg,True,JPEG,RGB,True,2048,1536,10.0,255.0,149.68751525878906,27.397851943969727,False,False,False,
task2_images,D:\Biology-AI\data\Task2_Attributes\images\001688.jpg,True,JPEG,RGB,True,1024,768,13.0,242.0,145.47691345214844,24.083837509155273,False,False,False,
task2_images,D:\Biology-AI\data\Task2_Attributes\images\001689.jpg,True,JPEG,RGB,True,3872,2592,7.0,255.0,165.44627380371094,27.13519859313965,False,False,False,
task2_images,D:\Biology-AI\data\Task2_Attributes\images\001690.jpg,True,JPEG,RGB,True,6627,4399,0.0,255.0,153.92738342285156,68.56839752197266,False,False,False,
task2_images,D:\Biology-AI\data\Task2_Attributes\images\001691.jpg,True,JPEG,RGB,True,3072,2304,0.0,255.0,164.47190856933594,42.64200973510742,False,False,False,
task2_images,D:\Biology-AI\data\Task2_Attributes\images\001692.jpg,True,JPEG,RGB,True,1024,768,11.0,235.0,162.59852600097656,40.084110260009766,False,False,False,
task2_images,D:\Biology-AI\data\Task2_Attributes\images\001693.jpg,True,JPEG,RGB,True,640,480,0.0,242.0,138.24949645996094,50.93333053588867,False,False,False,
task2_images,D:\Biology-AI\data\Task2_Attributes\images\001694.jpg,True,JPEG,RGB,True,4288,2848,19.0,245.0,124.73165130615234,24.304269790649414,False,False,False,
task2_images,D:\Biology-AI\data\Task2_Attributes\images\001695.jpg,True,JPEG,RGB,True,2048,1536,0.0,223.0,151.54217529296875,41.72792434692383,False,False,False,
task2_images,D:\Biology-AI\data\Task2_Attributes\images\001696.jpg,True,JPEG,RGB,True,3024,2016,0.0,255.0,117.09600830078125,43.52647399902344,False,False,False,
task2_images,D:\Biology-AI\data\Task2_Attributes\images\001697.jpg,True,JPEG,RGB,True,3072,2304,0.0,255.0,104.56875610351562,44.61506271362305,False,False,False,
task2_images,D:\Biology-AI\data\Task2_Attributes\images\001698.jpg,True,JPEG,RGB,True,6688,4439,0.0,255.0,117.833251953125,70.49674987792969,False,False,False,
task2_images,D:\Biology-AI\data\Task2_Attributes\images\001699.jpg,True,JPEG,RGB,True,3072,2304,14.0,255.0,138.68650817871094,31.509544372558594,False,False,False,
task2_images,D:\Biology-AI\data\Task2_Attributes\images\001700.jpg,True,JPEG,RGB,True,6688,4459,0.0,255.0,120.42655181884766,46.65830993652344,False,False,False,
task2_images,D:\Biology-AI\data\Task2_Attributes\images\001701.jpg,True,JPEG,RGB,True,6708,4439,0.0,255.0,154.77426147460938,55.17212677001953,False,False,False,
task2_images,D:\Biology-AI\data\Task2_Attributes\images\001702.jpg,True,JPEG,RGB,True,3072,2304,1.0,238.0,157.22450256347656,34.62428283691406,False,False,False,
task2_images,D:\Biology-AI\data\Task2_Attributes\images\001703.jpg,True,JPEG,RGB,True,1024,768,75.0,255.0,203.84104919433594,38.12992858886719,False,False,False,
task2_images,D:\Biology-AI\data\Task2_Attributes\images\001704.jpg,True,JPEG,RGB,True,1024,768,0.0,251.0,182.61090087890625,45.209835052490234,False,False,False,
task2_images,D:\Biology-AI\data\Task2_Attributes\images\001705.jpg,True,JPEG,RGB,True,3072,2304,8.0,246.0,148.84776306152344,40.35863494873047,False,False,False,
task2_images,D:\Biology-AI\data\Task2_Attributes\images\001706.jpg,True,JPEG,RGB,True,6668,4459,0.0,255.0,144.81341552734375,59.67037582397461,False,False,False,
task2_images,D:\Biology-AI\data\Task2_Attributes\images\001707.jpg,True,JPEG,RGB,True,3008,2000,5.0,203.0,138.59730529785156,26.95465850830078,False,False,False,
task2_images,D:\Biology-AI\data\Task2_Attributes\images\001708.jpg,True,JPEG,RGB,True,4288,2848,0.0,255.0,155.25694274902344,41.94612121582031,False,False,False,
task2_images,D:\Biology-AI\data\Task2_Attributes\images\001709.jpg,True,JPEG,RGB,True,6708,4439,0.0,255.0,130.0664825439453,65.85194396972656,False,False,False,
task2_images,D:\Biology-AI\data\Task2_Attributes\images\001710.jpg,True,JPEG,RGB,True,4288,2848,0.0,220.0,150.1668701171875,27.944332122802734,False,False,False,
task2_images,D:\Biology-AI\data\Task2_Attributes\images\001711.jpg,True,JPEG,RGB,True,2573,2248,10.0,255.0,183.6962127685547,23.727293014526367,False,False,False,
task2_images,D:\Biology-AI\data\Task2_Attributes\images\001712.jpg,True,JPEG,RGB,True,640,480,6.0,243.0,168.7394256591797,36.876953125,False,False,False,
task2_images,D:\Biology-AI\data\Task2_Attributes\images\001713.jpg,True,JPEG,RGB,True,4288,2848,8.0,255.0,160.63848876953125,16.214736938476562,False,False,False,
task2_images,D:\Biology-AI\data\Task2_Attributes\images\001714.jpg,True,JPEG,RGB,True,1024,768,0.0,234.0,176.0377960205078,32.34367752075195,False,False,False,
task2_images,D:\Biology-AI\data\Task2_Attributes\images\001715.jpg,True,JPEG,RGB,True,640,480,0.0,244.0,153.44039916992188,44.173011779785156,False,False,False,
task2_images,D:\Biology-AI\data\Task2_Attributes\images\001716.jpg,True,JPEG,RGB,True,3072,2304,0.0,255.0,135.48825073242188,38.02782440185547,False,False,False,
task2_images,D:\Biology-AI\data\Task2_Attributes\images\001717.jpg,True,JPEG,RGB,True,4288,2848,8.0,254.0,136.8831329345703,30.878631591796875,False,False,False,
task2_images,D:\Biology-AI\data\Task2_Attributes\images\001718.jpg,True,JPEG,RGB,True,4288,2848,12.0,255.0,151.45919799804688,31.564220428466797,False,False,False,
task2_images,D:\Biology-AI\data\Task2_Attributes\images\001719.jpg,True,JPEG,RGB,True,3872,2592,5.0,218.0,168.15753173828125,21.53792953491211,False,False,False,
task2_images,D:\Biology-AI\data\Task2_Attributes\images\001720.jpg,True,JPEG,RGB,True,3072,2304,0.0,206.0,105.89962005615234,43.461795806884766,False,False,False,
task2_images,D:\Biology-AI\data\Task2_Attributes\images\001721.jpg,True,JPEG,RGB,True,6828,4479,0.0,255.0,174.47532653808594,67.21237182617188,False,False,False,
task2_images,D:\Biology-AI\data\Task2_Attributes\images\001722.jpg,True,JPEG,RGB,True,6608,4379,0.0,255.0,137.08453369140625,56.379337310791016,False,False,False,
task2_images,D:\Biology-AI\data\Task2_Attributes\images\001723.jpg,True,JPEG,RGB,True,4288,2848,4.0,255.0,161.56153869628906,31.21148681640625,False,False,False,
task2_images,D:\Biology-AI\data\Task2_Attributes\images\001724.jpg,True,JPEG,RGB,True,1024,768,31.0,243.0,189.14950561523438,25.96712303161621,False,False,False,
task2_images,D:\Biology-AI\data\Task2_Attributes\images\001725.jpg,True,JPEG,RGB,True,4288,2848,19.0,255.0,119.78559112548828,34.78281021118164,False,False,False,
task2_images,D:\Biology-AI\data\Task2_Attributes\images\001726.jpg,True,JPEG,RGB,True,6668,4439,0.0,255.0,172.25962829589844,44.511924743652344,False,False,False,
task2_images,D:\Biology-AI\data\Task2_Attributes\images\001727.jpg,True,JPEG,RGB,True,2592,1936,4.0,255.0,172.62400817871094,34.01209259033203,False,False,False,
task2_images,D:\Biology-AI\data\Task2_Attributes\images\001728.jpg,True,JPEG,RGB,True,4288,2848,8.0,255.0,155.84576416015625,38.994667053222656,False,False,False,
task2_images,D:\Biology-AI\data\Task2_Attributes\images\001729.jpg,True,JPEG,RGB,True,4288,2848,14.0,229.0,121.41011047363281,22.56874656677246,False,False,False,
task2_images,D:\Biology-AI\data\Task2_Attributes\images\001730.jpg,True,JPEG,RGB,True,1024,768,9.0,233.0,182.74229431152344,33.27738571166992,False,False,False,
task2_images,D:\Biology-AI\data\Task2_Attributes\images\001731.jpg,True,JPEG,RGB,True,4288,2848,0.0,255.0,167.07321166992188,29.06947135925293,False,False,False,
task2_images,D:\Biology-AI\data\Task2_Attributes\images\001732.jpg,True,JPEG,RGB,True,3008,2000,1.0,245.0,166.90777587890625,19.512699127197266,False,False,False,
task2_images,D:\Biology-AI\data\Task2_Attributes\images\001733.jpg,True,JPEG,RGB,True,3008,2000,0.0,255.0,167.95944213867188,20.508859634399414,False,False,False,
task2_images,D:\Biology-AI\data\Task2_Attributes\images\001734.jpg,True,JPEG,RGB,True,1024,768,0.0,237.0,153.97589111328125,37.25813293457031,False,False,False,
task2_images,D:\Biology-AI\data\Task2_Attributes\images\001735.jpg,True,JPEG,RGB,True,1024,768,0.0,249.0,147.37591552734375,15.159010887145996,False,False,False,
task2_images,D:\Biology-AI\data\Task2_Attributes\images\001736.jpg,True,JPEG,RGB,True,6601,4401,0.0,255.0,134.77085876464844,55.32709503173828,False,False,False,
task2_images,D:\Biology-AI\data\Task2_Attributes\images\001737.jpg,True,JPEG,RGB,True,640,480,0.0,255.0,116.59507751464844,58.76530075073242,False,False,False,
task2_images,D:\Biology-AI\data\Task2_Attributes\images\001738.jpg,True,JPEG,RGB,True,3872,2592,7.0,255.0,153.61431884765625,34.148094177246094,False,False,False,
task2_images,D:\Biology-AI\data\Task2_Attributes\images\001739.jpg,True,JPEG,RGB,True,2565,2000,0.0,177.0,138.02813720703125,25.18937873840332,False,False,False,
task2_images,D:\Biology-AI\data\Task2_Attributes\images\001740.jpg,True,JPEG,RGB,True,3072,2304,0.0,214.0,145.98135375976562,37.51572799682617,False,False,False,
task2_images,D:\Biology-AI\data\Task2_Attributes\images\001741.jpg,True,JPEG,RGB,True,4288,2848,0.0,255.0,110.10391998291016,36.23106002807617,False,False,False,
task2_images,D:\Biology-AI\data\Task2_Attributes\images\001742.jpg,True,JPEG,RGB,True,3872,2592,5.0,222.0,128.38827514648438,16.68325424194336,False,False,False,
task2_images,D:\Biology-AI\data\Task2_Attributes\images\001743.jpg,True,JPEG,RGB,True,3008,2000,1.0,247.0,128.67999267578125,24.049448013305664,False,False,False,
task2_images,D:\Biology-AI\data\Task2_Attributes\images\001744.jpg,True,JPEG,RGB,True,3008,2000,1.0,255.0,168.1262664794922,24.69350814819336,False,False,False,
task2_images,D:\Biology-AI\data\Task2_Attributes\images\001745.jpg,True,JPEG,RGB,True,6688,4459,0.0,255.0,113.85160827636719,75.57811737060547,False,False,False,
task2_images,D:\Biology-AI\data\Task2_Attributes\images\001746.jpg,True,JPEG,RGB,True,1024,768,23.0,235.0,157.11563110351562,21.54666519165039,False,False,False,
task2_images,D:\Biology-AI\data\Task2_Attributes\images\001747.jpg,True,JPEG,RGB,True,767,576,0.0,255.0,169.7082977294922,55.27507400512695,False,False,False,
task2_images,D:\Biology-AI\data\Task2_Attributes\images\001748.jpg,True,JPEG,RGB,True,3008,2000,0.0,255.0,178.849853515625,19.26840591430664,False,False,False,
task2_images,D:\Biology-AI\data\Task2_Attributes\images\001749.jpg,True,JPEG,RGB,True,640,480,0.0,255.0,189.2124786376953,54.349456787109375,False,False,False,
task2_images,D:\Biology-AI\data\Task2_Attributes\images\001750.jpg,True,JPEG,RGB,True,767,576,0.0,255.0,148.5384521484375,59.391483306884766,False,False,False,
task2_images,D:\Biology-AI\data\Task2_Attributes\images\001751.jpg,True,JPEG,RGB,True,640,480,0.0,255.0,156.25204467773438,65.75103759765625,False,False,False,
task2_images,D:\Biology-AI\data\Task2_Attributes\images\001752.jpg,True,JPEG,RGB,True,3008,2000,9.0,255.0,183.2042236328125,30.4941349029541,False,False,False,
task2_images,D:\Biology-AI\data\Task2_Attributes\images\001753.jpg,True,JPEG,RGB,True,1024,768,48.0,255.0,196.9540252685547,45.51705551147461,False,False,False,
task2_images,D:\Biology-AI\data\Task2_Attributes\images\001754.jpg,True,JPEG,RGB,True,640,480,0.0,255.0,184.9658660888672,36.86598205566406,False,False,False,
task2_images,D:\Biology-AI\data\Task2_Attributes\images\001755.jpg,True,JPEG,RGB,True,3072,2304,26.0,224.0,141.5919189453125,26.151336669921875,False,False,False,
task2_images,D:\Biology-AI\data\Task2_Attributes\images\001756.jpg,True,JPEG,RGB,True,4288,2848,13.0,247.0,148.4340362548828,25.4566650390625,False,False,False,
task2_images,D:\Biology-AI\data\Task2_Attributes\images\001757.jpg,True,JPEG,RGB,True,3072,2304,0.0,203.0,157.9425811767578,30.506027221679688,False,False,False,
task2_images,D:\Biology-AI\data\Task2_Attributes\images\001758.jpg,True,JPEG,RGB,True,3872,2592,7.0,255.0,145.45196533203125,36.04829025268555,False,False,False,
task2_images,D:\Biology-AI\data\Task2_Attributes\images\001759.jpg,True,JPEG,RGB,True,3072,2304,1.0,255.0,122.82648468017578,33.37476348876953,False,False,False,
task2_images,D:\Biology-AI\data\Task2_Attributes\images\001760.jpg,True,JPEG,RGB,True,3008,2000,0.0,255.0,187.86495971679688,24.15739631652832,False,False,False,
task2_images,D:\Biology-AI\data\Task2_Attributes\images\001761.jpg,True,JPEG,RGB,True,4288,2848,6.0,255.0,128.8238983154297,22.689537048339844,False,False,False,
task2_images,D:\Biology-AI\data\Task2_Attributes\images\001762.jpg,True,JPEG,RGB,True,3072,2304,8.0,238.0,186.147705078125,31.474597930908203,False,False,False,
task2_images,D:\Biology-AI\data\Task2_Attributes\images\001763.jpg,True,JPEG,RGB,True,4288,2848,17.0,255.0,151.68504333496094,30.172290802001953,False,False,False,
task2_images,D:\Biology-AI\data\Task2_Attributes\images\001764.jpg,True,JPEG,RGB,True,6641,4420,0.0,255.0,139.02243041992188,62.640445709228516,False,False,False,
task2_images,D:\Biology-AI\data\Task2_Attributes\images\001765.jpg,True,JPEG,RGB,True,4288,2848,0.0,255.0,153.3148651123047,41.25490188598633,False,False,False,
task2_images,D:\Biology-AI\data\Task2_Attributes\images\001766.jpg,True,JPEG,RGB,True,3072,2304,0.0,226.0,145.13018798828125,19.418062210083008,False,False,False,
task2_images,D:\Biology-AI\data\Task2_Attributes\images\001767.jpg,True,JPEG,RGB,True,3072,2304,15.0,208.0,143.52752685546875,28.433979034423828,False,False,False,
task2_images,D:\Biology-AI\data\Task2_Attributes\images\001768.jpg,True,JPEG,RGB,True,6621,4401,0.0,255.0,176.78819274902344,46.96986389160156,False,False,False,
task2_images,D:\Biology-AI\data\Task2_Attributes\images\001769.jpg,True,JPEG,RGB,True,3872,2592,25.0,246.0,143.64854431152344,23.95819854736328,False,False,False,
task2_images,D:\Biology-AI\data\Task2_Attributes\images\001770.jpg,True,JPEG,RGB,True,919,802,12.0,207.0,126.85995483398438,40.71919631958008,False,False,False,
task2_images,D:\Biology-AI\data\Task2_Attributes\images\001771.jpg,True,JPEG,RGB,True,2048,1536,7.0,255.0,148.74920654296875,53.76988220214844,False,False,False,
task2_images,D:\Biology-AI\data\Task2_Attributes\images\001772.jpg,True,JPEG,RGB,True,3008,2000,2.0,255.0,119.9106674194336,26.440185546875,False,False,False,
task2_images,D:\Biology-AI\data\Task2_Attributes\images\001773.jpg,True,JPEG,RGB,True,1024,768,0.0,255.0,126.08285522460938,44.63847351074219,False,False,False,
task2_images,D:\Biology-AI\data\Task2_Attributes\images\001774.jpg,True,JPEG,RGB,True,3072,2304,0.0,255.0,117.99314880371094,28.716875076293945,False,False,False,
task2_images,D:\Biology-AI\data\Task2_Attributes\images\001775.jpg,True,JPEG,RGB,True,640,480,0.0,210.0,115.77191162109375,37.90338134765625,False,False,False,
task2_images,D:\Biology-AI\data\Task2_Attributes\images\001776.jpg,True,JPEG,RGB,True,3072,2304,0.0,221.0,133.0827178955078,42.67348861694336,False,False,False,
task2_images,D:\Biology-AI\data\Task2_Attributes\images\001777.jpg,True,JPEG,RGB,True,1024,768,18.0,253.0,147.583251953125,27.50945472717285,False,False,False,
task2_images,D:\Biology-AI\data\Task2_Attributes\images\001778.jpg,True,JPEG,RGB,True,1504,1129,0.0,255.0,156.90768432617188,35.97627258300781,False,False,False,
task2_images,D:\Biology-AI\data\Task2_Attributes\images\001779.jpg,True,JPEG,RGB,True,6621,4401,0.0,255.0,149.45790100097656,60.51558303833008,False,False,False,
task2_images,D:\Biology-AI\data\Task2_Attributes\images\001780.jpg,True,JPEG,RGB,True,1024,768,17.0,202.0,139.72010803222656,18.021747589111328,False,False,False,
task2_images,D:\Biology-AI\data\Task2_Attributes\images\001781.jpg,True,JPEG,RGB,True,3072,2304,0.0,196.0,131.6429443359375,30.875537872314453,False,False,False,
task2_images,D:\Biology-AI\data\Task2_Attributes\images\001782.jpg,True,JPEG,RGB,True,3008,2000,0.0,215.0,154.1730499267578,21.70943832397461,False,False,False,
task2_images,D:\Biology-AI\data\Task2_Attributes\images\001783.jpg,True,JPEG,RGB,True,6642,4420,0.0,255.0,170.24786376953125,51.209232330322266,False,False,False,
task2_images,D:\Biology-AI\data\Task2_Attributes\images\001784.jpg,True,JPEG,RGB,True,722,542,0.0,255.0,133.0411376953125,80.0216064453125,False,False,False,
task2_images,D:\Biology-AI\data\Task2_Attributes\images\001785.jpg,True,JPEG,RGB,True,3072,2304,37.0,218.0,157.6412353515625,23.38681983947754,False,False,False,
task2_images,D:\Biology-AI\data\Task2_Attributes\images\001786.jpg,True,JPEG,RGB,True,3008,2000,10.0,255.0,116.35295104980469,45.29397201538086,False,False,False,
task2_images,D:\Biology-AI\data\Task2_Attributes\images\001787.jpg,True,JPEG,RGB,True,4288,2848,22.0,196.0,114.4586410522461,19.81565284729004,False,False,False,
task2_images,D:\Biology-AI\data\Task2_Attributes\images\001788.jpg,True,JPEG,RGB,True,1979,1321,23.0,230.0,174.39773559570312,24.832839965820312,False,False,False,
task2_images,D:\Biology-AI\data\Task2_Attributes\images\001789.jpg,True,JPEG,RGB,True,3872,2592,9.0,255.0,179.18539428710938,20.252735137939453,False,False,False,
task2_images,D:\Biology-AI\data\Task2_Attributes\images\001790.jpg,True,JPEG,RGB,True,3072,2304,37.0,242.0,188.8555145263672,23.749446868896484,False,False,False,
task2_images,D:\Biology-AI\data\Task2_Attributes\images\001791.jpg,True,JPEG,RGB,True,767,576,0.0,255.0,93.93157196044922,48.63042068481445,False,False,False,
task2_images,D:\Biology-AI\data\Task2_Attributes\images\001792.jpg,True,JPEG,RGB,True,4288,2848,20.0,255.0,140.9790496826172,23.00933837890625,False,False,False,
task2_images,D:\Biology-AI\data\Task2_Attributes\images\001793.jpg,True,JPEG,RGB,True,1024,768,0.0,255.0,206.5465087890625,45.60213088989258,False,False,False,
task2_images,D:\Biology-AI\data\Task2_Attributes\images\001794.jpg,True,JPEG,RGB,True,6621,4441,0.0,255.0,129.65951538085938,67.3055419921875,False,False,False,
task2_images,D:\Biology-AI\data\Task2_Attributes\images\001795.jpg,True,JPEG,RGB,True,4288,2848,8.0,255.0,132.59100341796875,16.253820419311523,False,False,False,
task2_images,D:\Biology-AI\data\Task2_Attributes\images\001796.jpg,True,JPEG,RGB,True,1024,768,64.0,255.0,175.62945556640625,20.11402130126953,False,False,False,
task2_images,D:\Biology-AI\data\Task2_Attributes\images\001797.jpg,True,JPEG,RGB,True,640,480,0.0,240.0,152.4316864013672,40.0970573425293,False,False,False,
task2_images,D:\Biology-AI\data\Task2_Attributes\images\001798.jpg,True,JPEG,RGB,True,3072,2304,1.0,255.0,192.2227020263672,42.730628967285156,False,False,False,
task2_images,D:\Biology-AI\data\Task2_Attributes\images\001799.jpg,True,JPEG,RGB,True,1502,1051,0.0,255.0,162.3368682861328,56.32119369506836,False,False,False,
task2_images,D:\Biology-AI\data\Task2_Attributes\images\001800.jpg,True,JPEG,RGB,True,3872,2592,9.0,213.0,138.6939239501953,44.87089920043945,False,False,False,
task2_images,D:\Biology-AI\data\Task2_Attributes\images\001801.jpg,True,JPEG,RGB,True,4288,2848,12.0,247.0,132.09324645996094,26.517173767089844,False,False,False,
task2_images,D:\Biology-AI\data\Task2_Attributes\images\001802.jpg,True,JPEG,RGB,True,4288,2848,47.0,252.0,181.7917938232422,21.301729202270508,False,False,False,
task2_images,D:\Biology-AI\data\Task2_Attributes\images\001803.jpg,True,JPEG,RGB,True,1024,768,51.0,255.0,189.92471313476562,23.462984085083008,False,False,False,
task2_images,D:\Biology-AI\data\Task2_Attributes\images\001804.jpg,True,JPEG,RGB,True,1213,1307,0.0,255.0,125.39557647705078,54.69614028930664,False,False,False,
task2_images,D:\Biology-AI\data\Task2_Attributes\images\001805.jpg,True,JPEG,RGB,True,3872,2592,9.0,255.0,173.9715118408203,20.836048126220703,False,False,False,
task2_images,D:\Biology-AI\data\Task2_Attributes\images\001806.jpg,True,JPEG,RGB,True,6688,4439,0.0,255.0,178.27479553222656,39.40635681152344,False,False,False,
task2_images,D:\Biology-AI\data\Task2_Attributes\images\001807.jpg,True,JPEG,RGB,True,4288,2848,44.0,231.0,150.64056396484375,23.502145767211914,False,False,False,
task2_images,D:\Biology-AI\data\Task2_Attributes\images\001808.jpg,True,JPEG,RGB,True,1024,768,26.0,237.0,154.84100341796875,28.867490768432617,False,False,False,
task2_images,D:\Biology-AI\data\Task2_Attributes\images\001809.jpg,True,JPEG,RGB,True,767,576,0.0,255.0,139.2164764404297,62.25823974609375,False,False,False,
task2_images,D:\Biology-AI\data\Task2_Attributes\images\001810.jpg,True,JPEG,RGB,True,6688,4439,0.0,255.0,130.6732940673828,43.60054016113281,False,False,False,
task2_images,D:\Biology-AI\data\Task2_Attributes\images\001811.jpg,True,JPEG,RGB,True,3008,2000,46.0,250.0,139.4082489013672,27.950458526611328,False,False,False,
task2_images,D:\Biology-AI\data\Task2_Attributes\images\001812.jpg,True,JPEG,RGB,True,1045,705,0.0,255.0,183.6349639892578,55.33525848388672,False,False,False,
task2_images,D:\Biology-AI\data\Task2_Attributes\images\001813.jpg,True,JPEG,RGB,True,4288,2848,5.0,210.0,118.86215209960938,13.96299934387207,False,False,False,
task2_images,D:\Biology-AI\data\Task2_Attributes\images\001814.jpg,True,JPEG,RGB,True,4288,2848,9.0,230.0,157.03329467773438,20.516454696655273,False,False,False,
task2_images,D:\Biology-AI\data\Task2_Attributes\images\001815.jpg,True,JPEG,RGB,True,4288,2848,30.0,232.0,145.49380493164062,26.396240234375,False,False,False,
task2_images,D:\Biology-AI\data\Task2_Attributes\images\001816.jpg,True,JPEG,RGB,True,4288,2848,20.0,239.0,143.17251586914062,21.20597267150879,False,False,False,
task2_images,D:\Biology-AI\data\Task2_Attributes\images\001817.jpg,True,JPEG,RGB,True,3072,2304,0.0,255.0,144.88015747070312,32.95368576049805,False,False,False,
task2_images,D:\Biology-AI\data\Task2_Attributes\images\001818.jpg,True,JPEG,RGB,True,3872,2592,7.0,255.0,150.28067016601562,19.931846618652344,False,False,False,
task2_images,D:\Biology-AI\data\Task2_Attributes\images\001819.jpg,True,JPEG,RGB,True,6661,4461,0.0,255.0,167.57948303222656,45.89772415161133,False,False,False,
task2_images,D:\Biology-AI\data\Task2_Attributes\images\001820.jpg,True,JPEG,RGB,True,6642,4401,0.0,255.0,152.50929260253906,51.52156448364258,False,False,False,
task2_images,D:\Biology-AI\data\Task2_Attributes\images\001821.jpg,True,JPEG,RGB,True,6688,4439,0.0,255.0,169.152587890625,49.55904006958008,False,False,False,
task2_images,D:\Biology-AI\data\Task2_Attributes\images\001822.jpg,True,JPEG,RGB,True,3072,2304,14.0,236.0,170.53125,41.00794982910156,False,False,False,
task2_images,D:\Biology-AI\data\Task2_Attributes\images\001823.jpg,True,JPEG,RGB,True,3872,2592,23.0,191.0,134.52992248535156,23.634517669677734,False,False,False,
task2_images,D:\Biology-AI\data\Task2_Attributes\images\001824.jpg,True,JPEG,RGB,True,6621,4401,0.0,255.0,140.34500122070312,68.99923706054688,False,False,False,
task2_images,D:\Biology-AI\data\Task2_Attributes\images\001825.jpg,True,JPEG,RGB,True,958,642,0.0,255.0,168.75784301757812,74.48661804199219,False,False,False,
task2_images,D:\Biology-AI\data\Task2_Attributes\images\001826.jpg,True,JPEG,RGB,True,1024,768,0.0,239.0,144.78477478027344,23.203609466552734,False,False,False,
task2_images,D:\Biology-AI\data\Task2_Attributes\images\001827.jpg,True,JPEG,RGB,True,6688,4439,0.0,255.0,172.57566833496094,46.260860443115234,False,False,False,
task2_images,D:\Biology-AI\data\Task2_Attributes\images\001828.jpg,True,JPEG,RGB,True,1024,768,0.0,254.0,175.2587890625,24.62862777709961,False,False,False,
task2_images,D:\Biology-AI\data\Task2_Attributes\images\001829.jpg,True,JPEG,RGB,True,4288,2848,0.0,229.0,138.0323028564453,19.699724197387695,False,False,False,
task2_images,D:\Biology-AI\data\Task2_Attributes\images\001830.jpg,True,JPEG,RGB,True,6681,4422,0.0,255.0,138.56195068359375,60.26409149169922,False,False,False,
task2_images,D:\Biology-AI\data\Task2_Attributes\images\001831.jpg,True,JPEG,RGB,True,6708,4439,0.0,255.0,157.2252960205078,65.7775650024414,False,False,False,
task2_images,D:\Biology-AI\data\Task2_Attributes\images\001832.jpg,True,JPEG,RGB,True,6688,4419,0.0,255.0,145.2527313232422,55.991905212402344,False,False,False,
task2_images,D:\Biology-AI\data\Task2_Attributes\images\001833.jpg,True,JPEG,RGB,True,4288,2848,39.0,255.0,156.45437622070312,21.24364471435547,False,False,False,
task2_images,D:\Biology-AI\data\Task2_Attributes\images\001834.jpg,True,JPEG,RGB,True,3008,2000,0.0,255.0,137.94766235351562,34.39008331298828,False,False,False,
task2_images,D:\Biology-AI\data\Task2_Attributes\images\001835.jpg,True,JPEG,RGB,True,1024,768,5.0,235.0,156.79220581054688,17.778907775878906,False,False,False,
task2_images,D:\Biology-AI\data\Task2_Attributes\images\001836.jpg,True,JPEG,RGB,True,3008,2000,29.0,255.0,148.54957580566406,26.85839080810547,False,False,False,
task2_images,D:\Biology-AI\data\Task2_Attributes\images\001837.jpg,True,JPEG,RGB,True,1024,768,23.0,255.0,168.823486328125,47.05323791503906,False,False,False,
task2_images,D:\Biology-AI\data\Task2_Attributes\images\001838.jpg,True,JPEG,RGB,True,1024,768,53.0,234.0,157.577392578125,13.324580192565918,False,False,False,
task2_images,D:\Biology-AI\data\Task2_Attributes\images\001839.jpg,True,JPEG,RGB,True,4288,2848,0.0,236.0,145.10252380371094,34.4228630065918,False,False,False,
task2_images,D:\Biology-AI\data\Task2_Attributes\images\001840.jpg,True,JPEG,RGB,True,1024,768,15.0,247.0,176.6015625,27.531442642211914,False,False,False,
task2_images,D:\Biology-AI\data\Task2_Attributes\images\001841.jpg,True,JPEG,RGB,True,1024,768,0.0,255.0,201.14822387695312,45.98345947265625,False,False,False,
task2_images,D:\Biology-AI\data\Task2_Attributes\images\001842.jpg,True,JPEG,RGB,True,2155,1958,0.0,212.0,133.01956176757812,51.324684143066406,False,False,False,
task2_images,D:\Biology-AI\data\Task2_Attributes\images\001843.jpg,True,JPEG,RGB,True,3008,2000,6.0,255.0,129.10235595703125,61.45366287231445,False,False,False,
task2_images,D:\Biology-AI\data\Task2_Attributes\images\001844.jpg,True,JPEG,RGB,True,1024,768,4.0,255.0,198.52818298339844,36.086509704589844,False,False,False,
task2_images,D:\Biology-AI\data\Task2_Attributes\images\001845.jpg,True,JPEG,RGB,True,4288,2848,11.0,255.0,143.8782958984375,29.194438934326172,False,False,False,
task2_images,D:\Biology-AI\data\Task2_Attributes\images\001846.jpg,True,JPEG,RGB,True,3072,2304,15.0,255.0,182.71510314941406,35.84033203125,False,False,False,
task2_images,D:\Biology-AI\data\Task2_Attributes\images\001847.jpg,True,JPEG,RGB,True,640,480,0.0,229.0,140.04664611816406,43.1181526184082,False,False,False,
task2_images,D:\Biology-AI\data\Task2_Attributes\images\001848.jpg,True,JPEG,RGB,True,3872,2592,8.0,255.0,201.0347137451172,28.775835037231445,False,False,False,
task2_images,D:\Biology-AI\data\Task2_Attributes\images\001849.jpg,True,JPEG,RGB,True,3024,2016,0.0,255.0,148.9869384765625,39.017738342285156,False,False,False,
task2_images,D:\Biology-AI\data\Task2_Attributes\images\001850.jpg,True,JPEG,RGB,True,3072,2304,10.0,255.0,175.11598205566406,33.8147087097168,False,False,False,
task2_images,D:\Biology-AI\data\Task2_Attributes\images\001851.jpg,True,JPEG,RGB,True,3072,2304,2.0,195.0,139.7033233642578,31.817768096923828,False,False,False,
task2_images,D:\Biology-AI\data\Task2_Attributes\images\001852.jpg,True,JPEG,RGB,True,4288,2848,1.0,202.0,130.88316345214844,25.486591339111328,False,False,False,
task2_images,D:\Biology-AI\data\Task2_Attributes\images\001853.jpg,True,JPEG,RGB,True,3008,2000,11.0,239.0,178.50804138183594,16.285079956054688,False,False,False,
task2_images,D:\Biology-AI\data\Task2_Attributes\images\001854.jpg,True,JPEG,RGB,True,1502,1051,0.0,255.0,154.29066467285156,66.81396484375,False,False,False,
task2_images,D:\Biology-AI\data\Task2_Attributes\images\001855.jpg,True,JPEG,RGB,True,3872,2592,2.0,209.0,142.0963897705078,17.47933006286621,False,False,False,
task2_images,D:\Biology-AI\data\Task2_Attributes\images\001856.jpg,True,JPEG,RGB,True,1024,768,0.0,245.0,160.41954040527344,29.137012481689453,False,False,False,
task2_images,D:\Biology-AI\data\Task2_Attributes\images\001857.jpg,True,JPEG,RGB,True,4288,2848,0.0,255.0,129.1539764404297,25.208953857421875,False,False,False,
task2_images,D:\Biology-AI\data\Task2_Attributes\images\001858.jpg,True,JPEG,RGB,True,4288,2848,12.0,255.0,135.89772033691406,22.39154052734375,False,False,False,
task2_images,D:\Biology-AI\data\Task2_Attributes\images\001859.jpg,True,JPEG,RGB,True,4288,2848,1.0,253.0,130.19430541992188,16.3253173828125,False,False,False,
task2_images,D:\Biology-AI\data\Task2_Attributes\images\001860.jpg,True,JPEG,RGB,True,6641,4441,0.0,255.0,74.12409973144531,62.83850860595703,False,False,False,
task2_images,D:\Biology-AI\data\Task2_Attributes\images\001861.jpg,True,JPEG,RGB,True,1024,768,35.0,234.0,188.45204162597656,35.279266357421875,False,False,False,
task2_images,D:\Biology-AI\data\Task2_Attributes\images\001862.jpg,True,JPEG,RGB,True,2816,2112,20.0,255.0,164.82432556152344,45.898162841796875,False,False,False,
task2_images,D:\Biology-AI\data\Task2_Attributes\images\001863.jpg,True,JPEG,RGB,True,6688,4459,0.0,255.0,123.55057525634766,62.52067947387695,False,False,False,
task2_images,D:\Biology-AI\data\Task2_Attributes\images\001864.jpg,True,JPEG,RGB,True,6681,4461,0.0,255.0,149.63243103027344,62.184139251708984,False,False,False,
task2_images,D:\Biology-AI\data\Task2_Attributes\images\001865.jpg,True,JPEG,RGB,True,6621,4401,0.0,255.0,200.90988159179688,55.21973419189453,False,False,False,
task2_images,D:\Biology-AI\data\Task2_Attributes\images\001866.jpg,True,JPEG,RGB,True,3072,2304,0.0,255.0,168.06982421875,30.54193878173828,False,False,False,
task2_images,D:\Biology-AI\data\Task2_Attributes\images\001867.jpg,True,JPEG,RGB,True,3072,2304,9.0,254.0,141.38267517089844,55.21624755859375,False,False,False,
task2_images,D:\Biology-AI\data\Task2_Attributes\images\001868.jpg,True,JPEG,RGB,True,919,802,11.0,220.0,166.46292114257812,41.67036819458008,False,False,False,
task2_images,D:\Biology-AI\data\Task2_Attributes\images\001869.jpg,True,JPEG,RGB,True,4288,2848,1.0,255.0,129.92230224609375,14.844573974609375,False,False,False,
task2_images,D:\Biology-AI\data\Task2_Attributes\images\001870.jpg,True,JPEG,RGB,True,640,480,0.0,255.0,152.44532775878906,42.57875061035156,False,False,False,
task2_images,D:\Biology-AI\data\Task2_Attributes\images\001871.jpg,True,JPEG,RGB,True,4288,2848,0.0,255.0,145.52853393554688,23.637380599975586,False,False,False,
task2_images,D:\Biology-AI\data\Task2_Attributes\images\001872.jpg,True,JPEG,RGB,True,3008,2000,0.0,255.0,144.58628845214844,20.767621994018555,False,False,False,
task2_images,D:\Biology-AI\data\Task2_Attributes\images\001873.jpg,True,JPEG,RGB,True,1024,768,54.0,234.0,175.408203125,38.284339904785156,False,False,False,
task2_images,D:\Biology-AI\data\Task2_Attributes\images\001874.jpg,True,JPEG,RGB,True,3872,2592,7.0,255.0,167.2592010498047,22.56077766418457,False,False,False,
task2_images,D:\Biology-AI\data\Task2_Attributes\images\001875.jpg,True,JPEG,RGB,True,4288,2848,6.0,255.0,140.03048706054688,33.03519058227539,False,False,False,
task2_images,D:\Biology-AI\data\Task2_Attributes\images\001876.jpg,True,JPEG,RGB,True,2592,1944,3.0,204.0,152.7216033935547,25.6961612701416,False,False,False,
task2_images,D:\Biology-AI\data\Task2_Attributes\images\001877.jpg,True,JPEG,RGB,True,6601,4380,0.0,255.0,148.21240234375,55.03208541870117,False,False,False,
task2_images,D:\Biology-AI\data\Task2_Attributes\images\001878.jpg,True,JPEG,RGB,True,3072,2304,12.0,204.0,138.1302490234375,30.23173713684082,False,False,False,
task2_images,D:\Biology-AI\data\Task2_Attributes\images\001879.jpg,True,JPEG,RGB,True,3008,2000,14.0,255.0,175.28224182128906,26.650012969970703,False,False,False,
task2_images,D:\Biology-AI\data\Task2_Attributes\images\001880.jpg,True,JPEG,RGB,True,640,480,0.0,248.0,145.9886474609375,43.71119689941406,False,False,False,
task2_images,D:\Biology-AI\data\Task2_Attributes\images\001881.jpg,True,JPEG,RGB,True,3072,2304,24.0,185.0,131.89886474609375,19.689184188842773,False,False,False,
task2_images,D:\Biology-AI\data\Task2_Attributes\images\001882.jpg,True,JPEG,RGB,True,1024,768,2.0,255.0,154.7648162841797,28.068632125854492,False,False,False,
task2_images,D:\Biology-AI\data\Task2_Attributes\images\001883.jpg,True,JPEG,RGB,True,3008,2000,0.0,249.0,134.82456970214844,21.33823585510254,False,False,False,
task2_images,D:\Biology-AI\data\Task2_Attributes\images\001884.jpg,True,JPEG,RGB,True,4288,2848,16.0,227.0,140.33546447753906,20.708614349365234,False,False,False,
task2_images,D:\Biology-AI\data\Task2_Attributes\images\001885.jpg,True,JPEG,RGB,True,1502,1026,0.0,255.0,182.0806427001953,67.5356216430664,False,False,False,
task2_images,D:\Biology-AI\data\Task2_Attributes\images\001886.jpg,True,JPEG,RGB,True,2721,2157,0.0,220.0,128.86692810058594,39.05653762817383,False,False,False,
task2_images,D:\Biology-AI\data\Task2_Attributes\images\001887.jpg,True,JPEG,RGB,True,4288,2848,3.0,255.0,138.6352996826172,23.23611068725586,False,False,False,
task2_images,D:\Biology-AI\data\Task2_Attributes\images\001888.jpg,True,JPEG,RGB,True,3872,2592,10.0,255.0,172.7543487548828,17.10015106201172,False,False,False,
task2_images,D:\Biology-AI\data\Task2_Attributes\images\001889.jpg,True,JPEG,RGB,True,722,545,2.0,255.0,152.70465087890625,58.3668327331543,False,False,False,
task2_images,D:\Biology-AI\data\Task2_Attributes\images\001890.jpg,True,JPEG,RGB,True,3024,2016,0.0,255.0,147.5176239013672,30.938810348510742,False,False,False,
task2_images,D:\Biology-AI\data\Task2_Attributes\images\001891.jpg,True,JPEG,RGB,True,4288,2848,5.0,255.0,133.47946166992188,31.541866302490234,False,False,False,
task2_images,D:\Biology-AI\data\Task2_Attributes\images\001892.jpg,True,JPEG,RGB,True,1024,768,5.0,255.0,172.747314453125,26.14569854736328,False,False,False,
task2_images,D:\Biology-AI\data\Task2_Attributes\images\001893.jpg,True,JPEG,RGB,True,2048,1536,0.0,255.0,146.28314208984375,39.918338775634766,False,False,False,
task2_images,D:\Biology-AI\data\Task2_Attributes\images\001894.jpg,True,JPEG,RGB,True,2048,1536,0.0,230.0,152.05953979492188,41.60403060913086,False,False,False,
task2_images,D:\Biology-AI\data\Task2_Attributes\images\001895.jpg,True,JPEG,RGB,True,1024,768,28.0,244.0,141.64865112304688,36.07178497314453,False,False,False,
task2_images,D:\Biology-AI\data\Task2_Attributes\images\001896.jpg,True,JPEG,RGB,True,1024,768,2.0,242.0,142.97879028320312,18.296802520751953,False,False,False,
task2_images,D:\Biology-AI\data\Task2_Attributes\images\001897.jpg,True,JPEG,RGB,True,4288,2848,12.0,255.0,145.72610473632812,26.87287712097168,False,False,False,
task2_images,D:\Biology-AI\data\Task2_Attributes\images\001898.jpg,True,JPEG,RGB,True,6688,4459,0.0,255.0,113.19085693359375,60.26882553100586,False,False,False,
task2_images,D:\Biology-AI\data\Task2_Attributes\images\001899.jpg,True,JPEG,RGB,True,1024,768,0.0,255.0,174.5323028564453,27.376636505126953,False,False,False,
task2_images,D:\Biology-AI\data\Task2_Attributes\images\001900.jpg,True,JPEG,RGB,True,640,480,0.0,255.0,102.0280990600586,61.81257247924805,False,False,False,
task2_images,D:\Biology-AI\data\Task2_Attributes\images\001901.jpg,True,JPEG,RGB,True,2048,1536,0.0,219.0,146.91400146484375,27.088207244873047,False,False,False,
task2_images,D:\Biology-AI\data\Task2_Attributes\images\001902.jpg,True,JPEG,RGB,True,6602,4380,0.0,255.0,163.05136108398438,48.90457534790039,False,False,False,
task2_images,D:\Biology-AI\data\Task2_Attributes\images\001903.jpg,True,JPEG,RGB,True,3024,2016,0.0,255.0,155.80137634277344,17.987062454223633,False,False,False,
task2_images,D:\Biology-AI\data\Task2_Attributes\images\001904.jpg,True,JPEG,RGB,True,3872,2592,40.0,251.0,141.1991424560547,24.033082962036133,False,False,False,
task2_images,D:\Biology-AI\data\Task2_Attributes\images\001905.jpg,True,JPEG,RGB,True,3024,2016,6.0,255.0,155.01400756835938,24.00364875793457,False,False,False,
task2_images,D:\Biology-AI\data\Task2_Attributes\images\001906.jpg,True,JPEG,RGB,True,4288,2848,17.0,188.0,127.53750610351562,15.598526000976562,False,False,False,
task2_images,D:\Biology-AI\data\Task2_Attributes\images\001907.jpg,True,JPEG,RGB,True,1024,768,27.0,255.0,172.2624969482422,28.098596572875977,False,False,False,
task2_images,D:\Biology-AI\data\Task2_Attributes\images\001908.jpg,True,JPEG,RGB,True,640,480,0.0,255.0,171.2372589111328,53.52423858642578,False,False,False,
task2_images,D:\Biology-AI\data\Task2_Attributes\images\001909.jpg,True,JPEG,RGB,True,2592,1944,0.0,245.0,164.0393524169922,37.07850646972656,False,False,False,
task2_images,D:\Biology-AI\data\Task2_Attributes\images\001910.jpg,True,JPEG,RGB,True,1024,768,0.0,235.0,158.7964630126953,41.34926223754883,False,False,False,
task2_images,D:\Biology-AI\data\Task2_Attributes\images\001911.jpg,True,JPEG,RGB,True,767,576,0.0,255.0,119.036865234375,57.755340576171875,False,False,False,
task2_images,D:\Biology-AI\data\Task2_Attributes\images\001912.jpg,True,JPEG,RGB,True,6662,4422,0.0,255.0,189.33566284179688,61.83910369873047,False,False,False,
task2_images,D:\Biology-AI\data\Task2_Attributes\images\001913.jpg,True,JPEG,RGB,True,640,480,0.0,247.0,154.5177764892578,47.326114654541016,False,False,False,
task2_images,D:\Biology-AI\data\Task2_Attributes\images\001914.jpg,True,JPEG,RGB,True,3008,2000,10.0,255.0,150.6589813232422,31.215652465820312,False,False,False,
task2_images,D:\Biology-AI\data\Task2_Attributes\images\001915.jpg,True,JPEG,RGB,True,3072,2304,3.0,255.0,137.84524536132812,36.18447494506836,False,False,False,
task2_images,D:\Biology-AI\data\Task2_Attributes\images\001916.jpg,True,JPEG,RGB,True,640,480,0.0,255.0,165.07412719726562,44.037391662597656,False,False,False,
task2_images,D:\Biology-AI\data\Task2_Attributes\images\001917.jpg,True,JPEG,RGB,True,3008,2000,7.0,255.0,150.34939575195312,29.597881317138672,False,False,False,
task2_images,D:\Biology-AI\data\Task2_Attributes\images\001918.jpg,True,JPEG,RGB,True,4288,2848,8.0,239.0,135.5937957763672,21.06348991394043,False,False,False,
task2_images,D:\Biology-AI\data\Task2_Attributes\images\001919.jpg,True,JPEG,RGB,True,1024,768,0.0,255.0,197.43626403808594,35.01129150390625,False,False,False,
task2_images,D:\Biology-AI\data\Task2_Attributes\images\001920.jpg,True,JPEG,RGB,True,4288,2848,7.0,241.0,114.94898223876953,27.119428634643555,False,False,False,
task2_images,D:\Biology-AI\data\Task2_Attributes\images\001921.jpg,True,JPEG,RGB,True,640,480,0.0,242.0,124.81263732910156,51.162452697753906,False,False,False,
task2_images,D:\Biology-AI\data\Task2_Attributes\images\001922.jpg,True,JPEG,RGB,True,6622,4420,0.0,255.0,153.75381469726562,53.35265350341797,False,False,False,
task2_images,D:\Biology-AI\data\Task2_Attributes\images\001923.jpg,True,JPEG,RGB,True,1024,768,25.0,234.0,198.83021545410156,19.307275772094727,False,False,False,
task2_images,D:\Biology-AI\data\Task2_Attributes\images\001924.jpg,True,JPEG,RGB,True,3008,2000,5.0,255.0,115.25391387939453,21.962623596191406,False,False,False,
task2_images,D:\Biology-AI\data\Task2_Attributes\images\001925.jpg,True,JPEG,RGB,True,4288,2848,14.0,255.0,149.21951293945312,26.525390625,False,False,False,
task2_images,D:\Biology-AI\data\Task2_Attributes\images\001926.jpg,True,JPEG,RGB,True,3072,2304,7.0,255.0,148.16949462890625,18.089866638183594,False,False,False,
task2_images,D:\Biology-AI\data\Task2_Attributes\images\001927.jpg,True,JPEG,RGB,True,4288,2848,16.0,217.0,150.67010498046875,16.151023864746094,False,False,False,
task2_images,D:\Biology-AI\data\Task2_Attributes\images\001928.jpg,True,JPEG,RGB,True,1024,768,15.0,255.0,196.74452209472656,25.935041427612305,False,False,False,
task2_images,D:\Biology-AI\data\Task2_Attributes\images\001929.jpg,True,JPEG,RGB,True,1024,768,0.0,255.0,163.48370361328125,43.11412048339844,False,False,False,
task2_images,D:\Biology-AI\data\Task2_Attributes\images\001930.jpg,True,JPEG,RGB,True,3072,2304,1.0,255.0,211.6076202392578,19.933805465698242,False,False,False,
task2_images,D:\Biology-AI\data\Task2_Attributes\images\001931.jpg,True,JPEG,RGB,True,4288,2848,1.0,255.0,155.3934783935547,36.04704284667969,False,False,False,
task2_images,D:\Biology-AI\data\Task2_Attributes\images\001932.jpg,True,JPEG,RGB,True,3072,2304,26.0,242.0,175.61611938476562,32.105384826660156,False,False,False,
task2_images,D:\Biology-AI\data\Task2_Attributes\images\001933.jpg,True,JPEG,RGB,True,722,542,0.0,255.0,148.98048400878906,84.89952087402344,False,False,False,
task2_images,D:\Biology-AI\data\Task2_Attributes\images\001934.jpg,True,JPEG,RGB,True,4288,2848,4.0,255.0,125.64414978027344,21.820356369018555,False,False,False,
task2_images,D:\Biology-AI\data\Task2_Attributes\images\001935.jpg,True,JPEG,RGB,True,3072,2304,4.0,255.0,131.96728515625,38.526573181152344,False,False,False,
task2_images,D:\Biology-AI\data\Task2_Attributes\images\001936.jpg,True,JPEG,RGB,True,3072,2304,0.0,255.0,156.08168029785156,33.79612350463867,False,False,False,
task2_images,D:\Biology-AI\data\Task2_Attributes\images\001937.jpg,True,JPEG,RGB,True,767,576,0.0,255.0,125.15191650390625,55.732086181640625,False,False,False,
task2_images,D:\Biology-AI\data\Task2_Attributes\images\001938.jpg,True,JPEG,RGB,True,4288,2848,42.0,218.0,167.2945098876953,14.908042907714844,False,False,False,
task2_images,D:\Biology-AI\data\Task2_Attributes\images\001939.jpg,True,JPEG,RGB,True,3072,2304,11.0,255.0,175.10923767089844,33.80221176147461,False,False,False,
task2_images,D:\Biology-AI\data\Task2_Attributes\images\001940.jpg,True,JPEG,RGB,True,1019,717,2.0,204.0,158.64219665527344,42.93487548828125,False,False,False,
task2_images,D:\Biology-AI\data\Task2_Attributes\images\001941.jpg,True,JPEG,RGB,True,3024,2016,0.0,255.0,146.70840454101562,38.338279724121094,False,False,False,
task2_images,D:\Biology-AI\data\Task2_Attributes\images\001942.jpg,True,JPEG,RGB,True,767,576,0.0,255.0,166.301025390625,61.5985107421875,False,False,False,
task2_images,D:\Biology-AI\data\Task2_Attributes\images\001943.jpg,True,JPEG,RGB,True,6642,4401,0.0,255.0,194.6156005859375,43.70098114013672,False,False,False,
task2_images,D:\Biology-AI\data\Task2_Attributes\images\001944.jpg,True,JPEG,RGB,True,4288,2848,4.0,243.0,167.44259643554688,22.25124168395996,False,False,False,
task2_images,D:\Biology-AI\data\Task2_Attributes\images\001945.jpg,True,JPEG,RGB,True,4288,2848,5.0,238.0,121.06668853759766,23.08251953125,False,False,False,
task2_images,D:\Biology-AI\data\Task2_Attributes\images\001946.jpg,True,JPEG,RGB,True,640,480,0.0,255.0,135.01467895507812,41.94042205810547,False,False,False,
task2_images,D:\Biology-AI\data\Task2_Attributes\images\001947.jpg,True,JPEG,RGB,True,4288,2848,2.0,230.0,138.42959594726562,16.323379516601562,False,False,False,
task2_images,D:\Biology-AI\data\Task2_Attributes\images\001948.jpg,True,JPEG,RGB,True,2304,1536,0.0,255.0,154.19908142089844,29.932405471801758,False,False,False,
task2_images,D:\Biology-AI\data\Task2_Attributes\images\001949.jpg,True,JPEG,RGB,True,3008,2000,10.0,224.0,157.74423217773438,23.760957717895508,False,False,False,
task2_images,D:\Biology-AI\data\Task2_Attributes\images\001950.jpg,True,JPEG,RGB,True,6668,4439,0.0,255.0,82.25570678710938,63.45225143432617,False,False,False,
task2_images,D:\Biology-AI\data\Task2_Attributes\images\001951.jpg,True,JPEG,RGB,True,1024,768,3.0,250.0,176.03440856933594,21.477933883666992,False,False,False,
task2_images,D:\Biology-AI\data\Task2_Attributes\images\001952.jpg,True,JPEG,RGB,True,3008,2000,0.0,238.0,139.90696716308594,33.12508010864258,False,False,False,
task2_images,D:\Biology-AI\data\Task2_Attributes\images\001953.jpg,True,JPEG,RGB,True,3008,2000,0.0,255.0,150.55752563476562,31.85022735595703,False,False,False,
task2_images,D:\Biology-AI\data\Task2_Attributes\images\001954.jpg,True,JPEG,RGB,True,6602,4382,0.0,255.0,142.93743896484375,59.775535583496094,False,False,False,
task2_images,D:\Biology-AI\data\Task2_Attributes\images\001955.jpg,True,JPEG,RGB,True,6668,4439,0.0,255.0,145.97195434570312,60.36064910888672,False,False,False,
task2_images,D:\Biology-AI\data\Task2_Attributes\images\001956.jpg,True,JPEG,RGB,True,640,480,0.0,255.0,211.2707061767578,41.36849594116211,False,False,False,
task2_images,D:\Biology-AI\data\Task2_Attributes\images\001957.jpg,True,JPEG,RGB,True,1024,768,10.0,235.0,153.5668182373047,34.356014251708984,False,False,False,
task2_images,D:\Biology-AI\data\Task2_Attributes\images\001958.jpg,True,JPEG,RGB,True,4288,2848,43.0,246.0,150.54701232910156,23.407827377319336,False,False,False,
task2_images,D:\Biology-AI\data\Task2_Attributes\images\001959.jpg,True,JPEG,RGB,True,6621,4420,0.0,255.0,122.75404357910156,73.60609436035156,False,False,False,
task2_images,D:\Biology-AI\data\Task2_Attributes\images\001960.jpg,True,JPEG,RGB,True,2048,1536,14.0,255.0,140.42083740234375,38.3023796081543,False,False,False,
task2_images,D:\Biology-AI\data\Task2_Attributes\images\001961.jpg,True,JPEG,RGB,True,2601,1909,10.0,210.0,163.058837890625,23.501590728759766,False,False,False,
task2_images,D:\Biology-AI\data\Task2_Attributes\images\001962.jpg,True,JPEG,RGB,True,640,480,0.0,255.0,174.85702514648438,48.74408721923828,False,False,False,
task2_images,D:\Biology-AI\data\Task2_Attributes\images\001963.jpg,True,JPEG,RGB,True,1024,768,0.0,235.0,176.97702026367188,28.52150535583496,False,False,False,
task2_images,D:\Biology-AI\data\Task2_Attributes\images\001964.jpg,True,JPEG,RGB,True,824,719,0.0,255.0,148.82315063476562,54.317195892333984,False,False,False,
task2_images,D:\Biology-AI\data\Task2_Attributes\images\001965.jpg,True,JPEG,RGB,True,640,480,0.0,243.0,135.47103881835938,43.24829864501953,False,False,False,
task2_images,D:\Biology-AI\data\Task2_Attributes\images\001966.jpg,True,JPEG,RGB,True,3872,2592,10.0,255.0,169.25343322753906,29.134563446044922,False,False,False,
task2_images,D:\Biology-AI\data\Task2_Attributes\images\001967.jpg,True,JPEG,RGB,True,4288,2848,8.0,254.0,165.6160430908203,27.019908905029297,False,False,False,
task2_images,D:\Biology-AI\data\Task2_Attributes\images\001968.jpg,True,JPEG,RGB,True,4288,2848,26.0,255.0,166.47125244140625,24.4012508392334,False,False,False,
task2_images,D:\Biology-AI\data\Task2_Attributes\images\001969.jpg,True,JPEG,RGB,True,4288,2848,17.0,230.0,153.80105590820312,15.925384521484375,False,False,False,
task2_images,D:\Biology-AI\data\Task2_Attributes\images\001970.jpg,True,JPEG,RGB,True,6668,4439,0.0,255.0,170.17892456054688,44.8729133605957,False,False,False,
task2_images,D:\Biology-AI\data\Task2_Attributes\images\001971.jpg,True,JPEG,RGB,True,6641,4402,0.0,255.0,58.824981689453125,57.690391540527344,False,False,False,
task2_images,D:\Biology-AI\data\Task2_Attributes\images\001972.jpg,True,JPEG,RGB,True,1024,768,7.0,226.0,180.59075927734375,21.819934844970703,False,False,False,
task2_images,D:\Biology-AI\data\Task2_Attributes\images\001973.jpg,True,JPEG,RGB,True,3008,2000,0.0,255.0,132.0576171875,32.90211868286133,False,False,False,
task2_images,D:\Biology-AI\data\Task2_Attributes\images\001974.jpg,True,JPEG,RGB,True,640,480,0.0,243.0,113.83422088623047,40.25236129760742,False,False,False,
task2_images,D:\Biology-AI\data\Task2_Attributes\images\001975.jpg,True,JPEG,RGB,True,3024,2016,0.0,255.0,156.73377990722656,35.424774169921875,False,False,False,
task2_images,D:\Biology-AI\data\Task2_Attributes\images\001976.jpg,True,JPEG,RGB,True,1024,768,21.0,255.0,176.8748321533203,89.54304504394531,False,False,False,
task2_images,D:\Biology-AI\data\Task2_Attributes\images\001977.jpg,True,JPEG,RGB,True,3072,2304,1.0,255.0,124.10681915283203,32.06535339355469,False,False,False,
task2_images,D:\Biology-AI\data\Task2_Attributes\images\001978.jpg,True,JPEG,RGB,True,1024,768,48.0,255.0,202.87481689453125,46.72480392456055,False,False,False,
task2_images,D:\Biology-AI\data\Task2_Attributes\images\001979.jpg,True,JPEG,RGB,True,3072,2304,10.0,214.0,140.60914611816406,37.60176467895508,False,False,False,
task2_images,D:\Biology-AI\data\Task2_Attributes\images\001980.jpg,True,JPEG,RGB,True,1024,768,0.0,255.0,206.57577514648438,48.62801742553711,False,False,False,
task2_images,D:\Biology-AI\data\Task2_Attributes\images\001981.jpg,True,JPEG,RGB,True,640,480,0.0,255.0,167.7431640625,58.902496337890625,False,False,False,
task2_images,D:\Biology-AI\data\Task2_Attributes\images\001982.jpg,True,JPEG,RGB,True,3008,2000,0.0,255.0,126.58255004882812,33.9090461730957,False,False,False,
task2_images,D:\Biology-AI\data\Task2_Attributes\images\001983.jpg,True,JPEG,RGB,True,6628,4399,0.0,255.0,145.32916259765625,56.53295135498047,False,False,False,
task2_images,D:\Biology-AI\data\Task2_Attributes\images\001984.jpg,True,JPEG,RGB,True,6621,4420,0.0,255.0,155.10118103027344,51.15745162963867,False,False,False,
task2_images,D:\Biology-AI\data\Task2_Attributes\images\001985.jpg,True,JPEG,RGB,True,3072,2304,11.0,255.0,118.28304290771484,35.034664154052734,False,False,False,
task2_images,D:\Biology-AI\data\Task2_Attributes\images\001986.jpg,True,JPEG,RGB,True,4288,2848,8.0,243.0,129.99925231933594,23.453365325927734,False,False,False,
task2_images,D:\Biology-AI\data\Task2_Attributes\images\001987.jpg,True,JPEG,RGB,True,640,480,0.0,238.0,93.90182495117188,58.32367706298828,False,False,False,
task2_images,D:\Biology-AI\data\Task2_Attributes\images\001988.jpg,True,JPEG,RGB,True,3072,2304,0.0,223.0,153.68389892578125,46.03060531616211,False,False,False,
task2_images,D:\Biology-AI\data\Task2_Attributes\images\001989.jpg,True,JPEG,RGB,True,3072,2304,0.0,255.0,151.4114532470703,30.675642013549805,False,False,False,
task2_images,D:\Biology-AI\data\Task2_Attributes\images\001990.jpg,True,JPEG,RGB,True,4288,2848,9.0,255.0,122.95597839355469,26.622591018676758,False,False,False,
task2_images,D:\Biology-AI\data\Task2_Attributes\images\001991.jpg,True,JPEG,RGB,True,1504,1129,0.0,255.0,162.08477783203125,45.647579193115234,False,False,False,
task2_images,D:\Biology-AI\data\Task2_Attributes\images\001992.jpg,True,JPEG,RGB,True,1024,768,2.0,244.0,159.57077026367188,38.884490966796875,False,False,False,
task2_images,D:\Biology-AI\data\Task2_Attributes\images\001993.jpg,True,JPEG,RGB,True,1024,768,12.0,188.0,152.5455780029297,26.667686462402344,False,False,False,
task2_images,D:\Biology-AI\data\Task2_Attributes\images\001994.jpg,True,JPEG,RGB,True,4288,2848,20.0,255.0,175.15550231933594,33.38693618774414,False,False,False,
task2_images,D:\Biology-AI\data\Task2_Attributes\images\001995.jpg,True,JPEG,RGB,True,1024,768,0.0,250.0,168.5906524658203,36.64455032348633,False,False,False,
task2_images,D:\Biology-AI\data\Task2_Attributes\images\001996.jpg,True,JPEG,RGB,True,4288,2848,16.0,255.0,139.4115447998047,30.374467849731445,False,False,False,
task2_images,D:\Biology-AI\data\Task2_Attributes\images\001997.jpg,True,JPEG,RGB,True,3072,2304,18.0,205.0,119.83251190185547,22.814603805541992,False,False,False,
task2_images,D:\Biology-AI\data\Task2_Attributes\images\001998.jpg,True,JPEG,RGB,True,1024,768,25.0,236.0,164.62071228027344,39.7854118347168,False,False,False,
task2_images,D:\Biology-AI\data\Task2_Attributes\images\001999.jpg,True,JPEG,RGB,True,3008,2000,0.0,255.0,155.18695068359375,27.658403396606445,False,False,False,
task2_images,D:\Biology-AI\data\Task2_Attributes\images\002000.jpg,True,JPEG,RGB,True,1024,768,0.0,255.0,146.99085998535156,36.76084518432617,False,False,False,
task2_images,D:\Biology-AI\data\Task2_Attributes\images\002001.jpg,True,JPEG,RGB,True,6648,4439,0.0,255.0,158.36273193359375,44.753726959228516,False,False,False,
task2_images,D:\Biology-AI\data\Task2_Attributes\images\002002.jpg,True,JPEG,RGB,True,4288,2848,5.0,254.0,134.25607299804688,23.941434860229492,False,False,False,
task2_images,D:\Biology-AI\data\Task2_Attributes\images\002003.jpg,True,JPEG,RGB,True,3872,2592,25.0,255.0,193.3358612060547,42.4029655456543,False,False,False,
task2_images,D:\Biology-AI\data\Task2_Attributes\images\002004.jpg,True,JPEG,RGB,True,944,1127,5.0,255.0,164.07118225097656,34.16651153564453,False,False,False,
task2_images,D:\Biology-AI\data\Task2_Attributes\images\002005.jpg,True,JPEG,RGB,True,4288,2848,20.0,255.0,111.18946838378906,37.518104553222656,False,False,False,
task2_images,D:\Biology-AI\data\Task2_Attributes\images\002006.jpg,True,JPEG,RGB,True,1024,768,0.0,255.0,169.7281036376953,42.66073226928711,False,False,False,
task2_images,D:\Biology-AI\data\Task2_Attributes\images\002007.jpg,True,JPEG,RGB,True,6681,4422,0.0,255.0,124.7337646484375,63.79827880859375,False,False,False,
task2_images,D:\Biology-AI\data\Task2_Attributes\images\002008.jpg,True,JPEG,RGB,True,1024,768,1.0,255.0,195.46627807617188,42.19886016845703,False,False,False,
task2_images,D:\Biology-AI\data\Task2_Attributes\images\002009.jpg,True,JPEG,RGB,True,2219,2252,28.0,255.0,189.22702026367188,40.75965881347656,False,False,False,
task2_images,D:\Biology-AI\data\Task2_Attributes\images\002010.jpg,True,JPEG,RGB,True,640,480,0.0,255.0,126.91682434082031,62.65095138549805,False,False,False,
task2_images,D:\Biology-AI\data\Task2_Attributes\images\002011.jpg,True,JPEG,RGB,True,6627,4459,0.0,255.0,98.54183197021484,69.73397064208984,False,False,False,
task2_images,D:\Biology-AI\data\Task2_Attributes\images\002012.jpg,True,JPEG,RGB,True,1024,768,24.0,250.0,155.09796142578125,18.313692092895508,False,False,False,
task2_images,D:\Biology-AI\data\Task2_Attributes\images\002013.jpg,True,JPEG,RGB,True,6641,4420,0.0,255.0,137.1016387939453,38.93022537231445,False,False,False,
task2_images,D:\Biology-AI\data\Task2_Attributes\images\002014.jpg,True,JPEG,RGB,True,2355,2028,3.0,229.0,127.68901062011719,47.761898040771484,False,False,False,
task2_images,D:\Biology-AI\data\Task2_Attributes\images\002015.jpg,True,JPEG,RGB,True,4288,2848,10.0,245.0,139.80018615722656,23.47089385986328,False,False,False,
task2_images,D:\Biology-AI\data\Task2_Attributes\images\002016.jpg,True,JPEG,RGB,True,3008,2000,15.0,255.0,218.74989318847656,24.787628173828125,False,False,False,
task2_images,D:\Biology-AI\data\Task2_Attributes\images\002017.jpg,True,JPEG,RGB,True,4288,2848,41.0,255.0,152.37753295898438,30.15292739868164,False,False,False,
task2_images,D:\Biology-AI\data\Task2_Attributes\images\002018.jpg,True,JPEG,RGB,True,1024,768,38.0,255.0,193.74916076660156,50.76304244995117,False,False,False,
task2_images,D:\Biology-AI\data\Task2_Attributes\images\002019.jpg,True,JPEG,RGB,True,6661,4441,0.0,255.0,140.39463806152344,62.643638610839844,False,False,False,
task2_images,D:\Biology-AI\data\Task2_Attributes\images\002020.jpg,True,JPEG,RGB,True,6641,4420,0.0,255.0,158.41238403320312,49.009803771972656,False,False,False,
task2_images,D:\Biology-AI\data\Task2_Attributes\images\002021.jpg,True,JPEG,RGB,True,6688,4439,0.0,255.0,156.8839874267578,48.957054138183594,False,False,False,
task2_images,D:\Biology-AI\data\Task2_Attributes\images\002022.jpg,True,JPEG,RGB,True,1024,768,19.0,249.0,164.08279418945312,47.55588912963867,False,False,False,
task2_images,D:\Biology-AI\data\Task2_Attributes\images\002023.jpg,True,JPEG,RGB,True,6581,4382,0.0,255.0,162.15447998046875,64.3981704711914,False,False,False,
task2_images,D:\Biology-AI\data\Task2_Attributes\images\002024.jpg,True,JPEG,RGB,True,767,576,0.0,255.0,88.52595520019531,46.347633361816406,False,False,False,
task2_images,D:\Biology-AI\data\Task2_Attributes\images\002025.jpg,True,JPEG,RGB,True,3072,2304,6.0,255.0,163.87753295898438,43.909400939941406,False,False,False,
task2_images,D:\Biology-AI\data\Task2_Attributes\images\002026.jpg,True,JPEG,RGB,True,2592,1936,1.0,255.0,166.50076293945312,33.55241012573242,False,False,False,
task2_images,D:\Biology-AI\data\Task2_Attributes\images\002027.jpg,True,JPEG,RGB,True,3072,2304,22.0,177.0,132.1713409423828,15.690847396850586,False,False,False,
task2_images,D:\Biology-AI\data\Task2_Attributes\images\002028.jpg,True,JPEG,RGB,True,3872,2592,11.0,244.0,165.73362731933594,24.708202362060547,False,False,False,
task2_images,D:\Biology-AI\data\Task2_Attributes\images\002029.jpg,True,JPEG,RGB,True,4288,2848,5.0,255.0,144.87498474121094,22.814523696899414,False,False,False,
task2_images,D:\Biology-AI\data\Task2_Attributes\images\002030.jpg,True,JPEG,RGB,True,6622,4422,0.0,255.0,119.18034362792969,65.89131927490234,False,False,False,
task2_images,D:\Biology-AI\data\Task2_Attributes\images\002031.jpg,True,JPEG,RGB,True,1024,768,2.0,238.0,118.79535675048828,29.068628311157227,False,False,False,
task2_images,D:\Biology-AI\data\Task2_Attributes\images\002032.jpg,True,JPEG,RGB,True,6640,4420,0.0,255.0,148.1065216064453,57.00090026855469,False,False,False,
task2_images,D:\Biology-AI\data\Task2_Attributes\images\002033.jpg,True,JPEG,RGB,True,3024,2016,0.0,255.0,155.46348571777344,37.70460510253906,False,False,False,
task2_images,D:\Biology-AI\data\Task2_Attributes\images\002034.jpg,True,JPEG,RGB,True,3008,2000,0.0,255.0,138.18504333496094,32.41728591918945,False,False,False,
task2_images,D:\Biology-AI\data\Task2_Attributes\images\002035.jpg,True,JPEG,RGB,True,6668,4459,0.0,255.0,138.53871154785156,56.17747116088867,False,False,False,
task2_images,D:\Biology-AI\data\Task2_Attributes\images\002036.jpg,True,JPEG,RGB,True,6668,4439,0.0,255.0,175.15921020507812,53.44707107543945,False,False,False,
task2_images,D:\Biology-AI\data\Task2_Attributes\images\002037.jpg,True,JPEG,RGB,True,640,480,0.0,255.0,195.09756469726562,59.531375885009766,False,False,False,
task2_images,D:\Biology-AI\data\Task2_Attributes\images\002038.jpg,True,JPEG,RGB,True,1080,1920,0.0,255.0,163.42539978027344,57.04298782348633,False,False,False,
task2_images,D:\Biology-AI\data\Task2_Attributes\images\002039.jpg,True,JPEG,RGB,True,2560,2278,0.0,255.0,135.44468688964844,33.16878890991211,False,False,False,
task2_images,D:\Biology-AI\data\Task2_Attributes\images\002040.jpg,True,JPEG,RGB,True,2355,2028,5.0,231.0,127.7735824584961,47.608882904052734,False,False,False,
task2_images,D:\Biology-AI\data\Task2_Attributes\images\002041.jpg,True,JPEG,RGB,True,1504,1129,0.0,255.0,160.7459259033203,32.4565544128418,False,False,False,
task2_images,D:\Biology-AI\data\Task2_Attributes\images\002042.jpg,True,JPEG,RGB,True,2048,1536,0.0,247.0,158.8623046875,50.85692596435547,False,False,False,
task2_images,D:\Biology-AI\data\Task2_Attributes\images\002043.jpg,True,JPEG,RGB,True,4288,2848,23.0,235.0,121.26994323730469,32.259708404541016,False,False,False,
task2_images,D:\Biology-AI\data\Task2_Attributes\images\002044.jpg,True,JPEG,RGB,True,4288,2848,7.0,251.0,157.77806091308594,29.07823371887207,False,False,False,
task2_images,D:\Biology-AI\data\Task2_Attributes\images\002045.jpg,True,JPEG,RGB,True,1024,768,17.0,255.0,202.60198974609375,33.8627815246582,False,False,False,
task2_images,D:\Biology-AI\data\Task2_Attributes\images\002046.jpg,True,JPEG,RGB,True,771,750,40.0,199.0,166.42221069335938,21.39934730529785,False,False,False,
task2_images,D:\Biology-AI\data\Task2_Attributes\images\002047.jpg,True,JPEG,RGB,True,2048,1536,0.0,255.0,155.49441528320312,33.6876220703125,False,False,False,
task2_images,D:\Biology-AI\data\Task2_Attributes\images\002048.jpg,True,JPEG,RGB,True,3008,2000,2.0,249.0,123.3407974243164,34.71460723876953,False,False,False,
task2_images,D:\Biology-AI\data\Task2_Attributes\images\002049.jpg,True,JPEG,RGB,True,3072,2304,0.0,255.0,151.7804718017578,30.09113311767578,False,False,False,
task2_images,D:\Biology-AI\data\Task2_Attributes\images\002050.jpg,True,JPEG,RGB,True,1024,768,72.0,233.0,160.99114990234375,23.874649047851562,False,False,False,
task2_images,D:\Biology-AI\data\Task2_Attributes\images\002051.jpg,True,JPEG,RGB,True,679,566,0.0,255.0,118.33096313476562,58.187381744384766,False,False,False,
task2_images,D:\Biology-AI\data\Task2_Attributes\images\002052.jpg,True,JPEG,RGB,True,640,480,0.0,247.0,158.5204315185547,45.80868148803711,False,False,False,
task2_images,D:\Biology-AI\data\Task2_Attributes\images\002053.jpg,True,JPEG,RGB,True,6688,4419,0.0,255.0,167.2015838623047,62.85715866088867,False,False,False,
task2_images,D:\Biology-AI\data\Task2_Attributes\images\002054.jpg,True,JPEG,RGB,True,3872,2592,15.0,220.0,140.0679473876953,43.46083450317383,False,False,False,
task2_images,D:\Biology-AI\data\Task2_Attributes\images\002055.jpg,True,JPEG,RGB,True,1024,768,0.0,255.0,167.8917236328125,50.79811096191406,False,False,False,
task2_images,D:\Biology-AI\data\Task2_Attributes\images\002056.jpg,True,JPEG,RGB,True,1024,768,0.0,235.0,159.44261169433594,39.64933395385742,False,False,False,
task2_images,D:\Biology-AI\data\Task2_Attributes\images\002057.jpg,True,JPEG,RGB,True,3008,2000,0.0,255.0,145.5059356689453,25.147735595703125,False,False,False,
task2_images,D:\Biology-AI\data\Task2_Attributes\images\002058.jpg,True,JPEG,RGB,True,6641,4420,0.0,255.0,101.51960754394531,80.38468170166016,False,False,False,
task2_images,D:\Biology-AI\data\Task2_Attributes\images\002059.jpg,True,JPEG,RGB,True,640,480,0.0,246.0,165.53872680664062,49.622684478759766,False,False,False,
task2_images,D:\Biology-AI\data\Task2_Attributes\images\002060.jpg,True,JPEG,RGB,True,4288,2848,27.0,253.0,121.77140808105469,30.964811325073242,False,False,False,
task2_images,D:\Biology-AI\data\Task2_Attributes\images\002061.jpg,True,JPEG,RGB,True,4288,2848,33.0,247.0,158.09100341796875,25.569292068481445,False,False,False,
task2_images,D:\Biology-AI\data\Task2_Attributes\images\002062.jpg,True,JPEG,RGB,True,1024,768,22.0,255.0,163.0086212158203,44.41130828857422,False,False,False,
task2_images,D:\Biology-AI\data\Task2_Attributes\images\002063.jpg,True,JPEG,RGB,True,3072,2304,0.0,255.0,165.1092987060547,48.18274688720703,False,False,False,
task2_images,D:\Biology-AI\data\Task2_Attributes\images\002064.jpg,True,JPEG,RGB,True,957,640,0.0,255.0,152.80087280273438,68.15497589111328,False,False,False,
task2_images,D:\Biology-AI\data\Task2_Attributes\images\002065.jpg,True,JPEG,RGB,True,2592,1936,0.0,255.0,179.35501098632812,39.59038543701172,False,False,False,
task2_images,D:\Biology-AI\data\Task2_Attributes\images\002066.jpg,True,JPEG,RGB,True,4288,2848,0.0,255.0,163.8035888671875,48.306583404541016,False,False,False,
task2_images,D:\Biology-AI\data\Task2_Attributes\images\002067.jpg,True,JPEG,RGB,True,1024,768,24.0,252.0,174.46014404296875,62.98394775390625,False,False,False,
task2_images,D:\Biology-AI\data\Task2_Attributes\images\002068.jpg,True,JPEG,RGB,True,640,480,0.0,246.0,159.19107055664062,48.19887924194336,False,False,False,
task2_images,D:\Biology-AI\data\Task2_Attributes\images\002069.jpg,True,JPEG,RGB,True,3008,2000,19.0,255.0,176.3022918701172,15.898039817810059,False,False,False,
task2_images,D:\Biology-AI\data\Task2_Attributes\images\002070.jpg,True,JPEG,RGB,True,2048,1536,46.0,255.0,182.71356201171875,18.831785202026367,False,False,False,
task2_images,D:\Biology-AI\data\Task2_Attributes\images\002071.jpg,True,JPEG,RGB,True,3872,2592,6.0,250.0,169.9032745361328,23.2943172454834,False,False,False,
task2_images,D:\Biology-AI\data\Task2_Attributes\images\002072.jpg,True,JPEG,RGB,True,3872,2592,10.0,223.0,170.13070678710938,15.084532737731934,False,False,False,
task2_images,D:\Biology-AI\data\Task2_Attributes\images\002073.jpg,True,JPEG,RGB,True,3008,2000,34.0,255.0,180.91012573242188,18.641347885131836,False,False,False,
task2_images,D:\Biology-AI\data\Task2_Attributes\images\002074.jpg,True,JPEG,RGB,True,6642,4422,0.0,255.0,123.35205841064453,49.6280517578125,False,False,False,
task2_images,D:\Biology-AI\data\Task2_Attributes\images\002075.jpg,True,JPEG,RGB,True,3008,2000,0.0,255.0,196.4333038330078,31.57622718811035,False,False,False,
task2_images,D:\Biology-AI\data\Task2_Attributes\images\002076.jpg,True,JPEG,RGB,True,3008,2000,1.0,255.0,145.0382843017578,26.95551109313965,False,False,False,
task2_images,D:\Biology-AI\data\Task2_Attributes\images\002077.jpg,True,JPEG,RGB,True,2556,2115,3.0,255.0,159.85977172851562,32.81837844848633,False,False,False,
task2_images,D:\Biology-AI\data\Task2_Attributes\images\002078.jpg,True,JPEG,RGB,True,3008,2000,0.0,255.0,170.00201416015625,35.25308609008789,False,False,False,
task2_images,D:\Biology-AI\data\Task2_Attributes\images\002079.jpg,True,JPEG,RGB,True,2048,1536,3.0,255.0,150.91925048828125,41.612831115722656,False,False,False,
task2_images,D:\Biology-AI\data\Task2_Attributes\images\002080.jpg,True,JPEG,RGB,True,4288,2848,0.0,255.0,161.6419677734375,37.207496643066406,False,False,False,
task2_images,D:\Biology-AI\data\Task2_Attributes\images\002081.jpg,True,JPEG,RGB,True,3072,2304,10.0,255.0,166.5843505859375,20.9345703125,False,False,False,
task2_images,D:\Biology-AI\data\Task2_Attributes\images\002082.jpg,True,JPEG,RGB,True,1024,768,56.0,255.0,190.12294006347656,28.59968376159668,False,False,False,
task2_images,D:\Biology-AI\data\Task2_Attributes\images\002083.jpg,True,JPEG,RGB,True,4288,2848,4.0,203.0,139.30479431152344,20.761205673217773,False,False,False,
task2_images,D:\Biology-AI\data\Task2_Attributes\images\002084.jpg,True,JPEG,RGB,True,1028,753,0.0,255.0,181.86854553222656,28.606552124023438,False,False,False,
task2_images,D:\Biology-AI\data\Task2_Attributes\images\002085.jpg,True,JPEG,RGB,True,1504,1129,0.0,255.0,163.80958557128906,51.820621490478516,False,False,False,
task2_images,D:\Biology-AI\data\Task2_Attributes\images\002086.jpg,True,JPEG,RGB,True,3008,2000,2.0,255.0,156.02113342285156,21.116600036621094,False,False,False,
task2_images,D:\Biology-AI\data\Task2_Attributes\images\002087.jpg,True,JPEG,RGB,True,3008,2000,7.0,255.0,169.88487243652344,22.01717185974121,False,False,False,
task2_images,D:\Biology-AI\data\Task2_Attributes\images\002088.jpg,True,JPEG,RGB,True,3072,2304,0.0,217.0,127.74889373779297,37.66533279418945,False,False,False,
task2_images,D:\Biology-AI\data\Task2_Attributes\images\002089.jpg,True,JPEG,RGB,True,6641,4422,0.0,255.0,142.7506561279297,60.60567092895508,False,False,False,
task2_images,D:\Biology-AI\data\Task2_Attributes\images\002090.jpg,True,JPEG,RGB,True,1024,768,19.0,255.0,204.2272186279297,42.5006217956543,False,False,False,
task2_images,D:\Biology-AI\data\Task2_Attributes\images\002091.jpg,True,JPEG,RGB,True,6628,4439,0.0,255.0,127.31121826171875,62.78873062133789,False,False,False,
task2_images,D:\Biology-AI\data\Task2_Attributes\images\002092.jpg,True,JPEG,RGB,True,1024,768,0.0,234.0,182.18739318847656,32.85709762573242,False,False,False,
task2_images,D:\Biology-AI\data\Task2_Attributes\images\002093.jpg,True,JPEG,RGB,True,2048,1536,0.0,217.0,155.49542236328125,36.45685577392578,False,False,False,
task2_images,D:\Biology-AI\data\Task2_Attributes\images\002094.jpg,True,JPEG,RGB,True,3008,2000,1.0,255.0,124.80964660644531,37.15818786621094,False,False,False,
task2_images,D:\Biology-AI\data\Task2_Attributes\images\002095.jpg,True,JPEG,RGB,True,1024,768,38.0,234.0,136.81085205078125,23.75923728942871,False,False,False,
task2_images,D:\Biology-AI\data\Task2_Attributes\images\002096.jpg,True,JPEG,RGB,True,3072,2304,0.0,255.0,126.91973876953125,37.255401611328125,False,False,False,
task2_images,D:\Biology-AI\data\Task2_Attributes\images\002097.jpg,True,JPEG,RGB,True,4288,2848,18.0,248.0,128.2085723876953,31.24835777282715,False,False,False,
task2_images,D:\Biology-AI\data\Task2_Attributes\images\002098.jpg,True,JPEG,RGB,True,3872,2592,25.0,255.0,196.59170532226562,26.623525619506836,False,False,False,
task2_images,D:\Biology-AI\data\Task2_Attributes\images\002099.jpg,True,JPEG,RGB,True,3872,2592,14.0,255.0,175.66836547851562,37.965736389160156,False,False,False,
task2_images,D:\Biology-AI\data\Task2_Attributes\images\002100.jpg,True,JPEG,RGB,True,2048,1536,0.0,255.0,142.03480529785156,26.07245445251465,False,False,False,
task2_images,D:\Biology-AI\data\Task2_Attributes\images\002101.jpg,True,JPEG,RGB,True,640,480,0.0,255.0,168.65968322753906,47.299827575683594,False,False,False,
task2_images,D:\Biology-AI\data\Task2_Attributes\images\002102.jpg,True,JPEG,RGB,True,4288,2848,9.0,255.0,149.44525146484375,22.353185653686523,False,False,False,
task2_images,D:\Biology-AI\data\Task2_Attributes\images\002103.jpg,True,JPEG,RGB,True,3072,2304,5.0,255.0,146.26141357421875,35.15487289428711,False,False,False,
task2_images,D:\Biology-AI\data\Task2_Attributes\images\002104.jpg,True,JPEG,RGB,True,1024,768,37.0,233.0,149.7373504638672,32.11986541748047,False,False,False,
task2_images,D:\Biology-AI\data\Task2_Attributes\images\002105.jpg,True,JPEG,RGB,True,2592,1936,2.0,255.0,155.18182373046875,32.635623931884766,False,False,False,
task2_images,D:\Biology-AI\data\Task2_Attributes\images\002106.jpg,True,JPEG,RGB,True,3072,2304,0.0,255.0,166.22032165527344,27.8394718170166,False,False,False,
task2_images,D:\Biology-AI\data\Task2_Attributes\images\002107.jpg,True,JPEG,RGB,True,640,480,0.0,255.0,172.5330352783203,48.91139602661133,False,False,False,
task2_images,D:\Biology-AI\data\Task2_Attributes\images\002108.jpg,True,JPEG,RGB,True,4288,2848,7.0,255.0,132.61013793945312,19.20615005493164,False,False,False,
task2_images,D:\Biology-AI\data\Task2_Attributes\images\002109.jpg,True,JPEG,RGB,True,6668,4459,0.0,255.0,94.57514953613281,62.077362060546875,False,False,False,
task2_images,D:\Biology-AI\data\Task2_Attributes\images\002110.jpg,True,JPEG,RGB,True,2048,1536,0.0,255.0,138.9785919189453,46.94818115234375,False,False,False,
task2_images,D:\Biology-AI\data\Task2_Attributes\images\002111.jpg,True,JPEG,RGB,True,640,480,23.0,223.0,159.34555053710938,32.50360107421875,False,False,False,
task2_images,D:\Biology-AI\data\Task2_Attributes\images\002112.jpg,True,JPEG,RGB,True,3072,2304,8.0,255.0,152.4499969482422,44.66468811035156,False,False,False,
task2_images,D:\Biology-AI\data\Task2_Attributes\images\002113.jpg,True,JPEG,RGB,True,6708,4439,0.0,255.0,159.42237854003906,48.04145050048828,False,False,False,
task2_images,D:\Biology-AI\data\Task2_Attributes\images\002114.jpg,True,JPEG,RGB,True,6648,4439,0.0,255.0,151.81419372558594,41.704322814941406,False,False,False,
task2_images,D:\Biology-AI\data\Task2_Attributes\images\002115.jpg,True,JPEG,RGB,True,3008,2000,7.0,250.0,181.0072021484375,22.441364288330078,False,False,False,
task2_images,D:\Biology-AI\data\Task2_Attributes\images\002116.jpg,True,JPEG,RGB,True,1024,768,0.0,235.0,117.86073303222656,80.95293426513672,False,False,False,
task2_images,D:\Biology-AI\data\Task2_Attributes\images\002117.jpg,True,JPEG,RGB,True,6808,4519,0.0,255.0,157.24427795410156,73.68179321289062,False,False,False,
task2_images,D:\Biology-AI\data\Task2_Attributes\images\002118.jpg,True,JPEG,RGB,True,3008,2000,0.0,255.0,122.041748046875,27.659666061401367,False,False,False,
task2_images,D:\Biology-AI\data\Task2_Attributes\images\002119.jpg,True,JPEG,RGB,True,919,802,7.0,255.0,173.4359130859375,29.446983337402344,False,False,False,
task2_images,D:\Biology-AI\data\Task2_Attributes\images\002120.jpg,True,JPEG,RGB,True,4288,2848,17.0,252.0,159.7284393310547,17.51130485534668,False,False,False,
task2_images,D:\Biology-AI\data\Task2_Attributes\images\002121.jpg,True,JPEG,RGB,True,6681,4440,0.0,255.0,159.0847625732422,52.42959976196289,False,False,False,
task2_images,D:\Biology-AI\data\Task2_Attributes\images\002122.jpg,True,JPEG,RGB,True,3072,2304,0.0,197.0,147.78030395507812,28.1276798248291,False,False,False,
task2_images,D:\Biology-AI\data\Task2_Attributes\images\002123.jpg,True,JPEG,RGB,True,3008,2000,2.0,255.0,118.36404418945312,30.536212921142578,False,False,False,
task2_images,D:\Biology-AI\data\Task2_Attributes\images\002124.jpg,True,JPEG,RGB,True,767,576,0.0,255.0,144.29415893554688,58.700252532958984,False,False,False,
task2_images,D:\Biology-AI\data\Task2_Attributes\images\002125.jpg,True,JPEG,RGB,True,4288,2848,16.0,255.0,139.9490966796875,24.95194435119629,False,False,False,
task2_images,D:\Biology-AI\data\Task2_Attributes\images\002126.jpg,True,JPEG,RGB,True,640,480,0.0,229.0,116.25267028808594,38.947776794433594,False,False,False,
task2_images,D:\Biology-AI\data\Task2_Attributes\images\002127.jpg,True,JPEG,RGB,True,3872,2592,17.0,255.0,184.839111328125,23.457569122314453,False,False,False,
task2_images,D:\Biology-AI\data\Task2_Attributes\images\002128.jpg,True,JPEG,RGB,True,1024,768,30.0,255.0,191.09262084960938,49.866390228271484,False,False,False,
task2_images,D:\Biology-AI\data\Task2_Attributes\images\002129.jpg,True,JPEG,RGB,True,6668,4439,0.0,255.0,109.9424819946289,66.87971496582031,False,False,False,
task2_images,D:\Biology-AI\data\Task2_Attributes\images\002130.jpg,True,JPEG,RGB,True,4288,2848,15.0,255.0,157.58905029296875,27.33708953857422,False,False,False,
task2_images,D:\Biology-AI\data\Task2_Attributes\images\002131.jpg,True,JPEG,RGB,True,4288,2848,33.0,206.0,129.7339630126953,21.82501983642578,False,False,False,
task2_images,D:\Biology-AI\data\Task2_Attributes\images\002132.jpg,True,JPEG,RGB,True,919,802,2.0,191.0,114.20256805419922,39.13297653198242,False,False,False,
task2_images,D:\Biology-AI\data\Task2_Attributes\images\002133.jpg,True,JPEG,RGB,True,640,480,0.0,237.0,134.66476440429688,39.515804290771484,False,False,False,
task2_images,D:\Biology-AI\data\Task2_Attributes\images\002134.jpg,True,JPEG,RGB,True,4288,2848,37.0,255.0,174.8618927001953,16.286088943481445,False,False,False,
task2_images,D:\Biology-AI\data\Task2_Attributes\images\002135.jpg,True,JPEG,RGB,True,3072,2304,0.0,255.0,141.43954467773438,42.49740219116211,False,False,False,
task2_images,D:\Biology-AI\data\Task2_Attributes\images\002136.jpg,True,JPEG,RGB,True,3008,2000,0.0,255.0,150.67335510253906,21.388023376464844,False,False,False,
task2_images,D:\Biology-AI\data\Task2_Attributes\images\002137.jpg,True,JPEG,RGB,True,3008,2000,0.0,217.0,123.3003158569336,25.88161849975586,False,False,False,
task2_images,D:\Biology-AI\data\Task2_Attributes\images\002138.jpg,True,JPEG,RGB,True,1024,768,7.0,238.0,147.4647674560547,35.870887756347656,False,False,False,
task2_images,D:\Biology-AI\data\Task2_Attributes\images\002139.jpg,True,JPEG,RGB,True,3072,2304,0.0,255.0,176.51226806640625,19.579952239990234,False,False,False,
task2_images,D:\Biology-AI\data\Task2_Attributes\images\002140.jpg,True,JPEG,RGB,True,4288,2848,14.0,244.0,113.9610824584961,26.466745376586914,False,False,False,
task2_images,D:\Biology-AI\data\Task2_Attributes\images\002141.jpg,True,JPEG,RGB,True,1024,768,90.0,235.0,172.9147186279297,27.06070327758789,False,False,False,
task2_images,D:\Biology-AI\data\Task2_Attributes\images\002142.jpg,True,JPEG,RGB,True,640,480,0.0,255.0,100.40725708007812,76.27178192138672,False,False,False,
task2_images,D:\Biology-AI\data\Task2_Attributes\images\002143.jpg,True,JPEG,RGB,True,3072,2304,15.0,255.0,161.5523681640625,21.103790283203125,False,False,False,
task2_images,D:\Biology-AI\data\Task2_Attributes\images\002144.jpg,True,JPEG,RGB,True,3008,2000,4.0,231.0,127.1644515991211,22.373262405395508,False,False,False,
task2_images,D:\Biology-AI\data\Task2_Attributes\images\002145.jpg,True,JPEG,RGB,True,1707,1222,10.0,192.0,149.7222442626953,21.19070816040039,False,False,False,
task2_images,D:\Biology-AI\data\Task2_Attributes\images\002146.jpg,True,JPEG,RGB,True,6748,4499,0.0,255.0,185.2689666748047,41.6684455871582,False,False,False,
task2_images,D:\Biology-AI\data\Task2_Attributes\images\002147.jpg,True,JPEG,RGB,True,3008,2000,8.0,237.0,170.33912658691406,23.84635353088379,False,False,False,
task2_images,D:\Biology-AI\data\Task2_Attributes\images\002148.jpg,True,JPEG,RGB,True,3072,2304,20.0,198.0,143.21051025390625,24.3133544921875,False,False,False,
task2_images,D:\Biology-AI\data\Task2_Attributes\images\002149.jpg,True,JPEG,RGB,True,6688,4419,0.0,255.0,194.7675018310547,48.25752639770508,False,False,False,
task2_images,D:\Biology-AI\data\Task2_Attributes\images\002150.jpg,True,JPEG,RGB,True,2048,1536,0.0,255.0,157.5657958984375,53.54686737060547,False,False,False,
task2_images,D:\Biology-AI\data\Task2_Attributes\images\002151.jpg,True,JPEG,RGB,True,3024,2016,0.0,255.0,141.7938995361328,48.85294723510742,False,False,False,
task2_images,D:\Biology-AI\data\Task2_Attributes\images\002152.jpg,True,JPEG,RGB,True,767,576,0.0,255.0,182.21499633789062,57.10465621948242,False,False,False,
task2_images,D:\Biology-AI\data\Task2_Attributes\images\002153.jpg,True,JPEG,RGB,True,3024,2016,0.0,255.0,144.73062133789062,37.47727966308594,False,False,False,
task2_images,D:\Biology-AI\data\Task2_Attributes\images\002154.jpg,True,JPEG,RGB,True,640,480,0.0,232.0,146.89089965820312,40.007694244384766,False,False,False,
task2_images,D:\Biology-AI\data\Task2_Attributes\images\002155.jpg,True,JPEG,RGB,True,2621,2060,11.0,226.0,133.23028564453125,33.250301361083984,False,False,False,
task2_images,D:\Biology-AI\data\Task2_Attributes\images\002156.jpg,True,JPEG,RGB,True,767,576,0.0,255.0,165.59339904785156,52.75603103637695,False,False,False,
task2_images,D:\Biology-AI\data\Task2_Attributes\images\002157.jpg,True,JPEG,RGB,True,6694,4477,0.0,255.0,156.74876403808594,57.49210739135742,False,False,False,
task2_images,D:\Biology-AI\data\Task2_Attributes\images\002158.jpg,True,JPEG,RGB,True,4288,2848,15.0,255.0,169.72793579101562,20.776002883911133,False,False,False,
task2_images,D:\Biology-AI\data\Task2_Attributes\images\002159.jpg,True,JPEG,RGB,True,640,480,0.0,255.0,113.97333526611328,48.21181869506836,False,False,False,
task2_images,D:\Biology-AI\data\Task2_Attributes\images\002160.jpg,True,JPEG,RGB,True,4288,2848,12.0,254.0,131.1419677734375,31.098161697387695,False,False,False,
task2_images,D:\Biology-AI\data\Task2_Attributes\images\002161.jpg,True,JPEG,RGB,True,4288,2848,24.0,238.0,148.5408477783203,11.617172241210938,False,False,False,
task2_images,D:\Biology-AI\data\Task2_Attributes\images\002162.jpg,True,JPEG,RGB,True,4288,2848,10.0,244.0,149.79519653320312,27.59878921508789,False,False,False,
task2_images,D:\Biology-AI\data\Task2_Attributes\images\002163.jpg,True,JPEG,RGB,True,2448,2448,15.0,255.0,157.5738983154297,35.133907318115234,False,False,False,
task2_images,D:\Biology-AI\data\Task2_Attributes\images\002164.jpg,True,JPEG,RGB,True,640,480,0.0,255.0,186.08856201171875,63.52702331542969,False,False,False,
task2_images,D:\Biology-AI\data\Task2_Attributes\images\002165.jpg,True,JPEG,RGB,True,4288,2848,7.0,226.0,120.23471069335938,17.380537033081055,False,False,False,
task2_images,D:\Biology-AI\data\Task2_Attributes\images\002166.jpg,True,JPEG,RGB,True,640,480,0.0,255.0,154.52113342285156,60.332096099853516,False,False,False,
task2_images,D:\Biology-AI\data\Task2_Attributes\images\002167.jpg,True,JPEG,RGB,True,640,480,0.0,255.0,198.483642578125,51.62057113647461,False,False,False,
task2_images,D:\Biology-AI\data\Task2_Attributes\images\002168.jpg,True,JPEG,RGB,True,3072,2304,13.0,223.0,131.45594787597656,23.800447463989258,False,False,False,
task2_images,D:\Biology-AI\data\Task2_Attributes\images\002169.jpg,True,JPEG,RGB,True,6602,4361,0.0,255.0,115.42063903808594,61.63486862182617,False,False,False,
task2_images,D:\Biology-AI\data\Task2_Attributes\images\002170.jpg,True,JPEG,RGB,True,2592,1936,0.0,255.0,167.88490295410156,33.87321090698242,False,False,False,
task2_images,D:\Biology-AI\data\Task2_Attributes\images\002171.jpg,True,JPEG,RGB,True,4288,2848,22.0,237.0,141.33567810058594,15.270090103149414,False,False,False,
task2_images,D:\Biology-AI\data\Task2_Attributes\images\002172.jpg,True,JPEG,RGB,True,853,680,9.0,205.0,134.62307739257812,49.111270904541016,False,False,False,
task2_images,D:\Biology-AI\data\Task2_Attributes\images\002173.jpg,True,JPEG,RGB,True,6668,4439,0.0,255.0,163.36097717285156,55.77352523803711,False,False,False,
task2_images,D:\Biology-AI\data\Task2_Attributes\images\002174.jpg,True,JPEG,RGB,True,3072,2304,2.0,255.0,139.7642822265625,32.028106689453125,False,False,False,
task2_images,D:\Biology-AI\data\Task2_Attributes\images\002175.jpg,True,JPEG,RGB,True,3872,2592,27.0,255.0,208.96075439453125,27.666101455688477,False,False,False,
task2_images,D:\Biology-AI\data\Task2_Attributes\images\002176.jpg,True,JPEG,RGB,True,6621,4401,0.0,255.0,160.84706115722656,66.70841979980469,False,False,False,
task2_images,D:\Biology-AI\data\Task2_Attributes\images\002177.jpg,True,JPEG,RGB,True,3072,2304,17.0,255.0,132.72564697265625,17.313201904296875,False,False,False,
task2_images,D:\Biology-AI\data\Task2_Attributes\images\002178.jpg,True,JPEG,RGB,True,3872,2592,30.0,176.0,144.83236694335938,20.386966705322266,False,False,False,
task2_images,D:\Biology-AI\data\Task2_Attributes\images\002179.jpg,True,JPEG,RGB,True,3072,2304,11.0,254.0,191.27481079101562,32.63191223144531,False,False,False,
task2_images,D:\Biology-AI\data\Task2_Attributes\images\002180.jpg,True,JPEG,RGB,True,3872,2592,11.0,255.0,207.88525390625,20.660606384277344,False,False,False,
task2_images,D:\Biology-AI\data\Task2_Attributes\images\002181.jpg,True,JPEG,RGB,True,3024,2016,0.0,255.0,141.52566528320312,43.49539566040039,False,False,False,
task2_images,D:\Biology-AI\data\Task2_Attributes\images\002182.jpg,True,JPEG,RGB,True,724,542,0.0,255.0,158.30966186523438,52.89875411987305,False,False,False,
task2_images,D:\Biology-AI\data\Task2_Attributes\images\002183.jpg,True,JPEG,RGB,True,2592,1944,14.0,165.0,114.51071166992188,15.09384822845459,False,False,False,
task2_images,D:\Biology-AI\data\Task2_Attributes\images\002184.jpg,True,JPEG,RGB,True,1024,768,20.0,255.0,190.0754852294922,22.521814346313477,False,False,False,
task2_images,D:\Biology-AI\data\Task2_Attributes\images\002185.jpg,True,JPEG,RGB,True,962,722,4.0,255.0,173.57261657714844,68.31258392333984,False,False,False,
task2_images,D:\Biology-AI\data\Task2_Attributes\images\002186.jpg,True,JPEG,RGB,True,4288,2848,6.0,254.0,113.86790466308594,20.763404846191406,False,False,False,
task2_images,D:\Biology-AI\data\Task2_Attributes\images\002187.jpg,True,JPEG,RGB,True,3072,2304,0.0,255.0,143.11907958984375,26.59285545349121,False,False,False,
task2_images,D:\Biology-AI\data\Task2_Attributes\images\002188.jpg,True,JPEG,RGB,True,3872,2592,24.0,255.0,185.72512817382812,66.97953796386719,False,False,False,
task2_images,D:\Biology-AI\data\Task2_Attributes\images\002189.jpg,True,JPEG,RGB,True,3872,2592,16.0,164.0,128.40194702148438,13.899554252624512,False,False,False,
task2_images,D:\Biology-AI\data\Task2_Attributes\images\002190.jpg,True,JPEG,RGB,True,4288,2848,0.0,255.0,158.1138458251953,49.32184982299805,False,False,False,
task2_images,D:\Biology-AI\data\Task2_Attributes\images\002191.jpg,True,JPEG,RGB,True,3008,2000,7.0,224.0,131.7166748046875,21.914216995239258,False,False,False,
task2_images,D:\Biology-AI\data\Task2_Attributes\images\002192.jpg,True,JPEG,RGB,True,824,719,0.0,255.0,173.28343200683594,31.55361557006836,False,False,False,
task2_images,D:\Biology-AI\data\Task2_Attributes\images\002193.jpg,True,JPEG,RGB,True,1024,768,15.0,255.0,182.9913787841797,57.92875289916992,False,False,False,
task2_images,D:\Biology-AI\data\Task2_Attributes\images\002194.jpg,True,JPEG,RGB,True,6622,4402,0.0,255.0,137.1179962158203,62.8748893737793,False,False,False,
task2_images,D:\Biology-AI\data\Task2_Attributes\images\002195.jpg,True,JPEG,RGB,True,4288,2848,0.0,255.0,162.67428588867188,35.11682891845703,False,False,False,
task2_images,D:\Biology-AI\data\Task2_Attributes\images\002196.jpg,True,JPEG,RGB,True,3072,2304,0.0,255.0,131.6117401123047,24.581035614013672,False,False,False,
task2_images,D:\Biology-AI\data\Task2_Attributes\images\002197.jpg,True,JPEG,RGB,True,640,480,0.0,229.0,125.97437286376953,43.44390869140625,False,False,False,
task2_images,D:\Biology-AI\data\Task2_Attributes\images\002198.jpg,True,JPEG,RGB,True,1022,767,0.0,255.0,162.76412963867188,30.297964096069336,False,False,False,
task2_images,D:\Biology-AI\data\Task2_Attributes\images\002199.jpg,True,JPEG,RGB,True,640,480,0.0,246.0,146.9855194091797,45.29405212402344,False,False,False,
task2_images,D:\Biology-AI\data\Task2_Attributes\images\002200.jpg,True,JPEG,RGB,True,6642,4441,0.0,255.0,179.59561157226562,36.42900848388672,False,False,False,
task2_images,D:\Biology-AI\data\Task2_Attributes\images\002201.jpg,True,JPEG,RGB,True,1024,768,0.0,240.0,145.79978942871094,43.03350830078125,False,False,False,
task2_images,D:\Biology-AI\data\Task2_Attributes\images\002202.jpg,True,JPEG,RGB,True,1024,768,0.0,238.0,134.97303771972656,32.84480667114258,False,False,False,
task2_images,D:\Biology-AI\data\Task2_Attributes\images\002203.jpg,True,JPEG,RGB,True,1024,768,1.0,250.0,176.32456970214844,39.227821350097656,False,False,False,
task2_images,D:\Biology-AI\data\Task2_Attributes\images\002204.jpg,True,JPEG,RGB,True,3072,2304,16.0,200.0,131.58050537109375,32.35115051269531,False,False,False,
task2_images,D:\Biology-AI\data\Task2_Attributes\images\002205.jpg,True,JPEG,RGB,True,1024,768,0.0,255.0,169.3346405029297,29.892444610595703,False,False,False,
task2_images,D:\Biology-AI\data\Task2_Attributes\images\002206.jpg,True,JPEG,RGB,True,3072,2304,0.0,255.0,164.6080780029297,75.96907806396484,False,False,False,
task2_images,D:\Biology-AI\data\Task2_Attributes\images\002207.jpg,True,JPEG,RGB,True,1024,768,0.0,231.0,154.40408325195312,30.133028030395508,False,False,False,
task2_images,D:\Biology-AI\data\Task2_Attributes\images\002208.jpg,True,JPEG,RGB,True,3072,2304,6.0,255.0,177.74658203125,38.488494873046875,False,False,False,
task2_images,D:\Biology-AI\data\Task2_Attributes\images\002209.jpg,True,JPEG,RGB,True,3872,2592,1.0,255.0,138.00323486328125,56.30241012573242,False,False,False,
task2_images,D:\Biology-AI\data\Task2_Attributes\images\002210.jpg,True,JPEG,RGB,True,2048,1536,0.0,255.0,166.90541076660156,40.505332946777344,False,False,False,
task2_images,D:\Biology-AI\data\Task2_Attributes\images\002211.jpg,True,JPEG,RGB,True,3072,2304,23.0,222.0,155.2787322998047,23.66036033630371,False,False,False,
task2_images,D:\Biology-AI\data\Task2_Attributes\images\002212.jpg,True,JPEG,RGB,True,919,802,7.0,191.0,142.1512451171875,30.77687644958496,False,False,False,
task2_images,D:\Biology-AI\data\Task2_Attributes\images\002213.jpg,True,JPEG,RGB,True,6668,4439,0.0,255.0,177.462646484375,60.86310958862305,False,False,False,
task2_images,D:\Biology-AI\data\Task2_Attributes\images\002214.jpg,True,JPEG,RGB,True,3024,2016,0.0,244.0,158.95391845703125,32.05271530151367,False,False,False,
task2_images,D:\Biology-AI\data\Task2_Attributes\images\002215.jpg,True,JPEG,RGB,True,2448,2448,17.0,255.0,156.4189910888672,25.023269653320312,False,False,False,
task2_images,D:\Biology-AI\data\Task2_Attributes\images\002216.jpg,True,JPEG,RGB,True,1024,768,5.0,255.0,208.022705078125,61.98777770996094,False,False,False,
task2_images,D:\Biology-AI\data\Task2_Attributes\images\002217.jpg,True,JPEG,RGB,True,4288,2848,34.0,255.0,170.45022583007812,24.54479217529297,False,False,False,
task2_images,D:\Biology-AI\data\Task2_Attributes\images\002218.jpg,True,JPEG,RGB,True,3872,2592,21.0,255.0,138.10952758789062,16.493656158447266,False,False,False,
task2_images,D:\Biology-AI\data\Task2_Attributes\images\002219.jpg,True,JPEG,RGB,True,3872,2592,40.0,255.0,210.1929168701172,13.299782752990723,False,False,False,
task2_images,D:\Biology-AI\data\Task2_Attributes\images\002220.jpg,True,JPEG,RGB,True,3872,2592,4.0,255.0,147.676025390625,19.963459014892578,False,False,False,
task2_images,D:\Biology-AI\data\Task2_Attributes\images\002221.jpg,True,JPEG,RGB,True,4288,2848,4.0,186.0,135.39373779296875,16.667537689208984,False,False,False,
task2_images,D:\Biology-AI\data\Task2_Attributes\images\002222.jpg,True,JPEG,RGB,True,3872,2592,14.0,255.0,182.87596130371094,28.1379337310791,False,False,False,
task2_images,D:\Biology-AI\data\Task2_Attributes\images\002223.jpg,True,JPEG,RGB,True,1024,768,0.0,255.0,197.40924072265625,24.544418334960938,False,False,False,
task2_images,D:\Biology-AI\data\Task2_Attributes\images\002224.jpg,True,JPEG,RGB,True,4288,2848,15.0,207.0,129.87205505371094,18.733078002929688,False,False,False,
task2_images,D:\Biology-AI\data\Task2_Attributes\images\002225.jpg,True,JPEG,RGB,True,3008,2000,0.0,255.0,89.00174713134766,23.302509307861328,False,False,False,
task2_images,D:\Biology-AI\data\Task2_Attributes\images\002226.jpg,True,JPEG,RGB,True,1024,768,0.0,255.0,216.92779541015625,37.439945220947266,False,False,False,
task2_images,D:\Biology-AI\data\Task2_Attributes\images\002227.jpg,True,JPEG,RGB,True,3072,2304,32.0,229.0,170.35580444335938,30.305749893188477,False,False,False,
task2_images,D:\Biology-AI\data\Task2_Attributes\images\002228.jpg,True,JPEG,RGB,True,2816,2112,5.0,255.0,155.1968536376953,43.041446685791016,False,False,False,
task2_images,D:\Biology-AI\data\Task2_Attributes\images\002229.jpg,True,JPEG,RGB,True,3872,2592,0.0,224.0,154.19931030273438,24.10012435913086,False,False,False,
task2_images,D:\Biology-AI\data\Task2_Attributes\images\002230.jpg,True,JPEG,RGB,True,6621,4401,0.0,255.0,174.69161987304688,52.425804138183594,False,False,False,
task2_images,D:\Biology-AI\data\Task2_Attributes\images\002231.jpg,True,JPEG,RGB,True,4288,2848,7.0,242.0,134.2406463623047,22.717323303222656,False,False,False,
task2_images,D:\Biology-AI\data\Task2_Attributes\images\002232.jpg,True,JPEG,RGB,True,919,802,6.0,228.0,151.47055053710938,37.94116973876953,False,False,False,
task2_images,D:\Biology-AI\data\Task2_Attributes\images\002233.jpg,True,JPEG,RGB,True,6648,4419,0.0,255.0,144.87388610839844,54.8057975769043,False,False,False,
task2_images,D:\Biology-AI\data\Task2_Attributes\images\002234.jpg,True,JPEG,RGB,True,6661,4441,0.0,255.0,159.90408325195312,49.68653106689453,False,False,False,
task2_images,D:\Biology-AI\data\Task2_Attributes\images\002235.jpg,True,JPEG,RGB,True,640,480,0.0,255.0,155.68394470214844,56.184024810791016,False,False,False,
task2_images,D:\Biology-AI\data\Task2_Attributes\images\002236.jpg,True,JPEG,RGB,True,640,480,0.0,255.0,66.13646697998047,48.497154235839844,False,False,False,
task2_images,D:\Biology-AI\data\Task2_Attributes\images\002237.jpg,True,JPEG,RGB,True,3872,2592,11.0,255.0,157.75006103515625,36.78583526611328,False,False,False,
task2_images,D:\Biology-AI\data\Task2_Attributes\images\002238.jpg,True,JPEG,RGB,True,6688,4439,0.0,255.0,197.46641540527344,43.997066497802734,False,False,False,
task2_images,D:\Biology-AI\data\Task2_Attributes\images\002239.jpg,True,JPEG,RGB,True,3872,2592,3.0,234.0,113.43756103515625,28.633378982543945,False,False,False,
task2_images,D:\Biology-AI\data\Task2_Attributes\images\002240.jpg,True,JPEG,RGB,True,3072,2304,15.0,255.0,131.87123107910156,28.46799087524414,False,False,False,
task2_images,D:\Biology-AI\data\Task2_Attributes\images\002241.jpg,True,JPEG,RGB,True,6628,4419,0.0,255.0,201.56890869140625,46.575897216796875,False,False,False,
task2_images,D:\Biology-AI\data\Task2_Attributes\images\002242.jpg,True,JPEG,RGB,True,3072,2304,1.0,230.0,151.74339294433594,30.783903121948242,False,False,False,
task2_images,D:\Biology-AI\data\Task2_Attributes\images\002243.jpg,True,JPEG,RGB,True,919,802,4.0,168.0,119.44928741455078,33.32338333129883,False,False,False,
task2_images,D:\Biology-AI\data\Task2_Attributes\images\002244.jpg,True,JPEG,RGB,True,3072,2304,0.0,226.0,154.2400360107422,31.04990005493164,False,False,False,
task2_images,D:\Biology-AI\data\Task2_Attributes\images\002245.jpg,True,JPEG,RGB,True,4288,2848,9.0,255.0,167.7418670654297,19.14730453491211,False,False,False,
task2_images,D:\Biology-AI\data\Task2_Attributes\images\002246.jpg,True,JPEG,RGB,True,4288,2848,33.0,249.0,153.2082061767578,18.91189956665039,False,False,False,
task2_images,D:\Biology-AI\data\Task2_Attributes\images\002247.jpg,True,JPEG,RGB,True,965,624,0.0,255.0,203.07940673828125,51.55206298828125,False,False,False,
task2_images,D:\Biology-AI\data\Task2_Attributes\images\002248.jpg,True,JPEG,RGB,True,1502,1051,0.0,255.0,197.28329467773438,53.251380920410156,False,False,False,
task2_images,D:\Biology-AI\data\Task2_Attributes\images\002249.jpg,True,JPEG,RGB,True,3024,2016,0.0,255.0,134.33067321777344,26.468042373657227,False,False,False,
task2_images,D:\Biology-AI\data\Task2_Attributes\images\002250.jpg,True,JPEG,RGB,True,3024,2016,0.0,255.0,190.263916015625,40.54076385498047,False,False,False,
task2_images,D:\Biology-AI\data\Task2_Attributes\images\002251.jpg,True,JPEG,RGB,True,640,480,0.0,253.0,177.40298461914062,42.312278747558594,False,False,False,
task2_images,D:\Biology-AI\data\Task2_Attributes\images\002252.jpg,True,JPEG,RGB,True,6681,4441,0.0,255.0,140.3145294189453,51.990638732910156,False,False,False,
task2_images,D:\Biology-AI\data\Task2_Attributes\images\002253.jpg,True,JPEG,RGB,True,4288,2848,13.0,219.0,138.75367736816406,15.843671798706055,False,False,False,
task2_images,D:\Biology-AI\data\Task2_Attributes\images\002254.jpg,True,JPEG,RGB,True,767,576,0.0,255.0,102.70818328857422,43.80696105957031,False,False,False,
task2_images,D:\Biology-AI\data\Task2_Attributes\images\002255.jpg,True,JPEG,RGB,True,1024,768,1.0,250.0,143.047607421875,33.522945404052734,False,False,False,
task2_images,D:\Biology-AI\data\Task2_Attributes\images\002256.jpg,True,JPEG,RGB,True,2304,1536,0.0,255.0,162.34059143066406,41.24781036376953,False,False,False,
task2_images,D:\Biology-AI\data\Task2_Attributes\images\002257.jpg,True,JPEG,RGB,True,3072,2304,15.0,255.0,171.1182403564453,53.36289596557617,False,False,False,
task2_images,D:\Biology-AI\data\Task2_Attributes\images\002258.jpg,True,JPEG,RGB,True,4288,2848,11.0,238.0,148.21231079101562,22.853973388671875,False,False,False,
task2_images,D:\Biology-AI\data\Task2_Attributes\images\002259.jpg,True,JPEG,RGB,True,1024,768,27.0,236.0,174.55804443359375,32.118900299072266,False,False,False,
task2_images,D:\Biology-AI\data\Task2_Attributes\images\002260.jpg,True,JPEG,RGB,True,824,719,0.0,255.0,128.45013427734375,51.49399185180664,False,False,False,
task2_images,D:\Biology-AI\data\Task2_Attributes\images\002261.jpg,True,JPEG,RGB,True,3008,2000,7.0,217.0,148.4975128173828,24.458776473999023,False,False,False,
task2_images,D:\Biology-AI\data\Task2_Attributes\images\002262.jpg,True,JPEG,RGB,True,3008,2000,0.0,255.0,182.74383544921875,26.811967849731445,False,False,False,
task2_images,D:\Biology-AI\data\Task2_Attributes\images\002263.jpg,True,JPEG,RGB,True,1024,768,0.0,255.0,166.45529174804688,27.579452514648438,False,False,False,
task2_images,D:\Biology-AI\data\Task2_Attributes\images\002264.jpg,True,JPEG,RGB,True,3872,2592,12.0,208.0,151.87416076660156,25.178909301757812,False,False,False,
task2_images,D:\Biology-AI\data\Task2_Attributes\images\002265.jpg,True,JPEG,RGB,True,3008,2000,0.0,255.0,134.9445343017578,28.369470596313477,False,False,False,
task2_images,D:\Biology-AI\data\Task2_Attributes\images\002266.jpg,True,JPEG,RGB,True,3024,2016,0.0,243.0,151.67462158203125,24.515947341918945,False,False,False,
task2_images,D:\Biology-AI\data\Task2_Attributes\images\002267.jpg,True,JPEG,RGB,True,6642,4421,0.0,255.0,144.1464080810547,62.56905746459961,False,False,False,
task2_images,D:\Biology-AI\data\Task2_Attributes\images\002268.jpg,True,JPEG,RGB,True,3872,2592,12.0,255.0,170.21481323242188,23.398412704467773,False,False,False,
task2_images,D:\Biology-AI\data\Task2_Attributes\images\002269.jpg,True,JPEG,RGB,True,6688,4439,0.0,255.0,129.64620971679688,64.65699005126953,False,False,False,
task2_images,D:\Biology-AI\data\Task2_Attributes\images\002270.jpg,True,JPEG,RGB,True,4288,2848,12.0,237.0,151.0745849609375,29.00771141052246,False,False,False,
task2_images,D:\Biology-AI\data\Task2_Attributes\images\002271.jpg,True,JPEG,RGB,True,6668,4439,0.0,255.0,126.2566909790039,63.29989242553711,False,False,False,
task2_images,D:\Biology-AI\data\Task2_Attributes\images\002272.jpg,True,JPEG,RGB,True,6648,4439,0.0,255.0,152.69639587402344,53.14899444580078,False,False,False,
task2_images,D:\Biology-AI\data\Task2_Attributes\images\002273.jpg,True,JPEG,RGB,True,4288,2848,20.0,251.0,126.76898956298828,27.751907348632812,False,False,False,
task2_images,D:\Biology-AI\data\Task2_Attributes\images\002274.jpg,True,JPEG,RGB,True,3008,2000,14.0,240.0,171.6719207763672,16.905715942382812,False,False,False,
task2_images,D:\Biology-AI\data\Task2_Attributes\images\002275.jpg,True,JPEG,RGB,True,3024,2016,0.0,255.0,141.7227325439453,34.40949249267578,False,False,False,
task2_images,D:\Biology-AI\data\Task2_Attributes\images\002276.jpg,True,JPEG,RGB,True,3072,2304,15.0,255.0,143.77052307128906,25.03803825378418,False,False,False,
task2_images,D:\Biology-AI\data\Task2_Attributes\images\002277.jpg,True,JPEG,RGB,True,4288,2848,12.0,255.0,147.0102996826172,27.00731086730957,False,False,False,
task2_images,D:\Biology-AI\data\Task2_Attributes\images\002278.jpg,True,JPEG,RGB,True,3072,2304,0.0,255.0,93.95987701416016,86.67982482910156,False,False,False,
task2_images,D:\Biology-AI\data\Task2_Attributes\images\002279.jpg,True,JPEG,RGB,True,3008,2000,3.0,255.0,169.7749481201172,13.47735595703125,False,False,False,
task2_images,D:\Biology-AI\data\Task2_Attributes\images\002280.jpg,True,JPEG,RGB,True,3072,2304,0.0,255.0,140.7340850830078,42.386226654052734,False,False,False,
task2_images,D:\Biology-AI\data\Task2_Attributes\images\002281.jpg,True,JPEG,RGB,True,4288,2848,1.0,231.0,130.18896484375,29.197481155395508,False,False,False,
task2_images,D:\Biology-AI\data\Task2_Attributes\images\002282.jpg,True,JPEG,RGB,True,1024,768,19.0,247.0,138.25999450683594,19.349416732788086,False,False,False,
task2_images,D:\Biology-AI\data\Task2_Attributes\images\002283.jpg,True,JPEG,RGB,True,1024,768,18.0,236.0,183.33200073242188,33.701751708984375,False,False,False,
task2_images,D:\Biology-AI\data\Task2_Attributes\images\002284.jpg,True,JPEG,RGB,True,1024,768,47.0,233.0,164.3613739013672,24.63776397705078,False,False,False,
task2_images,D:\Biology-AI\data\Task2_Attributes\images\002285.jpg,True,JPEG,RGB,True,2592,1936,0.0,255.0,178.9847869873047,48.633724212646484,False,False,False,
task2_images,D:\Biology-AI\data\Task2_Attributes\images\002286.jpg,True,JPEG,RGB,True,3872,2592,18.0,210.0,134.92059326171875,24.209253311157227,False,False,False,
task2_images,D:\Biology-AI\data\Task2_Attributes\images\002287.jpg,True,JPEG,RGB,True,3008,2000,13.0,255.0,189.7470703125,17.004304885864258,False,False,False,
task2_images,D:\Biology-AI\data\Task2_Attributes\images\002288.jpg,True,JPEG,RGB,True,640,480,0.0,237.0,136.70387268066406,54.74528884887695,False,False,False,
task2_images,D:\Biology-AI\data\Task2_Attributes\images\002289.jpg,True,JPEG,RGB,True,3072,2304,27.0,241.0,143.5496368408203,26.550716400146484,False,False,False,
task2_images,D:\Biology-AI\data\Task2_Attributes\images\002290.jpg,True,JPEG,RGB,True,1024,768,0.0,255.0,177.2099151611328,32.53696823120117,False,False,False,
task2_images,D:\Biology-AI\data\Task2_Attributes\images\002291.jpg,True,JPEG,RGB,True,1024,768,13.0,252.0,167.643310546875,45.00554656982422,False,False,False,
task2_images,D:\Biology-AI\data\Task2_Attributes\images\002292.jpg,True,JPEG,RGB,True,6641,4402,0.0,255.0,165.31260681152344,47.35612869262695,False,False,False,
task2_images,D:\Biology-AI\data\Task2_Attributes\images\002293.jpg,True,JPEG,RGB,True,640,480,0.0,246.0,138.75778198242188,46.076290130615234,False,False,False,
task2_images,D:\Biology-AI\data\Task2_Attributes\images\002294.jpg,True,JPEG,RGB,True,3008,2000,0.0,255.0,138.8892059326172,32.99995040893555,False,False,False,
task2_images,D:\Biology-AI\data\Task2_Attributes\images\002295.jpg,True,JPEG,RGB,True,3072,2304,11.0,255.0,164.37330627441406,33.599674224853516,False,False,False,
task2_images,D:\Biology-AI\data\Task2_Attributes\images\002296.jpg,True,JPEG,RGB,True,3024,2016,0.0,255.0,205.6615447998047,38.745086669921875,False,False,False,
task2_images,D:\Biology-AI\data\Task2_Attributes\images\002297.jpg,True,JPEG,RGB,True,3072,2304,16.0,255.0,142.8748321533203,31.990583419799805,False,False,False,
task2_images,D:\Biology-AI\data\Task2_Attributes\images\002298.jpg,True,JPEG,RGB,True,2048,1536,0.0,248.0,156.50770568847656,48.59553909301758,False,False,False,
task2_images,D:\Biology-AI\data\Task2_Attributes\images\002299.jpg,True,JPEG,RGB,True,3008,2000,1.0,237.0,106.03733825683594,22.84390640258789,False,False,False,
task2_images,D:\Biology-AI\data\Task2_Attributes\images\002300.jpg,True,JPEG,RGB,True,3008,2000,1.0,255.0,128.73089599609375,30.280807495117188,False,False,False,
task2_images,D:\Biology-AI\data\Task2_Attributes\images\002301.jpg,True,JPEG,RGB,True,1502,1043,0.0,255.0,170.1397705078125,58.50939178466797,False,False,False,
task2_images,D:\Biology-AI\data\Task2_Attributes\images\002302.jpg,True,JPEG,RGB,True,3872,2592,0.0,214.0,140.73526000976562,14.635770797729492,False,False,False,
task2_images,D:\Biology-AI\data\Task2_Attributes\images\002303.jpg,True,JPEG,RGB,True,4288,2848,0.0,255.0,153.1513214111328,46.856788635253906,False,False,False,
task2_images,D:\Biology-AI\data\Task2_Attributes\images\002304.jpg,True,JPEG,RGB,True,1024,768,0.0,255.0,156.6329803466797,35.73668670654297,False,False,False,
task2_images,D:\Biology-AI\data\Task2_Attributes\images\002305.jpg,True,JPEG,RGB,True,640,480,0.0,219.0,111.79153442382812,41.8773193359375,False,False,False,
task2_images,D:\Biology-AI\data\Task2_Attributes\images\002306.jpg,True,JPEG,RGB,True,1024,768,21.0,255.0,177.22447204589844,24.695011138916016,False,False,False,
task2_images,D:\Biology-AI\data\Task2_Attributes\images\002307.jpg,True,JPEG,RGB,True,3008,2000,8.0,255.0,153.73036193847656,17.35703468322754,False,False,False,
task2_images,D:\Biology-AI\data\Task2_Attributes\images\002308.jpg,True,JPEG,RGB,True,3072,2304,22.0,255.0,165.3269500732422,23.51975440979004,False,False,False,
task2_images,D:\Biology-AI\data\Task2_Attributes\images\002309.jpg,True,JPEG,RGB,True,3008,2000,10.0,255.0,188.43092346191406,20.285030364990234,False,False,False,
task2_images,D:\Biology-AI\data\Task2_Attributes\images\002310.jpg,True,JPEG,RGB,True,4288,2848,9.0,251.0,143.09951782226562,24.05171012878418,False,False,False,
task2_images,D:\Biology-AI\data\Task2_Attributes\images\002311.jpg,True,JPEG,RGB,True,962,671,6.0,255.0,199.69534301757812,53.36051940917969,False,False,False,
task2_images,D:\Biology-AI\data\Task2_Attributes\images\002312.jpg,True,JPEG,RGB,True,1504,1129,0.0,255.0,167.3230438232422,64.5771255493164,False,False,False,
task2_images,D:\Biology-AI\data\Task2_Attributes\images\002313.jpg,True,JPEG,RGB,True,640,480,0.0,230.0,142.98793029785156,45.18082046508789,False,False,False,
task2_images,D:\Biology-AI\data\Task2_Attributes\images\002314.jpg,True,JPEG,RGB,True,3072,2304,0.0,255.0,180.6036376953125,46.52141571044922,False,False,False,
task2_images,D:\Biology-AI\data\Task2_Attributes\images\002315.jpg,True,JPEG,RGB,True,2048,1536,0.0,250.0,165.628173828125,39.318355560302734,False,False,False,
task2_images,D:\Biology-AI\data\Task2_Attributes\images\002316.jpg,True,JPEG,RGB,True,3008,2000,17.0,255.0,146.96420288085938,40.482078552246094,False,False,False,
task2_images,D:\Biology-AI\data\Task2_Attributes\images\002317.jpg,True,JPEG,RGB,True,640,480,0.0,247.0,137.16709899902344,47.07477569580078,False,False,False,
task2_images,D:\Biology-AI\data\Task2_Attributes\images\002318.jpg,True,JPEG,RGB,True,2392,2237,15.0,195.0,136.43161010742188,28.797704696655273,False,False,False,
task2_images,D:\Biology-AI\data\Task2_Attributes\images\002319.jpg,True,JPEG,RGB,True,3008,2000,3.0,221.0,140.02220153808594,15.415621757507324,False,False,False,
task2_images,D:\Biology-AI\data\Task2_Attributes\images\002320.jpg,True,JPEG,RGB,True,1024,768,14.0,255.0,183.0697479248047,50.184024810791016,False,False,False,
task2_images,D:\Biology-AI\data\Task2_Attributes\images\002321.jpg,True,JPEG,RGB,True,640,480,0.0,230.0,123.92254638671875,41.72821044921875,False,False,False,
task2_images,D:\Biology-AI\data\Task2_Attributes\images\002322.jpg,True,JPEG,RGB,True,4288,2848,5.0,254.0,134.93019104003906,25.674537658691406,False,False,False,
task2_images,D:\Biology-AI\data\Task2_Attributes\images\002323.jpg,True,JPEG,RGB,True,3008,2000,24.0,255.0,173.81825256347656,15.234262466430664,False,False,False,
task2_images,D:\Biology-AI\data\Task2_Attributes\images\002324.jpg,True,JPEG,RGB,True,640,480,0.0,252.0,148.03343200683594,48.14869689941406,False,False,False,
task2_images,D:\Biology-AI\data\Task2_Attributes\images\002325.jpg,True,JPEG,RGB,True,4288,2848,16.0,253.0,134.58445739746094,19.593542098999023,False,False,False,
task2_images,D:\Biology-AI\data\Task2_Attributes\images\002326.jpg,True,JPEG,RGB,True,6708,4459,0.0,255.0,154.79190063476562,46.165279388427734,False,False,False,
task2_images,D:\Biology-AI\data\Task2_Attributes\images\002327.jpg,True,JPEG,RGB,True,1024,768,20.0,230.0,164.65060424804688,23.10641860961914,False,False,False,
task2_images,D:\Biology-AI\data\Task2_Attributes\images\002328.jpg,True,JPEG,RGB,True,4288,2848,20.0,253.0,150.6758270263672,27.257272720336914,False,False,False,
task2_images,D:\Biology-AI\data\Task2_Attributes\images\002329.jpg,True,JPEG,RGB,True,4288,2848,10.0,243.0,164.24249267578125,23.035484313964844,False,False,False,
task2_images,D:\Biology-AI\data\Task2_Attributes\images\002330.jpg,True,JPEG,RGB,True,640,480,0.0,249.0,159.52427673339844,47.21909713745117,False,False,False,
task2_images,D:\Biology-AI\data\Task2_Attributes\images\002331.jpg,True,JPEG,RGB,True,640,480,0.0,226.0,137.60585021972656,40.67076873779297,False,False,False,
task2_images,D:\Biology-AI\data\Task2_Attributes\images\002332.jpg,True,JPEG,RGB,True,767,576,0.0,255.0,155.9223175048828,55.9466552734375,False,False,False,
task2_images,D:\Biology-AI\data\Task2_Attributes\images\002333.jpg,True,JPEG,RGB,True,3072,2304,6.0,229.0,154.6579132080078,20.5789852142334,False,False,False,
task2_images,D:\Biology-AI\data\Task2_Attributes\images\002334.jpg,True,JPEG,RGB,True,6708,4439,0.0,255.0,162.43336486816406,49.341487884521484,False,False,False,
task2_images,D:\Biology-AI\data\Task2_Attributes\images\002335.jpg,True,JPEG,RGB,True,3008,2000,12.0,255.0,124.3846664428711,37.3870964050293,False,False,False,
task2_images,D:\Biology-AI\data\Task2_Attributes\images\002336.jpg,True,JPEG,RGB,True,4288,2848,16.0,255.0,136.04660034179688,21.901891708374023,False,False,False,
task2_images,D:\Biology-AI\data\Task2_Attributes\images\002337.jpg,True,JPEG,RGB,True,3072,2304,14.0,224.0,161.61830139160156,48.32502746582031,False,False,False,
task2_images,D:\Biology-AI\data\Task2_Attributes\images\002338.jpg,True,JPEG,RGB,True,1024,768,5.0,245.0,170.14471435546875,34.934349060058594,False,False,False,
task2_images,D:\Biology-AI\data\Task2_Attributes\images\002339.jpg,True,JPEG,RGB,True,4288,2848,3.0,255.0,110.52198028564453,23.908878326416016,False,False,False,
task2_images,D:\Biology-AI\data\Task2_Attributes\images\002340.jpg,True,JPEG,RGB,True,1024,768,15.0,244.0,135.10821533203125,19.679243087768555,False,False,False,
task2_images,D:\Biology-AI\data\Task2_Attributes\images\002341.jpg,True,JPEG,RGB,True,4288,2848,5.0,255.0,131.20370483398438,16.871566772460938,False,False,False,
task2_images,D:\Biology-AI\data\Task2_Attributes\images\002342.jpg,True,JPEG,RGB,True,1024,768,0.0,255.0,222.7071533203125,26.73406219482422,False,False,False,
task2_images,D:\Biology-AI\data\Task2_Attributes\images\002343.jpg,True,JPEG,RGB,True,3024,2016,0.0,255.0,143.89305114746094,40.429466247558594,False,False,False,
task2_images,D:\Biology-AI\data\Task2_Attributes\images\002344.jpg,True,JPEG,RGB,True,4288,2848,21.0,230.0,143.32948303222656,12.828324317932129,False,False,False,
task2_images,D:\Biology-AI\data\Task2_Attributes\images\002345.jpg,True,JPEG,RGB,True,3072,2304,0.0,213.0,127.29434204101562,41.427154541015625,False,False,False,
task2_images,D:\Biology-AI\data\Task2_Attributes\images\002346.jpg,True,JPEG,RGB,True,3072,2304,15.0,241.0,144.02288818359375,51.37137985229492,False,False,False,
task2_images,D:\Biology-AI\data\Task2_Attributes\images\002347.jpg,True,JPEG,RGB,True,2530,2122,8.0,182.0,134.66574096679688,26.135358810424805,False,False,False,
task2_images,D:\Biology-AI\data\Task2_Attributes\images\002348.jpg,True,JPEG,RGB,True,3008,2000,18.0,253.0,161.18312072753906,19.54232406616211,False,False,False,
task2_images,D:\Biology-AI\data\Task2_Attributes\images\002349.jpg,True,JPEG,RGB,True,1024,768,10.0,235.0,169.76548767089844,29.29229164123535,False,False,False,
task2_images,D:\Biology-AI\data\Task2_Attributes\images\002350.jpg,True,JPEG,RGB,True,1024,768,0.0,243.0,152.50811767578125,40.505367279052734,False,False,False,
task2_images,D:\Biology-AI\data\Task2_Attributes\images\002351.jpg,True,JPEG,RGB,True,3072,2304,0.0,255.0,162.7622833251953,34.19331359863281,False,False,False,
task2_images,D:\Biology-AI\data\Task2_Attributes\images\002352.jpg,True,JPEG,RGB,True,4288,2848,31.0,255.0,158.0914764404297,32.156578063964844,False,False,False,
task2_images,D:\Biology-AI\data\Task2_Attributes\images\002353.jpg,True,JPEG,RGB,True,640,480,0.0,229.0,116.86966705322266,44.63016891479492,False,False,False,
task2_images,D:\Biology-AI\data\Task2_Attributes\images\002354.jpg,True,JPEG,RGB,True,3072,2304,0.0,255.0,169.5715789794922,23.576860427856445,False,False,False,
task2_images,D:\Biology-AI\data\Task2_Attributes\images\002355.jpg,True,JPEG,RGB,True,3024,2016,0.0,255.0,162.45083618164062,14.237218856811523,False,False,False,
task2_images,D:\Biology-AI\data\Task2_Attributes\images\002356.jpg,True,JPEG,RGB,True,4288,2848,19.0,255.0,175.4264678955078,32.474815368652344,False,False,False,
task2_images,D:\Biology-AI\data\Task2_Attributes\images\002357.jpg,True,JPEG,RGB,True,3008,2000,0.0,252.0,169.29759216308594,23.18874168395996,False,False,False,
task2_images,D:\Biology-AI\data\Task2_Attributes\images\002358.jpg,True,JPEG,RGB,True,3008,2000,6.0,255.0,126.0914306640625,36.05513000488281,False,False,False,
task2_images,D:\Biology-AI\data\Task2_Attributes\images\002359.jpg,True,JPEG,RGB,True,3008,2000,3.0,255.0,156.93072509765625,21.569608688354492,False,False,False,
task2_images,D:\Biology-AI\data\Task2_Attributes\images\002360.jpg,True,JPEG,RGB,True,3072,2304,13.0,176.0,129.15432739257812,15.294537544250488,False,False,False,
task2_images,D:\Biology-AI\data\Task2_Attributes\images\002361.jpg,True,JPEG,RGB,True,3072,2304,0.0,255.0,163.79220581054688,40.3631477355957,False,False,False,
task2_images,D:\Biology-AI\data\Task2_Attributes\images\002362.jpg,True,JPEG,RGB,True,722,542,0.0,255.0,142.73484802246094,70.1554946899414,False,False,False,
task2_images,D:\Biology-AI\data\Task2_Attributes\images\002363.jpg,True,JPEG,RGB,True,6688,4419,0.0,255.0,185.50924682617188,59.46891403198242,False,False,False,
task2_images,D:\Biology-AI\data\Task2_Attributes\images\002364.jpg,True,JPEG,RGB,True,3072,2304,17.0,255.0,156.91030883789062,26.486692428588867,False,False,False,
task2_images,D:\Biology-AI\data\Task2_Attributes\images\002365.jpg,True,JPEG,RGB,True,640,480,30.0,206.0,133.14569091796875,28.557039260864258,False,False,False,
task2_images,D:\Biology-AI\data\Task2_Attributes\images\002366.jpg,True,JPEG,RGB,True,4288,2848,15.0,244.0,151.2041015625,15.068258285522461,False,False,False,
task2_images,D:\Biology-AI\data\Task2_Attributes\images\002367.jpg,True,JPEG,RGB,True,6708,4439,0.0,255.0,120.6220932006836,62.579017639160156,False,False,False,
task2_images,D:\Biology-AI\data\Task2_Attributes\images\002368.jpg,True,JPEG,RGB,True,3872,2592,7.0,255.0,143.999755859375,16.09022331237793,False,False,False,
task2_images,D:\Biology-AI\data\Task2_Attributes\images\002369.jpg,True,JPEG,RGB,True,3008,2000,19.0,222.0,161.22825622558594,20.903738021850586,False,False,False,
task2_images,D:\Biology-AI\data\Task2_Attributes\images\002370.jpg,True,JPEG,RGB,True,3072,2304,3.0,189.0,131.66461181640625,30.79411506652832,False,False,False,
task2_images,D:\Biology-AI\data\Task2_Attributes\images\002371.jpg,True,JPEG,RGB,True,3072,2304,0.0,211.0,140.9317169189453,22.396392822265625,False,False,False,
task2_images,D:\Biology-AI\data\Task2_Attributes\images\002372.jpg,True,JPEG,RGB,True,3008,2000,8.0,255.0,166.9635009765625,22.864255905151367,False,False,False,
task2_images,D:\Biology-AI\data\Task2_Attributes\images\002373.jpg,True,JPEG,RGB,True,1024,768,0.0,231.0,148.6138458251953,41.859737396240234,False,False,False,
task2_images,D:\Biology-AI\data\Task2_Attributes\images\002374.jpg,True,JPEG,RGB,True,3072,2304,0.0,248.0,129.9606170654297,57.962615966796875,False,False,False,
task2_images,D:\Biology-AI\data\Task2_Attributes\images\002375.jpg,True,JPEG,RGB,True,3072,2304,0.0,255.0,129.00033569335938,38.07202911376953,False,False,False,
task2_images,D:\Biology-AI\data\Task2_Attributes\images\002376.jpg,True,JPEG,RGB,True,6668,4439,0.0,255.0,144.17379760742188,59.04893112182617,False,False,False,
task2_images,D:\Biology-AI\data\Task2_Attributes\images\002377.jpg,True,JPEG,RGB,True,4288,2848,11.0,255.0,141.07200622558594,31.6383113861084,False,False,False,
task2_images,D:\Biology-AI\data\Task2_Attributes\images\002378.jpg,True,JPEG,RGB,True,4288,2848,5.0,227.0,120.23101043701172,18.285890579223633,False,False,False,
task2_images,D:\Biology-AI\data\Task2_Attributes\images\002379.jpg,True,JPEG,RGB,True,3072,2304,15.0,213.0,141.59693908691406,35.415771484375,False,False,False,
task2_images,D:\Biology-AI\data\Task2_Attributes\images\002380.jpg,True,JPEG,RGB,True,6642,4441,0.0,255.0,159.03622436523438,67.0325698852539,False,False,False,
task2_images,D:\Biology-AI\data\Task2_Attributes\images\002381.jpg,True,JPEG,RGB,True,2304,1536,0.0,255.0,208.8186798095703,20.307815551757812,False,False,False,
task2_images,D:\Biology-AI\data\Task2_Attributes\images\002382.jpg,True,JPEG,RGB,True,2592,1944,10.0,197.0,124.35054016113281,18.240449905395508,False,False,False,
task2_images,D:\Biology-AI\data\Task2_Attributes\images\002383.jpg,True,JPEG,RGB,True,4288,2848,8.0,245.0,137.32107543945312,23.260162353515625,False,False,False,
task2_images,D:\Biology-AI\data\Task2_Attributes\images\002384.jpg,True,JPEG,RGB,True,3008,2000,3.0,255.0,176.50424194335938,15.288520812988281,False,False,False,
task2_images,D:\Biology-AI\data\Task2_Attributes\images\002385.jpg,True,JPEG,RGB,True,3072,2304,0.0,191.0,122.32203674316406,29.22215461730957,False,False,False,
task2_images,D:\Biology-AI\data\Task2_Attributes\images\002386.jpg,True,JPEG,RGB,True,4288,2848,23.0,255.0,174.02325439453125,25.816621780395508,False,False,False,
task2_images,D:\Biology-AI\data\Task2_Attributes\images\002387.jpg,True,JPEG,RGB,True,767,576,0.0,255.0,210.53909301757812,51.11845397949219,False,False,False,
task2_images,D:\Biology-AI\data\Task2_Attributes\images\002388.jpg,True,JPEG,RGB,True,4288,2848,4.0,255.0,161.29867553710938,39.036014556884766,False,False,False,
task2_images,D:\Biology-AI\data\Task2_Attributes\images\002389.jpg,True,JPEG,RGB,True,3008,2000,7.0,255.0,163.42889404296875,25.388275146484375,False,False,False,
task2_images,D:\Biology-AI\data\Task2_Attributes\images\002390.jpg,True,JPEG,RGB,True,4288,2848,0.0,255.0,160.5287628173828,50.73588943481445,False,False,False,
task2_images,D:\Biology-AI\data\Task2_Attributes\images\002391.jpg,True,JPEG,RGB,True,962,722,10.0,255.0,158.53843688964844,73.01527404785156,False,False,False,
task2_images,D:\Biology-AI\data\Task2_Attributes\images\002392.jpg,True,JPEG,RGB,True,3008,2000,3.0,255.0,154.1046600341797,41.36203384399414,False,False,False,
task2_images,D:\Biology-AI\data\Task2_Attributes\images\002393.jpg,True,JPEG,RGB,True,6661,4441,0.0,255.0,164.1198272705078,48.31015396118164,False,False,False,
task2_images,D:\Biology-AI\data\Task2_Attributes\images\002394.jpg,True,JPEG,RGB,True,919,802,14.0,221.0,137.89450073242188,35.90729904174805,False,False,False,
task2_images,D:\Biology-AI\data\Task2_Attributes\images\002395.jpg,True,JPEG,RGB,True,3008,2000,7.0,255.0,121.39041137695312,21.507394790649414,False,False,False,
task2_images,D:\Biology-AI\data\Task2_Attributes\images\002396.jpg,True,JPEG,RGB,True,3872,2592,9.0,255.0,152.42823791503906,16.060863494873047,False,False,False,
task2_images,D:\Biology-AI\data\Task2_Attributes\images\002397.jpg,True,JPEG,RGB,True,3008,2000,30.0,255.0,175.2638397216797,23.925790786743164,False,False,False,
task2_images,D:\Biology-AI\data\Task2_Attributes\images\002398.jpg,True,JPEG,RGB,True,2592,1936,0.0,255.0,189.32679748535156,44.61206817626953,False,False,False,
task2_images,D:\Biology-AI\data\Task2_Attributes\images\002399.jpg,True,JPEG,RGB,True,6701,4440,0.0,255.0,171.18710327148438,52.64103698730469,False,False,False,
task2_images,D:\Biology-AI\data\Task2_Attributes\images\002400.jpg,True,JPEG,RGB,True,722,542,2.0,255.0,188.92169189453125,65.92665100097656,False,False,False,
task2_images,D:\Biology-AI\data\Task2_Attributes\images\002401.jpg,True,JPEG,RGB,True,4288,2848,16.0,255.0,139.31153869628906,33.98160171508789,False,False,False,
task2_images,D:\Biology-AI\data\Task2_Attributes\images\002402.jpg,True,JPEG,RGB,True,4288,2848,3.0,255.0,162.8883056640625,30.23270034790039,False,False,False,
task2_images,D:\Biology-AI\data\Task2_Attributes\images\002403.jpg,True,JPEG,RGB,True,3872,2592,6.0,255.0,156.3507843017578,33.18976974487305,False,False,False,
task2_images,D:\Biology-AI\data\Task2_Attributes\images\002404.jpg,True,JPEG,RGB,True,3008,2000,6.0,250.0,120.00354766845703,22.812089920043945,False,False,False,
task2_images,D:\Biology-AI\data\Task2_Attributes\images\002405.jpg,True,JPEG,RGB,True,4608,3072,19.0,192.0,133.80055236816406,13.844182968139648,False,False,False,
task2_images,D:\Biology-AI\data\Task2_Attributes\images\002406.jpg,True,JPEG,RGB,True,3008,2000,6.0,255.0,153.7097625732422,27.16823959350586,False,False,False,
task2_images,D:\Biology-AI\data\Task2_Attributes\images\002407.jpg,True,JPEG,RGB,True,718,542,0.0,255.0,152.65086364746094,73.13768768310547,False,False,False,
task2_images,D:\Biology-AI\data\Task2_Attributes\images\002408.jpg,True,JPEG,RGB,True,4288,2848,13.0,255.0,150.2593536376953,24.861839294433594,False,False,False,
task2_images,D:\Biology-AI\data\Task2_Attributes\images\002409.jpg,True,JPEG,RGB,True,4288,2848,22.0,255.0,144.76718139648438,16.703475952148438,False,False,False,
task2_images,D:\Biology-AI\data\Task2_Attributes\images\002410.jpg,True,JPEG,RGB,True,640,480,0.0,226.0,122.51671600341797,43.31859588623047,False,False,False,
task2_images,D:\Biology-AI\data\Task2_Attributes\images\002411.jpg,True,JPEG,RGB,True,6641,4420,0.0,255.0,180.7404022216797,53.73616409301758,False,False,False,
task2_images,D:\Biology-AI\data\Task2_Attributes\images\002412.jpg,True,JPEG,RGB,True,1024,768,22.0,237.0,143.12008666992188,26.661766052246094,False,False,False,
task2_images,D:\Biology-AI\data\Task2_Attributes\images\002413.jpg,True,JPEG,RGB,True,1024,768,0.0,255.0,204.40196228027344,24.864980697631836,False,False,False,
task2_images,D:\Biology-AI\data\Task2_Attributes\images\002414.jpg,True,JPEG,RGB,True,4288,2848,7.0,237.0,122.57460021972656,24.37323760986328,False,False,False,
task2_images,D:\Biology-AI\data\Task2_Attributes\images\002415.jpg,True,JPEG,RGB,True,3072,2304,0.0,239.0,153.1588134765625,44.5245361328125,False,False,False,
task2_images,D:\Biology-AI\data\Task2_Attributes\images\002416.jpg,True,JPEG,RGB,True,3872,2592,0.0,255.0,151.61416625976562,37.21550750732422,False,False,False,
task2_images,D:\Biology-AI\data\Task2_Attributes\images\002417.jpg,True,JPEG,RGB,True,3072,2304,10.0,245.0,158.16427612304688,26.559534072875977,False,False,False,
task2_images,D:\Biology-AI\data\Task2_Attributes\images\002418.jpg,True,JPEG,RGB,True,3072,2304,3.0,255.0,153.61007690429688,28.01784324645996,False,False,False,
task2_images,D:\Biology-AI\data\Task2_Attributes\images\002419.jpg,True,JPEG,RGB,True,3008,2000,32.0,236.0,186.99583435058594,20.860158920288086,False,False,False,
task2_images,D:\Biology-AI\data\Task2_Attributes\images\002420.jpg,True,JPEG,RGB,True,3008,2000,0.0,255.0,123.095458984375,29.26812744140625,False,False,False,
task2_images,D:\Biology-AI\data\Task2_Attributes\images\002421.jpg,True,JPEG,RGB,True,640,480,0.0,242.0,100.88628387451172,70.16643524169922,False,False,False,
task2_images,D:\Biology-AI\data\Task2_Attributes\images\002422.jpg,True,JPEG,RGB,True,6708,4439,0.0,255.0,154.06881713867188,69.62549591064453,False,False,False,
task2_images,D:\Biology-AI\data\Task2_Attributes\images\002423.jpg,True,JPEG,RGB,True,4288,2848,11.0,255.0,131.2838592529297,24.284212112426758,False,False,False,
task2_images,D:\Biology-AI\data\Task2_Attributes\images\002424.jpg,True,JPEG,RGB,True,4288,2848,0.0,255.0,164.2732696533203,37.02076721191406,False,False,False,
task2_images,D:\Biology-AI\data\Task2_Attributes\images\002425.jpg,True,JPEG,RGB,True,4288,2848,7.0,237.0,131.30531311035156,24.65004539489746,False,False,False,
task2_images,D:\Biology-AI\data\Task2_Attributes\images\002426.jpg,True,JPEG,RGB,True,640,480,0.0,247.0,154.64065551757812,45.97857666015625,False,False,False,
task2_images,D:\Biology-AI\data\Task2_Attributes\images\002427.jpg,True,JPEG,RGB,True,3872,2592,4.0,216.0,153.43858337402344,19.585939407348633,False,False,False,
task2_images,D:\Biology-AI\data\Task2_Attributes\images\002428.jpg,True,JPEG,RGB,True,3072,2304,0.0,213.0,122.9882583618164,25.20882797241211,False,False,False,
task2_images,D:\Biology-AI\data\Task2_Attributes\images\002429.jpg,True,JPEG,RGB,True,4288,2848,36.0,235.0,141.6277313232422,10.326858520507812,False,False,False,
task2_images,D:\Biology-AI\data\Task2_Attributes\images\002430.jpg,True,JPEG,RGB,True,4288,2848,14.0,211.0,146.96385192871094,10.187437057495117,False,False,False,
task2_images,D:\Biology-AI\data\Task2_Attributes\images\002431.jpg,True,JPEG,RGB,True,1024,768,0.0,255.0,122.57093811035156,34.42619705200195,False,False,False,
task2_images,D:\Biology-AI\data\Task2_Attributes\images\002432.jpg,True,JPEG,RGB,True,3072,2304,0.0,187.0,123.138427734375,28.87510871887207,False,False,False,
task2_images,D:\Biology-AI\data\Task2_Attributes\images\002433.jpg,True,JPEG,RGB,True,3008,2000,0.0,255.0,135.8402862548828,35.141265869140625,False,False,False,
task2_images,D:\Biology-AI\data\Task2_Attributes\images\002434.jpg,True,JPEG,RGB,True,640,480,0.0,255.0,153.77662658691406,51.98003005981445,False,False,False,
task2_images,D:\Biology-AI\data\Task2_Attributes\images\002435.jpg,True,JPEG,RGB,True,6641,4441,0.0,255.0,165.5941162109375,37.907466888427734,False,False,False,
task2_images,D:\Biology-AI\data\Task2_Attributes\images\002436.jpg,True,JPEG,RGB,True,767,576,0.0,255.0,175.9586944580078,65.39441680908203,False,False,False,
task2_images,D:\Biology-AI\data\Task2_Attributes\images\002437.jpg,True,JPEG,RGB,True,3024,2016,4.0,255.0,193.95005798339844,24.68408966064453,False,False,False,
task2_images,D:\Biology-AI\data\Task2_Attributes\images\002438.jpg,True,JPEG,RGB,True,2592,1936,1.0,255.0,168.21786499023438,31.605663299560547,False,False,False,
task2_images,D:\Biology-AI\data\Task2_Attributes\images\002439.jpg,True,JPEG,RGB,True,1024,768,17.0,239.0,141.89324951171875,26.163002014160156,False,False,False,
task2_images,D:\Biology-AI\data\Task2_Attributes\images\002440.jpg,True,JPEG,RGB,True,3008,2000,41.0,255.0,162.5389862060547,20.885345458984375,False,False,False,
task2_images,D:\Biology-AI\data\Task2_Attributes\images\002441.jpg,True,JPEG,RGB,True,3024,2016,0.0,255.0,139.44833374023438,33.90716552734375,False,False,False,
task2_images,D:\Biology-AI\data\Task2_Attributes\images\002442.jpg,True,JPEG,RGB,True,6688,4439,0.0,255.0,181.7193145751953,59.207950592041016,False,False,False,
task2_images,D:\Biology-AI\data\Task2_Attributes\images\002443.jpg,True,JPEG,RGB,True,3008,2000,0.0,255.0,142.03982543945312,34.54800033569336,False,False,False,
task2_images,D:\Biology-AI\data\Task2_Attributes\images\002444.jpg,True,JPEG,RGB,True,6602,4380,0.0,255.0,121.3506088256836,58.89352035522461,False,False,False,
task2_images,D:\Biology-AI\data\Task2_Attributes\images\002445.jpg,True,JPEG,RGB,True,4288,2848,24.0,255.0,150.13729858398438,23.833486557006836,False,False,False,
task2_images,D:\Biology-AI\data\Task2_Attributes\images\002446.jpg,True,JPEG,RGB,True,4288,2848,8.0,255.0,156.0947723388672,21.18150520324707,False,False,False,
task2_images,D:\Biology-AI\data\Task2_Attributes\images\002447.jpg,True,JPEG,RGB,True,4288,2848,11.0,207.0,116.06178283691406,30.412097930908203,False,False,False,
task2_images,D:\Biology-AI\data\Task2_Attributes\images\002448.jpg,True,JPEG,RGB,True,1024,768,24.0,236.0,170.1927032470703,25.615793228149414,False,False,False,
task2_images,D:\Biology-AI\data\Task2_Attributes\images\002449.jpg,True,JPEG,RGB,True,2592,1936,4.0,255.0,167.80718994140625,31.560895919799805,False,False,False,
task2_images,D:\Biology-AI\data\Task2_Attributes\images\002450.jpg,True,JPEG,RGB,True,3008,2000,13.0,223.0,144.33834838867188,16.24162483215332,False,False,False,
task2_images,D:\Biology-AI\data\Task2_Attributes\images\002451.jpg,True,JPEG,RGB,True,6641,4400,0.0,255.0,154.0233612060547,66.49842071533203,False,False,False,
task2_images,D:\Biology-AI\data\Task2_Attributes\images\002452.jpg,True,JPEG,RGB,True,3024,2016,0.0,255.0,157.62400817871094,23.84174346923828,False,False,False,
task2_images,D:\Biology-AI\data\Task2_Attributes\images\002453.jpg,True,JPEG,RGB,True,4288,2848,5.0,249.0,161.03665161132812,22.176240921020508,False,False,False,
task2_images,D:\Biology-AI\data\Task2_Attributes\images\002454.jpg,True,JPEG,RGB,True,4288,2848,32.0,255.0,222.47576904296875,22.621089935302734,False,False,False,
task2_images,D:\Biology-AI\data\Task2_Attributes\images\002455.jpg,True,JPEG,RGB,True,3072,2304,4.0,189.0,131.05128479003906,27.086872100830078,False,False,False,
task2_images,D:\Biology-AI\data\Task2_Attributes\images\002456.jpg,True,JPEG,RGB,True,640,480,0.0,239.0,133.35084533691406,46.941246032714844,False,False,False,
task2_images,D:\Biology-AI\data\Task2_Attributes\images\002457.jpg,True,JPEG,RGB,True,640,480,0.0,245.0,140.53759765625,54.2441291809082,False,False,False,
task2_images,D:\Biology-AI\data\Task2_Attributes\images\002458.jpg,True,JPEG,RGB,True,4288,2848,16.0,253.0,149.23806762695312,23.564495086669922,False,False,False,
task2_images,D:\Biology-AI\data\Task2_Attributes\images\002459.jpg,True,JPEG,RGB,True,6688,4439,0.0,255.0,166.28790283203125,47.90447235107422,False,False,False,
task2_images,D:\Biology-AI\data\Task2_Attributes\images\002460.jpg,True,JPEG,RGB,True,1504,1129,0.0,255.0,154.99667358398438,46.39602279663086,False,False,False,
task2_images,D:\Biology-AI\data\Task2_Attributes\images\002461.jpg,True,JPEG,RGB,True,6688,4439,0.0,255.0,160.38034057617188,63.485198974609375,False,False,False,
task2_images,D:\Biology-AI\data\Task2_Attributes\images\002462.jpg,True,JPEG,RGB,True,4288,2848,16.0,247.0,129.8470001220703,29.414165496826172,False,False,False,
task2_images,D:\Biology-AI\data\Task2_Attributes\images\002463.jpg,True,JPEG,RGB,True,1024,768,2.0,235.0,137.19322204589844,21.566390991210938,False,False,False,
task2_images,D:\Biology-AI\data\Task2_Attributes\images\002464.jpg,True,JPEG,RGB,True,3072,2304,0.0,255.0,128.720947265625,26.905593872070312,False,False,False,
task2_images,D:\Biology-AI\data\Task2_Attributes\images\002465.jpg,True,JPEG,RGB,True,640,480,0.0,255.0,162.81065368652344,47.170318603515625,False,False,False,
task2_images,D:\Biology-AI\data\Task2_Attributes\images\002466.jpg,True,JPEG,RGB,True,640,480,0.0,253.0,68.20213317871094,62.52827072143555,False,False,False,
task2_images,D:\Biology-AI\data\Task2_Attributes\images\002467.jpg,True,JPEG,RGB,True,4288,2848,9.0,255.0,138.276123046875,28.532495498657227,False,False,False,
task2_images,D:\Biology-AI\data\Task2_Attributes\images\002468.jpg,True,JPEG,RGB,True,3072,2304,0.0,247.0,158.07798767089844,22.66167449951172,False,False,False,
task2_images,D:\Biology-AI\data\Task2_Attributes\images\002469.jpg,True,JPEG,RGB,True,3008,2000,7.0,255.0,139.41534423828125,27.971284866333008,False,False,False,
task2_images,D:\Biology-AI\data\Task2_Attributes\images\002470.jpg,True,JPEG,RGB,True,3072,2304,6.0,255.0,204.51625061035156,49.23342514038086,False,False,False,
task2_images,D:\Biology-AI\data\Task2_Attributes\images\002471.jpg,True,JPEG,RGB,True,6688,4439,0.0,255.0,192.7510223388672,50.47103500366211,False,False,False,
task2_images,D:\Biology-AI\data\Task2_Attributes\images\002472.jpg,True,JPEG,RGB,True,3072,2304,42.0,255.0,204.43345642089844,29.919530868530273,False,False,False,
task2_images,D:\Biology-AI\data\Task2_Attributes\images\002473.jpg,True,JPEG,RGB,True,3072,2304,0.0,255.0,136.95382690429688,31.524749755859375,False,False,False,
task2_images,D:\Biology-AI\data\Task2_Attributes\images\002474.jpg,True,JPEG,RGB,True,960,645,0.0,255.0,190.8216094970703,61.22856521606445,False,False,False,
task2_images,D:\Biology-AI\data\Task2_Attributes\images\002475.jpg,True,JPEG,RGB,True,4288,2848,12.0,222.0,137.3990936279297,17.787071228027344,False,False,False,
task2_images,D:\Biology-AI\data\Task2_Attributes\images\002476.jpg,True,JPEG,RGB,True,4288,2848,3.0,255.0,127.95466613769531,23.548309326171875,False,False,False,
task2_images,D:\Biology-AI\data\Task2_Attributes\images\002477.jpg,True,JPEG,RGB,True,2048,1536,0.0,255.0,139.74969482421875,38.24135208129883,False,False,False,
task2_images,D:\Biology-AI\data\Task2_Attributes\images\002478.jpg,True,JPEG,RGB,True,6641,4440,0.0,255.0,111.82218933105469,55.804805755615234,False,False,False,
task2_images,D:\Biology-AI\data\Task2_Attributes\images\002479.jpg,True,JPEG,RGB,True,1024,768,39.0,235.0,142.76698303222656,33.66607666015625,False,False,False,
task2_images,D:\Biology-AI\data\Task2_Attributes\images\002480.jpg,True,JPEG,RGB,True,1024,768,34.0,212.0,156.0203399658203,23.149166107177734,False,False,False,
task2_images,D:\Biology-AI\data\Task2_Attributes\images\002481.jpg,True,JPEG,RGB,True,4288,2848,8.0,255.0,139.7489471435547,18.914119720458984,False,False,False,
task2_images,D:\Biology-AI\data\Task2_Attributes\images\002482.jpg,True,JPEG,RGB,True,4288,2848,5.0,215.0,127.68470764160156,17.35659408569336,False,False,False,
task2_images,D:\Biology-AI\data\Task2_Attributes\images\002483.jpg,True,JPEG,RGB,True,640,480,0.0,249.0,156.82420349121094,45.172142028808594,False,False,False,
task2_images,D:\Biology-AI\data\Task2_Attributes\images\002484.jpg,True,JPEG,RGB,True,1022,767,0.0,255.0,149.7806396484375,38.671382904052734,False,False,False,
task2_images,D:\Biology-AI\data\Task2_Attributes\images\002485.jpg,True,JPEG,RGB,True,6648,4459,0.0,255.0,142.70358276367188,67.60858917236328,False,False,False,
task2_images,D:\Biology-AI\data\Task2_Attributes\images\002486.jpg,True,JPEG,RGB,True,4288,2848,6.0,252.0,144.10140991210938,25.916446685791016,False,False,False,
task2_images,D:\Biology-AI\data\Task2_Attributes\images\002487.jpg,True,JPEG,RGB,True,3072,2304,0.0,229.0,132.4098358154297,47.959999084472656,False,False,False,
task2_images,D:\Biology-AI\data\Task2_Attributes\images\002488.jpg,True,JPEG,RGB,True,4288,2848,4.0,221.0,133.06092834472656,23.21551513671875,False,False,False,
task2_images,D:\Biology-AI\data\Task2_Attributes\images\002489.jpg,True,JPEG,RGB,True,640,480,0.0,254.0,159.43023681640625,50.313987731933594,False,False,False,
task2_images,D:\Biology-AI\data\Task2_Attributes\images\002490.jpg,True,JPEG,RGB,True,3072,2304,0.0,230.0,146.6350860595703,26.722753524780273,False,False,False,
task2_images,D:\Biology-AI\data\Task2_Attributes\images\002491.jpg,True,JPEG,RGB,True,3072,2304,44.0,248.0,189.8136444091797,33.258399963378906,False,False,False,
task2_images,D:\Biology-AI\data\Task2_Attributes\images\002492.jpg,True,JPEG,RGB,True,640,480,0.0,255.0,122.1348648071289,44.34946823120117,False,False,False,
task2_images,D:\Biology-AI\data\Task2_Attributes\images\002493.jpg,True,JPEG,RGB,True,961,649,0.0,255.0,188.93836975097656,60.37949752807617,False,False,False,
task2_images,D:\Biology-AI\data\Task2_Attributes\images\002494.jpg,True,JPEG,RGB,True,6668,4439,0.0,255.0,157.03355407714844,58.535037994384766,False,False,False,
task2_images,D:\Biology-AI\data\Task2_Attributes\images\002495.jpg,True,JPEG,RGB,True,4288,2848,10.0,255.0,129.13186645507812,20.596349716186523,False,False,False,
task2_images,D:\Biology-AI\data\Task2_Attributes\images\002496.jpg,True,JPEG,RGB,True,3008,2000,8.0,255.0,191.5987548828125,27.057031631469727,False,False,False,
task2_images,D:\Biology-AI\data\Task2_Attributes\images\002497.jpg,True,JPEG,RGB,True,4288,2848,11.0,255.0,142.20001220703125,30.234222412109375,False,False,False,
task2_images,D:\Biology-AI\data\Task2_Attributes\images\002498.jpg,True,JPEG,RGB,True,3072,2304,12.0,255.0,137.3123321533203,49.16055679321289,False,False,False,
task2_images,D:\Biology-AI\data\Task2_Attributes\images\002499.jpg,True,JPEG,RGB,True,2304,1536,0.0,255.0,182.4681396484375,26.240589141845703,False,False,False,
task2_images,D:\Biology-AI\data\Task2_Attributes\images\002500.jpg,True,JPEG,RGB,True,1024,768,0.0,244.0,178.91026306152344,26.635595321655273,False,False,False,
task2_images,D:\Biology-AI\data\Task2_Attributes\images\002501.jpg,True,JPEG,RGB,True,919,802,20.0,230.0,171.36666870117188,50.49848175048828,False,False,False,
task2_images,D:\Biology-AI\data\Task2_Attributes\images\002502.jpg,True,JPEG,RGB,True,3008,2000,16.0,255.0,165.69424438476562,26.32929229736328,False,False,False,
task2_images,D:\Biology-AI\data\Task2_Attributes\images\002503.jpg,True,JPEG,RGB,True,3008,2000,7.0,233.0,181.32203674316406,21.258508682250977,False,False,False,
task2_images,D:\Biology-AI\data\Task2_Attributes\images\002504.jpg,True,JPEG,RGB,True,3072,2304,12.0,255.0,205.98526000976562,42.46095275878906,False,False,False,
task2_images,D:\Biology-AI\data\Task2_Attributes\images\002505.jpg,True,JPEG,RGB,True,3872,2592,8.0,255.0,152.41268920898438,39.28337478637695,False,False,False,
task2_images,D:\Biology-AI\data\Task2_Attributes\images\002506.jpg,True,JPEG,RGB,True,4288,2848,13.0,229.0,126.63607788085938,19.16863250732422,False,False,False,
task2_images,D:\Biology-AI\data\Task2_Attributes\images\002507.jpg,True,JPEG,RGB,True,1028,753,20.0,209.0,146.88870239257812,40.978172302246094,False,False,False,
task2_images,D:\Biology-AI\data\Task2_Attributes\images\002508.jpg,True,JPEG,RGB,True,1024,768,0.0,234.0,176.63978576660156,27.905309677124023,False,False,False,
task2_images,D:\Biology-AI\data\Task2_Attributes\images\002509.jpg,True,JPEG,RGB,True,640,480,0.0,255.0,179.3345489501953,41.08243942260742,False,False,False,
task2_images,D:\Biology-AI\data\Task2_Attributes\images\002510.jpg,True,JPEG,RGB,True,6688,4459,0.0,255.0,141.27691650390625,57.15495681762695,False,False,False,
task2_images,D:\Biology-AI\data\Task2_Attributes\images\002511.jpg,True,JPEG,RGB,True,1024,768,0.0,255.0,131.83596801757812,24.371240615844727,False,False,False,
task2_images,D:\Biology-AI\data\Task2_Attributes\images\002512.jpg,True,JPEG,RGB,True,640,480,0.0,235.0,143.58853149414062,41.92009735107422,False,False,False,
task2_images,D:\Biology-AI\data\Task2_Attributes\images\002513.jpg,True,JPEG,RGB,True,640,480,0.0,254.0,160.9524688720703,44.939796447753906,False,False,False,
task2_images,D:\Biology-AI\data\Task2_Attributes\images\002514.jpg,True,JPEG,RGB,True,6648,4439,0.0,255.0,157.03504943847656,43.79070281982422,False,False,False,
task2_images,D:\Biology-AI\data\Task2_Attributes\images\002515.jpg,True,JPEG,RGB,True,3072,2304,0.0,213.0,160.50340270996094,30.154895782470703,False,False,False,
task2_images,D:\Biology-AI\data\Task2_Attributes\images\002516.jpg,True,JPEG,RGB,True,1024,768,0.0,253.0,169.39694213867188,32.49951934814453,False,False,False,
task2_images,D:\Biology-AI\data\Task2_Attributes\images\002517.jpg,True,JPEG,RGB,True,640,480,0.0,244.0,136.08567810058594,47.487525939941406,False,False,False,
task2_images,D:\Biology-AI\data\Task2_Attributes\images\002518.jpg,True,JPEG,RGB,True,3072,2304,10.0,229.0,131.42626953125,23.9531307220459,False,False,False,
task2_images,D:\Biology-AI\data\Task2_Attributes\images\002519.jpg,True,JPEG,RGB,True,1024,768,3.0,248.0,206.3841552734375,28.5037899017334,False,False,False,
task2_images,D:\Biology-AI\data\Task2_Attributes\images\002520.jpg,True,JPEG,RGB,True,2048,1536,0.0,218.0,154.21546936035156,35.47504806518555,False,False,False,
task2_images,D:\Biology-AI\data\Task2_Attributes\images\002521.jpg,True,JPEG,RGB,True,6648,4439,0.0,255.0,154.50267028808594,57.05110168457031,False,False,False,
task2_images,D:\Biology-AI\data\Task2_Attributes\images\002522.jpg,True,JPEG,RGB,True,6668,4418,0.0,255.0,117.74761962890625,55.84926986694336,False,False,False,
task2_images,D:\Biology-AI\data\Task2_Attributes\images\002523.jpg,True,JPEG,RGB,True,2565,2000,0.0,178.0,138.01141357421875,25.2921085357666,False,False,False,
task2_images,D:\Biology-AI\data\Task2_Attributes\images\002524.jpg,True,JPEG,RGB,True,919,802,12.0,221.0,169.18930053710938,30.085657119750977,False,False,False,
task2_images,D:\Biology-AI\data\Task2_Attributes\images\002525.jpg,True,JPEG,RGB,True,3072,2304,37.0,192.0,150.7755889892578,18.551799774169922,False,False,False,
task2_images,D:\Biology-AI\data\Task2_Attributes\images\002526.jpg,True,JPEG,RGB,True,1024,768,0.0,226.0,153.52207946777344,32.9903450012207,False,False,False,
task2_images,D:\Biology-AI\data\Task2_Attributes\images\002527.jpg,True,JPEG,RGB,True,2048,1536,0.0,255.0,146.12840270996094,55.98181915283203,False,False,False,
task2_images,D:\Biology-AI\data\Task2_Attributes\images\002528.jpg,True,JPEG,RGB,True,640,480,0.0,242.0,162.23416137695312,44.91031265258789,False,False,False,
task2_images,D:\Biology-AI\data\Task2_Attributes\images\002529.jpg,True,JPEG,RGB,True,4288,2848,8.0,218.0,141.017578125,18.109031677246094,False,False,False,
task2_images,D:\Biology-AI\data\Task2_Attributes\images\002530.jpg,True,JPEG,RGB,True,3072,2304,19.0,255.0,158.6964874267578,20.151655197143555,False,False,False,
task2_images,D:\Biology-AI\data\Task2_Attributes\images\002531.jpg,True,JPEG,RGB,True,6708,4439,0.0,255.0,166.27281188964844,35.724063873291016,False,False,False,
task2_images,D:\Biology-AI\data\Task2_Attributes\images\002532.jpg,True,JPEG,RGB,True,2583,2096,24.0,188.0,148.75445556640625,20.712078094482422,False,False,False,
task2_images,D:\Biology-AI\data\Task2_Attributes\images\002533.jpg,True,JPEG,RGB,True,2304,1536,0.0,255.0,170.7230682373047,32.305667877197266,False,False,False,
task2_images,D:\Biology-AI\data\Task2_Attributes\images\002534.jpg,True,JPEG,RGB,True,4288,2848,37.0,255.0,201.03878784179688,26.90414047241211,False,False,False,
task2_images,D:\Biology-AI\data\Task2_Attributes\images\002535.jpg,True,JPEG,RGB,True,6648,4419,0.0,255.0,153.0547637939453,52.43960952758789,False,False,False,
task2_images,D:\Biology-AI\data\Task2_Attributes\images\002536.jpg,True,JPEG,RGB,True,4288,2848,7.0,242.0,137.50282287597656,24.397964477539062,False,False,False,
task2_images,D:\Biology-AI\data\Task2_Attributes\images\002537.jpg,True,JPEG,RGB,True,3072,2304,4.0,255.0,163.52259826660156,24.38056755065918,False,False,False,
task2_images,D:\Biology-AI\data\Task2_Attributes\images\002538.jpg,True,JPEG,RGB,True,640,480,0.0,249.0,152.97686767578125,50.671382904052734,False,False,False,
task2_images,D:\Biology-AI\data\Task2_Attributes\images\002539.jpg,True,JPEG,RGB,True,4288,2848,42.0,239.0,135.89483642578125,13.524258613586426,False,False,False,
task2_images,D:\Biology-AI\data\Task2_Attributes\images\002540.jpg,True,JPEG,RGB,True,4288,2848,2.0,255.0,117.55010223388672,30.302350997924805,False,False,False,
task2_images,D:\Biology-AI\data\Task2_Attributes\images\002541.jpg,True,JPEG,RGB,True,3024,2016,0.0,255.0,140.9468536376953,35.77696990966797,False,False,False,
task2_images,D:\Biology-AI\data\Task2_Attributes\images\002542.jpg,True,JPEG,RGB,True,3872,2592,5.0,255.0,186.56640625,30.759876251220703,False,False,False,
task2_images,D:\Biology-AI\data\Task2_Attributes\images\002543.jpg,True,JPEG,RGB,True,3008,2000,3.0,255.0,139.03211975097656,22.181461334228516,False,False,False,
task2_images,D:\Biology-AI\data\Task2_Attributes\images\002544.jpg,True,JPEG,RGB,True,640,480,0.0,255.0,118.25659942626953,56.152069091796875,False,False,False,
task2_images,D:\Biology-AI\data\Task2_Attributes\images\002545.jpg,True,JPEG,RGB,True,2592,1944,11.0,235.0,135.5391845703125,17.989351272583008,False,False,False,
task2_images,D:\Biology-AI\data\Task2_Attributes\images\002546.jpg,True,JPEG,RGB,True,3072,2304,0.0,255.0,140.55343627929688,33.198726654052734,False,False,False,
task2_images,D:\Biology-AI\data\Task2_Attributes\images\002547.jpg,True,JPEG,RGB,True,1024,768,45.0,255.0,208.0790557861328,40.70306396484375,False,False,False,
task2_images,D:\Biology-AI\data\Task2_Attributes\images\002548.jpg,True,JPEG,RGB,True,1024,768,0.0,219.0,85.65374755859375,71.25020599365234,False,False,False,
task2_images,D:\Biology-AI\data\Task2_Attributes\images\002549.jpg,True,JPEG,RGB,True,3072,2304,0.0,255.0,152.2185821533203,44.458648681640625,False,False,False,
task2_images,D:\Biology-AI\data\Task2_Attributes\images\002550.jpg,True,JPEG,RGB,True,3024,2016,4.0,246.0,152.2853240966797,20.501596450805664,False,False,False,
task2_images,D:\Biology-AI\data\Task2_Attributes\images\002551.jpg,True,JPEG,RGB,True,1024,768,0.0,225.0,141.17396545410156,22.86612319946289,False,False,False,
task2_images,D:\Biology-AI\data\Task2_Attributes\images\002552.jpg,True,JPEG,RGB,True,2344,1330,1.0,198.0,125.18568420410156,31.97630500793457,False,False,False,
task2_images,D:\Biology-AI\data\Task2_Attributes\images\002553.jpg,True,JPEG,RGB,True,1044,986,14.0,255.0,207.56558227539062,43.25070571899414,False,False,False,
task2_images,D:\Biology-AI\data\Task2_Attributes\images\002554.jpg,True,JPEG,RGB,True,6708,4439,0.0,255.0,140.6792755126953,59.95108413696289,False,False,False,
task2_images,D:\Biology-AI\data\Task2_Attributes\images\002555.jpg,True,JPEG,RGB,True,3072,2304,0.0,255.0,130.80160522460938,90.99056243896484,False,False,False,
task2_images,D:\Biology-AI\data\Task2_Attributes\images\002556.jpg,True,JPEG,RGB,True,640,480,0.0,204.0,99.37533569335938,35.68265914916992,False,False,False,
task2_images,D:\Biology-AI\data\Task2_Attributes\images\002557.jpg,True,JPEG,RGB,True,1024,768,0.0,255.0,177.4817657470703,42.86651611328125,False,False,False,
task2_images,D:\Biology-AI\data\Task2_Attributes\images\002558.jpg,True,JPEG,RGB,True,6668,4439,0.0,255.0,102.45439147949219,46.51537322998047,False,False,False,
task2_images,D:\Biology-AI\data\Task2_Attributes\images\002559.jpg,True,JPEG,RGB,True,640,480,0.0,251.0,157.42025756835938,42.64591598510742,False,False,False,
task2_images,D:\Biology-AI\data\Task2_Attributes\images\002560.jpg,True,JPEG,RGB,True,1024,768,0.0,255.0,180.048583984375,60.955902099609375,False,False,False,
task2_images,D:\Biology-AI\data\Task2_Attributes\images\002561.jpg,True,JPEG,RGB,True,767,576,0.0,255.0,153.5223388671875,55.802181243896484,False,False,False,
task2_images,D:\Biology-AI\data\Task2_Attributes\images\002562.jpg,True,JPEG,RGB,True,4288,2848,1.0,255.0,138.78680419921875,37.388309478759766,False,False,False,
task2_images,D:\Biology-AI\data\Task2_Attributes\images\002563.jpg,True,JPEG,RGB,True,1024,768,0.0,255.0,174.53167724609375,39.83570098876953,False,False,False,
task2_images,D:\Biology-AI\data\Task2_Attributes\images\002564.jpg,True,JPEG,RGB,True,3008,2000,3.0,255.0,172.11219787597656,17.456361770629883,False,False,False,
task2_images,D:\Biology-AI\data\Task2_Attributes\images\002565.jpg,True,JPEG,RGB,True,1024,768,26.0,255.0,206.6785888671875,39.42420959472656,False,False,False,
task2_images,D:\Biology-AI\data\Task2_Attributes\images\002566.jpg,True,JPEG,RGB,True,2048,1536,0.0,255.0,165.04554748535156,54.60545349121094,False,False,False,
task2_images,D:\Biology-AI\data\Task2_Attributes\images\002567.jpg,True,JPEG,RGB,True,3008,2000,23.0,243.0,166.0623321533203,18.60706901550293,False,False,False,
task2_images,D:\Biology-AI\data\Task2_Attributes\images\002568.jpg,True,JPEG,RGB,True,4288,2848,18.0,222.0,130.28170776367188,19.6412410736084,False,False,False,
task2_images,D:\Biology-AI\data\Task2_Attributes\images\002569.jpg,True,JPEG,RGB,True,6648,4419,0.0,255.0,182.59622192382812,40.32284164428711,False,False,False,
task2_images,D:\Biology-AI\data\Task2_Attributes\images\002570.jpg,True,JPEG,RGB,True,4288,2848,40.0,234.0,132.829833984375,27.777362823486328,False,False,False,
task2_images,D:\Biology-AI\data\Task2_Attributes\images\002571.jpg,True,JPEG,RGB,True,4288,2848,16.0,255.0,143.28701782226562,27.31119155883789,False,False,False,
task2_images,D:\Biology-AI\data\Task2_Attributes\images\002572.jpg,True,JPEG,RGB,True,1022,767,13.0,255.0,182.5464324951172,73.1641616821289,False,False,False,
task2_images,D:\Biology-AI\data\Task2_Attributes\images\002573.jpg,True,JPEG,RGB,True,4288,2848,12.0,255.0,160.60260009765625,35.42863845825195,False,False,False,
task2_images,D:\Biology-AI\data\Task2_Attributes\images\002574.jpg,True,JPEG,RGB,True,767,576,0.0,255.0,193.47189331054688,53.70909118652344,False,False,False,
task2_images,D:\Biology-AI\data\Task2_Attributes\images\002575.jpg,True,JPEG,RGB,True,6687,4439,0.0,255.0,134.38919067382812,63.973899841308594,False,False,False,
task2_images,D:\Biology-AI\data\Task2_Attributes\images\002576.jpg,True,JPEG,RGB,True,1024,768,6.0,255.0,182.47036743164062,26.422935485839844,False,False,False,
task2_images,D:\Biology-AI\data\Task2_Attributes\images\002577.jpg,True,JPEG,RGB,True,1024,768,0.0,235.0,162.96653747558594,33.556331634521484,False,False,False,
task2_images,D:\Biology-AI\data\Task2_Attributes\images\002578.jpg,True,JPEG,RGB,True,4288,2848,3.0,255.0,165.3098602294922,33.63373565673828,False,False,False,
task2_images,D:\Biology-AI\data\Task2_Attributes\images\002579.jpg,True,JPEG,RGB,True,3072,2304,0.0,255.0,159.83441162109375,22.69017219543457,False,False,False,
task2_images,D:\Biology-AI\data\Task2_Attributes\images\002580.jpg,True,JPEG,RGB,True,3072,2304,0.0,185.0,117.07544708251953,29.40648078918457,False,False,False,
task2_images,D:\Biology-AI\data\Task2_Attributes\images\002581.jpg,True,JPEG,RGB,True,3072,2304,0.0,199.0,135.50732421875,34.13442611694336,False,False,False,
task2_images,D:\Biology-AI\data\Task2_Attributes\images\002582.jpg,True,JPEG,RGB,True,4288,2848,2.0,255.0,142.55685424804688,17.312744140625,False,False,False,
task2_images,D:\Biology-AI\data\Task2_Attributes\images\002583.jpg,True,JPEG,RGB,True,1024,768,0.0,247.0,137.70916748046875,49.337459564208984,False,False,False,
task2_images,D:\Biology-AI\data\Task2_Attributes\images\002584.jpg,True,JPEG,RGB,True,919,802,0.0,245.0,178.83001708984375,28.776334762573242,False,False,False,
task2_images,D:\Biology-AI\data\Task2_Attributes\images\002585.jpg,True,JPEG,RGB,True,3872,2592,16.0,255.0,193.970458984375,22.883203506469727,False,False,False,
task2_images,D:\Biology-AI\data\Task2_Attributes\images\002586.jpg,True,JPEG,RGB,True,1024,768,0.0,236.0,118.95579528808594,73.0082015991211,False,False,False,
task2_images,D:\Biology-AI\data\Task2_Attributes\images\002587.jpg,True,JPEG,RGB,True,4288,2848,18.0,255.0,123.92105102539062,34.85893249511719,False,False,False,
task2_images,D:\Biology-AI\data\Task2_Attributes\images\002588.jpg,True,JPEG,RGB,True,6681,4422,0.0,255.0,146.91419982910156,58.07438278198242,False,False,False,
task2_images,D:\Biology-AI\data\Task2_Attributes\images\002589.jpg,True,JPEG,RGB,True,2469,2232,28.0,202.0,150.09375,25.524423599243164,False,False,False,
task2_images,D:\Biology-AI\data\Task2_Attributes\images\002590.jpg,True,JPEG,RGB,True,3872,2592,51.0,255.0,219.34490966796875,23.486806869506836,False,False,False,
task2_images,D:\Biology-AI\data\Task2_Attributes\images\002591.jpg,True,JPEG,RGB,True,3072,2304,7.0,222.0,137.8328094482422,22.77316665649414,False,False,False,
task2_images,D:\Biology-AI\data\Task2_Attributes\images\002592.jpg,True,JPEG,RGB,True,3008,2000,6.0,255.0,172.4580841064453,26.376670837402344,False,False,False,
task2_images,D:\Biology-AI\data\Task2_Attributes\images\002593.jpg,True,JPEG,RGB,True,4288,2848,0.0,226.0,95.63362121582031,20.575761795043945,False,False,False,
task2_images,D:\Biology-AI\data\Task2_Attributes\images\002594.jpg,True,JPEG,RGB,True,4288,2848,5.0,255.0,134.9656524658203,19.183557510375977,False,False,False,
task2_images,D:\Biology-AI\data\Task2_Attributes\images\002595.jpg,True,JPEG,RGB,True,640,480,0.0,255.0,166.77928161621094,71.43372344970703,False,False,False,
task2_images,D:\Biology-AI\data\Task2_Attributes\images\002596.jpg,True,JPEG,RGB,True,6648,4439,0.0,255.0,143.97314453125,60.33627700805664,False,False,False,
task2_images,D:\Biology-AI\data\Task2_Attributes\images\002597.jpg,True,JPEG,RGB,True,1024,768,0.0,255.0,146.80819702148438,27.576379776000977,False,False,False,
task2_images,D:\Biology-AI\data\Task2_Attributes\images\002598.jpg,True,JPEG,RGB,True,2441,1565,7.0,232.0,158.90199279785156,30.490238189697266,False,False,False,
task2_images,D:\Biology-AI\data\Task2_Attributes\images\002599.jpg,True,JPEG,RGB,True,640,480,0.0,255.0,135.4445037841797,44.782901763916016,False,False,False,
task2_images,D:\Biology-AI\data\Task2_Attributes\images\002600.jpg,True,JPEG,RGB,True,640,480,0.0,255.0,158.305908203125,51.759586334228516,False,False,False,
task2_images,D:\Biology-AI\data\Task2_Attributes\images\002601.jpg,True,JPEG,RGB,True,3008,2000,3.0,251.0,127.90303802490234,29.659841537475586,False,False,False,
task2_images,D:\Biology-AI\data\Task2_Attributes\images\002602.jpg,True,JPEG,RGB,True,6648,4439,0.0,255.0,126.81964874267578,58.60141372680664,False,False,False,
task2_images,D:\Biology-AI\data\Task2_Attributes\images\002603.jpg,True,JPEG,RGB,True,3024,2016,0.0,255.0,171.8612060546875,25.500137329101562,False,False,False,
task2_images,D:\Biology-AI\data\Task2_Attributes\images\002604.jpg,True,JPEG,RGB,True,2664,2124,26.0,216.0,165.34698486328125,28.380094528198242,False,False,False,
task2_images,D:\Biology-AI\data\Task2_Attributes\images\002605.jpg,True,JPEG,RGB,True,3072,2304,9.0,255.0,174.46363830566406,29.702051162719727,False,False,False,
task2_images,D:\Biology-AI\data\Task2_Attributes\images\002606.jpg,True,JPEG,RGB,True,640,480,0.0,255.0,169.4374237060547,62.271488189697266,False,False,False,
task2_images,D:\Biology-AI\data\Task2_Attributes\images\002607.jpg,True,JPEG,RGB,True,6601,4380,0.0,255.0,182.938232421875,35.653804779052734,False,False,False,
task2_images,D:\Biology-AI\data\Task2_Attributes\images\002608.jpg,True,JPEG,RGB,True,4288,2848,0.0,255.0,164.51576232910156,48.17002868652344,False,False,False,
task2_images,D:\Biology-AI\data\Task2_Attributes\images\002609.jpg,True,JPEG,RGB,True,4288,2848,10.0,255.0,170.093994140625,26.933942794799805,False,False,False,
task2_images,D:\Biology-AI\data\Task2_Attributes\images\002610.jpg,True,JPEG,RGB,True,576,768,43.0,232.0,162.7347412109375,41.32514190673828,False,False,False,
task2_images,D:\Biology-AI\data\Task2_Attributes\images\002611.jpg,True,JPEG,RGB,True,4288,2848,6.0,211.0,113.79729461669922,27.431419372558594,False,False,False,
task2_images,D:\Biology-AI\data\Task2_Attributes\images\002612.jpg,True,JPEG,RGB,True,6628,4399,0.0,255.0,158.65557861328125,48.23872375488281,False,False,False,
task2_images,D:\Biology-AI\data\Task2_Attributes\images\002613.jpg,True,JPEG,RGB,True,767,576,0.0,255.0,145.5935821533203,60.25333786010742,False,False,False,
task2_images,D:\Biology-AI\data\Task2_Attributes\images\002614.jpg,True,JPEG,RGB,True,4288,2848,16.0,255.0,178.7901153564453,28.45505142211914,False,False,False,
task2_images,D:\Biology-AI\data\Task2_Attributes\images\002615.jpg,True,JPEG,RGB,True,4288,2848,13.0,255.0,128.9019775390625,19.174129486083984,False,False,False,
task2_images,D:\Biology-AI\data\Task2_Attributes\images\002616.jpg,True,JPEG,RGB,True,767,576,0.0,255.0,97.11225128173828,47.81188201904297,False,False,False,
task2_images,D:\Biology-AI\data\Task2_Attributes\images\002617.jpg,True,JPEG,RGB,True,3072,2304,0.0,255.0,132.92794799804688,26.829153060913086,False,False,False,
task2_images,D:\Biology-AI\data\Task2_Attributes\images\002618.jpg,True,JPEG,RGB,True,4288,2848,2.0,255.0,141.7041778564453,27.424758911132812,False,False,False,
task2_images,D:\Biology-AI\data\Task2_Attributes\images\002619.jpg,True,JPEG,RGB,True,1024,768,10.0,255.0,207.26336669921875,46.4676399230957,False,False,False,
task2_images,D:\Biology-AI\data\Task2_Attributes\images\002620.jpg,True,JPEG,RGB,True,962,723,3.0,255.0,160.45037841796875,68.6343002319336,False,False,False,
task2_images,D:\Biology-AI\data\Task2_Attributes\images\002621.jpg,True,JPEG,RGB,True,1024,768,0.0,255.0,195.44839477539062,47.00469970703125,False,False,False,
task2_images,D:\Biology-AI\data\Task2_Attributes\images\002622.jpg,True,JPEG,RGB,True,3008,2000,5.0,255.0,179.53341674804688,19.37281036376953,False,False,False,
task2_images,D:\Biology-AI\data\Task2_Attributes\images\002623.jpg,True,JPEG,RGB,True,3008,2000,15.0,255.0,176.00833129882812,19.138673782348633,False,False,False,
task2_images,D:\Biology-AI\data\Task2_Attributes\images\002624.jpg,True,JPEG,RGB,True,4288,2848,1.0,205.0,106.1409912109375,21.240379333496094,False,False,False,
task2_images,D:\Biology-AI\data\Task2_Attributes\images\002625.jpg,True,JPEG,RGB,True,4288,2848,15.0,255.0,140.2169189453125,32.77153396606445,False,False,False,
task2_images,D:\Biology-AI\data\Task2_Attributes\images\002626.jpg,True,JPEG,RGB,True,1024,768,8.0,240.0,154.85662841796875,46.118106842041016,False,False,False,
task2_images,D:\Biology-AI\data\Task2_Attributes\images\002627.jpg,True,JPEG,RGB,True,6642,4441,0.0,255.0,133.73980712890625,43.19911575317383,False,False,False,
task2_images,D:\Biology-AI\data\Task2_Attributes\images\002628.jpg,True,JPEG,RGB,True,1504,1129,0.0,255.0,155.75538635253906,32.72658157348633,False,False,False,
task2_images,D:\Biology-AI\data\Task2_Attributes\images\002629.jpg,True,JPEG,RGB,True,919,802,1.0,194.0,148.302734375,37.266788482666016,False,False,False,
task2_images,D:\Biology-AI\data\Task2_Attributes\images\002630.jpg,True,JPEG,RGB,True,3072,2304,12.0,255.0,189.11624145507812,42.61567306518555,False,False,False,
task2_images,D:\Biology-AI\data\Task2_Attributes\images\002631.jpg,True,JPEG,RGB,True,1024,768,15.0,233.0,158.70867919921875,30.694889068603516,False,False,False,
task2_images,D:\Biology-AI\data\Task2_Attributes\images\002632.jpg,True,JPEG,RGB,True,640,480,0.0,255.0,95.9429702758789,66.30148315429688,False,False,False,
task2_images,D:\Biology-AI\data\Task2_Attributes\images\002633.jpg,True,JPEG,RGB,True,3008,2000,13.0,255.0,112.92700958251953,37.66383361816406,False,False,False,
task2_images,D:\Biology-AI\data\Task2_Attributes\images\002634.jpg,True,JPEG,RGB,True,3072,2304,0.0,219.0,163.9645233154297,23.80794906616211,False,False,False,
task2_images,D:\Biology-AI\data\Task2_Attributes\images\002635.jpg,True,JPEG,RGB,True,1024,768,0.0,181.0,127.92410278320312,50.2438850402832,False,False,False,
task2_images,D:\Biology-AI\data\Task2_Attributes\images\002636.jpg,True,JPEG,RGB,True,1062,701,0.0,255.0,148.31910705566406,64.9622802734375,False,False,False,
task2_images,D:\Biology-AI\data\Task2_Attributes\images\002637.jpg,True,JPEG,RGB,True,1024,768,0.0,254.0,179.67529296875,27.848546981811523,False,False,False,
task2_images,D:\Biology-AI\data\Task2_Attributes\images\002638.jpg,True,JPEG,RGB,True,3024,2016,0.0,255.0,155.09693908691406,46.084102630615234,False,False,False,
task2_images,D:\Biology-AI\data\Task2_Attributes\images\002639.jpg,True,JPEG,RGB,True,2048,1536,29.0,255.0,170.62515258789062,63.92319869995117,False,False,False,
task2_images,D:\Biology-AI\data\Task2_Attributes\images\002640.jpg,True,JPEG,RGB,True,1504,1129,0.0,255.0,169.6072235107422,49.60591506958008,False,False,False,
task2_images,D:\Biology-AI\data\Task2_Attributes\images\002641.jpg,True,JPEG,RGB,True,4288,2848,15.0,233.0,118.09355163574219,18.982975006103516,False,False,False,
task2_images,D:\Biology-AI\data\Task2_Attributes\images\002642.jpg,True,JPEG,RGB,True,3072,2304,10.0,230.0,140.72572326660156,44.07073974609375,False,False,False,
task2_images,D:\Biology-AI\data\Task2_Attributes\images\002643.jpg,True,JPEG,RGB,True,3872,2592,17.0,255.0,200.622314453125,22.268354415893555,False,False,False,
task2_images,D:\Biology-AI\data\Task2_Attributes\images\002644.jpg,True,JPEG,RGB,True,1024,768,80.0,255.0,171.81304931640625,25.574026107788086,False,False,False,
task2_images,D:\Biology-AI\data\Task2_Attributes\images\002645.jpg,True,JPEG,RGB,True,3008,2000,25.0,255.0,153.5311737060547,22.852928161621094,False,False,False,
task2_images,D:\Biology-AI\data\Task2_Attributes\images\002646.jpg,True,JPEG,RGB,True,1024,768,0.0,232.0,160.43377685546875,28.420989990234375,False,False,False,
task2_images,D:\Biology-AI\data\Task2_Attributes\images\002647.jpg,True,JPEG,RGB,True,919,802,0.0,255.0,167.76084899902344,36.102073669433594,False,False,False,
task2_images,D:\Biology-AI\data\Task2_Attributes\images\002648.jpg,True,JPEG,RGB,True,1024,768,19.0,241.0,135.8079833984375,34.1998291015625,False,False,False,
task2_images,D:\Biology-AI\data\Task2_Attributes\images\002649.jpg,True,JPEG,RGB,True,6641,4440,0.0,255.0,139.6334228515625,55.429420471191406,False,False,False,
task2_images,D:\Biology-AI\data\Task2_Attributes\images\002650.jpg,True,JPEG,RGB,True,6642,4401,0.0,255.0,144.95773315429688,55.95851135253906,False,False,False,
task2_images,D:\Biology-AI\data\Task2_Attributes\images\002651.jpg,True,JPEG,RGB,True,6688,4459,0.0,255.0,195.74066162109375,40.994712829589844,False,False,False,
task2_images,D:\Biology-AI\data\Task2_Attributes\images\002652.jpg,True,JPEG,RGB,True,1024,768,0.0,232.0,183.638916015625,23.329851150512695,False,False,False,
task2_images,D:\Biology-AI\data\Task2_Attributes\images\002653.jpg,True,JPEG,RGB,True,4288,2848,3.0,205.0,108.0091781616211,20.726232528686523,False,False,False,
task2_images,D:\Biology-AI\data\Task2_Attributes\images\002654.jpg,True,JPEG,RGB,True,1024,768,0.0,233.0,179.6864013671875,37.933284759521484,False,False,False,
task2_images,D:\Biology-AI\data\Task2_Attributes\images\002655.jpg,True,JPEG,RGB,True,3872,2592,14.0,244.0,163.58676147460938,21.201797485351562,False,False,False,
task2_images,D:\Biology-AI\data\Task2_Attributes\images\002656.jpg,True,JPEG,RGB,True,1024,768,15.0,255.0,201.43609619140625,53.73405456542969,False,False,False,
task2_images,D:\Biology-AI\data\Task2_Attributes\images\002657.jpg,True,JPEG,RGB,True,6622,4401,0.0,255.0,195.99598693847656,63.592567443847656,False,False,False,
task2_images,D:\Biology-AI\data\Task2_Attributes\images\002658.jpg,True,JPEG,RGB,True,4288,2848,0.0,199.0,78.43641662597656,21.297794342041016,False,False,False,
task2_images,D:\Biology-AI\data\Task2_Attributes\images\002659.jpg,True,JPEG,RGB,True,3072,2304,0.0,208.0,102.30573272705078,44.49384689331055,False,False,False,
task2_images,D:\Biology-AI\data\Task2_Attributes\images\002660.jpg,True,JPEG,RGB,True,1024,768,0.0,255.0,158.3083038330078,37.35926055908203,False,False,False,
task2_images,D:\Biology-AI\data\Task2_Attributes\images\002661.jpg,True,JPEG,RGB,True,3024,2016,0.0,255.0,150.037841796875,36.2585334777832,False,False,False,
task2_images,D:\Biology-AI\data\Task2_Attributes\images\002662.jpg,True,JPEG,RGB,True,1024,768,34.0,245.0,161.10031127929688,15.754880905151367,False,False,False,
task2_images,D:\Biology-AI\data\Task2_Attributes\images\002663.jpg,True,JPEG,RGB,True,3072,2304,4.0,255.0,141.12388610839844,29.787626266479492,False,False,False,
task2_images,D:\Biology-AI\data\Task2_Attributes\images\002664.jpg,True,JPEG,RGB,True,4288,2848,14.0,255.0,164.7105255126953,22.185331344604492,False,False,False,
task2_images,D:\Biology-AI\data\Task2_Attributes\images\002665.jpg,True,JPEG,RGB,True,1024,768,0.0,231.0,152.02732849121094,38.891014099121094,False,False,False,
task2_images,D:\Biology-AI\data\Task2_Attributes\images\002666.jpg,True,JPEG,RGB,True,3072,2304,0.0,201.0,120.1971435546875,43.30233383178711,False,False,False,
task2_images,D:\Biology-AI\data\Task2_Attributes\images\002667.jpg,True,JPEG,RGB,True,3008,2000,5.0,255.0,174.72752380371094,17.73086166381836,False,False,False,
task2_images,D:\Biology-AI\data\Task2_Attributes\images\002668.jpg,True,JPEG,RGB,True,3008,2000,7.0,255.0,144.84124755859375,29.844970703125,False,False,False,
task2_images,D:\Biology-AI\data\Task2_Attributes\images\002669.jpg,True,JPEG,RGB,True,2048,1536,10.0,255.0,165.78851318359375,46.03622817993164,False,False,False,
task2_images,D:\Biology-AI\data\Task2_Attributes\images\002670.jpg,True,JPEG,RGB,True,4288,2848,23.0,255.0,130.7058563232422,36.467811584472656,False,False,False,
task2_images,D:\Biology-AI\data\Task2_Attributes\images\002671.jpg,True,JPEG,RGB,True,2048,1536,15.0,255.0,149.64178466796875,44.22941970825195,False,False,False,
task2_images,D:\Biology-AI\data\Task2_Attributes\images\002672.jpg,True,JPEG,RGB,True,6642,4422,0.0,255.0,135.4328155517578,58.74085235595703,False,False,False,
task2_images,D:\Biology-AI\data\Task2_Attributes\images\002673.jpg,True,JPEG,RGB,True,6688,4439,0.0,255.0,134.484619140625,64.77755737304688,False,False,False,
task2_images,D:\Biology-AI\data\Task2_Attributes\images\002674.jpg,True,JPEG,RGB,True,640,480,0.0,255.0,150.9456787109375,57.7867546081543,False,False,False,
task2_images,D:\Biology-AI\data\Task2_Attributes\images\002675.jpg,True,JPEG,RGB,True,3872,2592,58.0,255.0,200.2872772216797,17.82584571838379,False,False,False,
task2_images,D:\Biology-AI\data\Task2_Attributes\images\002676.jpg,True,JPEG,RGB,True,6642,4422,0.0,255.0,139.13217163085938,70.3093032836914,False,False,False,
task2_images,D:\Biology-AI\data\Task2_Attributes\images\002677.jpg,True,JPEG,RGB,True,3008,2000,7.0,243.0,148.03778076171875,25.886266708374023,False,False,False,
task2_images,D:\Biology-AI\data\Task2_Attributes\images\002678.jpg,True,JPEG,RGB,True,1024,768,1.0,255.0,215.5170440673828,47.402774810791016,False,False,False,
task2_images,D:\Biology-AI\data\Task2_Attributes\images\002679.jpg,True,JPEG,RGB,True,3072,2304,28.0,231.0,151.9869842529297,29.605379104614258,False,False,False,
task2_images,D:\Biology-AI\data\Task2_Attributes\images\002680.jpg,True,JPEG,RGB,True,1024,768,6.0,255.0,203.05604553222656,31.42112922668457,False,False,False,
task2_images,D:\Biology-AI\data\Task2_Attributes\images\002681.jpg,True,JPEG,RGB,True,3008,2000,0.0,255.0,166.58331298828125,27.80220603942871,False,False,False,
task2_images,D:\Biology-AI\data\Task2_Attributes\images\002682.jpg,True,JPEG,RGB,True,919,802,23.0,225.0,174.42547607421875,29.361825942993164,False,False,False,
task2_images,D:\Biology-AI\data\Task2_Attributes\images\002683.jpg,True,JPEG,RGB,True,1022,767,0.0,255.0,130.59747314453125,63.048404693603516,False,False,False,
task2_images,D:\Biology-AI\data\Task2_Attributes\images\002684.jpg,True,JPEG,RGB,True,4288,2848,4.0,212.0,112.25001525878906,24.834840774536133,False,False,False,
task2_images,D:\Biology-AI\data\Task2_Attributes\images\002685.jpg,True,JPEG,RGB,True,4288,2848,15.0,234.0,147.47059631347656,25.943918228149414,False,False,False,
task2_images,D:\Biology-AI\data\Task2_Attributes\images\002686.jpg,True,JPEG,RGB,True,6681,4422,0.0,255.0,145.5015869140625,60.222381591796875,False,False,False,
task2_images,D:\Biology-AI\data\Task2_Attributes\images\002687.jpg,True,JPEG,RGB,True,4288,2848,4.0,218.0,124.8863296508789,23.93201446533203,False,False,False,
task2_images,D:\Biology-AI\data\Task2_Attributes\images\002688.jpg,True,JPEG,RGB,True,1024,768,0.0,255.0,149.87228393554688,33.48357391357422,False,False,False,
task2_images,D:\Biology-AI\data\Task2_Attributes\images\002689.jpg,True,JPEG,RGB,True,6668,4459,0.0,255.0,177.4190216064453,55.75975036621094,False,False,False,
task2_images,D:\Biology-AI\data\Task2_Attributes\images\002690.jpg,True,JPEG,RGB,True,3072,2304,7.0,255.0,129.4703369140625,38.901546478271484,False,False,False,
task2_images,D:\Biology-AI\data\Task2_Attributes\images\002691.jpg,True,JPEG,RGB,True,3072,2304,0.0,255.0,169.11656188964844,23.370887756347656,False,False,False,
task2_images,D:\Biology-AI\data\Task2_Attributes\images\002692.jpg,True,JPEG,RGB,True,1024,768,0.0,240.0,151.43670654296875,38.79330825805664,False,False,False,
task2_images,D:\Biology-AI\data\Task2_Attributes\images\002693.jpg,True,JPEG,RGB,True,3072,2304,0.0,255.0,139.146728515625,49.16244125366211,False,False,False,
task2_images,D:\Biology-AI\data\Task2_Attributes\images\002694.jpg,True,JPEG,RGB,True,1024,768,0.0,237.0,134.4482421875,24.91727638244629,False,False,False,
task2_images,D:\Biology-AI\data\Task2_Attributes\images\002695.jpg,True,JPEG,RGB,True,6622,4400,0.0,255.0,164.5939483642578,49.44588088989258,False,False,False,
task2_images,D:\Biology-AI\data\Task2_Attributes\images\002696.jpg,True,JPEG,RGB,True,1504,1129,0.0,255.0,122.66790008544922,80.42182922363281,False,False,False,
task2_images,D:\Biology-AI\data\Task2_Attributes\images\002697.jpg,True,JPEG,RGB,True,3072,2304,0.0,255.0,179.25042724609375,16.89580535888672,False,False,False,
task2_images,D:\Biology-AI\data\Task2_Attributes\images\002698.jpg,True,JPEG,RGB,True,1024,768,21.0,255.0,207.65530395507812,35.797340393066406,False,False,False,
task2_images,D:\Biology-AI\data\Task2_Attributes\images\002699.jpg,True,JPEG,RGB,True,6681,4440,0.0,255.0,165.65057373046875,49.3577766418457,False,False,False,
task2_images,D:\Biology-AI\data\Task2_Attributes\images\002700.jpg,True,JPEG,RGB,True,1024,768,17.0,255.0,186.9158172607422,56.228816986083984,False,False,False,
