image_id,task1_path,task2_path,task1_exists,task2_exists,same_content,error
000001,D:\Biology-AI\data\Task1_Segmentation\images\000001.jpg,D:\Biology-AI\data\Task2_Attributes\images\000001.jpg,True,True,True,
000002,D:\Biology-AI\data\Task1_Segmentation\images\000002.jpg,D:\Biology-AI\data\Task2_Attributes\images\000002.jpg,True,True,True,
000003,D:\Biology-AI\data\Task1_Segmentation\images\000003.jpg,D:\Biology-AI\data\Task2_Attributes\images\000003.jpg,True,True,True,
000004,D:\Biology-AI\data\Task1_Segmentation\images\000004.jpg,D:\Biology-AI\data\Task2_Attributes\images\000004.jpg,True,True,True,
000005,D:\Biology-AI\data\Task1_Segmentation\images\000005.jpg,D:\Biology-AI\data\Task2_Attributes\images\000005.jpg,True,True,True,
000006,D:\Biology-AI\data\Task1_Segmentation\images\000006.jpg,D:\Biology-AI\data\Task2_Attributes\images\000006.jpg,True,True,True,
000007,D:\Biology-AI\data\Task1_Segmentation\images\000007.jpg,D:\Biology-AI\data\Task2_Attributes\images\000007.jpg,True,True,True,
000008,D:\Biology-AI\data\Task1_Segmentation\images\000008.jpg,D:\Biology-AI\data\Task2_Attributes\images\000008.jpg,True,True,True,
000009,D:\Biology-AI\data\Task1_Segmentation\images\000009.jpg,D:\Biology-AI\data\Task2_Attributes\images\000009.jpg,True,True,True,
000010,D:\Biology-AI\data\Task1_Segmentation\images\000010.jpg,D:\Biology-AI\data\Task2_Attributes\images\000010.jpg,True,True,True,
000011,D:\Biology-AI\data\Task1_Segmentation\images\000011.jpg,D:\Biology-AI\data\Task2_Attributes\images\000011.jpg,True,True,True,
000012,D:\Biology-AI\data\Task1_Segmentation\images\000012.jpg,D:\Biology-AI\data\Task2_Attributes\images\000012.jpg,True,True,True,
000013,D:\Biology-AI\data\Task1_Segmentation\images\000013.jpg,D:\Biology-AI\data\Task2_Attributes\images\000013.jpg,True,True,True,
000014,D:\Biology-AI\data\Task1_Segmentation\images\000014.jpg,D:\Biology-AI\data\Task2_Attributes\images\000014.jpg,True,True,True,
000015,D:\Biology-AI\data\Task1_Segmentation\images\000015.jpg,D:\Biology-AI\data\Task2_Attributes\images\000015.jpg,True,True,True,
000016,D:\Biology-AI\data\Task1_Segmentation\images\000016.jpg,D:\Biology-AI\data\Task2_Attributes\images\000016.jpg,True,True,True,
000017,D:\Biology-AI\data\Task1_Segmentation\images\000017.jpg,D:\Biology-AI\data\Task2_Attributes\images\000017.jpg,True,True,True,
000018,D:\Biology-AI\data\Task1_Segmentation\images\000018.jpg,D:\Biology-AI\data\Task2_Attributes\images\000018.jpg,True,True,True,
000019,D:\Biology-AI\data\Task1_Segmentation\images\000019.jpg,D:\Biology-AI\data\Task2_Attributes\images\000019.jpg,True,True,True,
000020,D:\Biology-AI\data\Task1_Segmentation\images\000020.jpg,D:\Biology-AI\data\Task2_Attributes\images\000020.jpg,True,True,True,
000021,D:\Biology-AI\data\Task1_Segmentation\images\000021.jpg,D:\Biology-AI\data\Task2_Attributes\images\000021.jpg,True,True,True,
000022,D:\Biology-AI\data\Task1_Segmentation\images\000022.jpg,D:\Biology-AI\data\Task2_Attributes\images\000022.jpg,True,True,True,
000023,D:\Biology-AI\data\Task1_Segmentation\images\000023.jpg,D:\Biology-AI\data\Task2_Attributes\images\000023.jpg,True,True,True,
000024,D:\Biology-AI\data\Task1_Segmentation\images\000024.jpg,D:\Biology-AI\data\Task2_Attributes\images\000024.jpg,True,True,True,
000025,D:\Biology-AI\data\Task1_Segmentation\images\000025.jpg,D:\Biology-AI\data\Task2_Attributes\images\000025.jpg,True,True,True,
000026,D:\Biology-AI\data\Task1_Segmentation\images\000026.jpg,D:\Biology-AI\data\Task2_Attributes\images\000026.jpg,True,True,True,
000027,D:\Biology-AI\data\Task1_Segmentation\images\000027.jpg,D:\Biology-AI\data\Task2_Attributes\images\000027.jpg,True,True,True,
000028,D:\Biology-AI\data\Task1_Segmentation\images\000028.jpg,D:\Biology-AI\data\Task2_Attributes\images\000028.jpg,True,True,True,
000029,D:\Biology-AI\data\Task1_Segmentation\images\000029.jpg,D:\Biology-AI\data\Task2_Attributes\images\000029.jpg,True,True,True,
000030,D:\Biology-AI\data\Task1_Segmentation\images\000030.jpg,D:\Biology-AI\data\Task2_Attributes\images\000030.jpg,True,True,True,
000031,D:\Biology-AI\data\Task1_Segmentation\images\000031.jpg,D:\Biology-AI\data\Task2_Attributes\images\000031.jpg,True,True,True,
000032,D:\Biology-AI\data\Task1_Segmentation\images\000032.jpg,D:\Biology-AI\data\Task2_Attributes\images\000032.jpg,True,True,True,
000033,D:\Biology-AI\data\Task1_Segmentation\images\000033.jpg,D:\Biology-AI\data\Task2_Attributes\images\000033.jpg,True,True,True,
000034,D:\Biology-AI\data\Task1_Segmentation\images\000034.jpg,D:\Biology-AI\data\Task2_Attributes\images\000034.jpg,True,True,True,
000035,D:\Biology-AI\data\Task1_Segmentation\images\000035.jpg,D:\Biology-AI\data\Task2_Attributes\images\000035.jpg,True,True,True,
000036,D:\Biology-AI\data\Task1_Segmentation\images\000036.jpg,D:\Biology-AI\data\Task2_Attributes\images\000036.jpg,True,True,True,
000037,D:\Biology-AI\data\Task1_Segmentation\images\000037.jpg,D:\Biology-AI\data\Task2_Attributes\images\000037.jpg,True,True,True,
000038,D:\Biology-AI\data\Task1_Segmentation\images\000038.jpg,D:\Biology-AI\data\Task2_Attributes\images\000038.jpg,True,True,True,
000039,D:\Biology-AI\data\Task1_Segmentation\images\000039.jpg,D:\Biology-AI\data\Task2_Attributes\images\000039.jpg,True,True,True,
000040,D:\Biology-AI\data\Task1_Segmentation\images\000040.jpg,D:\Biology-AI\data\Task2_Attributes\images\000040.jpg,True,True,True,
000041,D:\Biology-AI\data\Task1_Segmentation\images\000041.jpg,D:\Biology-AI\data\Task2_Attributes\images\000041.jpg,True,True,True,
000042,D:\Biology-AI\data\Task1_Segmentation\images\000042.jpg,D:\Biology-AI\data\Task2_Attributes\images\000042.jpg,True,True,True,
000043,D:\Biology-AI\data\Task1_Segmentation\images\000043.jpg,D:\Biology-AI\data\Task2_Attributes\images\000043.jpg,True,True,True,
000044,D:\Biology-AI\data\Task1_Segmentation\images\000044.jpg,D:\Biology-AI\data\Task2_Attributes\images\000044.jpg,True,True,True,
000045,D:\Biology-AI\data\Task1_Segmentation\images\000045.jpg,D:\Biology-AI\data\Task2_Attributes\images\000045.jpg,True,True,True,
000046,D:\Biology-AI\data\Task1_Segmentation\images\000046.jpg,D:\Biology-AI\data\Task2_Attributes\images\000046.jpg,True,True,True,
000047,D:\Biology-AI\data\Task1_Segmentation\images\000047.jpg,D:\Biology-AI\data\Task2_Attributes\images\000047.jpg,True,True,True,
000048,D:\Biology-AI\data\Task1_Segmentation\images\000048.jpg,D:\Biology-AI\data\Task2_Attributes\images\000048.jpg,True,True,True,
000049,D:\Biology-AI\data\Task1_Segmentation\images\000049.jpg,D:\Biology-AI\data\Task2_Attributes\images\000049.jpg,True,True,True,
000050,D:\Biology-AI\data\Task1_Segmentation\images\000050.jpg,D:\Biology-AI\data\Task2_Attributes\images\000050.jpg,True,True,True,
000051,D:\Biology-AI\data\Task1_Segmentation\images\000051.jpg,D:\Biology-AI\data\Task2_Attributes\images\000051.jpg,True,True,True,
000052,D:\Biology-AI\data\Task1_Segmentation\images\000052.jpg,D:\Biology-AI\data\Task2_Attributes\images\000052.jpg,True,True,True,
000053,D:\Biology-AI\data\Task1_Segmentation\images\000053.jpg,D:\Biology-AI\data\Task2_Attributes\images\000053.jpg,True,True,True,
000054,D:\Biology-AI\data\Task1_Segmentation\images\000054.jpg,D:\Biology-AI\data\Task2_Attributes\images\000054.jpg,True,True,True,
000055,D:\Biology-AI\data\Task1_Segmentation\images\000055.jpg,D:\Biology-AI\data\Task2_Attributes\images\000055.jpg,True,True,True,
000056,D:\Biology-AI\data\Task1_Segmentation\images\000056.jpg,D:\Biology-AI\data\Task2_Attributes\images\000056.jpg,True,True,True,
000057,D:\Biology-AI\data\Task1_Segmentation\images\000057.jpg,D:\Biology-AI\data\Task2_Attributes\images\000057.jpg,True,True,True,
000058,D:\Biology-AI\data\Task1_Segmentation\images\000058.jpg,D:\Biology-AI\data\Task2_Attributes\images\000058.jpg,True,True,True,
000059,D:\Biology-AI\data\Task1_Segmentation\images\000059.jpg,D:\Biology-AI\data\Task2_Attributes\images\000059.jpg,True,True,True,
000060,D:\Biology-AI\data\Task1_Segmentation\images\000060.jpg,D:\Biology-AI\data\Task2_Attributes\images\000060.jpg,True,True,True,
000061,D:\Biology-AI\data\Task1_Segmentation\images\000061.jpg,D:\Biology-AI\data\Task2_Attributes\images\000061.jpg,True,True,True,
000062,D:\Biology-AI\data\Task1_Segmentation\images\000062.jpg,D:\Biology-AI\data\Task2_Attributes\images\000062.jpg,True,True,True,
000063,D:\Biology-AI\data\Task1_Segmentation\images\000063.jpg,D:\Biology-AI\data\Task2_Attributes\images\000063.jpg,True,True,True,
000064,D:\Biology-AI\data\Task1_Segmentation\images\000064.jpg,D:\Biology-AI\data\Task2_Attributes\images\000064.jpg,True,True,True,
000065,D:\Biology-AI\data\Task1_Segmentation\images\000065.jpg,D:\Biology-AI\data\Task2_Attributes\images\000065.jpg,True,True,True,
000066,D:\Biology-AI\data\Task1_Segmentation\images\000066.jpg,D:\Biology-AI\data\Task2_Attributes\images\000066.jpg,True,True,True,
000067,D:\Biology-AI\data\Task1_Segmentation\images\000067.jpg,D:\Biology-AI\data\Task2_Attributes\images\000067.jpg,True,True,True,
000068,D:\Biology-AI\data\Task1_Segmentation\images\000068.jpg,D:\Biology-AI\data\Task2_Attributes\images\000068.jpg,True,True,True,
000069,D:\Biology-AI\data\Task1_Segmentation\images\000069.jpg,D:\Biology-AI\data\Task2_Attributes\images\000069.jpg,True,True,True,
000070,D:\Biology-AI\data\Task1_Segmentation\images\000070.jpg,D:\Biology-AI\data\Task2_Attributes\images\000070.jpg,True,True,True,
000071,D:\Biology-AI\data\Task1_Segmentation\images\000071.jpg,D:\Biology-AI\data\Task2_Attributes\images\000071.jpg,True,True,True,
000072,D:\Biology-AI\data\Task1_Segmentation\images\000072.jpg,D:\Biology-AI\data\Task2_Attributes\images\000072.jpg,True,True,True,
000073,D:\Biology-AI\data\Task1_Segmentation\images\000073.jpg,D:\Biology-AI\data\Task2_Attributes\images\000073.jpg,True,True,True,
000074,D:\Biology-AI\data\Task1_Segmentation\images\000074.jpg,D:\Biology-AI\data\Task2_Attributes\images\000074.jpg,True,True,True,
000075,D:\Biology-AI\data\Task1_Segmentation\images\000075.jpg,D:\Biology-AI\data\Task2_Attributes\images\000075.jpg,True,True,True,
000076,D:\Biology-AI\data\Task1_Segmentation\images\000076.jpg,D:\Biology-AI\data\Task2_Attributes\images\000076.jpg,True,True,True,
000077,D:\Biology-AI\data\Task1_Segmentation\images\000077.jpg,D:\Biology-AI\data\Task2_Attributes\images\000077.jpg,True,True,True,
000078,D:\Biology-AI\data\Task1_Segmentation\images\000078.jpg,D:\Biology-AI\data\Task2_Attributes\images\000078.jpg,True,True,True,
000079,D:\Biology-AI\data\Task1_Segmentation\images\000079.jpg,D:\Biology-AI\data\Task2_Attributes\images\000079.jpg,True,True,True,
000080,D:\Biology-AI\data\Task1_Segmentation\images\000080.jpg,D:\Biology-AI\data\Task2_Attributes\images\000080.jpg,True,True,True,
000081,D:\Biology-AI\data\Task1_Segmentation\images\000081.jpg,D:\Biology-AI\data\Task2_Attributes\images\000081.jpg,True,True,True,
000082,D:\Biology-AI\data\Task1_Segmentation\images\000082.jpg,D:\Biology-AI\data\Task2_Attributes\images\000082.jpg,True,True,True,
000083,D:\Biology-AI\data\Task1_Segmentation\images\000083.jpg,D:\Biology-AI\data\Task2_Attributes\images\000083.jpg,True,True,True,
000084,D:\Biology-AI\data\Task1_Segmentation\images\000084.jpg,D:\Biology-AI\data\Task2_Attributes\images\000084.jpg,True,True,True,
000085,D:\Biology-AI\data\Task1_Segmentation\images\000085.jpg,D:\Biology-AI\data\Task2_Attributes\images\000085.jpg,True,True,True,
000086,D:\Biology-AI\data\Task1_Segmentation\images\000086.jpg,D:\Biology-AI\data\Task2_Attributes\images\000086.jpg,True,True,True,
000087,D:\Biology-AI\data\Task1_Segmentation\images\000087.jpg,D:\Biology-AI\data\Task2_Attributes\images\000087.jpg,True,True,True,
000088,D:\Biology-AI\data\Task1_Segmentation\images\000088.jpg,D:\Biology-AI\data\Task2_Attributes\images\000088.jpg,True,True,True,
000089,D:\Biology-AI\data\Task1_Segmentation\images\000089.jpg,D:\Biology-AI\data\Task2_Attributes\images\000089.jpg,True,True,True,
000090,D:\Biology-AI\data\Task1_Segmentation\images\000090.jpg,D:\Biology-AI\data\Task2_Attributes\images\000090.jpg,True,True,True,
000091,D:\Biology-AI\data\Task1_Segmentation\images\000091.jpg,D:\Biology-AI\data\Task2_Attributes\images\000091.jpg,True,True,True,
000092,D:\Biology-AI\data\Task1_Segmentation\images\000092.jpg,D:\Biology-AI\data\Task2_Attributes\images\000092.jpg,True,True,True,
000093,D:\Biology-AI\data\Task1_Segmentation\images\000093.jpg,D:\Biology-AI\data\Task2_Attributes\images\000093.jpg,True,True,True,
000094,D:\Biology-AI\data\Task1_Segmentation\images\000094.jpg,D:\Biology-AI\data\Task2_Attributes\images\000094.jpg,True,True,True,
000095,D:\Biology-AI\data\Task1_Segmentation\images\000095.jpg,D:\Biology-AI\data\Task2_Attributes\images\000095.jpg,True,True,True,
000096,D:\Biology-AI\data\Task1_Segmentation\images\000096.jpg,D:\Biology-AI\data\Task2_Attributes\images\000096.jpg,True,True,True,
000097,D:\Biology-AI\data\Task1_Segmentation\images\000097.jpg,D:\Biology-AI\data\Task2_Attributes\images\000097.jpg,True,True,True,
000098,D:\Biology-AI\data\Task1_Segmentation\images\000098.jpg,D:\Biology-AI\data\Task2_Attributes\images\000098.jpg,True,True,True,
000099,D:\Biology-AI\data\Task1_Segmentation\images\000099.jpg,D:\Biology-AI\data\Task2_Attributes\images\000099.jpg,True,True,True,
000100,D:\Biology-AI\data\Task1_Segmentation\images\000100.jpg,D:\Biology-AI\data\Task2_Attributes\images\000100.jpg,True,True,True,
000101,D:\Biology-AI\data\Task1_Segmentation\images\000101.jpg,D:\Biology-AI\data\Task2_Attributes\images\000101.jpg,True,True,True,
000102,D:\Biology-AI\data\Task1_Segmentation\images\000102.jpg,D:\Biology-AI\data\Task2_Attributes\images\000102.jpg,True,True,True,
000103,D:\Biology-AI\data\Task1_Segmentation\images\000103.jpg,D:\Biology-AI\data\Task2_Attributes\images\000103.jpg,True,True,True,
000104,D:\Biology-AI\data\Task1_Segmentation\images\000104.jpg,D:\Biology-AI\data\Task2_Attributes\images\000104.jpg,True,True,True,
000105,D:\Biology-AI\data\Task1_Segmentation\images\000105.jpg,D:\Biology-AI\data\Task2_Attributes\images\000105.jpg,True,True,True,
000106,D:\Biology-AI\data\Task1_Segmentation\images\000106.jpg,D:\Biology-AI\data\Task2_Attributes\images\000106.jpg,True,True,True,
000107,D:\Biology-AI\data\Task1_Segmentation\images\000107.jpg,D:\Biology-AI\data\Task2_Attributes\images\000107.jpg,True,True,True,
000108,D:\Biology-AI\data\Task1_Segmentation\images\000108.jpg,D:\Biology-AI\data\Task2_Attributes\images\000108.jpg,True,True,True,
000109,D:\Biology-AI\data\Task1_Segmentation\images\000109.jpg,D:\Biology-AI\data\Task2_Attributes\images\000109.jpg,True,True,True,
000110,D:\Biology-AI\data\Task1_Segmentation\images\000110.jpg,D:\Biology-AI\data\Task2_Attributes\images\000110.jpg,True,True,True,
000111,D:\Biology-AI\data\Task1_Segmentation\images\000111.jpg,D:\Biology-AI\data\Task2_Attributes\images\000111.jpg,True,True,True,
000112,D:\Biology-AI\data\Task1_Segmentation\images\000112.jpg,D:\Biology-AI\data\Task2_Attributes\images\000112.jpg,True,True,True,
000113,D:\Biology-AI\data\Task1_Segmentation\images\000113.jpg,D:\Biology-AI\data\Task2_Attributes\images\000113.jpg,True,True,True,
000114,D:\Biology-AI\data\Task1_Segmentation\images\000114.jpg,D:\Biology-AI\data\Task2_Attributes\images\000114.jpg,True,True,True,
000115,D:\Biology-AI\data\Task1_Segmentation\images\000115.jpg,D:\Biology-AI\data\Task2_Attributes\images\000115.jpg,True,True,True,
000116,D:\Biology-AI\data\Task1_Segmentation\images\000116.jpg,D:\Biology-AI\data\Task2_Attributes\images\000116.jpg,True,True,True,
000117,D:\Biology-AI\data\Task1_Segmentation\images\000117.jpg,D:\Biology-AI\data\Task2_Attributes\images\000117.jpg,True,True,True,
000118,D:\Biology-AI\data\Task1_Segmentation\images\000118.jpg,D:\Biology-AI\data\Task2_Attributes\images\000118.jpg,True,True,True,
000119,D:\Biology-AI\data\Task1_Segmentation\images\000119.jpg,D:\Biology-AI\data\Task2_Attributes\images\000119.jpg,True,True,True,
000120,D:\Biology-AI\data\Task1_Segmentation\images\000120.jpg,D:\Biology-AI\data\Task2_Attributes\images\000120.jpg,True,True,True,
000121,D:\Biology-AI\data\Task1_Segmentation\images\000121.jpg,D:\Biology-AI\data\Task2_Attributes\images\000121.jpg,True,True,True,
000122,D:\Biology-AI\data\Task1_Segmentation\images\000122.jpg,D:\Biology-AI\data\Task2_Attributes\images\000122.jpg,True,True,True,
000123,D:\Biology-AI\data\Task1_Segmentation\images\000123.jpg,D:\Biology-AI\data\Task2_Attributes\images\000123.jpg,True,True,True,
000124,D:\Biology-AI\data\Task1_Segmentation\images\000124.jpg,D:\Biology-AI\data\Task2_Attributes\images\000124.jpg,True,True,True,
000125,D:\Biology-AI\data\Task1_Segmentation\images\000125.jpg,D:\Biology-AI\data\Task2_Attributes\images\000125.jpg,True,True,True,
000126,D:\Biology-AI\data\Task1_Segmentation\images\000126.jpg,D:\Biology-AI\data\Task2_Attributes\images\000126.jpg,True,True,True,
000127,D:\Biology-AI\data\Task1_Segmentation\images\000127.jpg,D:\Biology-AI\data\Task2_Attributes\images\000127.jpg,True,True,True,
000128,D:\Biology-AI\data\Task1_Segmentation\images\000128.jpg,D:\Biology-AI\data\Task2_Attributes\images\000128.jpg,True,True,True,
000129,D:\Biology-AI\data\Task1_Segmentation\images\000129.jpg,D:\Biology-AI\data\Task2_Attributes\images\000129.jpg,True,True,True,
000130,D:\Biology-AI\data\Task1_Segmentation\images\000130.jpg,D:\Biology-AI\data\Task2_Attributes\images\000130.jpg,True,True,True,
000131,D:\Biology-AI\data\Task1_Segmentation\images\000131.jpg,D:\Biology-AI\data\Task2_Attributes\images\000131.jpg,True,True,True,
000132,D:\Biology-AI\data\Task1_Segmentation\images\000132.jpg,D:\Biology-AI\data\Task2_Attributes\images\000132.jpg,True,True,True,
000133,D:\Biology-AI\data\Task1_Segmentation\images\000133.jpg,D:\Biology-AI\data\Task2_Attributes\images\000133.jpg,True,True,True,
000134,D:\Biology-AI\data\Task1_Segmentation\images\000134.jpg,D:\Biology-AI\data\Task2_Attributes\images\000134.jpg,True,True,True,
000135,D:\Biology-AI\data\Task1_Segmentation\images\000135.jpg,D:\Biology-AI\data\Task2_Attributes\images\000135.jpg,True,True,True,
000136,D:\Biology-AI\data\Task1_Segmentation\images\000136.jpg,D:\Biology-AI\data\Task2_Attributes\images\000136.jpg,True,True,True,
000137,D:\Biology-AI\data\Task1_Segmentation\images\000137.jpg,D:\Biology-AI\data\Task2_Attributes\images\000137.jpg,True,True,True,
000138,D:\Biology-AI\data\Task1_Segmentation\images\000138.jpg,D:\Biology-AI\data\Task2_Attributes\images\000138.jpg,True,True,True,
000139,D:\Biology-AI\data\Task1_Segmentation\images\000139.jpg,D:\Biology-AI\data\Task2_Attributes\images\000139.jpg,True,True,True,
000140,D:\Biology-AI\data\Task1_Segmentation\images\000140.jpg,D:\Biology-AI\data\Task2_Attributes\images\000140.jpg,True,True,True,
000141,D:\Biology-AI\data\Task1_Segmentation\images\000141.jpg,D:\Biology-AI\data\Task2_Attributes\images\000141.jpg,True,True,True,
000142,D:\Biology-AI\data\Task1_Segmentation\images\000142.jpg,D:\Biology-AI\data\Task2_Attributes\images\000142.jpg,True,True,True,
000143,D:\Biology-AI\data\Task1_Segmentation\images\000143.jpg,D:\Biology-AI\data\Task2_Attributes\images\000143.jpg,True,True,True,
000144,D:\Biology-AI\data\Task1_Segmentation\images\000144.jpg,D:\Biology-AI\data\Task2_Attributes\images\000144.jpg,True,True,True,
000145,D:\Biology-AI\data\Task1_Segmentation\images\000145.jpg,D:\Biology-AI\data\Task2_Attributes\images\000145.jpg,True,True,True,
000146,D:\Biology-AI\data\Task1_Segmentation\images\000146.jpg,D:\Biology-AI\data\Task2_Attributes\images\000146.jpg,True,True,True,
000147,D:\Biology-AI\data\Task1_Segmentation\images\000147.jpg,D:\Biology-AI\data\Task2_Attributes\images\000147.jpg,True,True,True,
000148,D:\Biology-AI\data\Task1_Segmentation\images\000148.jpg,D:\Biology-AI\data\Task2_Attributes\images\000148.jpg,True,True,True,
000149,D:\Biology-AI\data\Task1_Segmentation\images\000149.jpg,D:\Biology-AI\data\Task2_Attributes\images\000149.jpg,True,True,True,
000150,D:\Biology-AI\data\Task1_Segmentation\images\000150.jpg,D:\Biology-AI\data\Task2_Attributes\images\000150.jpg,True,True,True,
000151,D:\Biology-AI\data\Task1_Segmentation\images\000151.jpg,D:\Biology-AI\data\Task2_Attributes\images\000151.jpg,True,True,True,
000152,D:\Biology-AI\data\Task1_Segmentation\images\000152.jpg,D:\Biology-AI\data\Task2_Attributes\images\000152.jpg,True,True,True,
000153,D:\Biology-AI\data\Task1_Segmentation\images\000153.jpg,D:\Biology-AI\data\Task2_Attributes\images\000153.jpg,True,True,True,
000154,D:\Biology-AI\data\Task1_Segmentation\images\000154.jpg,D:\Biology-AI\data\Task2_Attributes\images\000154.jpg,True,True,True,
000155,D:\Biology-AI\data\Task1_Segmentation\images\000155.jpg,D:\Biology-AI\data\Task2_Attributes\images\000155.jpg,True,True,True,
000156,D:\Biology-AI\data\Task1_Segmentation\images\000156.jpg,D:\Biology-AI\data\Task2_Attributes\images\000156.jpg,True,True,True,
000157,D:\Biology-AI\data\Task1_Segmentation\images\000157.jpg,D:\Biology-AI\data\Task2_Attributes\images\000157.jpg,True,True,True,
000158,D:\Biology-AI\data\Task1_Segmentation\images\000158.jpg,D:\Biology-AI\data\Task2_Attributes\images\000158.jpg,True,True,True,
000159,D:\Biology-AI\data\Task1_Segmentation\images\000159.jpg,D:\Biology-AI\data\Task2_Attributes\images\000159.jpg,True,True,True,
000160,D:\Biology-AI\data\Task1_Segmentation\images\000160.jpg,D:\Biology-AI\data\Task2_Attributes\images\000160.jpg,True,True,True,
000161,D:\Biology-AI\data\Task1_Segmentation\images\000161.jpg,D:\Biology-AI\data\Task2_Attributes\images\000161.jpg,True,True,True,
000162,D:\Biology-AI\data\Task1_Segmentation\images\000162.jpg,D:\Biology-AI\data\Task2_Attributes\images\000162.jpg,True,True,True,
000163,D:\Biology-AI\data\Task1_Segmentation\images\000163.jpg,D:\Biology-AI\data\Task2_Attributes\images\000163.jpg,True,True,True,
000164,D:\Biology-AI\data\Task1_Segmentation\images\000164.jpg,D:\Biology-AI\data\Task2_Attributes\images\000164.jpg,True,True,True,
000165,D:\Biology-AI\data\Task1_Segmentation\images\000165.jpg,D:\Biology-AI\data\Task2_Attributes\images\000165.jpg,True,True,True,
000166,D:\Biology-AI\data\Task1_Segmentation\images\000166.jpg,D:\Biology-AI\data\Task2_Attributes\images\000166.jpg,True,True,True,
000167,D:\Biology-AI\data\Task1_Segmentation\images\000167.jpg,D:\Biology-AI\data\Task2_Attributes\images\000167.jpg,True,True,True,
000168,D:\Biology-AI\data\Task1_Segmentation\images\000168.jpg,D:\Biology-AI\data\Task2_Attributes\images\000168.jpg,True,True,True,
000169,D:\Biology-AI\data\Task1_Segmentation\images\000169.jpg,D:\Biology-AI\data\Task2_Attributes\images\000169.jpg,True,True,True,
000170,D:\Biology-AI\data\Task1_Segmentation\images\000170.jpg,D:\Biology-AI\data\Task2_Attributes\images\000170.jpg,True,True,True,
000171,D:\Biology-AI\data\Task1_Segmentation\images\000171.jpg,D:\Biology-AI\data\Task2_Attributes\images\000171.jpg,True,True,True,
000172,D:\Biology-AI\data\Task1_Segmentation\images\000172.jpg,D:\Biology-AI\data\Task2_Attributes\images\000172.jpg,True,True,True,
000173,D:\Biology-AI\data\Task1_Segmentation\images\000173.jpg,D:\Biology-AI\data\Task2_Attributes\images\000173.jpg,True,True,True,
000174,D:\Biology-AI\data\Task1_Segmentation\images\000174.jpg,D:\Biology-AI\data\Task2_Attributes\images\000174.jpg,True,True,True,
000175,D:\Biology-AI\data\Task1_Segmentation\images\000175.jpg,D:\Biology-AI\data\Task2_Attributes\images\000175.jpg,True,True,True,
000176,D:\Biology-AI\data\Task1_Segmentation\images\000176.jpg,D:\Biology-AI\data\Task2_Attributes\images\000176.jpg,True,True,True,
000177,D:\Biology-AI\data\Task1_Segmentation\images\000177.jpg,D:\Biology-AI\data\Task2_Attributes\images\000177.jpg,True,True,True,
000178,D:\Biology-AI\data\Task1_Segmentation\images\000178.jpg,D:\Biology-AI\data\Task2_Attributes\images\000178.jpg,True,True,True,
000179,D:\Biology-AI\data\Task1_Segmentation\images\000179.jpg,D:\Biology-AI\data\Task2_Attributes\images\000179.jpg,True,True,True,
000180,D:\Biology-AI\data\Task1_Segmentation\images\000180.jpg,D:\Biology-AI\data\Task2_Attributes\images\000180.jpg,True,True,True,
000181,D:\Biology-AI\data\Task1_Segmentation\images\000181.jpg,D:\Biology-AI\data\Task2_Attributes\images\000181.jpg,True,True,True,
000182,D:\Biology-AI\data\Task1_Segmentation\images\000182.jpg,D:\Biology-AI\data\Task2_Attributes\images\000182.jpg,True,True,True,
000183,D:\Biology-AI\data\Task1_Segmentation\images\000183.jpg,D:\Biology-AI\data\Task2_Attributes\images\000183.jpg,True,True,True,
000184,D:\Biology-AI\data\Task1_Segmentation\images\000184.jpg,D:\Biology-AI\data\Task2_Attributes\images\000184.jpg,True,True,True,
000185,D:\Biology-AI\data\Task1_Segmentation\images\000185.jpg,D:\Biology-AI\data\Task2_Attributes\images\000185.jpg,True,True,True,
000186,D:\Biology-AI\data\Task1_Segmentation\images\000186.jpg,D:\Biology-AI\data\Task2_Attributes\images\000186.jpg,True,True,True,
000187,D:\Biology-AI\data\Task1_Segmentation\images\000187.jpg,D:\Biology-AI\data\Task2_Attributes\images\000187.jpg,True,True,True,
000188,D:\Biology-AI\data\Task1_Segmentation\images\000188.jpg,D:\Biology-AI\data\Task2_Attributes\images\000188.jpg,True,True,True,
000189,D:\Biology-AI\data\Task1_Segmentation\images\000189.jpg,D:\Biology-AI\data\Task2_Attributes\images\000189.jpg,True,True,True,
000190,D:\Biology-AI\data\Task1_Segmentation\images\000190.jpg,D:\Biology-AI\data\Task2_Attributes\images\000190.jpg,True,True,True,
000191,D:\Biology-AI\data\Task1_Segmentation\images\000191.jpg,D:\Biology-AI\data\Task2_Attributes\images\000191.jpg,True,True,True,
000192,D:\Biology-AI\data\Task1_Segmentation\images\000192.jpg,D:\Biology-AI\data\Task2_Attributes\images\000192.jpg,True,True,True,
000193,D:\Biology-AI\data\Task1_Segmentation\images\000193.jpg,D:\Biology-AI\data\Task2_Attributes\images\000193.jpg,True,True,True,
000194,D:\Biology-AI\data\Task1_Segmentation\images\000194.jpg,D:\Biology-AI\data\Task2_Attributes\images\000194.jpg,True,True,True,
000195,D:\Biology-AI\data\Task1_Segmentation\images\000195.jpg,D:\Biology-AI\data\Task2_Attributes\images\000195.jpg,True,True,True,
000196,D:\Biology-AI\data\Task1_Segmentation\images\000196.jpg,D:\Biology-AI\data\Task2_Attributes\images\000196.jpg,True,True,True,
000197,D:\Biology-AI\data\Task1_Segmentation\images\000197.jpg,D:\Biology-AI\data\Task2_Attributes\images\000197.jpg,True,True,True,
000198,D:\Biology-AI\data\Task1_Segmentation\images\000198.jpg,D:\Biology-AI\data\Task2_Attributes\images\000198.jpg,True,True,True,
000199,D:\Biology-AI\data\Task1_Segmentation\images\000199.jpg,D:\Biology-AI\data\Task2_Attributes\images\000199.jpg,True,True,True,
000200,D:\Biology-AI\data\Task1_Segmentation\images\000200.jpg,D:\Biology-AI\data\Task2_Attributes\images\000200.jpg,True,True,True,
000201,D:\Biology-AI\data\Task1_Segmentation\images\000201.jpg,D:\Biology-AI\data\Task2_Attributes\images\000201.jpg,True,True,True,
000202,D:\Biology-AI\data\Task1_Segmentation\images\000202.jpg,D:\Biology-AI\data\Task2_Attributes\images\000202.jpg,True,True,True,
000203,D:\Biology-AI\data\Task1_Segmentation\images\000203.jpg,D:\Biology-AI\data\Task2_Attributes\images\000203.jpg,True,True,True,
000204,D:\Biology-AI\data\Task1_Segmentation\images\000204.jpg,D:\Biology-AI\data\Task2_Attributes\images\000204.jpg,True,True,True,
000205,D:\Biology-AI\data\Task1_Segmentation\images\000205.jpg,D:\Biology-AI\data\Task2_Attributes\images\000205.jpg,True,True,True,
000206,D:\Biology-AI\data\Task1_Segmentation\images\000206.jpg,D:\Biology-AI\data\Task2_Attributes\images\000206.jpg,True,True,True,
000207,D:\Biology-AI\data\Task1_Segmentation\images\000207.jpg,D:\Biology-AI\data\Task2_Attributes\images\000207.jpg,True,True,True,
000208,D:\Biology-AI\data\Task1_Segmentation\images\000208.jpg,D:\Biology-AI\data\Task2_Attributes\images\000208.jpg,True,True,True,
000209,D:\Biology-AI\data\Task1_Segmentation\images\000209.jpg,D:\Biology-AI\data\Task2_Attributes\images\000209.jpg,True,True,True,
000210,D:\Biology-AI\data\Task1_Segmentation\images\000210.jpg,D:\Biology-AI\data\Task2_Attributes\images\000210.jpg,True,True,True,
000211,D:\Biology-AI\data\Task1_Segmentation\images\000211.jpg,D:\Biology-AI\data\Task2_Attributes\images\000211.jpg,True,True,True,
000212,D:\Biology-AI\data\Task1_Segmentation\images\000212.jpg,D:\Biology-AI\data\Task2_Attributes\images\000212.jpg,True,True,True,
000213,D:\Biology-AI\data\Task1_Segmentation\images\000213.jpg,D:\Biology-AI\data\Task2_Attributes\images\000213.jpg,True,True,True,
000214,D:\Biology-AI\data\Task1_Segmentation\images\000214.jpg,D:\Biology-AI\data\Task2_Attributes\images\000214.jpg,True,True,True,
000215,D:\Biology-AI\data\Task1_Segmentation\images\000215.jpg,D:\Biology-AI\data\Task2_Attributes\images\000215.jpg,True,True,True,
000216,D:\Biology-AI\data\Task1_Segmentation\images\000216.jpg,D:\Biology-AI\data\Task2_Attributes\images\000216.jpg,True,True,True,
000217,D:\Biology-AI\data\Task1_Segmentation\images\000217.jpg,D:\Biology-AI\data\Task2_Attributes\images\000217.jpg,True,True,True,
000218,D:\Biology-AI\data\Task1_Segmentation\images\000218.jpg,D:\Biology-AI\data\Task2_Attributes\images\000218.jpg,True,True,True,
000219,D:\Biology-AI\data\Task1_Segmentation\images\000219.jpg,D:\Biology-AI\data\Task2_Attributes\images\000219.jpg,True,True,True,
000220,D:\Biology-AI\data\Task1_Segmentation\images\000220.jpg,D:\Biology-AI\data\Task2_Attributes\images\000220.jpg,True,True,True,
000221,D:\Biology-AI\data\Task1_Segmentation\images\000221.jpg,D:\Biology-AI\data\Task2_Attributes\images\000221.jpg,True,True,True,
000222,D:\Biology-AI\data\Task1_Segmentation\images\000222.jpg,D:\Biology-AI\data\Task2_Attributes\images\000222.jpg,True,True,True,
000223,D:\Biology-AI\data\Task1_Segmentation\images\000223.jpg,D:\Biology-AI\data\Task2_Attributes\images\000223.jpg,True,True,True,
000224,D:\Biology-AI\data\Task1_Segmentation\images\000224.jpg,D:\Biology-AI\data\Task2_Attributes\images\000224.jpg,True,True,True,
000225,D:\Biology-AI\data\Task1_Segmentation\images\000225.jpg,D:\Biology-AI\data\Task2_Attributes\images\000225.jpg,True,True,True,
000226,D:\Biology-AI\data\Task1_Segmentation\images\000226.jpg,D:\Biology-AI\data\Task2_Attributes\images\000226.jpg,True,True,True,
000227,D:\Biology-AI\data\Task1_Segmentation\images\000227.jpg,D:\Biology-AI\data\Task2_Attributes\images\000227.jpg,True,True,True,
000228,D:\Biology-AI\data\Task1_Segmentation\images\000228.jpg,D:\Biology-AI\data\Task2_Attributes\images\000228.jpg,True,True,True,
000229,D:\Biology-AI\data\Task1_Segmentation\images\000229.jpg,D:\Biology-AI\data\Task2_Attributes\images\000229.jpg,True,True,True,
000230,D:\Biology-AI\data\Task1_Segmentation\images\000230.jpg,D:\Biology-AI\data\Task2_Attributes\images\000230.jpg,True,True,True,
000231,D:\Biology-AI\data\Task1_Segmentation\images\000231.jpg,D:\Biology-AI\data\Task2_Attributes\images\000231.jpg,True,True,True,
000232,D:\Biology-AI\data\Task1_Segmentation\images\000232.jpg,D:\Biology-AI\data\Task2_Attributes\images\000232.jpg,True,True,True,
000233,D:\Biology-AI\data\Task1_Segmentation\images\000233.jpg,D:\Biology-AI\data\Task2_Attributes\images\000233.jpg,True,True,True,
000234,D:\Biology-AI\data\Task1_Segmentation\images\000234.jpg,D:\Biology-AI\data\Task2_Attributes\images\000234.jpg,True,True,True,
000235,D:\Biology-AI\data\Task1_Segmentation\images\000235.jpg,D:\Biology-AI\data\Task2_Attributes\images\000235.jpg,True,True,True,
000236,D:\Biology-AI\data\Task1_Segmentation\images\000236.jpg,D:\Biology-AI\data\Task2_Attributes\images\000236.jpg,True,True,True,
000237,D:\Biology-AI\data\Task1_Segmentation\images\000237.jpg,D:\Biology-AI\data\Task2_Attributes\images\000237.jpg,True,True,True,
000238,D:\Biology-AI\data\Task1_Segmentation\images\000238.jpg,D:\Biology-AI\data\Task2_Attributes\images\000238.jpg,True,True,True,
000239,D:\Biology-AI\data\Task1_Segmentation\images\000239.jpg,D:\Biology-AI\data\Task2_Attributes\images\000239.jpg,True,True,True,
000240,D:\Biology-AI\data\Task1_Segmentation\images\000240.jpg,D:\Biology-AI\data\Task2_Attributes\images\000240.jpg,True,True,True,
000241,D:\Biology-AI\data\Task1_Segmentation\images\000241.jpg,D:\Biology-AI\data\Task2_Attributes\images\000241.jpg,True,True,True,
000242,D:\Biology-AI\data\Task1_Segmentation\images\000242.jpg,D:\Biology-AI\data\Task2_Attributes\images\000242.jpg,True,True,True,
000243,D:\Biology-AI\data\Task1_Segmentation\images\000243.jpg,D:\Biology-AI\data\Task2_Attributes\images\000243.jpg,True,True,True,
000244,D:\Biology-AI\data\Task1_Segmentation\images\000244.jpg,D:\Biology-AI\data\Task2_Attributes\images\000244.jpg,True,True,True,
000245,D:\Biology-AI\data\Task1_Segmentation\images\000245.jpg,D:\Biology-AI\data\Task2_Attributes\images\000245.jpg,True,True,True,
000246,D:\Biology-AI\data\Task1_Segmentation\images\000246.jpg,D:\Biology-AI\data\Task2_Attributes\images\000246.jpg,True,True,True,
000247,D:\Biology-AI\data\Task1_Segmentation\images\000247.jpg,D:\Biology-AI\data\Task2_Attributes\images\000247.jpg,True,True,True,
000248,D:\Biology-AI\data\Task1_Segmentation\images\000248.jpg,D:\Biology-AI\data\Task2_Attributes\images\000248.jpg,True,True,True,
000249,D:\Biology-AI\data\Task1_Segmentation\images\000249.jpg,D:\Biology-AI\data\Task2_Attributes\images\000249.jpg,True,True,True,
000250,D:\Biology-AI\data\Task1_Segmentation\images\000250.jpg,D:\Biology-AI\data\Task2_Attributes\images\000250.jpg,True,True,True,
000251,D:\Biology-AI\data\Task1_Segmentation\images\000251.jpg,D:\Biology-AI\data\Task2_Attributes\images\000251.jpg,True,True,True,
000252,D:\Biology-AI\data\Task1_Segmentation\images\000252.jpg,D:\Biology-AI\data\Task2_Attributes\images\000252.jpg,True,True,True,
000253,D:\Biology-AI\data\Task1_Segmentation\images\000253.jpg,D:\Biology-AI\data\Task2_Attributes\images\000253.jpg,True,True,True,
000254,D:\Biology-AI\data\Task1_Segmentation\images\000254.jpg,D:\Biology-AI\data\Task2_Attributes\images\000254.jpg,True,True,True,
000255,D:\Biology-AI\data\Task1_Segmentation\images\000255.jpg,D:\Biology-AI\data\Task2_Attributes\images\000255.jpg,True,True,True,
000256,D:\Biology-AI\data\Task1_Segmentation\images\000256.jpg,D:\Biology-AI\data\Task2_Attributes\images\000256.jpg,True,True,True,
000257,D:\Biology-AI\data\Task1_Segmentation\images\000257.jpg,D:\Biology-AI\data\Task2_Attributes\images\000257.jpg,True,True,True,
000258,D:\Biology-AI\data\Task1_Segmentation\images\000258.jpg,D:\Biology-AI\data\Task2_Attributes\images\000258.jpg,True,True,True,
000259,D:\Biology-AI\data\Task1_Segmentation\images\000259.jpg,D:\Biology-AI\data\Task2_Attributes\images\000259.jpg,True,True,True,
000260,D:\Biology-AI\data\Task1_Segmentation\images\000260.jpg,D:\Biology-AI\data\Task2_Attributes\images\000260.jpg,True,True,True,
000261,D:\Biology-AI\data\Task1_Segmentation\images\000261.jpg,D:\Biology-AI\data\Task2_Attributes\images\000261.jpg,True,True,True,
000262,D:\Biology-AI\data\Task1_Segmentation\images\000262.jpg,D:\Biology-AI\data\Task2_Attributes\images\000262.jpg,True,True,True,
000263,D:\Biology-AI\data\Task1_Segmentation\images\000263.jpg,D:\Biology-AI\data\Task2_Attributes\images\000263.jpg,True,True,True,
000264,D:\Biology-AI\data\Task1_Segmentation\images\000264.jpg,D:\Biology-AI\data\Task2_Attributes\images\000264.jpg,True,True,True,
000265,D:\Biology-AI\data\Task1_Segmentation\images\000265.jpg,D:\Biology-AI\data\Task2_Attributes\images\000265.jpg,True,True,True,
000266,D:\Biology-AI\data\Task1_Segmentation\images\000266.jpg,D:\Biology-AI\data\Task2_Attributes\images\000266.jpg,True,True,True,
000267,D:\Biology-AI\data\Task1_Segmentation\images\000267.jpg,D:\Biology-AI\data\Task2_Attributes\images\000267.jpg,True,True,True,
000268,D:\Biology-AI\data\Task1_Segmentation\images\000268.jpg,D:\Biology-AI\data\Task2_Attributes\images\000268.jpg,True,True,True,
000269,D:\Biology-AI\data\Task1_Segmentation\images\000269.jpg,D:\Biology-AI\data\Task2_Attributes\images\000269.jpg,True,True,True,
000270,D:\Biology-AI\data\Task1_Segmentation\images\000270.jpg,D:\Biology-AI\data\Task2_Attributes\images\000270.jpg,True,True,True,
000271,D:\Biology-AI\data\Task1_Segmentation\images\000271.jpg,D:\Biology-AI\data\Task2_Attributes\images\000271.jpg,True,True,True,
000272,D:\Biology-AI\data\Task1_Segmentation\images\000272.jpg,D:\Biology-AI\data\Task2_Attributes\images\000272.jpg,True,True,True,
000273,D:\Biology-AI\data\Task1_Segmentation\images\000273.jpg,D:\Biology-AI\data\Task2_Attributes\images\000273.jpg,True,True,True,
000274,D:\Biology-AI\data\Task1_Segmentation\images\000274.jpg,D:\Biology-AI\data\Task2_Attributes\images\000274.jpg,True,True,True,
000275,D:\Biology-AI\data\Task1_Segmentation\images\000275.jpg,D:\Biology-AI\data\Task2_Attributes\images\000275.jpg,True,True,True,
000276,D:\Biology-AI\data\Task1_Segmentation\images\000276.jpg,D:\Biology-AI\data\Task2_Attributes\images\000276.jpg,True,True,True,
000277,D:\Biology-AI\data\Task1_Segmentation\images\000277.jpg,D:\Biology-AI\data\Task2_Attributes\images\000277.jpg,True,True,True,
000278,D:\Biology-AI\data\Task1_Segmentation\images\000278.jpg,D:\Biology-AI\data\Task2_Attributes\images\000278.jpg,True,True,True,
000279,D:\Biology-AI\data\Task1_Segmentation\images\000279.jpg,D:\Biology-AI\data\Task2_Attributes\images\000279.jpg,True,True,True,
000280,D:\Biology-AI\data\Task1_Segmentation\images\000280.jpg,D:\Biology-AI\data\Task2_Attributes\images\000280.jpg,True,True,True,
000281,D:\Biology-AI\data\Task1_Segmentation\images\000281.jpg,D:\Biology-AI\data\Task2_Attributes\images\000281.jpg,True,True,True,
000282,D:\Biology-AI\data\Task1_Segmentation\images\000282.jpg,D:\Biology-AI\data\Task2_Attributes\images\000282.jpg,True,True,True,
000283,D:\Biology-AI\data\Task1_Segmentation\images\000283.jpg,D:\Biology-AI\data\Task2_Attributes\images\000283.jpg,True,True,True,
000284,D:\Biology-AI\data\Task1_Segmentation\images\000284.jpg,D:\Biology-AI\data\Task2_Attributes\images\000284.jpg,True,True,True,
000285,D:\Biology-AI\data\Task1_Segmentation\images\000285.jpg,D:\Biology-AI\data\Task2_Attributes\images\000285.jpg,True,True,True,
000286,D:\Biology-AI\data\Task1_Segmentation\images\000286.jpg,D:\Biology-AI\data\Task2_Attributes\images\000286.jpg,True,True,True,
000287,D:\Biology-AI\data\Task1_Segmentation\images\000287.jpg,D:\Biology-AI\data\Task2_Attributes\images\000287.jpg,True,True,True,
000288,D:\Biology-AI\data\Task1_Segmentation\images\000288.jpg,D:\Biology-AI\data\Task2_Attributes\images\000288.jpg,True,True,True,
000289,D:\Biology-AI\data\Task1_Segmentation\images\000289.jpg,D:\Biology-AI\data\Task2_Attributes\images\000289.jpg,True,True,True,
000290,D:\Biology-AI\data\Task1_Segmentation\images\000290.jpg,D:\Biology-AI\data\Task2_Attributes\images\000290.jpg,True,True,True,
000291,D:\Biology-AI\data\Task1_Segmentation\images\000291.jpg,D:\Biology-AI\data\Task2_Attributes\images\000291.jpg,True,True,True,
000292,D:\Biology-AI\data\Task1_Segmentation\images\000292.jpg,D:\Biology-AI\data\Task2_Attributes\images\000292.jpg,True,True,True,
000293,D:\Biology-AI\data\Task1_Segmentation\images\000293.jpg,D:\Biology-AI\data\Task2_Attributes\images\000293.jpg,True,True,True,
000294,D:\Biology-AI\data\Task1_Segmentation\images\000294.jpg,D:\Biology-AI\data\Task2_Attributes\images\000294.jpg,True,True,True,
000295,D:\Biology-AI\data\Task1_Segmentation\images\000295.jpg,D:\Biology-AI\data\Task2_Attributes\images\000295.jpg,True,True,True,
000296,D:\Biology-AI\data\Task1_Segmentation\images\000296.jpg,D:\Biology-AI\data\Task2_Attributes\images\000296.jpg,True,True,True,
000297,D:\Biology-AI\data\Task1_Segmentation\images\000297.jpg,D:\Biology-AI\data\Task2_Attributes\images\000297.jpg,True,True,True,
000298,D:\Biology-AI\data\Task1_Segmentation\images\000298.jpg,D:\Biology-AI\data\Task2_Attributes\images\000298.jpg,True,True,True,
000299,D:\Biology-AI\data\Task1_Segmentation\images\000299.jpg,D:\Biology-AI\data\Task2_Attributes\images\000299.jpg,True,True,True,
000300,D:\Biology-AI\data\Task1_Segmentation\images\000300.jpg,D:\Biology-AI\data\Task2_Attributes\images\000300.jpg,True,True,True,
000301,D:\Biology-AI\data\Task1_Segmentation\images\000301.jpg,D:\Biology-AI\data\Task2_Attributes\images\000301.jpg,True,True,True,
000302,D:\Biology-AI\data\Task1_Segmentation\images\000302.jpg,D:\Biology-AI\data\Task2_Attributes\images\000302.jpg,True,True,True,
000303,D:\Biology-AI\data\Task1_Segmentation\images\000303.jpg,D:\Biology-AI\data\Task2_Attributes\images\000303.jpg,True,True,True,
000304,D:\Biology-AI\data\Task1_Segmentation\images\000304.jpg,D:\Biology-AI\data\Task2_Attributes\images\000304.jpg,True,True,True,
000305,D:\Biology-AI\data\Task1_Segmentation\images\000305.jpg,D:\Biology-AI\data\Task2_Attributes\images\000305.jpg,True,True,True,
000306,D:\Biology-AI\data\Task1_Segmentation\images\000306.jpg,D:\Biology-AI\data\Task2_Attributes\images\000306.jpg,True,True,True,
000307,D:\Biology-AI\data\Task1_Segmentation\images\000307.jpg,D:\Biology-AI\data\Task2_Attributes\images\000307.jpg,True,True,True,
000308,D:\Biology-AI\data\Task1_Segmentation\images\000308.jpg,D:\Biology-AI\data\Task2_Attributes\images\000308.jpg,True,True,True,
000309,D:\Biology-AI\data\Task1_Segmentation\images\000309.jpg,D:\Biology-AI\data\Task2_Attributes\images\000309.jpg,True,True,True,
000310,D:\Biology-AI\data\Task1_Segmentation\images\000310.jpg,D:\Biology-AI\data\Task2_Attributes\images\000310.jpg,True,True,True,
000311,D:\Biology-AI\data\Task1_Segmentation\images\000311.jpg,D:\Biology-AI\data\Task2_Attributes\images\000311.jpg,True,True,True,
000312,D:\Biology-AI\data\Task1_Segmentation\images\000312.jpg,D:\Biology-AI\data\Task2_Attributes\images\000312.jpg,True,True,True,
000313,D:\Biology-AI\data\Task1_Segmentation\images\000313.jpg,D:\Biology-AI\data\Task2_Attributes\images\000313.jpg,True,True,True,
000314,D:\Biology-AI\data\Task1_Segmentation\images\000314.jpg,D:\Biology-AI\data\Task2_Attributes\images\000314.jpg,True,True,True,
000315,D:\Biology-AI\data\Task1_Segmentation\images\000315.jpg,D:\Biology-AI\data\Task2_Attributes\images\000315.jpg,True,True,True,
000316,D:\Biology-AI\data\Task1_Segmentation\images\000316.jpg,D:\Biology-AI\data\Task2_Attributes\images\000316.jpg,True,True,True,
000317,D:\Biology-AI\data\Task1_Segmentation\images\000317.jpg,D:\Biology-AI\data\Task2_Attributes\images\000317.jpg,True,True,True,
000318,D:\Biology-AI\data\Task1_Segmentation\images\000318.jpg,D:\Biology-AI\data\Task2_Attributes\images\000318.jpg,True,True,True,
000319,D:\Biology-AI\data\Task1_Segmentation\images\000319.jpg,D:\Biology-AI\data\Task2_Attributes\images\000319.jpg,True,True,True,
000320,D:\Biology-AI\data\Task1_Segmentation\images\000320.jpg,D:\Biology-AI\data\Task2_Attributes\images\000320.jpg,True,True,True,
000321,D:\Biology-AI\data\Task1_Segmentation\images\000321.jpg,D:\Biology-AI\data\Task2_Attributes\images\000321.jpg,True,True,True,
000322,D:\Biology-AI\data\Task1_Segmentation\images\000322.jpg,D:\Biology-AI\data\Task2_Attributes\images\000322.jpg,True,True,True,
000323,D:\Biology-AI\data\Task1_Segmentation\images\000323.jpg,D:\Biology-AI\data\Task2_Attributes\images\000323.jpg,True,True,True,
000324,D:\Biology-AI\data\Task1_Segmentation\images\000324.jpg,D:\Biology-AI\data\Task2_Attributes\images\000324.jpg,True,True,True,
000325,D:\Biology-AI\data\Task1_Segmentation\images\000325.jpg,D:\Biology-AI\data\Task2_Attributes\images\000325.jpg,True,True,True,
000326,D:\Biology-AI\data\Task1_Segmentation\images\000326.jpg,D:\Biology-AI\data\Task2_Attributes\images\000326.jpg,True,True,True,
000327,D:\Biology-AI\data\Task1_Segmentation\images\000327.jpg,D:\Biology-AI\data\Task2_Attributes\images\000327.jpg,True,True,True,
000328,D:\Biology-AI\data\Task1_Segmentation\images\000328.jpg,D:\Biology-AI\data\Task2_Attributes\images\000328.jpg,True,True,True,
000329,D:\Biology-AI\data\Task1_Segmentation\images\000329.jpg,D:\Biology-AI\data\Task2_Attributes\images\000329.jpg,True,True,True,
000330,D:\Biology-AI\data\Task1_Segmentation\images\000330.jpg,D:\Biology-AI\data\Task2_Attributes\images\000330.jpg,True,True,True,
000331,D:\Biology-AI\data\Task1_Segmentation\images\000331.jpg,D:\Biology-AI\data\Task2_Attributes\images\000331.jpg,True,True,True,
000332,D:\Biology-AI\data\Task1_Segmentation\images\000332.jpg,D:\Biology-AI\data\Task2_Attributes\images\000332.jpg,True,True,True,
000333,D:\Biology-AI\data\Task1_Segmentation\images\000333.jpg,D:\Biology-AI\data\Task2_Attributes\images\000333.jpg,True,True,True,
000334,D:\Biology-AI\data\Task1_Segmentation\images\000334.jpg,D:\Biology-AI\data\Task2_Attributes\images\000334.jpg,True,True,True,
000335,D:\Biology-AI\data\Task1_Segmentation\images\000335.jpg,D:\Biology-AI\data\Task2_Attributes\images\000335.jpg,True,True,True,
000336,D:\Biology-AI\data\Task1_Segmentation\images\000336.jpg,D:\Biology-AI\data\Task2_Attributes\images\000336.jpg,True,True,True,
000337,D:\Biology-AI\data\Task1_Segmentation\images\000337.jpg,D:\Biology-AI\data\Task2_Attributes\images\000337.jpg,True,True,True,
000338,D:\Biology-AI\data\Task1_Segmentation\images\000338.jpg,D:\Biology-AI\data\Task2_Attributes\images\000338.jpg,True,True,True,
000339,D:\Biology-AI\data\Task1_Segmentation\images\000339.jpg,D:\Biology-AI\data\Task2_Attributes\images\000339.jpg,True,True,True,
000340,D:\Biology-AI\data\Task1_Segmentation\images\000340.jpg,D:\Biology-AI\data\Task2_Attributes\images\000340.jpg,True,True,True,
000341,D:\Biology-AI\data\Task1_Segmentation\images\000341.jpg,D:\Biology-AI\data\Task2_Attributes\images\000341.jpg,True,True,True,
000342,D:\Biology-AI\data\Task1_Segmentation\images\000342.jpg,D:\Biology-AI\data\Task2_Attributes\images\000342.jpg,True,True,True,
000343,D:\Biology-AI\data\Task1_Segmentation\images\000343.jpg,D:\Biology-AI\data\Task2_Attributes\images\000343.jpg,True,True,True,
000344,D:\Biology-AI\data\Task1_Segmentation\images\000344.jpg,D:\Biology-AI\data\Task2_Attributes\images\000344.jpg,True,True,True,
000345,D:\Biology-AI\data\Task1_Segmentation\images\000345.jpg,D:\Biology-AI\data\Task2_Attributes\images\000345.jpg,True,True,True,
000346,D:\Biology-AI\data\Task1_Segmentation\images\000346.jpg,D:\Biology-AI\data\Task2_Attributes\images\000346.jpg,True,True,True,
000347,D:\Biology-AI\data\Task1_Segmentation\images\000347.jpg,D:\Biology-AI\data\Task2_Attributes\images\000347.jpg,True,True,True,
000348,D:\Biology-AI\data\Task1_Segmentation\images\000348.jpg,D:\Biology-AI\data\Task2_Attributes\images\000348.jpg,True,True,True,
000349,D:\Biology-AI\data\Task1_Segmentation\images\000349.jpg,D:\Biology-AI\data\Task2_Attributes\images\000349.jpg,True,True,True,
000350,D:\Biology-AI\data\Task1_Segmentation\images\000350.jpg,D:\Biology-AI\data\Task2_Attributes\images\000350.jpg,True,True,True,
000351,D:\Biology-AI\data\Task1_Segmentation\images\000351.jpg,D:\Biology-AI\data\Task2_Attributes\images\000351.jpg,True,True,True,
000352,D:\Biology-AI\data\Task1_Segmentation\images\000352.jpg,D:\Biology-AI\data\Task2_Attributes\images\000352.jpg,True,True,True,
000353,D:\Biology-AI\data\Task1_Segmentation\images\000353.jpg,D:\Biology-AI\data\Task2_Attributes\images\000353.jpg,True,True,True,
000354,D:\Biology-AI\data\Task1_Segmentation\images\000354.jpg,D:\Biology-AI\data\Task2_Attributes\images\000354.jpg,True,True,True,
000355,D:\Biology-AI\data\Task1_Segmentation\images\000355.jpg,D:\Biology-AI\data\Task2_Attributes\images\000355.jpg,True,True,True,
000356,D:\Biology-AI\data\Task1_Segmentation\images\000356.jpg,D:\Biology-AI\data\Task2_Attributes\images\000356.jpg,True,True,True,
000357,D:\Biology-AI\data\Task1_Segmentation\images\000357.jpg,D:\Biology-AI\data\Task2_Attributes\images\000357.jpg,True,True,True,
000358,D:\Biology-AI\data\Task1_Segmentation\images\000358.jpg,D:\Biology-AI\data\Task2_Attributes\images\000358.jpg,True,True,True,
000359,D:\Biology-AI\data\Task1_Segmentation\images\000359.jpg,D:\Biology-AI\data\Task2_Attributes\images\000359.jpg,True,True,True,
000360,D:\Biology-AI\data\Task1_Segmentation\images\000360.jpg,D:\Biology-AI\data\Task2_Attributes\images\000360.jpg,True,True,True,
000361,D:\Biology-AI\data\Task1_Segmentation\images\000361.jpg,D:\Biology-AI\data\Task2_Attributes\images\000361.jpg,True,True,True,
000362,D:\Biology-AI\data\Task1_Segmentation\images\000362.jpg,D:\Biology-AI\data\Task2_Attributes\images\000362.jpg,True,True,True,
000363,D:\Biology-AI\data\Task1_Segmentation\images\000363.jpg,D:\Biology-AI\data\Task2_Attributes\images\000363.jpg,True,True,True,
000364,D:\Biology-AI\data\Task1_Segmentation\images\000364.jpg,D:\Biology-AI\data\Task2_Attributes\images\000364.jpg,True,True,True,
000365,D:\Biology-AI\data\Task1_Segmentation\images\000365.jpg,D:\Biology-AI\data\Task2_Attributes\images\000365.jpg,True,True,True,
000366,D:\Biology-AI\data\Task1_Segmentation\images\000366.jpg,D:\Biology-AI\data\Task2_Attributes\images\000366.jpg,True,True,True,
000367,D:\Biology-AI\data\Task1_Segmentation\images\000367.jpg,D:\Biology-AI\data\Task2_Attributes\images\000367.jpg,True,True,True,
000368,D:\Biology-AI\data\Task1_Segmentation\images\000368.jpg,D:\Biology-AI\data\Task2_Attributes\images\000368.jpg,True,True,True,
000369,D:\Biology-AI\data\Task1_Segmentation\images\000369.jpg,D:\Biology-AI\data\Task2_Attributes\images\000369.jpg,True,True,True,
000370,D:\Biology-AI\data\Task1_Segmentation\images\000370.jpg,D:\Biology-AI\data\Task2_Attributes\images\000370.jpg,True,True,True,
000371,D:\Biology-AI\data\Task1_Segmentation\images\000371.jpg,D:\Biology-AI\data\Task2_Attributes\images\000371.jpg,True,True,True,
000372,D:\Biology-AI\data\Task1_Segmentation\images\000372.jpg,D:\Biology-AI\data\Task2_Attributes\images\000372.jpg,True,True,True,
000373,D:\Biology-AI\data\Task1_Segmentation\images\000373.jpg,D:\Biology-AI\data\Task2_Attributes\images\000373.jpg,True,True,True,
000374,D:\Biology-AI\data\Task1_Segmentation\images\000374.jpg,D:\Biology-AI\data\Task2_Attributes\images\000374.jpg,True,True,True,
000375,D:\Biology-AI\data\Task1_Segmentation\images\000375.jpg,D:\Biology-AI\data\Task2_Attributes\images\000375.jpg,True,True,True,
000376,D:\Biology-AI\data\Task1_Segmentation\images\000376.jpg,D:\Biology-AI\data\Task2_Attributes\images\000376.jpg,True,True,True,
000377,D:\Biology-AI\data\Task1_Segmentation\images\000377.jpg,D:\Biology-AI\data\Task2_Attributes\images\000377.jpg,True,True,True,
000378,D:\Biology-AI\data\Task1_Segmentation\images\000378.jpg,D:\Biology-AI\data\Task2_Attributes\images\000378.jpg,True,True,True,
000379,D:\Biology-AI\data\Task1_Segmentation\images\000379.jpg,D:\Biology-AI\data\Task2_Attributes\images\000379.jpg,True,True,True,
000380,D:\Biology-AI\data\Task1_Segmentation\images\000380.jpg,D:\Biology-AI\data\Task2_Attributes\images\000380.jpg,True,True,True,
000381,D:\Biology-AI\data\Task1_Segmentation\images\000381.jpg,D:\Biology-AI\data\Task2_Attributes\images\000381.jpg,True,True,True,
000382,D:\Biology-AI\data\Task1_Segmentation\images\000382.jpg,D:\Biology-AI\data\Task2_Attributes\images\000382.jpg,True,True,True,
000383,D:\Biology-AI\data\Task1_Segmentation\images\000383.jpg,D:\Biology-AI\data\Task2_Attributes\images\000383.jpg,True,True,True,
000384,D:\Biology-AI\data\Task1_Segmentation\images\000384.jpg,D:\Biology-AI\data\Task2_Attributes\images\000384.jpg,True,True,True,
000385,D:\Biology-AI\data\Task1_Segmentation\images\000385.jpg,D:\Biology-AI\data\Task2_Attributes\images\000385.jpg,True,True,True,
000386,D:\Biology-AI\data\Task1_Segmentation\images\000386.jpg,D:\Biology-AI\data\Task2_Attributes\images\000386.jpg,True,True,True,
000387,D:\Biology-AI\data\Task1_Segmentation\images\000387.jpg,D:\Biology-AI\data\Task2_Attributes\images\000387.jpg,True,True,True,
000388,D:\Biology-AI\data\Task1_Segmentation\images\000388.jpg,D:\Biology-AI\data\Task2_Attributes\images\000388.jpg,True,True,True,
000389,D:\Biology-AI\data\Task1_Segmentation\images\000389.jpg,D:\Biology-AI\data\Task2_Attributes\images\000389.jpg,True,True,True,
000390,D:\Biology-AI\data\Task1_Segmentation\images\000390.jpg,D:\Biology-AI\data\Task2_Attributes\images\000390.jpg,True,True,True,
000391,D:\Biology-AI\data\Task1_Segmentation\images\000391.jpg,D:\Biology-AI\data\Task2_Attributes\images\000391.jpg,True,True,True,
000392,D:\Biology-AI\data\Task1_Segmentation\images\000392.jpg,D:\Biology-AI\data\Task2_Attributes\images\000392.jpg,True,True,True,
000393,D:\Biology-AI\data\Task1_Segmentation\images\000393.jpg,D:\Biology-AI\data\Task2_Attributes\images\000393.jpg,True,True,True,
000394,D:\Biology-AI\data\Task1_Segmentation\images\000394.jpg,D:\Biology-AI\data\Task2_Attributes\images\000394.jpg,True,True,True,
000395,D:\Biology-AI\data\Task1_Segmentation\images\000395.jpg,D:\Biology-AI\data\Task2_Attributes\images\000395.jpg,True,True,True,
000396,D:\Biology-AI\data\Task1_Segmentation\images\000396.jpg,D:\Biology-AI\data\Task2_Attributes\images\000396.jpg,True,True,True,
000397,D:\Biology-AI\data\Task1_Segmentation\images\000397.jpg,D:\Biology-AI\data\Task2_Attributes\images\000397.jpg,True,True,True,
000398,D:\Biology-AI\data\Task1_Segmentation\images\000398.jpg,D:\Biology-AI\data\Task2_Attributes\images\000398.jpg,True,True,True,
000399,D:\Biology-AI\data\Task1_Segmentation\images\000399.jpg,D:\Biology-AI\data\Task2_Attributes\images\000399.jpg,True,True,True,
000400,D:\Biology-AI\data\Task1_Segmentation\images\000400.jpg,D:\Biology-AI\data\Task2_Attributes\images\000400.jpg,True,True,True,
000401,D:\Biology-AI\data\Task1_Segmentation\images\000401.jpg,D:\Biology-AI\data\Task2_Attributes\images\000401.jpg,True,True,True,
000402,D:\Biology-AI\data\Task1_Segmentation\images\000402.jpg,D:\Biology-AI\data\Task2_Attributes\images\000402.jpg,True,True,True,
000403,D:\Biology-AI\data\Task1_Segmentation\images\000403.jpg,D:\Biology-AI\data\Task2_Attributes\images\000403.jpg,True,True,True,
000404,D:\Biology-AI\data\Task1_Segmentation\images\000404.jpg,D:\Biology-AI\data\Task2_Attributes\images\000404.jpg,True,True,True,
000405,D:\Biology-AI\data\Task1_Segmentation\images\000405.jpg,D:\Biology-AI\data\Task2_Attributes\images\000405.jpg,True,True,True,
000406,D:\Biology-AI\data\Task1_Segmentation\images\000406.jpg,D:\Biology-AI\data\Task2_Attributes\images\000406.jpg,True,True,True,
000407,D:\Biology-AI\data\Task1_Segmentation\images\000407.jpg,D:\Biology-AI\data\Task2_Attributes\images\000407.jpg,True,True,True,
000408,D:\Biology-AI\data\Task1_Segmentation\images\000408.jpg,D:\Biology-AI\data\Task2_Attributes\images\000408.jpg,True,True,True,
000409,D:\Biology-AI\data\Task1_Segmentation\images\000409.jpg,D:\Biology-AI\data\Task2_Attributes\images\000409.jpg,True,True,True,
000410,D:\Biology-AI\data\Task1_Segmentation\images\000410.jpg,D:\Biology-AI\data\Task2_Attributes\images\000410.jpg,True,True,True,
000411,D:\Biology-AI\data\Task1_Segmentation\images\000411.jpg,D:\Biology-AI\data\Task2_Attributes\images\000411.jpg,True,True,True,
000412,D:\Biology-AI\data\Task1_Segmentation\images\000412.jpg,D:\Biology-AI\data\Task2_Attributes\images\000412.jpg,True,True,True,
000413,D:\Biology-AI\data\Task1_Segmentation\images\000413.jpg,D:\Biology-AI\data\Task2_Attributes\images\000413.jpg,True,True,True,
000414,D:\Biology-AI\data\Task1_Segmentation\images\000414.jpg,D:\Biology-AI\data\Task2_Attributes\images\000414.jpg,True,True,True,
000415,D:\Biology-AI\data\Task1_Segmentation\images\000415.jpg,D:\Biology-AI\data\Task2_Attributes\images\000415.jpg,True,True,True,
000416,D:\Biology-AI\data\Task1_Segmentation\images\000416.jpg,D:\Biology-AI\data\Task2_Attributes\images\000416.jpg,True,True,True,
000417,D:\Biology-AI\data\Task1_Segmentation\images\000417.jpg,D:\Biology-AI\data\Task2_Attributes\images\000417.jpg,True,True,True,
000418,D:\Biology-AI\data\Task1_Segmentation\images\000418.jpg,D:\Biology-AI\data\Task2_Attributes\images\000418.jpg,True,True,True,
000419,D:\Biology-AI\data\Task1_Segmentation\images\000419.jpg,D:\Biology-AI\data\Task2_Attributes\images\000419.jpg,True,True,True,
000420,D:\Biology-AI\data\Task1_Segmentation\images\000420.jpg,D:\Biology-AI\data\Task2_Attributes\images\000420.jpg,True,True,True,
000421,D:\Biology-AI\data\Task1_Segmentation\images\000421.jpg,D:\Biology-AI\data\Task2_Attributes\images\000421.jpg,True,True,True,
000422,D:\Biology-AI\data\Task1_Segmentation\images\000422.jpg,D:\Biology-AI\data\Task2_Attributes\images\000422.jpg,True,True,True,
000423,D:\Biology-AI\data\Task1_Segmentation\images\000423.jpg,D:\Biology-AI\data\Task2_Attributes\images\000423.jpg,True,True,True,
000424,D:\Biology-AI\data\Task1_Segmentation\images\000424.jpg,D:\Biology-AI\data\Task2_Attributes\images\000424.jpg,True,True,True,
000425,D:\Biology-AI\data\Task1_Segmentation\images\000425.jpg,D:\Biology-AI\data\Task2_Attributes\images\000425.jpg,True,True,True,
000426,D:\Biology-AI\data\Task1_Segmentation\images\000426.jpg,D:\Biology-AI\data\Task2_Attributes\images\000426.jpg,True,True,True,
000427,D:\Biology-AI\data\Task1_Segmentation\images\000427.jpg,D:\Biology-AI\data\Task2_Attributes\images\000427.jpg,True,True,True,
000428,D:\Biology-AI\data\Task1_Segmentation\images\000428.jpg,D:\Biology-AI\data\Task2_Attributes\images\000428.jpg,True,True,True,
000429,D:\Biology-AI\data\Task1_Segmentation\images\000429.jpg,D:\Biology-AI\data\Task2_Attributes\images\000429.jpg,True,True,True,
000430,D:\Biology-AI\data\Task1_Segmentation\images\000430.jpg,D:\Biology-AI\data\Task2_Attributes\images\000430.jpg,True,True,True,
000431,D:\Biology-AI\data\Task1_Segmentation\images\000431.jpg,D:\Biology-AI\data\Task2_Attributes\images\000431.jpg,True,True,True,
000432,D:\Biology-AI\data\Task1_Segmentation\images\000432.jpg,D:\Biology-AI\data\Task2_Attributes\images\000432.jpg,True,True,True,
000433,D:\Biology-AI\data\Task1_Segmentation\images\000433.jpg,D:\Biology-AI\data\Task2_Attributes\images\000433.jpg,True,True,True,
000434,D:\Biology-AI\data\Task1_Segmentation\images\000434.jpg,D:\Biology-AI\data\Task2_Attributes\images\000434.jpg,True,True,True,
000435,D:\Biology-AI\data\Task1_Segmentation\images\000435.jpg,D:\Biology-AI\data\Task2_Attributes\images\000435.jpg,True,True,True,
000436,D:\Biology-AI\data\Task1_Segmentation\images\000436.jpg,D:\Biology-AI\data\Task2_Attributes\images\000436.jpg,True,True,True,
000437,D:\Biology-AI\data\Task1_Segmentation\images\000437.jpg,D:\Biology-AI\data\Task2_Attributes\images\000437.jpg,True,True,True,
000438,D:\Biology-AI\data\Task1_Segmentation\images\000438.jpg,D:\Biology-AI\data\Task2_Attributes\images\000438.jpg,True,True,True,
000439,D:\Biology-AI\data\Task1_Segmentation\images\000439.jpg,D:\Biology-AI\data\Task2_Attributes\images\000439.jpg,True,True,True,
000440,D:\Biology-AI\data\Task1_Segmentation\images\000440.jpg,D:\Biology-AI\data\Task2_Attributes\images\000440.jpg,True,True,True,
000441,D:\Biology-AI\data\Task1_Segmentation\images\000441.jpg,D:\Biology-AI\data\Task2_Attributes\images\000441.jpg,True,True,True,
000442,D:\Biology-AI\data\Task1_Segmentation\images\000442.jpg,D:\Biology-AI\data\Task2_Attributes\images\000442.jpg,True,True,True,
000443,D:\Biology-AI\data\Task1_Segmentation\images\000443.jpg,D:\Biology-AI\data\Task2_Attributes\images\000443.jpg,True,True,True,
000444,D:\Biology-AI\data\Task1_Segmentation\images\000444.jpg,D:\Biology-AI\data\Task2_Attributes\images\000444.jpg,True,True,True,
000445,D:\Biology-AI\data\Task1_Segmentation\images\000445.jpg,D:\Biology-AI\data\Task2_Attributes\images\000445.jpg,True,True,True,
000446,D:\Biology-AI\data\Task1_Segmentation\images\000446.jpg,D:\Biology-AI\data\Task2_Attributes\images\000446.jpg,True,True,True,
000447,D:\Biology-AI\data\Task1_Segmentation\images\000447.jpg,D:\Biology-AI\data\Task2_Attributes\images\000447.jpg,True,True,True,
000448,D:\Biology-AI\data\Task1_Segmentation\images\000448.jpg,D:\Biology-AI\data\Task2_Attributes\images\000448.jpg,True,True,True,
000449,D:\Biology-AI\data\Task1_Segmentation\images\000449.jpg,D:\Biology-AI\data\Task2_Attributes\images\000449.jpg,True,True,True,
000450,D:\Biology-AI\data\Task1_Segmentation\images\000450.jpg,D:\Biology-AI\data\Task2_Attributes\images\000450.jpg,True,True,True,
000451,D:\Biology-AI\data\Task1_Segmentation\images\000451.jpg,D:\Biology-AI\data\Task2_Attributes\images\000451.jpg,True,True,True,
000452,D:\Biology-AI\data\Task1_Segmentation\images\000452.jpg,D:\Biology-AI\data\Task2_Attributes\images\000452.jpg,True,True,True,
000453,D:\Biology-AI\data\Task1_Segmentation\images\000453.jpg,D:\Biology-AI\data\Task2_Attributes\images\000453.jpg,True,True,True,
000454,D:\Biology-AI\data\Task1_Segmentation\images\000454.jpg,D:\Biology-AI\data\Task2_Attributes\images\000454.jpg,True,True,True,
000455,D:\Biology-AI\data\Task1_Segmentation\images\000455.jpg,D:\Biology-AI\data\Task2_Attributes\images\000455.jpg,True,True,True,
000456,D:\Biology-AI\data\Task1_Segmentation\images\000456.jpg,D:\Biology-AI\data\Task2_Attributes\images\000456.jpg,True,True,True,
000457,D:\Biology-AI\data\Task1_Segmentation\images\000457.jpg,D:\Biology-AI\data\Task2_Attributes\images\000457.jpg,True,True,True,
000458,D:\Biology-AI\data\Task1_Segmentation\images\000458.jpg,D:\Biology-AI\data\Task2_Attributes\images\000458.jpg,True,True,True,
000459,D:\Biology-AI\data\Task1_Segmentation\images\000459.jpg,D:\Biology-AI\data\Task2_Attributes\images\000459.jpg,True,True,True,
000460,D:\Biology-AI\data\Task1_Segmentation\images\000460.jpg,D:\Biology-AI\data\Task2_Attributes\images\000460.jpg,True,True,True,
000461,D:\Biology-AI\data\Task1_Segmentation\images\000461.jpg,D:\Biology-AI\data\Task2_Attributes\images\000461.jpg,True,True,True,
000462,D:\Biology-AI\data\Task1_Segmentation\images\000462.jpg,D:\Biology-AI\data\Task2_Attributes\images\000462.jpg,True,True,True,
000463,D:\Biology-AI\data\Task1_Segmentation\images\000463.jpg,D:\Biology-AI\data\Task2_Attributes\images\000463.jpg,True,True,True,
000464,D:\Biology-AI\data\Task1_Segmentation\images\000464.jpg,D:\Biology-AI\data\Task2_Attributes\images\000464.jpg,True,True,True,
000465,D:\Biology-AI\data\Task1_Segmentation\images\000465.jpg,D:\Biology-AI\data\Task2_Attributes\images\000465.jpg,True,True,True,
000466,D:\Biology-AI\data\Task1_Segmentation\images\000466.jpg,D:\Biology-AI\data\Task2_Attributes\images\000466.jpg,True,True,True,
000467,D:\Biology-AI\data\Task1_Segmentation\images\000467.jpg,D:\Biology-AI\data\Task2_Attributes\images\000467.jpg,True,True,True,
000468,D:\Biology-AI\data\Task1_Segmentation\images\000468.jpg,D:\Biology-AI\data\Task2_Attributes\images\000468.jpg,True,True,True,
000469,D:\Biology-AI\data\Task1_Segmentation\images\000469.jpg,D:\Biology-AI\data\Task2_Attributes\images\000469.jpg,True,True,True,
000470,D:\Biology-AI\data\Task1_Segmentation\images\000470.jpg,D:\Biology-AI\data\Task2_Attributes\images\000470.jpg,True,True,True,
000471,D:\Biology-AI\data\Task1_Segmentation\images\000471.jpg,D:\Biology-AI\data\Task2_Attributes\images\000471.jpg,True,True,True,
000472,D:\Biology-AI\data\Task1_Segmentation\images\000472.jpg,D:\Biology-AI\data\Task2_Attributes\images\000472.jpg,True,True,True,
000473,D:\Biology-AI\data\Task1_Segmentation\images\000473.jpg,D:\Biology-AI\data\Task2_Attributes\images\000473.jpg,True,True,True,
000474,D:\Biology-AI\data\Task1_Segmentation\images\000474.jpg,D:\Biology-AI\data\Task2_Attributes\images\000474.jpg,True,True,True,
000475,D:\Biology-AI\data\Task1_Segmentation\images\000475.jpg,D:\Biology-AI\data\Task2_Attributes\images\000475.jpg,True,True,True,
000476,D:\Biology-AI\data\Task1_Segmentation\images\000476.jpg,D:\Biology-AI\data\Task2_Attributes\images\000476.jpg,True,True,True,
000477,D:\Biology-AI\data\Task1_Segmentation\images\000477.jpg,D:\Biology-AI\data\Task2_Attributes\images\000477.jpg,True,True,True,
000478,D:\Biology-AI\data\Task1_Segmentation\images\000478.jpg,D:\Biology-AI\data\Task2_Attributes\images\000478.jpg,True,True,True,
000479,D:\Biology-AI\data\Task1_Segmentation\images\000479.jpg,D:\Biology-AI\data\Task2_Attributes\images\000479.jpg,True,True,True,
000480,D:\Biology-AI\data\Task1_Segmentation\images\000480.jpg,D:\Biology-AI\data\Task2_Attributes\images\000480.jpg,True,True,True,
000481,D:\Biology-AI\data\Task1_Segmentation\images\000481.jpg,D:\Biology-AI\data\Task2_Attributes\images\000481.jpg,True,True,True,
000482,D:\Biology-AI\data\Task1_Segmentation\images\000482.jpg,D:\Biology-AI\data\Task2_Attributes\images\000482.jpg,True,True,True,
000483,D:\Biology-AI\data\Task1_Segmentation\images\000483.jpg,D:\Biology-AI\data\Task2_Attributes\images\000483.jpg,True,True,True,
000484,D:\Biology-AI\data\Task1_Segmentation\images\000484.jpg,D:\Biology-AI\data\Task2_Attributes\images\000484.jpg,True,True,True,
000485,D:\Biology-AI\data\Task1_Segmentation\images\000485.jpg,D:\Biology-AI\data\Task2_Attributes\images\000485.jpg,True,True,True,
000486,D:\Biology-AI\data\Task1_Segmentation\images\000486.jpg,D:\Biology-AI\data\Task2_Attributes\images\000486.jpg,True,True,True,
000487,D:\Biology-AI\data\Task1_Segmentation\images\000487.jpg,D:\Biology-AI\data\Task2_Attributes\images\000487.jpg,True,True,True,
000488,D:\Biology-AI\data\Task1_Segmentation\images\000488.jpg,D:\Biology-AI\data\Task2_Attributes\images\000488.jpg,True,True,True,
000489,D:\Biology-AI\data\Task1_Segmentation\images\000489.jpg,D:\Biology-AI\data\Task2_Attributes\images\000489.jpg,True,True,True,
000490,D:\Biology-AI\data\Task1_Segmentation\images\000490.jpg,D:\Biology-AI\data\Task2_Attributes\images\000490.jpg,True,True,True,
000491,D:\Biology-AI\data\Task1_Segmentation\images\000491.jpg,D:\Biology-AI\data\Task2_Attributes\images\000491.jpg,True,True,True,
000492,D:\Biology-AI\data\Task1_Segmentation\images\000492.jpg,D:\Biology-AI\data\Task2_Attributes\images\000492.jpg,True,True,True,
000493,D:\Biology-AI\data\Task1_Segmentation\images\000493.jpg,D:\Biology-AI\data\Task2_Attributes\images\000493.jpg,True,True,True,
000494,D:\Biology-AI\data\Task1_Segmentation\images\000494.jpg,D:\Biology-AI\data\Task2_Attributes\images\000494.jpg,True,True,True,
000495,D:\Biology-AI\data\Task1_Segmentation\images\000495.jpg,D:\Biology-AI\data\Task2_Attributes\images\000495.jpg,True,True,True,
000496,D:\Biology-AI\data\Task1_Segmentation\images\000496.jpg,D:\Biology-AI\data\Task2_Attributes\images\000496.jpg,True,True,True,
000497,D:\Biology-AI\data\Task1_Segmentation\images\000497.jpg,D:\Biology-AI\data\Task2_Attributes\images\000497.jpg,True,True,True,
000498,D:\Biology-AI\data\Task1_Segmentation\images\000498.jpg,D:\Biology-AI\data\Task2_Attributes\images\000498.jpg,True,True,True,
000499,D:\Biology-AI\data\Task1_Segmentation\images\000499.jpg,D:\Biology-AI\data\Task2_Attributes\images\000499.jpg,True,True,True,
000500,D:\Biology-AI\data\Task1_Segmentation\images\000500.jpg,D:\Biology-AI\data\Task2_Attributes\images\000500.jpg,True,True,True,
000501,D:\Biology-AI\data\Task1_Segmentation\images\000501.jpg,D:\Biology-AI\data\Task2_Attributes\images\000501.jpg,True,True,True,
000502,D:\Biology-AI\data\Task1_Segmentation\images\000502.jpg,D:\Biology-AI\data\Task2_Attributes\images\000502.jpg,True,True,True,
000503,D:\Biology-AI\data\Task1_Segmentation\images\000503.jpg,D:\Biology-AI\data\Task2_Attributes\images\000503.jpg,True,True,True,
000504,D:\Biology-AI\data\Task1_Segmentation\images\000504.jpg,D:\Biology-AI\data\Task2_Attributes\images\000504.jpg,True,True,True,
000505,D:\Biology-AI\data\Task1_Segmentation\images\000505.jpg,D:\Biology-AI\data\Task2_Attributes\images\000505.jpg,True,True,True,
000506,D:\Biology-AI\data\Task1_Segmentation\images\000506.jpg,D:\Biology-AI\data\Task2_Attributes\images\000506.jpg,True,True,True,
000507,D:\Biology-AI\data\Task1_Segmentation\images\000507.jpg,D:\Biology-AI\data\Task2_Attributes\images\000507.jpg,True,True,True,
000508,D:\Biology-AI\data\Task1_Segmentation\images\000508.jpg,D:\Biology-AI\data\Task2_Attributes\images\000508.jpg,True,True,True,
000509,D:\Biology-AI\data\Task1_Segmentation\images\000509.jpg,D:\Biology-AI\data\Task2_Attributes\images\000509.jpg,True,True,True,
000510,D:\Biology-AI\data\Task1_Segmentation\images\000510.jpg,D:\Biology-AI\data\Task2_Attributes\images\000510.jpg,True,True,True,
000511,D:\Biology-AI\data\Task1_Segmentation\images\000511.jpg,D:\Biology-AI\data\Task2_Attributes\images\000511.jpg,True,True,True,
000512,D:\Biology-AI\data\Task1_Segmentation\images\000512.jpg,D:\Biology-AI\data\Task2_Attributes\images\000512.jpg,True,True,True,
000513,D:\Biology-AI\data\Task1_Segmentation\images\000513.jpg,D:\Biology-AI\data\Task2_Attributes\images\000513.jpg,True,True,True,
000514,D:\Biology-AI\data\Task1_Segmentation\images\000514.jpg,D:\Biology-AI\data\Task2_Attributes\images\000514.jpg,True,True,True,
000515,D:\Biology-AI\data\Task1_Segmentation\images\000515.jpg,D:\Biology-AI\data\Task2_Attributes\images\000515.jpg,True,True,True,
000516,D:\Biology-AI\data\Task1_Segmentation\images\000516.jpg,D:\Biology-AI\data\Task2_Attributes\images\000516.jpg,True,True,True,
000517,D:\Biology-AI\data\Task1_Segmentation\images\000517.jpg,D:\Biology-AI\data\Task2_Attributes\images\000517.jpg,True,True,True,
000518,D:\Biology-AI\data\Task1_Segmentation\images\000518.jpg,D:\Biology-AI\data\Task2_Attributes\images\000518.jpg,True,True,True,
000519,D:\Biology-AI\data\Task1_Segmentation\images\000519.jpg,D:\Biology-AI\data\Task2_Attributes\images\000519.jpg,True,True,True,
000520,D:\Biology-AI\data\Task1_Segmentation\images\000520.jpg,D:\Biology-AI\data\Task2_Attributes\images\000520.jpg,True,True,True,
000521,D:\Biology-AI\data\Task1_Segmentation\images\000521.jpg,D:\Biology-AI\data\Task2_Attributes\images\000521.jpg,True,True,True,
000522,D:\Biology-AI\data\Task1_Segmentation\images\000522.jpg,D:\Biology-AI\data\Task2_Attributes\images\000522.jpg,True,True,True,
000523,D:\Biology-AI\data\Task1_Segmentation\images\000523.jpg,D:\Biology-AI\data\Task2_Attributes\images\000523.jpg,True,True,True,
000524,D:\Biology-AI\data\Task1_Segmentation\images\000524.jpg,D:\Biology-AI\data\Task2_Attributes\images\000524.jpg,True,True,True,
000525,D:\Biology-AI\data\Task1_Segmentation\images\000525.jpg,D:\Biology-AI\data\Task2_Attributes\images\000525.jpg,True,True,True,
000526,D:\Biology-AI\data\Task1_Segmentation\images\000526.jpg,D:\Biology-AI\data\Task2_Attributes\images\000526.jpg,True,True,True,
000527,D:\Biology-AI\data\Task1_Segmentation\images\000527.jpg,D:\Biology-AI\data\Task2_Attributes\images\000527.jpg,True,True,True,
000528,D:\Biology-AI\data\Task1_Segmentation\images\000528.jpg,D:\Biology-AI\data\Task2_Attributes\images\000528.jpg,True,True,True,
000529,D:\Biology-AI\data\Task1_Segmentation\images\000529.jpg,D:\Biology-AI\data\Task2_Attributes\images\000529.jpg,True,True,True,
000530,D:\Biology-AI\data\Task1_Segmentation\images\000530.jpg,D:\Biology-AI\data\Task2_Attributes\images\000530.jpg,True,True,True,
000531,D:\Biology-AI\data\Task1_Segmentation\images\000531.jpg,D:\Biology-AI\data\Task2_Attributes\images\000531.jpg,True,True,True,
000532,D:\Biology-AI\data\Task1_Segmentation\images\000532.jpg,D:\Biology-AI\data\Task2_Attributes\images\000532.jpg,True,True,True,
000533,D:\Biology-AI\data\Task1_Segmentation\images\000533.jpg,D:\Biology-AI\data\Task2_Attributes\images\000533.jpg,True,True,True,
000534,D:\Biology-AI\data\Task1_Segmentation\images\000534.jpg,D:\Biology-AI\data\Task2_Attributes\images\000534.jpg,True,True,True,
000535,D:\Biology-AI\data\Task1_Segmentation\images\000535.jpg,D:\Biology-AI\data\Task2_Attributes\images\000535.jpg,True,True,True,
000536,D:\Biology-AI\data\Task1_Segmentation\images\000536.jpg,D:\Biology-AI\data\Task2_Attributes\images\000536.jpg,True,True,True,
000537,D:\Biology-AI\data\Task1_Segmentation\images\000537.jpg,D:\Biology-AI\data\Task2_Attributes\images\000537.jpg,True,True,True,
000538,D:\Biology-AI\data\Task1_Segmentation\images\000538.jpg,D:\Biology-AI\data\Task2_Attributes\images\000538.jpg,True,True,True,
000539,D:\Biology-AI\data\Task1_Segmentation\images\000539.jpg,D:\Biology-AI\data\Task2_Attributes\images\000539.jpg,True,True,True,
000540,D:\Biology-AI\data\Task1_Segmentation\images\000540.jpg,D:\Biology-AI\data\Task2_Attributes\images\000540.jpg,True,True,True,
000541,D:\Biology-AI\data\Task1_Segmentation\images\000541.jpg,D:\Biology-AI\data\Task2_Attributes\images\000541.jpg,True,True,True,
000542,D:\Biology-AI\data\Task1_Segmentation\images\000542.jpg,D:\Biology-AI\data\Task2_Attributes\images\000542.jpg,True,True,True,
000543,D:\Biology-AI\data\Task1_Segmentation\images\000543.jpg,D:\Biology-AI\data\Task2_Attributes\images\000543.jpg,True,True,True,
000544,D:\Biology-AI\data\Task1_Segmentation\images\000544.jpg,D:\Biology-AI\data\Task2_Attributes\images\000544.jpg,True,True,True,
000545,D:\Biology-AI\data\Task1_Segmentation\images\000545.jpg,D:\Biology-AI\data\Task2_Attributes\images\000545.jpg,True,True,True,
000546,D:\Biology-AI\data\Task1_Segmentation\images\000546.jpg,D:\Biology-AI\data\Task2_Attributes\images\000546.jpg,True,True,True,
000547,D:\Biology-AI\data\Task1_Segmentation\images\000547.jpg,D:\Biology-AI\data\Task2_Attributes\images\000547.jpg,True,True,True,
000548,D:\Biology-AI\data\Task1_Segmentation\images\000548.jpg,D:\Biology-AI\data\Task2_Attributes\images\000548.jpg,True,True,True,
000549,D:\Biology-AI\data\Task1_Segmentation\images\000549.jpg,D:\Biology-AI\data\Task2_Attributes\images\000549.jpg,True,True,True,
000550,D:\Biology-AI\data\Task1_Segmentation\images\000550.jpg,D:\Biology-AI\data\Task2_Attributes\images\000550.jpg,True,True,True,
000551,D:\Biology-AI\data\Task1_Segmentation\images\000551.jpg,D:\Biology-AI\data\Task2_Attributes\images\000551.jpg,True,True,True,
000552,D:\Biology-AI\data\Task1_Segmentation\images\000552.jpg,D:\Biology-AI\data\Task2_Attributes\images\000552.jpg,True,True,True,
000553,D:\Biology-AI\data\Task1_Segmentation\images\000553.jpg,D:\Biology-AI\data\Task2_Attributes\images\000553.jpg,True,True,True,
000554,D:\Biology-AI\data\Task1_Segmentation\images\000554.jpg,D:\Biology-AI\data\Task2_Attributes\images\000554.jpg,True,True,True,
000555,D:\Biology-AI\data\Task1_Segmentation\images\000555.jpg,D:\Biology-AI\data\Task2_Attributes\images\000555.jpg,True,True,True,
000556,D:\Biology-AI\data\Task1_Segmentation\images\000556.jpg,D:\Biology-AI\data\Task2_Attributes\images\000556.jpg,True,True,True,
000557,D:\Biology-AI\data\Task1_Segmentation\images\000557.jpg,D:\Biology-AI\data\Task2_Attributes\images\000557.jpg,True,True,True,
000558,D:\Biology-AI\data\Task1_Segmentation\images\000558.jpg,D:\Biology-AI\data\Task2_Attributes\images\000558.jpg,True,True,True,
000559,D:\Biology-AI\data\Task1_Segmentation\images\000559.jpg,D:\Biology-AI\data\Task2_Attributes\images\000559.jpg,True,True,True,
000560,D:\Biology-AI\data\Task1_Segmentation\images\000560.jpg,D:\Biology-AI\data\Task2_Attributes\images\000560.jpg,True,True,True,
000561,D:\Biology-AI\data\Task1_Segmentation\images\000561.jpg,D:\Biology-AI\data\Task2_Attributes\images\000561.jpg,True,True,True,
000562,D:\Biology-AI\data\Task1_Segmentation\images\000562.jpg,D:\Biology-AI\data\Task2_Attributes\images\000562.jpg,True,True,True,
000563,D:\Biology-AI\data\Task1_Segmentation\images\000563.jpg,D:\Biology-AI\data\Task2_Attributes\images\000563.jpg,True,True,True,
000564,D:\Biology-AI\data\Task1_Segmentation\images\000564.jpg,D:\Biology-AI\data\Task2_Attributes\images\000564.jpg,True,True,True,
000565,D:\Biology-AI\data\Task1_Segmentation\images\000565.jpg,D:\Biology-AI\data\Task2_Attributes\images\000565.jpg,True,True,True,
000566,D:\Biology-AI\data\Task1_Segmentation\images\000566.jpg,D:\Biology-AI\data\Task2_Attributes\images\000566.jpg,True,True,True,
000567,D:\Biology-AI\data\Task1_Segmentation\images\000567.jpg,D:\Biology-AI\data\Task2_Attributes\images\000567.jpg,True,True,True,
000568,D:\Biology-AI\data\Task1_Segmentation\images\000568.jpg,D:\Biology-AI\data\Task2_Attributes\images\000568.jpg,True,True,True,
000569,D:\Biology-AI\data\Task1_Segmentation\images\000569.jpg,D:\Biology-AI\data\Task2_Attributes\images\000569.jpg,True,True,True,
000570,D:\Biology-AI\data\Task1_Segmentation\images\000570.jpg,D:\Biology-AI\data\Task2_Attributes\images\000570.jpg,True,True,True,
000571,D:\Biology-AI\data\Task1_Segmentation\images\000571.jpg,D:\Biology-AI\data\Task2_Attributes\images\000571.jpg,True,True,True,
000572,D:\Biology-AI\data\Task1_Segmentation\images\000572.jpg,D:\Biology-AI\data\Task2_Attributes\images\000572.jpg,True,True,True,
000573,D:\Biology-AI\data\Task1_Segmentation\images\000573.jpg,D:\Biology-AI\data\Task2_Attributes\images\000573.jpg,True,True,True,
000574,D:\Biology-AI\data\Task1_Segmentation\images\000574.jpg,D:\Biology-AI\data\Task2_Attributes\images\000574.jpg,True,True,True,
000575,D:\Biology-AI\data\Task1_Segmentation\images\000575.jpg,D:\Biology-AI\data\Task2_Attributes\images\000575.jpg,True,True,True,
000576,D:\Biology-AI\data\Task1_Segmentation\images\000576.jpg,D:\Biology-AI\data\Task2_Attributes\images\000576.jpg,True,True,True,
000577,D:\Biology-AI\data\Task1_Segmentation\images\000577.jpg,D:\Biology-AI\data\Task2_Attributes\images\000577.jpg,True,True,True,
000578,D:\Biology-AI\data\Task1_Segmentation\images\000578.jpg,D:\Biology-AI\data\Task2_Attributes\images\000578.jpg,True,True,True,
000579,D:\Biology-AI\data\Task1_Segmentation\images\000579.jpg,D:\Biology-AI\data\Task2_Attributes\images\000579.jpg,True,True,True,
000580,D:\Biology-AI\data\Task1_Segmentation\images\000580.jpg,D:\Biology-AI\data\Task2_Attributes\images\000580.jpg,True,True,True,
000581,D:\Biology-AI\data\Task1_Segmentation\images\000581.jpg,D:\Biology-AI\data\Task2_Attributes\images\000581.jpg,True,True,True,
000582,D:\Biology-AI\data\Task1_Segmentation\images\000582.jpg,D:\Biology-AI\data\Task2_Attributes\images\000582.jpg,True,True,True,
000583,D:\Biology-AI\data\Task1_Segmentation\images\000583.jpg,D:\Biology-AI\data\Task2_Attributes\images\000583.jpg,True,True,True,
000584,D:\Biology-AI\data\Task1_Segmentation\images\000584.jpg,D:\Biology-AI\data\Task2_Attributes\images\000584.jpg,True,True,True,
000585,D:\Biology-AI\data\Task1_Segmentation\images\000585.jpg,D:\Biology-AI\data\Task2_Attributes\images\000585.jpg,True,True,True,
000586,D:\Biology-AI\data\Task1_Segmentation\images\000586.jpg,D:\Biology-AI\data\Task2_Attributes\images\000586.jpg,True,True,True,
000587,D:\Biology-AI\data\Task1_Segmentation\images\000587.jpg,D:\Biology-AI\data\Task2_Attributes\images\000587.jpg,True,True,True,
000588,D:\Biology-AI\data\Task1_Segmentation\images\000588.jpg,D:\Biology-AI\data\Task2_Attributes\images\000588.jpg,True,True,True,
000589,D:\Biology-AI\data\Task1_Segmentation\images\000589.jpg,D:\Biology-AI\data\Task2_Attributes\images\000589.jpg,True,True,True,
000590,D:\Biology-AI\data\Task1_Segmentation\images\000590.jpg,D:\Biology-AI\data\Task2_Attributes\images\000590.jpg,True,True,True,
000591,D:\Biology-AI\data\Task1_Segmentation\images\000591.jpg,D:\Biology-AI\data\Task2_Attributes\images\000591.jpg,True,True,True,
000592,D:\Biology-AI\data\Task1_Segmentation\images\000592.jpg,D:\Biology-AI\data\Task2_Attributes\images\000592.jpg,True,True,True,
000593,D:\Biology-AI\data\Task1_Segmentation\images\000593.jpg,D:\Biology-AI\data\Task2_Attributes\images\000593.jpg,True,True,True,
000594,D:\Biology-AI\data\Task1_Segmentation\images\000594.jpg,D:\Biology-AI\data\Task2_Attributes\images\000594.jpg,True,True,True,
000595,D:\Biology-AI\data\Task1_Segmentation\images\000595.jpg,D:\Biology-AI\data\Task2_Attributes\images\000595.jpg,True,True,True,
000596,D:\Biology-AI\data\Task1_Segmentation\images\000596.jpg,D:\Biology-AI\data\Task2_Attributes\images\000596.jpg,True,True,True,
000597,D:\Biology-AI\data\Task1_Segmentation\images\000597.jpg,D:\Biology-AI\data\Task2_Attributes\images\000597.jpg,True,True,True,
000598,D:\Biology-AI\data\Task1_Segmentation\images\000598.jpg,D:\Biology-AI\data\Task2_Attributes\images\000598.jpg,True,True,True,
000599,D:\Biology-AI\data\Task1_Segmentation\images\000599.jpg,D:\Biology-AI\data\Task2_Attributes\images\000599.jpg,True,True,True,
000600,D:\Biology-AI\data\Task1_Segmentation\images\000600.jpg,D:\Biology-AI\data\Task2_Attributes\images\000600.jpg,True,True,True,
000601,D:\Biology-AI\data\Task1_Segmentation\images\000601.jpg,D:\Biology-AI\data\Task2_Attributes\images\000601.jpg,True,True,True,
000602,D:\Biology-AI\data\Task1_Segmentation\images\000602.jpg,D:\Biology-AI\data\Task2_Attributes\images\000602.jpg,True,True,True,
000603,D:\Biology-AI\data\Task1_Segmentation\images\000603.jpg,D:\Biology-AI\data\Task2_Attributes\images\000603.jpg,True,True,True,
000604,D:\Biology-AI\data\Task1_Segmentation\images\000604.jpg,D:\Biology-AI\data\Task2_Attributes\images\000604.jpg,True,True,True,
000605,D:\Biology-AI\data\Task1_Segmentation\images\000605.jpg,D:\Biology-AI\data\Task2_Attributes\images\000605.jpg,True,True,True,
000606,D:\Biology-AI\data\Task1_Segmentation\images\000606.jpg,D:\Biology-AI\data\Task2_Attributes\images\000606.jpg,True,True,True,
000607,D:\Biology-AI\data\Task1_Segmentation\images\000607.jpg,D:\Biology-AI\data\Task2_Attributes\images\000607.jpg,True,True,True,
000608,D:\Biology-AI\data\Task1_Segmentation\images\000608.jpg,D:\Biology-AI\data\Task2_Attributes\images\000608.jpg,True,True,True,
000609,D:\Biology-AI\data\Task1_Segmentation\images\000609.jpg,D:\Biology-AI\data\Task2_Attributes\images\000609.jpg,True,True,True,
000610,D:\Biology-AI\data\Task1_Segmentation\images\000610.jpg,D:\Biology-AI\data\Task2_Attributes\images\000610.jpg,True,True,True,
000611,D:\Biology-AI\data\Task1_Segmentation\images\000611.jpg,D:\Biology-AI\data\Task2_Attributes\images\000611.jpg,True,True,True,
000612,D:\Biology-AI\data\Task1_Segmentation\images\000612.jpg,D:\Biology-AI\data\Task2_Attributes\images\000612.jpg,True,True,True,
000613,D:\Biology-AI\data\Task1_Segmentation\images\000613.jpg,D:\Biology-AI\data\Task2_Attributes\images\000613.jpg,True,True,True,
000614,D:\Biology-AI\data\Task1_Segmentation\images\000614.jpg,D:\Biology-AI\data\Task2_Attributes\images\000614.jpg,True,True,True,
000615,D:\Biology-AI\data\Task1_Segmentation\images\000615.jpg,D:\Biology-AI\data\Task2_Attributes\images\000615.jpg,True,True,True,
000616,D:\Biology-AI\data\Task1_Segmentation\images\000616.jpg,D:\Biology-AI\data\Task2_Attributes\images\000616.jpg,True,True,True,
000617,D:\Biology-AI\data\Task1_Segmentation\images\000617.jpg,D:\Biology-AI\data\Task2_Attributes\images\000617.jpg,True,True,True,
000618,D:\Biology-AI\data\Task1_Segmentation\images\000618.jpg,D:\Biology-AI\data\Task2_Attributes\images\000618.jpg,True,True,True,
000619,D:\Biology-AI\data\Task1_Segmentation\images\000619.jpg,D:\Biology-AI\data\Task2_Attributes\images\000619.jpg,True,True,True,
000620,D:\Biology-AI\data\Task1_Segmentation\images\000620.jpg,D:\Biology-AI\data\Task2_Attributes\images\000620.jpg,True,True,True,
000621,D:\Biology-AI\data\Task1_Segmentation\images\000621.jpg,D:\Biology-AI\data\Task2_Attributes\images\000621.jpg,True,True,True,
000622,D:\Biology-AI\data\Task1_Segmentation\images\000622.jpg,D:\Biology-AI\data\Task2_Attributes\images\000622.jpg,True,True,True,
000623,D:\Biology-AI\data\Task1_Segmentation\images\000623.jpg,D:\Biology-AI\data\Task2_Attributes\images\000623.jpg,True,True,True,
000624,D:\Biology-AI\data\Task1_Segmentation\images\000624.jpg,D:\Biology-AI\data\Task2_Attributes\images\000624.jpg,True,True,True,
000625,D:\Biology-AI\data\Task1_Segmentation\images\000625.jpg,D:\Biology-AI\data\Task2_Attributes\images\000625.jpg,True,True,True,
000626,D:\Biology-AI\data\Task1_Segmentation\images\000626.jpg,D:\Biology-AI\data\Task2_Attributes\images\000626.jpg,True,True,True,
000627,D:\Biology-AI\data\Task1_Segmentation\images\000627.jpg,D:\Biology-AI\data\Task2_Attributes\images\000627.jpg,True,True,True,
000628,D:\Biology-AI\data\Task1_Segmentation\images\000628.jpg,D:\Biology-AI\data\Task2_Attributes\images\000628.jpg,True,True,True,
000629,D:\Biology-AI\data\Task1_Segmentation\images\000629.jpg,D:\Biology-AI\data\Task2_Attributes\images\000629.jpg,True,True,True,
000630,D:\Biology-AI\data\Task1_Segmentation\images\000630.jpg,D:\Biology-AI\data\Task2_Attributes\images\000630.jpg,True,True,True,
000631,D:\Biology-AI\data\Task1_Segmentation\images\000631.jpg,D:\Biology-AI\data\Task2_Attributes\images\000631.jpg,True,True,True,
000632,D:\Biology-AI\data\Task1_Segmentation\images\000632.jpg,D:\Biology-AI\data\Task2_Attributes\images\000632.jpg,True,True,True,
000633,D:\Biology-AI\data\Task1_Segmentation\images\000633.jpg,D:\Biology-AI\data\Task2_Attributes\images\000633.jpg,True,True,True,
000634,D:\Biology-AI\data\Task1_Segmentation\images\000634.jpg,D:\Biology-AI\data\Task2_Attributes\images\000634.jpg,True,True,True,
000635,D:\Biology-AI\data\Task1_Segmentation\images\000635.jpg,D:\Biology-AI\data\Task2_Attributes\images\000635.jpg,True,True,True,
000636,D:\Biology-AI\data\Task1_Segmentation\images\000636.jpg,D:\Biology-AI\data\Task2_Attributes\images\000636.jpg,True,True,True,
000637,D:\Biology-AI\data\Task1_Segmentation\images\000637.jpg,D:\Biology-AI\data\Task2_Attributes\images\000637.jpg,True,True,True,
000638,D:\Biology-AI\data\Task1_Segmentation\images\000638.jpg,D:\Biology-AI\data\Task2_Attributes\images\000638.jpg,True,True,True,
000639,D:\Biology-AI\data\Task1_Segmentation\images\000639.jpg,D:\Biology-AI\data\Task2_Attributes\images\000639.jpg,True,True,True,
000640,D:\Biology-AI\data\Task1_Segmentation\images\000640.jpg,D:\Biology-AI\data\Task2_Attributes\images\000640.jpg,True,True,True,
000641,D:\Biology-AI\data\Task1_Segmentation\images\000641.jpg,D:\Biology-AI\data\Task2_Attributes\images\000641.jpg,True,True,True,
000642,D:\Biology-AI\data\Task1_Segmentation\images\000642.jpg,D:\Biology-AI\data\Task2_Attributes\images\000642.jpg,True,True,True,
000643,D:\Biology-AI\data\Task1_Segmentation\images\000643.jpg,D:\Biology-AI\data\Task2_Attributes\images\000643.jpg,True,True,True,
000644,D:\Biology-AI\data\Task1_Segmentation\images\000644.jpg,D:\Biology-AI\data\Task2_Attributes\images\000644.jpg,True,True,True,
000645,D:\Biology-AI\data\Task1_Segmentation\images\000645.jpg,D:\Biology-AI\data\Task2_Attributes\images\000645.jpg,True,True,True,
000646,D:\Biology-AI\data\Task1_Segmentation\images\000646.jpg,D:\Biology-AI\data\Task2_Attributes\images\000646.jpg,True,True,True,
000647,D:\Biology-AI\data\Task1_Segmentation\images\000647.jpg,D:\Biology-AI\data\Task2_Attributes\images\000647.jpg,True,True,True,
000648,D:\Biology-AI\data\Task1_Segmentation\images\000648.jpg,D:\Biology-AI\data\Task2_Attributes\images\000648.jpg,True,True,True,
000649,D:\Biology-AI\data\Task1_Segmentation\images\000649.jpg,D:\Biology-AI\data\Task2_Attributes\images\000649.jpg,True,True,True,
000650,D:\Biology-AI\data\Task1_Segmentation\images\000650.jpg,D:\Biology-AI\data\Task2_Attributes\images\000650.jpg,True,True,True,
000651,D:\Biology-AI\data\Task1_Segmentation\images\000651.jpg,D:\Biology-AI\data\Task2_Attributes\images\000651.jpg,True,True,True,
000652,D:\Biology-AI\data\Task1_Segmentation\images\000652.jpg,D:\Biology-AI\data\Task2_Attributes\images\000652.jpg,True,True,True,
000653,D:\Biology-AI\data\Task1_Segmentation\images\000653.jpg,D:\Biology-AI\data\Task2_Attributes\images\000653.jpg,True,True,True,
000654,D:\Biology-AI\data\Task1_Segmentation\images\000654.jpg,D:\Biology-AI\data\Task2_Attributes\images\000654.jpg,True,True,True,
000655,D:\Biology-AI\data\Task1_Segmentation\images\000655.jpg,D:\Biology-AI\data\Task2_Attributes\images\000655.jpg,True,True,True,
000656,D:\Biology-AI\data\Task1_Segmentation\images\000656.jpg,D:\Biology-AI\data\Task2_Attributes\images\000656.jpg,True,True,True,
000657,D:\Biology-AI\data\Task1_Segmentation\images\000657.jpg,D:\Biology-AI\data\Task2_Attributes\images\000657.jpg,True,True,True,
000658,D:\Biology-AI\data\Task1_Segmentation\images\000658.jpg,D:\Biology-AI\data\Task2_Attributes\images\000658.jpg,True,True,True,
000659,D:\Biology-AI\data\Task1_Segmentation\images\000659.jpg,D:\Biology-AI\data\Task2_Attributes\images\000659.jpg,True,True,True,
000660,D:\Biology-AI\data\Task1_Segmentation\images\000660.jpg,D:\Biology-AI\data\Task2_Attributes\images\000660.jpg,True,True,True,
000661,D:\Biology-AI\data\Task1_Segmentation\images\000661.jpg,D:\Biology-AI\data\Task2_Attributes\images\000661.jpg,True,True,True,
000662,D:\Biology-AI\data\Task1_Segmentation\images\000662.jpg,D:\Biology-AI\data\Task2_Attributes\images\000662.jpg,True,True,True,
000663,D:\Biology-AI\data\Task1_Segmentation\images\000663.jpg,D:\Biology-AI\data\Task2_Attributes\images\000663.jpg,True,True,True,
000664,D:\Biology-AI\data\Task1_Segmentation\images\000664.jpg,D:\Biology-AI\data\Task2_Attributes\images\000664.jpg,True,True,True,
000665,D:\Biology-AI\data\Task1_Segmentation\images\000665.jpg,D:\Biology-AI\data\Task2_Attributes\images\000665.jpg,True,True,True,
000666,D:\Biology-AI\data\Task1_Segmentation\images\000666.jpg,D:\Biology-AI\data\Task2_Attributes\images\000666.jpg,True,True,True,
000667,D:\Biology-AI\data\Task1_Segmentation\images\000667.jpg,D:\Biology-AI\data\Task2_Attributes\images\000667.jpg,True,True,True,
000668,D:\Biology-AI\data\Task1_Segmentation\images\000668.jpg,D:\Biology-AI\data\Task2_Attributes\images\000668.jpg,True,True,True,
000669,D:\Biology-AI\data\Task1_Segmentation\images\000669.jpg,D:\Biology-AI\data\Task2_Attributes\images\000669.jpg,True,True,True,
000670,D:\Biology-AI\data\Task1_Segmentation\images\000670.jpg,D:\Biology-AI\data\Task2_Attributes\images\000670.jpg,True,True,True,
000671,D:\Biology-AI\data\Task1_Segmentation\images\000671.jpg,D:\Biology-AI\data\Task2_Attributes\images\000671.jpg,True,True,True,
000672,D:\Biology-AI\data\Task1_Segmentation\images\000672.jpg,D:\Biology-AI\data\Task2_Attributes\images\000672.jpg,True,True,True,
000673,D:\Biology-AI\data\Task1_Segmentation\images\000673.jpg,D:\Biology-AI\data\Task2_Attributes\images\000673.jpg,True,True,True,
000674,D:\Biology-AI\data\Task1_Segmentation\images\000674.jpg,D:\Biology-AI\data\Task2_Attributes\images\000674.jpg,True,True,True,
000675,D:\Biology-AI\data\Task1_Segmentation\images\000675.jpg,D:\Biology-AI\data\Task2_Attributes\images\000675.jpg,True,True,True,
000676,D:\Biology-AI\data\Task1_Segmentation\images\000676.jpg,D:\Biology-AI\data\Task2_Attributes\images\000676.jpg,True,True,True,
000677,D:\Biology-AI\data\Task1_Segmentation\images\000677.jpg,D:\Biology-AI\data\Task2_Attributes\images\000677.jpg,True,True,True,
000678,D:\Biology-AI\data\Task1_Segmentation\images\000678.jpg,D:\Biology-AI\data\Task2_Attributes\images\000678.jpg,True,True,True,
000679,D:\Biology-AI\data\Task1_Segmentation\images\000679.jpg,D:\Biology-AI\data\Task2_Attributes\images\000679.jpg,True,True,True,
000680,D:\Biology-AI\data\Task1_Segmentation\images\000680.jpg,D:\Biology-AI\data\Task2_Attributes\images\000680.jpg,True,True,True,
000681,D:\Biology-AI\data\Task1_Segmentation\images\000681.jpg,D:\Biology-AI\data\Task2_Attributes\images\000681.jpg,True,True,True,
000682,D:\Biology-AI\data\Task1_Segmentation\images\000682.jpg,D:\Biology-AI\data\Task2_Attributes\images\000682.jpg,True,True,True,
000683,D:\Biology-AI\data\Task1_Segmentation\images\000683.jpg,D:\Biology-AI\data\Task2_Attributes\images\000683.jpg,True,True,True,
000684,D:\Biology-AI\data\Task1_Segmentation\images\000684.jpg,D:\Biology-AI\data\Task2_Attributes\images\000684.jpg,True,True,True,
000685,D:\Biology-AI\data\Task1_Segmentation\images\000685.jpg,D:\Biology-AI\data\Task2_Attributes\images\000685.jpg,True,True,True,
000686,D:\Biology-AI\data\Task1_Segmentation\images\000686.jpg,D:\Biology-AI\data\Task2_Attributes\images\000686.jpg,True,True,True,
000687,D:\Biology-AI\data\Task1_Segmentation\images\000687.jpg,D:\Biology-AI\data\Task2_Attributes\images\000687.jpg,True,True,True,
000688,D:\Biology-AI\data\Task1_Segmentation\images\000688.jpg,D:\Biology-AI\data\Task2_Attributes\images\000688.jpg,True,True,True,
000689,D:\Biology-AI\data\Task1_Segmentation\images\000689.jpg,D:\Biology-AI\data\Task2_Attributes\images\000689.jpg,True,True,True,
000690,D:\Biology-AI\data\Task1_Segmentation\images\000690.jpg,D:\Biology-AI\data\Task2_Attributes\images\000690.jpg,True,True,True,
000691,D:\Biology-AI\data\Task1_Segmentation\images\000691.jpg,D:\Biology-AI\data\Task2_Attributes\images\000691.jpg,True,True,True,
000692,D:\Biology-AI\data\Task1_Segmentation\images\000692.jpg,D:\Biology-AI\data\Task2_Attributes\images\000692.jpg,True,True,True,
000693,D:\Biology-AI\data\Task1_Segmentation\images\000693.jpg,D:\Biology-AI\data\Task2_Attributes\images\000693.jpg,True,True,True,
000694,D:\Biology-AI\data\Task1_Segmentation\images\000694.jpg,D:\Biology-AI\data\Task2_Attributes\images\000694.jpg,True,True,True,
000695,D:\Biology-AI\data\Task1_Segmentation\images\000695.jpg,D:\Biology-AI\data\Task2_Attributes\images\000695.jpg,True,True,True,
000696,D:\Biology-AI\data\Task1_Segmentation\images\000696.jpg,D:\Biology-AI\data\Task2_Attributes\images\000696.jpg,True,True,True,
000697,D:\Biology-AI\data\Task1_Segmentation\images\000697.jpg,D:\Biology-AI\data\Task2_Attributes\images\000697.jpg,True,True,True,
000698,D:\Biology-AI\data\Task1_Segmentation\images\000698.jpg,D:\Biology-AI\data\Task2_Attributes\images\000698.jpg,True,True,True,
000699,D:\Biology-AI\data\Task1_Segmentation\images\000699.jpg,D:\Biology-AI\data\Task2_Attributes\images\000699.jpg,True,True,True,
000700,D:\Biology-AI\data\Task1_Segmentation\images\000700.jpg,D:\Biology-AI\data\Task2_Attributes\images\000700.jpg,True,True,True,
000701,D:\Biology-AI\data\Task1_Segmentation\images\000701.jpg,D:\Biology-AI\data\Task2_Attributes\images\000701.jpg,True,True,True,
000702,D:\Biology-AI\data\Task1_Segmentation\images\000702.jpg,D:\Biology-AI\data\Task2_Attributes\images\000702.jpg,True,True,True,
000703,D:\Biology-AI\data\Task1_Segmentation\images\000703.jpg,D:\Biology-AI\data\Task2_Attributes\images\000703.jpg,True,True,True,
000704,D:\Biology-AI\data\Task1_Segmentation\images\000704.jpg,D:\Biology-AI\data\Task2_Attributes\images\000704.jpg,True,True,True,
000705,D:\Biology-AI\data\Task1_Segmentation\images\000705.jpg,D:\Biology-AI\data\Task2_Attributes\images\000705.jpg,True,True,True,
000706,D:\Biology-AI\data\Task1_Segmentation\images\000706.jpg,D:\Biology-AI\data\Task2_Attributes\images\000706.jpg,True,True,True,
000707,D:\Biology-AI\data\Task1_Segmentation\images\000707.jpg,D:\Biology-AI\data\Task2_Attributes\images\000707.jpg,True,True,True,
000708,D:\Biology-AI\data\Task1_Segmentation\images\000708.jpg,D:\Biology-AI\data\Task2_Attributes\images\000708.jpg,True,True,True,
000709,D:\Biology-AI\data\Task1_Segmentation\images\000709.jpg,D:\Biology-AI\data\Task2_Attributes\images\000709.jpg,True,True,True,
000710,D:\Biology-AI\data\Task1_Segmentation\images\000710.jpg,D:\Biology-AI\data\Task2_Attributes\images\000710.jpg,True,True,True,
000711,D:\Biology-AI\data\Task1_Segmentation\images\000711.jpg,D:\Biology-AI\data\Task2_Attributes\images\000711.jpg,True,True,True,
000712,D:\Biology-AI\data\Task1_Segmentation\images\000712.jpg,D:\Biology-AI\data\Task2_Attributes\images\000712.jpg,True,True,True,
000713,D:\Biology-AI\data\Task1_Segmentation\images\000713.jpg,D:\Biology-AI\data\Task2_Attributes\images\000713.jpg,True,True,True,
000714,D:\Biology-AI\data\Task1_Segmentation\images\000714.jpg,D:\Biology-AI\data\Task2_Attributes\images\000714.jpg,True,True,True,
000715,D:\Biology-AI\data\Task1_Segmentation\images\000715.jpg,D:\Biology-AI\data\Task2_Attributes\images\000715.jpg,True,True,True,
000716,D:\Biology-AI\data\Task1_Segmentation\images\000716.jpg,D:\Biology-AI\data\Task2_Attributes\images\000716.jpg,True,True,True,
000717,D:\Biology-AI\data\Task1_Segmentation\images\000717.jpg,D:\Biology-AI\data\Task2_Attributes\images\000717.jpg,True,True,True,
000718,D:\Biology-AI\data\Task1_Segmentation\images\000718.jpg,D:\Biology-AI\data\Task2_Attributes\images\000718.jpg,True,True,True,
000719,D:\Biology-AI\data\Task1_Segmentation\images\000719.jpg,D:\Biology-AI\data\Task2_Attributes\images\000719.jpg,True,True,True,
000720,D:\Biology-AI\data\Task1_Segmentation\images\000720.jpg,D:\Biology-AI\data\Task2_Attributes\images\000720.jpg,True,True,True,
000721,D:\Biology-AI\data\Task1_Segmentation\images\000721.jpg,D:\Biology-AI\data\Task2_Attributes\images\000721.jpg,True,True,True,
000722,D:\Biology-AI\data\Task1_Segmentation\images\000722.jpg,D:\Biology-AI\data\Task2_Attributes\images\000722.jpg,True,True,True,
000723,D:\Biology-AI\data\Task1_Segmentation\images\000723.jpg,D:\Biology-AI\data\Task2_Attributes\images\000723.jpg,True,True,True,
000724,D:\Biology-AI\data\Task1_Segmentation\images\000724.jpg,D:\Biology-AI\data\Task2_Attributes\images\000724.jpg,True,True,True,
000725,D:\Biology-AI\data\Task1_Segmentation\images\000725.jpg,D:\Biology-AI\data\Task2_Attributes\images\000725.jpg,True,True,True,
000726,D:\Biology-AI\data\Task1_Segmentation\images\000726.jpg,D:\Biology-AI\data\Task2_Attributes\images\000726.jpg,True,True,True,
000727,D:\Biology-AI\data\Task1_Segmentation\images\000727.jpg,D:\Biology-AI\data\Task2_Attributes\images\000727.jpg,True,True,True,
000728,D:\Biology-AI\data\Task1_Segmentation\images\000728.jpg,D:\Biology-AI\data\Task2_Attributes\images\000728.jpg,True,True,True,
000729,D:\Biology-AI\data\Task1_Segmentation\images\000729.jpg,D:\Biology-AI\data\Task2_Attributes\images\000729.jpg,True,True,True,
000730,D:\Biology-AI\data\Task1_Segmentation\images\000730.jpg,D:\Biology-AI\data\Task2_Attributes\images\000730.jpg,True,True,True,
000731,D:\Biology-AI\data\Task1_Segmentation\images\000731.jpg,D:\Biology-AI\data\Task2_Attributes\images\000731.jpg,True,True,True,
000732,D:\Biology-AI\data\Task1_Segmentation\images\000732.jpg,D:\Biology-AI\data\Task2_Attributes\images\000732.jpg,True,True,True,
000733,D:\Biology-AI\data\Task1_Segmentation\images\000733.jpg,D:\Biology-AI\data\Task2_Attributes\images\000733.jpg,True,True,True,
000734,D:\Biology-AI\data\Task1_Segmentation\images\000734.jpg,D:\Biology-AI\data\Task2_Attributes\images\000734.jpg,True,True,True,
000735,D:\Biology-AI\data\Task1_Segmentation\images\000735.jpg,D:\Biology-AI\data\Task2_Attributes\images\000735.jpg,True,True,True,
000736,D:\Biology-AI\data\Task1_Segmentation\images\000736.jpg,D:\Biology-AI\data\Task2_Attributes\images\000736.jpg,True,True,True,
000737,D:\Biology-AI\data\Task1_Segmentation\images\000737.jpg,D:\Biology-AI\data\Task2_Attributes\images\000737.jpg,True,True,True,
000738,D:\Biology-AI\data\Task1_Segmentation\images\000738.jpg,D:\Biology-AI\data\Task2_Attributes\images\000738.jpg,True,True,True,
000739,D:\Biology-AI\data\Task1_Segmentation\images\000739.jpg,D:\Biology-AI\data\Task2_Attributes\images\000739.jpg,True,True,True,
000740,D:\Biology-AI\data\Task1_Segmentation\images\000740.jpg,D:\Biology-AI\data\Task2_Attributes\images\000740.jpg,True,True,True,
000741,D:\Biology-AI\data\Task1_Segmentation\images\000741.jpg,D:\Biology-AI\data\Task2_Attributes\images\000741.jpg,True,True,True,
000742,D:\Biology-AI\data\Task1_Segmentation\images\000742.jpg,D:\Biology-AI\data\Task2_Attributes\images\000742.jpg,True,True,True,
000743,D:\Biology-AI\data\Task1_Segmentation\images\000743.jpg,D:\Biology-AI\data\Task2_Attributes\images\000743.jpg,True,True,True,
000744,D:\Biology-AI\data\Task1_Segmentation\images\000744.jpg,D:\Biology-AI\data\Task2_Attributes\images\000744.jpg,True,True,True,
000745,D:\Biology-AI\data\Task1_Segmentation\images\000745.jpg,D:\Biology-AI\data\Task2_Attributes\images\000745.jpg,True,True,True,
000746,D:\Biology-AI\data\Task1_Segmentation\images\000746.jpg,D:\Biology-AI\data\Task2_Attributes\images\000746.jpg,True,True,True,
000747,D:\Biology-AI\data\Task1_Segmentation\images\000747.jpg,D:\Biology-AI\data\Task2_Attributes\images\000747.jpg,True,True,True,
000748,D:\Biology-AI\data\Task1_Segmentation\images\000748.jpg,D:\Biology-AI\data\Task2_Attributes\images\000748.jpg,True,True,True,
000749,D:\Biology-AI\data\Task1_Segmentation\images\000749.jpg,D:\Biology-AI\data\Task2_Attributes\images\000749.jpg,True,True,True,
000750,D:\Biology-AI\data\Task1_Segmentation\images\000750.jpg,D:\Biology-AI\data\Task2_Attributes\images\000750.jpg,True,True,True,
000751,D:\Biology-AI\data\Task1_Segmentation\images\000751.jpg,D:\Biology-AI\data\Task2_Attributes\images\000751.jpg,True,True,True,
000752,D:\Biology-AI\data\Task1_Segmentation\images\000752.jpg,D:\Biology-AI\data\Task2_Attributes\images\000752.jpg,True,True,True,
000753,D:\Biology-AI\data\Task1_Segmentation\images\000753.jpg,D:\Biology-AI\data\Task2_Attributes\images\000753.jpg,True,True,True,
000754,D:\Biology-AI\data\Task1_Segmentation\images\000754.jpg,D:\Biology-AI\data\Task2_Attributes\images\000754.jpg,True,True,True,
000755,D:\Biology-AI\data\Task1_Segmentation\images\000755.jpg,D:\Biology-AI\data\Task2_Attributes\images\000755.jpg,True,True,True,
000756,D:\Biology-AI\data\Task1_Segmentation\images\000756.jpg,D:\Biology-AI\data\Task2_Attributes\images\000756.jpg,True,True,True,
000757,D:\Biology-AI\data\Task1_Segmentation\images\000757.jpg,D:\Biology-AI\data\Task2_Attributes\images\000757.jpg,True,True,True,
000758,D:\Biology-AI\data\Task1_Segmentation\images\000758.jpg,D:\Biology-AI\data\Task2_Attributes\images\000758.jpg,True,True,True,
000759,D:\Biology-AI\data\Task1_Segmentation\images\000759.jpg,D:\Biology-AI\data\Task2_Attributes\images\000759.jpg,True,True,True,
000760,D:\Biology-AI\data\Task1_Segmentation\images\000760.jpg,D:\Biology-AI\data\Task2_Attributes\images\000760.jpg,True,True,True,
000761,D:\Biology-AI\data\Task1_Segmentation\images\000761.jpg,D:\Biology-AI\data\Task2_Attributes\images\000761.jpg,True,True,True,
000762,D:\Biology-AI\data\Task1_Segmentation\images\000762.jpg,D:\Biology-AI\data\Task2_Attributes\images\000762.jpg,True,True,True,
000763,D:\Biology-AI\data\Task1_Segmentation\images\000763.jpg,D:\Biology-AI\data\Task2_Attributes\images\000763.jpg,True,True,True,
000764,D:\Biology-AI\data\Task1_Segmentation\images\000764.jpg,D:\Biology-AI\data\Task2_Attributes\images\000764.jpg,True,True,True,
000765,D:\Biology-AI\data\Task1_Segmentation\images\000765.jpg,D:\Biology-AI\data\Task2_Attributes\images\000765.jpg,True,True,True,
000766,D:\Biology-AI\data\Task1_Segmentation\images\000766.jpg,D:\Biology-AI\data\Task2_Attributes\images\000766.jpg,True,True,True,
000767,D:\Biology-AI\data\Task1_Segmentation\images\000767.jpg,D:\Biology-AI\data\Task2_Attributes\images\000767.jpg,True,True,True,
000768,D:\Biology-AI\data\Task1_Segmentation\images\000768.jpg,D:\Biology-AI\data\Task2_Attributes\images\000768.jpg,True,True,True,
000769,D:\Biology-AI\data\Task1_Segmentation\images\000769.jpg,D:\Biology-AI\data\Task2_Attributes\images\000769.jpg,True,True,True,
000770,D:\Biology-AI\data\Task1_Segmentation\images\000770.jpg,D:\Biology-AI\data\Task2_Attributes\images\000770.jpg,True,True,True,
000771,D:\Biology-AI\data\Task1_Segmentation\images\000771.jpg,D:\Biology-AI\data\Task2_Attributes\images\000771.jpg,True,True,True,
000772,D:\Biology-AI\data\Task1_Segmentation\images\000772.jpg,D:\Biology-AI\data\Task2_Attributes\images\000772.jpg,True,True,True,
000773,D:\Biology-AI\data\Task1_Segmentation\images\000773.jpg,D:\Biology-AI\data\Task2_Attributes\images\000773.jpg,True,True,True,
000774,D:\Biology-AI\data\Task1_Segmentation\images\000774.jpg,D:\Biology-AI\data\Task2_Attributes\images\000774.jpg,True,True,True,
000775,D:\Biology-AI\data\Task1_Segmentation\images\000775.jpg,D:\Biology-AI\data\Task2_Attributes\images\000775.jpg,True,True,True,
000776,D:\Biology-AI\data\Task1_Segmentation\images\000776.jpg,D:\Biology-AI\data\Task2_Attributes\images\000776.jpg,True,True,True,
000777,D:\Biology-AI\data\Task1_Segmentation\images\000777.jpg,D:\Biology-AI\data\Task2_Attributes\images\000777.jpg,True,True,True,
000778,D:\Biology-AI\data\Task1_Segmentation\images\000778.jpg,D:\Biology-AI\data\Task2_Attributes\images\000778.jpg,True,True,True,
000779,D:\Biology-AI\data\Task1_Segmentation\images\000779.jpg,D:\Biology-AI\data\Task2_Attributes\images\000779.jpg,True,True,True,
000780,D:\Biology-AI\data\Task1_Segmentation\images\000780.jpg,D:\Biology-AI\data\Task2_Attributes\images\000780.jpg,True,True,True,
000781,D:\Biology-AI\data\Task1_Segmentation\images\000781.jpg,D:\Biology-AI\data\Task2_Attributes\images\000781.jpg,True,True,True,
000782,D:\Biology-AI\data\Task1_Segmentation\images\000782.jpg,D:\Biology-AI\data\Task2_Attributes\images\000782.jpg,True,True,True,
000783,D:\Biology-AI\data\Task1_Segmentation\images\000783.jpg,D:\Biology-AI\data\Task2_Attributes\images\000783.jpg,True,True,True,
000784,D:\Biology-AI\data\Task1_Segmentation\images\000784.jpg,D:\Biology-AI\data\Task2_Attributes\images\000784.jpg,True,True,True,
000785,D:\Biology-AI\data\Task1_Segmentation\images\000785.jpg,D:\Biology-AI\data\Task2_Attributes\images\000785.jpg,True,True,True,
000786,D:\Biology-AI\data\Task1_Segmentation\images\000786.jpg,D:\Biology-AI\data\Task2_Attributes\images\000786.jpg,True,True,True,
000787,D:\Biology-AI\data\Task1_Segmentation\images\000787.jpg,D:\Biology-AI\data\Task2_Attributes\images\000787.jpg,True,True,True,
000788,D:\Biology-AI\data\Task1_Segmentation\images\000788.jpg,D:\Biology-AI\data\Task2_Attributes\images\000788.jpg,True,True,True,
000789,D:\Biology-AI\data\Task1_Segmentation\images\000789.jpg,D:\Biology-AI\data\Task2_Attributes\images\000789.jpg,True,True,True,
000790,D:\Biology-AI\data\Task1_Segmentation\images\000790.jpg,D:\Biology-AI\data\Task2_Attributes\images\000790.jpg,True,True,True,
000791,D:\Biology-AI\data\Task1_Segmentation\images\000791.jpg,D:\Biology-AI\data\Task2_Attributes\images\000791.jpg,True,True,True,
000792,D:\Biology-AI\data\Task1_Segmentation\images\000792.jpg,D:\Biology-AI\data\Task2_Attributes\images\000792.jpg,True,True,True,
000793,D:\Biology-AI\data\Task1_Segmentation\images\000793.jpg,D:\Biology-AI\data\Task2_Attributes\images\000793.jpg,True,True,True,
000794,D:\Biology-AI\data\Task1_Segmentation\images\000794.jpg,D:\Biology-AI\data\Task2_Attributes\images\000794.jpg,True,True,True,
000795,D:\Biology-AI\data\Task1_Segmentation\images\000795.jpg,D:\Biology-AI\data\Task2_Attributes\images\000795.jpg,True,True,True,
000796,D:\Biology-AI\data\Task1_Segmentation\images\000796.jpg,D:\Biology-AI\data\Task2_Attributes\images\000796.jpg,True,True,True,
000797,D:\Biology-AI\data\Task1_Segmentation\images\000797.jpg,D:\Biology-AI\data\Task2_Attributes\images\000797.jpg,True,True,True,
000798,D:\Biology-AI\data\Task1_Segmentation\images\000798.jpg,D:\Biology-AI\data\Task2_Attributes\images\000798.jpg,True,True,True,
000799,D:\Biology-AI\data\Task1_Segmentation\images\000799.jpg,D:\Biology-AI\data\Task2_Attributes\images\000799.jpg,True,True,True,
000800,D:\Biology-AI\data\Task1_Segmentation\images\000800.jpg,D:\Biology-AI\data\Task2_Attributes\images\000800.jpg,True,True,True,
000801,D:\Biology-AI\data\Task1_Segmentation\images\000801.jpg,D:\Biology-AI\data\Task2_Attributes\images\000801.jpg,True,True,True,
000802,D:\Biology-AI\data\Task1_Segmentation\images\000802.jpg,D:\Biology-AI\data\Task2_Attributes\images\000802.jpg,True,True,True,
000803,D:\Biology-AI\data\Task1_Segmentation\images\000803.jpg,D:\Biology-AI\data\Task2_Attributes\images\000803.jpg,True,True,True,
000804,D:\Biology-AI\data\Task1_Segmentation\images\000804.jpg,D:\Biology-AI\data\Task2_Attributes\images\000804.jpg,True,True,True,
000805,D:\Biology-AI\data\Task1_Segmentation\images\000805.jpg,D:\Biology-AI\data\Task2_Attributes\images\000805.jpg,True,True,True,
000806,D:\Biology-AI\data\Task1_Segmentation\images\000806.jpg,D:\Biology-AI\data\Task2_Attributes\images\000806.jpg,True,True,True,
000807,D:\Biology-AI\data\Task1_Segmentation\images\000807.jpg,D:\Biology-AI\data\Task2_Attributes\images\000807.jpg,True,True,True,
000808,D:\Biology-AI\data\Task1_Segmentation\images\000808.jpg,D:\Biology-AI\data\Task2_Attributes\images\000808.jpg,True,True,True,
000809,D:\Biology-AI\data\Task1_Segmentation\images\000809.jpg,D:\Biology-AI\data\Task2_Attributes\images\000809.jpg,True,True,True,
000810,D:\Biology-AI\data\Task1_Segmentation\images\000810.jpg,D:\Biology-AI\data\Task2_Attributes\images\000810.jpg,True,True,True,
000811,D:\Biology-AI\data\Task1_Segmentation\images\000811.jpg,D:\Biology-AI\data\Task2_Attributes\images\000811.jpg,True,True,True,
000812,D:\Biology-AI\data\Task1_Segmentation\images\000812.jpg,D:\Biology-AI\data\Task2_Attributes\images\000812.jpg,True,True,True,
000813,D:\Biology-AI\data\Task1_Segmentation\images\000813.jpg,D:\Biology-AI\data\Task2_Attributes\images\000813.jpg,True,True,True,
000814,D:\Biology-AI\data\Task1_Segmentation\images\000814.jpg,D:\Biology-AI\data\Task2_Attributes\images\000814.jpg,True,True,True,
000815,D:\Biology-AI\data\Task1_Segmentation\images\000815.jpg,D:\Biology-AI\data\Task2_Attributes\images\000815.jpg,True,True,True,
000816,D:\Biology-AI\data\Task1_Segmentation\images\000816.jpg,D:\Biology-AI\data\Task2_Attributes\images\000816.jpg,True,True,True,
000817,D:\Biology-AI\data\Task1_Segmentation\images\000817.jpg,D:\Biology-AI\data\Task2_Attributes\images\000817.jpg,True,True,True,
000818,D:\Biology-AI\data\Task1_Segmentation\images\000818.jpg,D:\Biology-AI\data\Task2_Attributes\images\000818.jpg,True,True,True,
000819,D:\Biology-AI\data\Task1_Segmentation\images\000819.jpg,D:\Biology-AI\data\Task2_Attributes\images\000819.jpg,True,True,True,
000820,D:\Biology-AI\data\Task1_Segmentation\images\000820.jpg,D:\Biology-AI\data\Task2_Attributes\images\000820.jpg,True,True,True,
000821,D:\Biology-AI\data\Task1_Segmentation\images\000821.jpg,D:\Biology-AI\data\Task2_Attributes\images\000821.jpg,True,True,True,
000822,D:\Biology-AI\data\Task1_Segmentation\images\000822.jpg,D:\Biology-AI\data\Task2_Attributes\images\000822.jpg,True,True,True,
000823,D:\Biology-AI\data\Task1_Segmentation\images\000823.jpg,D:\Biology-AI\data\Task2_Attributes\images\000823.jpg,True,True,True,
000824,D:\Biology-AI\data\Task1_Segmentation\images\000824.jpg,D:\Biology-AI\data\Task2_Attributes\images\000824.jpg,True,True,True,
000825,D:\Biology-AI\data\Task1_Segmentation\images\000825.jpg,D:\Biology-AI\data\Task2_Attributes\images\000825.jpg,True,True,True,
000826,D:\Biology-AI\data\Task1_Segmentation\images\000826.jpg,D:\Biology-AI\data\Task2_Attributes\images\000826.jpg,True,True,True,
000827,D:\Biology-AI\data\Task1_Segmentation\images\000827.jpg,D:\Biology-AI\data\Task2_Attributes\images\000827.jpg,True,True,True,
000828,D:\Biology-AI\data\Task1_Segmentation\images\000828.jpg,D:\Biology-AI\data\Task2_Attributes\images\000828.jpg,True,True,True,
000829,D:\Biology-AI\data\Task1_Segmentation\images\000829.jpg,D:\Biology-AI\data\Task2_Attributes\images\000829.jpg,True,True,True,
000830,D:\Biology-AI\data\Task1_Segmentation\images\000830.jpg,D:\Biology-AI\data\Task2_Attributes\images\000830.jpg,True,True,True,
000831,D:\Biology-AI\data\Task1_Segmentation\images\000831.jpg,D:\Biology-AI\data\Task2_Attributes\images\000831.jpg,True,True,True,
000832,D:\Biology-AI\data\Task1_Segmentation\images\000832.jpg,D:\Biology-AI\data\Task2_Attributes\images\000832.jpg,True,True,True,
000833,D:\Biology-AI\data\Task1_Segmentation\images\000833.jpg,D:\Biology-AI\data\Task2_Attributes\images\000833.jpg,True,True,True,
000834,D:\Biology-AI\data\Task1_Segmentation\images\000834.jpg,D:\Biology-AI\data\Task2_Attributes\images\000834.jpg,True,True,True,
000835,D:\Biology-AI\data\Task1_Segmentation\images\000835.jpg,D:\Biology-AI\data\Task2_Attributes\images\000835.jpg,True,True,True,
000836,D:\Biology-AI\data\Task1_Segmentation\images\000836.jpg,D:\Biology-AI\data\Task2_Attributes\images\000836.jpg,True,True,True,
000837,D:\Biology-AI\data\Task1_Segmentation\images\000837.jpg,D:\Biology-AI\data\Task2_Attributes\images\000837.jpg,True,True,True,
000838,D:\Biology-AI\data\Task1_Segmentation\images\000838.jpg,D:\Biology-AI\data\Task2_Attributes\images\000838.jpg,True,True,True,
000839,D:\Biology-AI\data\Task1_Segmentation\images\000839.jpg,D:\Biology-AI\data\Task2_Attributes\images\000839.jpg,True,True,True,
000840,D:\Biology-AI\data\Task1_Segmentation\images\000840.jpg,D:\Biology-AI\data\Task2_Attributes\images\000840.jpg,True,True,True,
000841,D:\Biology-AI\data\Task1_Segmentation\images\000841.jpg,D:\Biology-AI\data\Task2_Attributes\images\000841.jpg,True,True,True,
000842,D:\Biology-AI\data\Task1_Segmentation\images\000842.jpg,D:\Biology-AI\data\Task2_Attributes\images\000842.jpg,True,True,True,
000843,D:\Biology-AI\data\Task1_Segmentation\images\000843.jpg,D:\Biology-AI\data\Task2_Attributes\images\000843.jpg,True,True,True,
000844,D:\Biology-AI\data\Task1_Segmentation\images\000844.jpg,D:\Biology-AI\data\Task2_Attributes\images\000844.jpg,True,True,True,
000845,D:\Biology-AI\data\Task1_Segmentation\images\000845.jpg,D:\Biology-AI\data\Task2_Attributes\images\000845.jpg,True,True,True,
000846,D:\Biology-AI\data\Task1_Segmentation\images\000846.jpg,D:\Biology-AI\data\Task2_Attributes\images\000846.jpg,True,True,True,
000847,D:\Biology-AI\data\Task1_Segmentation\images\000847.jpg,D:\Biology-AI\data\Task2_Attributes\images\000847.jpg,True,True,True,
000848,D:\Biology-AI\data\Task1_Segmentation\images\000848.jpg,D:\Biology-AI\data\Task2_Attributes\images\000848.jpg,True,True,True,
000849,D:\Biology-AI\data\Task1_Segmentation\images\000849.jpg,D:\Biology-AI\data\Task2_Attributes\images\000849.jpg,True,True,True,
000850,D:\Biology-AI\data\Task1_Segmentation\images\000850.jpg,D:\Biology-AI\data\Task2_Attributes\images\000850.jpg,True,True,True,
000851,D:\Biology-AI\data\Task1_Segmentation\images\000851.jpg,D:\Biology-AI\data\Task2_Attributes\images\000851.jpg,True,True,True,
000852,D:\Biology-AI\data\Task1_Segmentation\images\000852.jpg,D:\Biology-AI\data\Task2_Attributes\images\000852.jpg,True,True,True,
000853,D:\Biology-AI\data\Task1_Segmentation\images\000853.jpg,D:\Biology-AI\data\Task2_Attributes\images\000853.jpg,True,True,True,
000854,D:\Biology-AI\data\Task1_Segmentation\images\000854.jpg,D:\Biology-AI\data\Task2_Attributes\images\000854.jpg,True,True,True,
000855,D:\Biology-AI\data\Task1_Segmentation\images\000855.jpg,D:\Biology-AI\data\Task2_Attributes\images\000855.jpg,True,True,True,
000856,D:\Biology-AI\data\Task1_Segmentation\images\000856.jpg,D:\Biology-AI\data\Task2_Attributes\images\000856.jpg,True,True,True,
000857,D:\Biology-AI\data\Task1_Segmentation\images\000857.jpg,D:\Biology-AI\data\Task2_Attributes\images\000857.jpg,True,True,True,
000858,D:\Biology-AI\data\Task1_Segmentation\images\000858.jpg,D:\Biology-AI\data\Task2_Attributes\images\000858.jpg,True,True,True,
000859,D:\Biology-AI\data\Task1_Segmentation\images\000859.jpg,D:\Biology-AI\data\Task2_Attributes\images\000859.jpg,True,True,True,
000860,D:\Biology-AI\data\Task1_Segmentation\images\000860.jpg,D:\Biology-AI\data\Task2_Attributes\images\000860.jpg,True,True,True,
000861,D:\Biology-AI\data\Task1_Segmentation\images\000861.jpg,D:\Biology-AI\data\Task2_Attributes\images\000861.jpg,True,True,True,
000862,D:\Biology-AI\data\Task1_Segmentation\images\000862.jpg,D:\Biology-AI\data\Task2_Attributes\images\000862.jpg,True,True,True,
000863,D:\Biology-AI\data\Task1_Segmentation\images\000863.jpg,D:\Biology-AI\data\Task2_Attributes\images\000863.jpg,True,True,True,
000864,D:\Biology-AI\data\Task1_Segmentation\images\000864.jpg,D:\Biology-AI\data\Task2_Attributes\images\000864.jpg,True,True,True,
000865,D:\Biology-AI\data\Task1_Segmentation\images\000865.jpg,D:\Biology-AI\data\Task2_Attributes\images\000865.jpg,True,True,True,
000866,D:\Biology-AI\data\Task1_Segmentation\images\000866.jpg,D:\Biology-AI\data\Task2_Attributes\images\000866.jpg,True,True,True,
000867,D:\Biology-AI\data\Task1_Segmentation\images\000867.jpg,D:\Biology-AI\data\Task2_Attributes\images\000867.jpg,True,True,True,
000868,D:\Biology-AI\data\Task1_Segmentation\images\000868.jpg,D:\Biology-AI\data\Task2_Attributes\images\000868.jpg,True,True,True,
000869,D:\Biology-AI\data\Task1_Segmentation\images\000869.jpg,D:\Biology-AI\data\Task2_Attributes\images\000869.jpg,True,True,True,
000870,D:\Biology-AI\data\Task1_Segmentation\images\000870.jpg,D:\Biology-AI\data\Task2_Attributes\images\000870.jpg,True,True,True,
000871,D:\Biology-AI\data\Task1_Segmentation\images\000871.jpg,D:\Biology-AI\data\Task2_Attributes\images\000871.jpg,True,True,True,
000872,D:\Biology-AI\data\Task1_Segmentation\images\000872.jpg,D:\Biology-AI\data\Task2_Attributes\images\000872.jpg,True,True,True,
000873,D:\Biology-AI\data\Task1_Segmentation\images\000873.jpg,D:\Biology-AI\data\Task2_Attributes\images\000873.jpg,True,True,True,
000874,D:\Biology-AI\data\Task1_Segmentation\images\000874.jpg,D:\Biology-AI\data\Task2_Attributes\images\000874.jpg,True,True,True,
000875,D:\Biology-AI\data\Task1_Segmentation\images\000875.jpg,D:\Biology-AI\data\Task2_Attributes\images\000875.jpg,True,True,True,
000876,D:\Biology-AI\data\Task1_Segmentation\images\000876.jpg,D:\Biology-AI\data\Task2_Attributes\images\000876.jpg,True,True,True,
000877,D:\Biology-AI\data\Task1_Segmentation\images\000877.jpg,D:\Biology-AI\data\Task2_Attributes\images\000877.jpg,True,True,True,
000878,D:\Biology-AI\data\Task1_Segmentation\images\000878.jpg,D:\Biology-AI\data\Task2_Attributes\images\000878.jpg,True,True,True,
000879,D:\Biology-AI\data\Task1_Segmentation\images\000879.jpg,D:\Biology-AI\data\Task2_Attributes\images\000879.jpg,True,True,True,
000880,D:\Biology-AI\data\Task1_Segmentation\images\000880.jpg,D:\Biology-AI\data\Task2_Attributes\images\000880.jpg,True,True,True,
000881,D:\Biology-AI\data\Task1_Segmentation\images\000881.jpg,D:\Biology-AI\data\Task2_Attributes\images\000881.jpg,True,True,True,
000882,D:\Biology-AI\data\Task1_Segmentation\images\000882.jpg,D:\Biology-AI\data\Task2_Attributes\images\000882.jpg,True,True,True,
000883,D:\Biology-AI\data\Task1_Segmentation\images\000883.jpg,D:\Biology-AI\data\Task2_Attributes\images\000883.jpg,True,True,True,
000884,D:\Biology-AI\data\Task1_Segmentation\images\000884.jpg,D:\Biology-AI\data\Task2_Attributes\images\000884.jpg,True,True,True,
000885,D:\Biology-AI\data\Task1_Segmentation\images\000885.jpg,D:\Biology-AI\data\Task2_Attributes\images\000885.jpg,True,True,True,
000886,D:\Biology-AI\data\Task1_Segmentation\images\000886.jpg,D:\Biology-AI\data\Task2_Attributes\images\000886.jpg,True,True,True,
000887,D:\Biology-AI\data\Task1_Segmentation\images\000887.jpg,D:\Biology-AI\data\Task2_Attributes\images\000887.jpg,True,True,True,
000888,D:\Biology-AI\data\Task1_Segmentation\images\000888.jpg,D:\Biology-AI\data\Task2_Attributes\images\000888.jpg,True,True,True,
000889,D:\Biology-AI\data\Task1_Segmentation\images\000889.jpg,D:\Biology-AI\data\Task2_Attributes\images\000889.jpg,True,True,True,
000890,D:\Biology-AI\data\Task1_Segmentation\images\000890.jpg,D:\Biology-AI\data\Task2_Attributes\images\000890.jpg,True,True,True,
000891,D:\Biology-AI\data\Task1_Segmentation\images\000891.jpg,D:\Biology-AI\data\Task2_Attributes\images\000891.jpg,True,True,True,
000892,D:\Biology-AI\data\Task1_Segmentation\images\000892.jpg,D:\Biology-AI\data\Task2_Attributes\images\000892.jpg,True,True,True,
000893,D:\Biology-AI\data\Task1_Segmentation\images\000893.jpg,D:\Biology-AI\data\Task2_Attributes\images\000893.jpg,True,True,True,
000894,D:\Biology-AI\data\Task1_Segmentation\images\000894.jpg,D:\Biology-AI\data\Task2_Attributes\images\000894.jpg,True,True,True,
000895,D:\Biology-AI\data\Task1_Segmentation\images\000895.jpg,D:\Biology-AI\data\Task2_Attributes\images\000895.jpg,True,True,True,
000896,D:\Biology-AI\data\Task1_Segmentation\images\000896.jpg,D:\Biology-AI\data\Task2_Attributes\images\000896.jpg,True,True,True,
000897,D:\Biology-AI\data\Task1_Segmentation\images\000897.jpg,D:\Biology-AI\data\Task2_Attributes\images\000897.jpg,True,True,True,
000898,D:\Biology-AI\data\Task1_Segmentation\images\000898.jpg,D:\Biology-AI\data\Task2_Attributes\images\000898.jpg,True,True,True,
000899,D:\Biology-AI\data\Task1_Segmentation\images\000899.jpg,D:\Biology-AI\data\Task2_Attributes\images\000899.jpg,True,True,True,
000900,D:\Biology-AI\data\Task1_Segmentation\images\000900.jpg,D:\Biology-AI\data\Task2_Attributes\images\000900.jpg,True,True,True,
000901,D:\Biology-AI\data\Task1_Segmentation\images\000901.jpg,D:\Biology-AI\data\Task2_Attributes\images\000901.jpg,True,True,True,
000902,D:\Biology-AI\data\Task1_Segmentation\images\000902.jpg,D:\Biology-AI\data\Task2_Attributes\images\000902.jpg,True,True,True,
000903,D:\Biology-AI\data\Task1_Segmentation\images\000903.jpg,D:\Biology-AI\data\Task2_Attributes\images\000903.jpg,True,True,True,
000904,D:\Biology-AI\data\Task1_Segmentation\images\000904.jpg,D:\Biology-AI\data\Task2_Attributes\images\000904.jpg,True,True,True,
000905,D:\Biology-AI\data\Task1_Segmentation\images\000905.jpg,D:\Biology-AI\data\Task2_Attributes\images\000905.jpg,True,True,True,
000906,D:\Biology-AI\data\Task1_Segmentation\images\000906.jpg,D:\Biology-AI\data\Task2_Attributes\images\000906.jpg,True,True,True,
000907,D:\Biology-AI\data\Task1_Segmentation\images\000907.jpg,D:\Biology-AI\data\Task2_Attributes\images\000907.jpg,True,True,True,
000908,D:\Biology-AI\data\Task1_Segmentation\images\000908.jpg,D:\Biology-AI\data\Task2_Attributes\images\000908.jpg,True,True,True,
000909,D:\Biology-AI\data\Task1_Segmentation\images\000909.jpg,D:\Biology-AI\data\Task2_Attributes\images\000909.jpg,True,True,True,
000910,D:\Biology-AI\data\Task1_Segmentation\images\000910.jpg,D:\Biology-AI\data\Task2_Attributes\images\000910.jpg,True,True,True,
000911,D:\Biology-AI\data\Task1_Segmentation\images\000911.jpg,D:\Biology-AI\data\Task2_Attributes\images\000911.jpg,True,True,True,
000912,D:\Biology-AI\data\Task1_Segmentation\images\000912.jpg,D:\Biology-AI\data\Task2_Attributes\images\000912.jpg,True,True,True,
000913,D:\Biology-AI\data\Task1_Segmentation\images\000913.jpg,D:\Biology-AI\data\Task2_Attributes\images\000913.jpg,True,True,True,
000914,D:\Biology-AI\data\Task1_Segmentation\images\000914.jpg,D:\Biology-AI\data\Task2_Attributes\images\000914.jpg,True,True,True,
000915,D:\Biology-AI\data\Task1_Segmentation\images\000915.jpg,D:\Biology-AI\data\Task2_Attributes\images\000915.jpg,True,True,True,
000916,D:\Biology-AI\data\Task1_Segmentation\images\000916.jpg,D:\Biology-AI\data\Task2_Attributes\images\000916.jpg,True,True,True,
000917,D:\Biology-AI\data\Task1_Segmentation\images\000917.jpg,D:\Biology-AI\data\Task2_Attributes\images\000917.jpg,True,True,True,
000918,D:\Biology-AI\data\Task1_Segmentation\images\000918.jpg,D:\Biology-AI\data\Task2_Attributes\images\000918.jpg,True,True,True,
000919,D:\Biology-AI\data\Task1_Segmentation\images\000919.jpg,D:\Biology-AI\data\Task2_Attributes\images\000919.jpg,True,True,True,
000920,D:\Biology-AI\data\Task1_Segmentation\images\000920.jpg,D:\Biology-AI\data\Task2_Attributes\images\000920.jpg,True,True,True,
000921,D:\Biology-AI\data\Task1_Segmentation\images\000921.jpg,D:\Biology-AI\data\Task2_Attributes\images\000921.jpg,True,True,True,
000922,D:\Biology-AI\data\Task1_Segmentation\images\000922.jpg,D:\Biology-AI\data\Task2_Attributes\images\000922.jpg,True,True,True,
000923,D:\Biology-AI\data\Task1_Segmentation\images\000923.jpg,D:\Biology-AI\data\Task2_Attributes\images\000923.jpg,True,True,True,
000924,D:\Biology-AI\data\Task1_Segmentation\images\000924.jpg,D:\Biology-AI\data\Task2_Attributes\images\000924.jpg,True,True,True,
000925,D:\Biology-AI\data\Task1_Segmentation\images\000925.jpg,D:\Biology-AI\data\Task2_Attributes\images\000925.jpg,True,True,True,
000926,D:\Biology-AI\data\Task1_Segmentation\images\000926.jpg,D:\Biology-AI\data\Task2_Attributes\images\000926.jpg,True,True,True,
000927,D:\Biology-AI\data\Task1_Segmentation\images\000927.jpg,D:\Biology-AI\data\Task2_Attributes\images\000927.jpg,True,True,True,
000928,D:\Biology-AI\data\Task1_Segmentation\images\000928.jpg,D:\Biology-AI\data\Task2_Attributes\images\000928.jpg,True,True,True,
000929,D:\Biology-AI\data\Task1_Segmentation\images\000929.jpg,D:\Biology-AI\data\Task2_Attributes\images\000929.jpg,True,True,True,
000930,D:\Biology-AI\data\Task1_Segmentation\images\000930.jpg,D:\Biology-AI\data\Task2_Attributes\images\000930.jpg,True,True,True,
000931,D:\Biology-AI\data\Task1_Segmentation\images\000931.jpg,D:\Biology-AI\data\Task2_Attributes\images\000931.jpg,True,True,True,
000932,D:\Biology-AI\data\Task1_Segmentation\images\000932.jpg,D:\Biology-AI\data\Task2_Attributes\images\000932.jpg,True,True,True,
000933,D:\Biology-AI\data\Task1_Segmentation\images\000933.jpg,D:\Biology-AI\data\Task2_Attributes\images\000933.jpg,True,True,True,
000934,D:\Biology-AI\data\Task1_Segmentation\images\000934.jpg,D:\Biology-AI\data\Task2_Attributes\images\000934.jpg,True,True,True,
000935,D:\Biology-AI\data\Task1_Segmentation\images\000935.jpg,D:\Biology-AI\data\Task2_Attributes\images\000935.jpg,True,True,True,
000936,D:\Biology-AI\data\Task1_Segmentation\images\000936.jpg,D:\Biology-AI\data\Task2_Attributes\images\000936.jpg,True,True,True,
000937,D:\Biology-AI\data\Task1_Segmentation\images\000937.jpg,D:\Biology-AI\data\Task2_Attributes\images\000937.jpg,True,True,True,
000938,D:\Biology-AI\data\Task1_Segmentation\images\000938.jpg,D:\Biology-AI\data\Task2_Attributes\images\000938.jpg,True,True,True,
000939,D:\Biology-AI\data\Task1_Segmentation\images\000939.jpg,D:\Biology-AI\data\Task2_Attributes\images\000939.jpg,True,True,True,
000940,D:\Biology-AI\data\Task1_Segmentation\images\000940.jpg,D:\Biology-AI\data\Task2_Attributes\images\000940.jpg,True,True,True,
000941,D:\Biology-AI\data\Task1_Segmentation\images\000941.jpg,D:\Biology-AI\data\Task2_Attributes\images\000941.jpg,True,True,True,
000942,D:\Biology-AI\data\Task1_Segmentation\images\000942.jpg,D:\Biology-AI\data\Task2_Attributes\images\000942.jpg,True,True,True,
000943,D:\Biology-AI\data\Task1_Segmentation\images\000943.jpg,D:\Biology-AI\data\Task2_Attributes\images\000943.jpg,True,True,True,
000944,D:\Biology-AI\data\Task1_Segmentation\images\000944.jpg,D:\Biology-AI\data\Task2_Attributes\images\000944.jpg,True,True,True,
000945,D:\Biology-AI\data\Task1_Segmentation\images\000945.jpg,D:\Biology-AI\data\Task2_Attributes\images\000945.jpg,True,True,True,
000946,D:\Biology-AI\data\Task1_Segmentation\images\000946.jpg,D:\Biology-AI\data\Task2_Attributes\images\000946.jpg,True,True,True,
000947,D:\Biology-AI\data\Task1_Segmentation\images\000947.jpg,D:\Biology-AI\data\Task2_Attributes\images\000947.jpg,True,True,True,
000948,D:\Biology-AI\data\Task1_Segmentation\images\000948.jpg,D:\Biology-AI\data\Task2_Attributes\images\000948.jpg,True,True,True,
000949,D:\Biology-AI\data\Task1_Segmentation\images\000949.jpg,D:\Biology-AI\data\Task2_Attributes\images\000949.jpg,True,True,True,
000950,D:\Biology-AI\data\Task1_Segmentation\images\000950.jpg,D:\Biology-AI\data\Task2_Attributes\images\000950.jpg,True,True,True,
000951,D:\Biology-AI\data\Task1_Segmentation\images\000951.jpg,D:\Biology-AI\data\Task2_Attributes\images\000951.jpg,True,True,True,
000952,D:\Biology-AI\data\Task1_Segmentation\images\000952.jpg,D:\Biology-AI\data\Task2_Attributes\images\000952.jpg,True,True,True,
000953,D:\Biology-AI\data\Task1_Segmentation\images\000953.jpg,D:\Biology-AI\data\Task2_Attributes\images\000953.jpg,True,True,True,
000954,D:\Biology-AI\data\Task1_Segmentation\images\000954.jpg,D:\Biology-AI\data\Task2_Attributes\images\000954.jpg,True,True,True,
000955,D:\Biology-AI\data\Task1_Segmentation\images\000955.jpg,D:\Biology-AI\data\Task2_Attributes\images\000955.jpg,True,True,True,
000956,D:\Biology-AI\data\Task1_Segmentation\images\000956.jpg,D:\Biology-AI\data\Task2_Attributes\images\000956.jpg,True,True,True,
000957,D:\Biology-AI\data\Task1_Segmentation\images\000957.jpg,D:\Biology-AI\data\Task2_Attributes\images\000957.jpg,True,True,True,
000958,D:\Biology-AI\data\Task1_Segmentation\images\000958.jpg,D:\Biology-AI\data\Task2_Attributes\images\000958.jpg,True,True,True,
000959,D:\Biology-AI\data\Task1_Segmentation\images\000959.jpg,D:\Biology-AI\data\Task2_Attributes\images\000959.jpg,True,True,True,
000960,D:\Biology-AI\data\Task1_Segmentation\images\000960.jpg,D:\Biology-AI\data\Task2_Attributes\images\000960.jpg,True,True,True,
000961,D:\Biology-AI\data\Task1_Segmentation\images\000961.jpg,D:\Biology-AI\data\Task2_Attributes\images\000961.jpg,True,True,True,
000962,D:\Biology-AI\data\Task1_Segmentation\images\000962.jpg,D:\Biology-AI\data\Task2_Attributes\images\000962.jpg,True,True,True,
000963,D:\Biology-AI\data\Task1_Segmentation\images\000963.jpg,D:\Biology-AI\data\Task2_Attributes\images\000963.jpg,True,True,True,
000964,D:\Biology-AI\data\Task1_Segmentation\images\000964.jpg,D:\Biology-AI\data\Task2_Attributes\images\000964.jpg,True,True,True,
000965,D:\Biology-AI\data\Task1_Segmentation\images\000965.jpg,D:\Biology-AI\data\Task2_Attributes\images\000965.jpg,True,True,True,
000966,D:\Biology-AI\data\Task1_Segmentation\images\000966.jpg,D:\Biology-AI\data\Task2_Attributes\images\000966.jpg,True,True,True,
000967,D:\Biology-AI\data\Task1_Segmentation\images\000967.jpg,D:\Biology-AI\data\Task2_Attributes\images\000967.jpg,True,True,True,
000968,D:\Biology-AI\data\Task1_Segmentation\images\000968.jpg,D:\Biology-AI\data\Task2_Attributes\images\000968.jpg,True,True,True,
000969,D:\Biology-AI\data\Task1_Segmentation\images\000969.jpg,D:\Biology-AI\data\Task2_Attributes\images\000969.jpg,True,True,True,
000970,D:\Biology-AI\data\Task1_Segmentation\images\000970.jpg,D:\Biology-AI\data\Task2_Attributes\images\000970.jpg,True,True,True,
000971,D:\Biology-AI\data\Task1_Segmentation\images\000971.jpg,D:\Biology-AI\data\Task2_Attributes\images\000971.jpg,True,True,True,
000972,D:\Biology-AI\data\Task1_Segmentation\images\000972.jpg,D:\Biology-AI\data\Task2_Attributes\images\000972.jpg,True,True,True,
000973,D:\Biology-AI\data\Task1_Segmentation\images\000973.jpg,D:\Biology-AI\data\Task2_Attributes\images\000973.jpg,True,True,True,
000974,D:\Biology-AI\data\Task1_Segmentation\images\000974.jpg,D:\Biology-AI\data\Task2_Attributes\images\000974.jpg,True,True,True,
000975,D:\Biology-AI\data\Task1_Segmentation\images\000975.jpg,D:\Biology-AI\data\Task2_Attributes\images\000975.jpg,True,True,True,
000976,D:\Biology-AI\data\Task1_Segmentation\images\000976.jpg,D:\Biology-AI\data\Task2_Attributes\images\000976.jpg,True,True,True,
000977,D:\Biology-AI\data\Task1_Segmentation\images\000977.jpg,D:\Biology-AI\data\Task2_Attributes\images\000977.jpg,True,True,True,
000978,D:\Biology-AI\data\Task1_Segmentation\images\000978.jpg,D:\Biology-AI\data\Task2_Attributes\images\000978.jpg,True,True,True,
000979,D:\Biology-AI\data\Task1_Segmentation\images\000979.jpg,D:\Biology-AI\data\Task2_Attributes\images\000979.jpg,True,True,True,
000980,D:\Biology-AI\data\Task1_Segmentation\images\000980.jpg,D:\Biology-AI\data\Task2_Attributes\images\000980.jpg,True,True,True,
000981,D:\Biology-AI\data\Task1_Segmentation\images\000981.jpg,D:\Biology-AI\data\Task2_Attributes\images\000981.jpg,True,True,True,
000982,D:\Biology-AI\data\Task1_Segmentation\images\000982.jpg,D:\Biology-AI\data\Task2_Attributes\images\000982.jpg,True,True,True,
000983,D:\Biology-AI\data\Task1_Segmentation\images\000983.jpg,D:\Biology-AI\data\Task2_Attributes\images\000983.jpg,True,True,True,
000984,D:\Biology-AI\data\Task1_Segmentation\images\000984.jpg,D:\Biology-AI\data\Task2_Attributes\images\000984.jpg,True,True,True,
000985,D:\Biology-AI\data\Task1_Segmentation\images\000985.jpg,D:\Biology-AI\data\Task2_Attributes\images\000985.jpg,True,True,True,
000986,D:\Biology-AI\data\Task1_Segmentation\images\000986.jpg,D:\Biology-AI\data\Task2_Attributes\images\000986.jpg,True,True,True,
000987,D:\Biology-AI\data\Task1_Segmentation\images\000987.jpg,D:\Biology-AI\data\Task2_Attributes\images\000987.jpg,True,True,True,
000988,D:\Biology-AI\data\Task1_Segmentation\images\000988.jpg,D:\Biology-AI\data\Task2_Attributes\images\000988.jpg,True,True,True,
000989,D:\Biology-AI\data\Task1_Segmentation\images\000989.jpg,D:\Biology-AI\data\Task2_Attributes\images\000989.jpg,True,True,True,
000990,D:\Biology-AI\data\Task1_Segmentation\images\000990.jpg,D:\Biology-AI\data\Task2_Attributes\images\000990.jpg,True,True,True,
000991,D:\Biology-AI\data\Task1_Segmentation\images\000991.jpg,D:\Biology-AI\data\Task2_Attributes\images\000991.jpg,True,True,True,
000992,D:\Biology-AI\data\Task1_Segmentation\images\000992.jpg,D:\Biology-AI\data\Task2_Attributes\images\000992.jpg,True,True,True,
000993,D:\Biology-AI\data\Task1_Segmentation\images\000993.jpg,D:\Biology-AI\data\Task2_Attributes\images\000993.jpg,True,True,True,
000994,D:\Biology-AI\data\Task1_Segmentation\images\000994.jpg,D:\Biology-AI\data\Task2_Attributes\images\000994.jpg,True,True,True,
000995,D:\Biology-AI\data\Task1_Segmentation\images\000995.jpg,D:\Biology-AI\data\Task2_Attributes\images\000995.jpg,True,True,True,
000996,D:\Biology-AI\data\Task1_Segmentation\images\000996.jpg,D:\Biology-AI\data\Task2_Attributes\images\000996.jpg,True,True,True,
000997,D:\Biology-AI\data\Task1_Segmentation\images\000997.jpg,D:\Biology-AI\data\Task2_Attributes\images\000997.jpg,True,True,True,
000998,D:\Biology-AI\data\Task1_Segmentation\images\000998.jpg,D:\Biology-AI\data\Task2_Attributes\images\000998.jpg,True,True,True,
000999,D:\Biology-AI\data\Task1_Segmentation\images\000999.jpg,D:\Biology-AI\data\Task2_Attributes\images\000999.jpg,True,True,True,
001000,D:\Biology-AI\data\Task1_Segmentation\images\001000.jpg,D:\Biology-AI\data\Task2_Attributes\images\001000.jpg,True,True,True,
001001,D:\Biology-AI\data\Task1_Segmentation\images\001001.jpg,D:\Biology-AI\data\Task2_Attributes\images\001001.jpg,True,True,True,
001002,D:\Biology-AI\data\Task1_Segmentation\images\001002.jpg,D:\Biology-AI\data\Task2_Attributes\images\001002.jpg,True,True,True,
001003,D:\Biology-AI\data\Task1_Segmentation\images\001003.jpg,D:\Biology-AI\data\Task2_Attributes\images\001003.jpg,True,True,True,
001004,D:\Biology-AI\data\Task1_Segmentation\images\001004.jpg,D:\Biology-AI\data\Task2_Attributes\images\001004.jpg,True,True,True,
001005,D:\Biology-AI\data\Task1_Segmentation\images\001005.jpg,D:\Biology-AI\data\Task2_Attributes\images\001005.jpg,True,True,True,
001006,D:\Biology-AI\data\Task1_Segmentation\images\001006.jpg,D:\Biology-AI\data\Task2_Attributes\images\001006.jpg,True,True,True,
001007,D:\Biology-AI\data\Task1_Segmentation\images\001007.jpg,D:\Biology-AI\data\Task2_Attributes\images\001007.jpg,True,True,True,
001008,D:\Biology-AI\data\Task1_Segmentation\images\001008.jpg,D:\Biology-AI\data\Task2_Attributes\images\001008.jpg,True,True,True,
001009,D:\Biology-AI\data\Task1_Segmentation\images\001009.jpg,D:\Biology-AI\data\Task2_Attributes\images\001009.jpg,True,True,True,
001010,D:\Biology-AI\data\Task1_Segmentation\images\001010.jpg,D:\Biology-AI\data\Task2_Attributes\images\001010.jpg,True,True,True,
001011,D:\Biology-AI\data\Task1_Segmentation\images\001011.jpg,D:\Biology-AI\data\Task2_Attributes\images\001011.jpg,True,True,True,
001012,D:\Biology-AI\data\Task1_Segmentation\images\001012.jpg,D:\Biology-AI\data\Task2_Attributes\images\001012.jpg,True,True,True,
001013,D:\Biology-AI\data\Task1_Segmentation\images\001013.jpg,D:\Biology-AI\data\Task2_Attributes\images\001013.jpg,True,True,True,
001014,D:\Biology-AI\data\Task1_Segmentation\images\001014.jpg,D:\Biology-AI\data\Task2_Attributes\images\001014.jpg,True,True,True,
001015,D:\Biology-AI\data\Task1_Segmentation\images\001015.jpg,D:\Biology-AI\data\Task2_Attributes\images\001015.jpg,True,True,True,
001016,D:\Biology-AI\data\Task1_Segmentation\images\001016.jpg,D:\Biology-AI\data\Task2_Attributes\images\001016.jpg,True,True,True,
001017,D:\Biology-AI\data\Task1_Segmentation\images\001017.jpg,D:\Biology-AI\data\Task2_Attributes\images\001017.jpg,True,True,True,
001018,D:\Biology-AI\data\Task1_Segmentation\images\001018.jpg,D:\Biology-AI\data\Task2_Attributes\images\001018.jpg,True,True,True,
001019,D:\Biology-AI\data\Task1_Segmentation\images\001019.jpg,D:\Biology-AI\data\Task2_Attributes\images\001019.jpg,True,True,True,
001020,D:\Biology-AI\data\Task1_Segmentation\images\001020.jpg,D:\Biology-AI\data\Task2_Attributes\images\001020.jpg,True,True,True,
001021,D:\Biology-AI\data\Task1_Segmentation\images\001021.jpg,D:\Biology-AI\data\Task2_Attributes\images\001021.jpg,True,True,True,
001022,D:\Biology-AI\data\Task1_Segmentation\images\001022.jpg,D:\Biology-AI\data\Task2_Attributes\images\001022.jpg,True,True,True,
001023,D:\Biology-AI\data\Task1_Segmentation\images\001023.jpg,D:\Biology-AI\data\Task2_Attributes\images\001023.jpg,True,True,True,
001024,D:\Biology-AI\data\Task1_Segmentation\images\001024.jpg,D:\Biology-AI\data\Task2_Attributes\images\001024.jpg,True,True,True,
001025,D:\Biology-AI\data\Task1_Segmentation\images\001025.jpg,D:\Biology-AI\data\Task2_Attributes\images\001025.jpg,True,True,True,
001026,D:\Biology-AI\data\Task1_Segmentation\images\001026.jpg,D:\Biology-AI\data\Task2_Attributes\images\001026.jpg,True,True,True,
001027,D:\Biology-AI\data\Task1_Segmentation\images\001027.jpg,D:\Biology-AI\data\Task2_Attributes\images\001027.jpg,True,True,True,
001028,D:\Biology-AI\data\Task1_Segmentation\images\001028.jpg,D:\Biology-AI\data\Task2_Attributes\images\001028.jpg,True,True,True,
001029,D:\Biology-AI\data\Task1_Segmentation\images\001029.jpg,D:\Biology-AI\data\Task2_Attributes\images\001029.jpg,True,True,True,
001030,D:\Biology-AI\data\Task1_Segmentation\images\001030.jpg,D:\Biology-AI\data\Task2_Attributes\images\001030.jpg,True,True,True,
001031,D:\Biology-AI\data\Task1_Segmentation\images\001031.jpg,D:\Biology-AI\data\Task2_Attributes\images\001031.jpg,True,True,True,
001032,D:\Biology-AI\data\Task1_Segmentation\images\001032.jpg,D:\Biology-AI\data\Task2_Attributes\images\001032.jpg,True,True,True,
001033,D:\Biology-AI\data\Task1_Segmentation\images\001033.jpg,D:\Biology-AI\data\Task2_Attributes\images\001033.jpg,True,True,True,
001034,D:\Biology-AI\data\Task1_Segmentation\images\001034.jpg,D:\Biology-AI\data\Task2_Attributes\images\001034.jpg,True,True,True,
001035,D:\Biology-AI\data\Task1_Segmentation\images\001035.jpg,D:\Biology-AI\data\Task2_Attributes\images\001035.jpg,True,True,True,
001036,D:\Biology-AI\data\Task1_Segmentation\images\001036.jpg,D:\Biology-AI\data\Task2_Attributes\images\001036.jpg,True,True,True,
001037,D:\Biology-AI\data\Task1_Segmentation\images\001037.jpg,D:\Biology-AI\data\Task2_Attributes\images\001037.jpg,True,True,True,
001038,D:\Biology-AI\data\Task1_Segmentation\images\001038.jpg,D:\Biology-AI\data\Task2_Attributes\images\001038.jpg,True,True,True,
001039,D:\Biology-AI\data\Task1_Segmentation\images\001039.jpg,D:\Biology-AI\data\Task2_Attributes\images\001039.jpg,True,True,True,
001040,D:\Biology-AI\data\Task1_Segmentation\images\001040.jpg,D:\Biology-AI\data\Task2_Attributes\images\001040.jpg,True,True,True,
001041,D:\Biology-AI\data\Task1_Segmentation\images\001041.jpg,D:\Biology-AI\data\Task2_Attributes\images\001041.jpg,True,True,True,
001042,D:\Biology-AI\data\Task1_Segmentation\images\001042.jpg,D:\Biology-AI\data\Task2_Attributes\images\001042.jpg,True,True,True,
001043,D:\Biology-AI\data\Task1_Segmentation\images\001043.jpg,D:\Biology-AI\data\Task2_Attributes\images\001043.jpg,True,True,True,
001044,D:\Biology-AI\data\Task1_Segmentation\images\001044.jpg,D:\Biology-AI\data\Task2_Attributes\images\001044.jpg,True,True,True,
001045,D:\Biology-AI\data\Task1_Segmentation\images\001045.jpg,D:\Biology-AI\data\Task2_Attributes\images\001045.jpg,True,True,True,
001046,D:\Biology-AI\data\Task1_Segmentation\images\001046.jpg,D:\Biology-AI\data\Task2_Attributes\images\001046.jpg,True,True,True,
001047,D:\Biology-AI\data\Task1_Segmentation\images\001047.jpg,D:\Biology-AI\data\Task2_Attributes\images\001047.jpg,True,True,True,
001048,D:\Biology-AI\data\Task1_Segmentation\images\001048.jpg,D:\Biology-AI\data\Task2_Attributes\images\001048.jpg,True,True,True,
001049,D:\Biology-AI\data\Task1_Segmentation\images\001049.jpg,D:\Biology-AI\data\Task2_Attributes\images\001049.jpg,True,True,True,
001050,D:\Biology-AI\data\Task1_Segmentation\images\001050.jpg,D:\Biology-AI\data\Task2_Attributes\images\001050.jpg,True,True,True,
001051,D:\Biology-AI\data\Task1_Segmentation\images\001051.jpg,D:\Biology-AI\data\Task2_Attributes\images\001051.jpg,True,True,True,
001052,D:\Biology-AI\data\Task1_Segmentation\images\001052.jpg,D:\Biology-AI\data\Task2_Attributes\images\001052.jpg,True,True,True,
001053,D:\Biology-AI\data\Task1_Segmentation\images\001053.jpg,D:\Biology-AI\data\Task2_Attributes\images\001053.jpg,True,True,True,
001054,D:\Biology-AI\data\Task1_Segmentation\images\001054.jpg,D:\Biology-AI\data\Task2_Attributes\images\001054.jpg,True,True,True,
001055,D:\Biology-AI\data\Task1_Segmentation\images\001055.jpg,D:\Biology-AI\data\Task2_Attributes\images\001055.jpg,True,True,True,
001056,D:\Biology-AI\data\Task1_Segmentation\images\001056.jpg,D:\Biology-AI\data\Task2_Attributes\images\001056.jpg,True,True,True,
001057,D:\Biology-AI\data\Task1_Segmentation\images\001057.jpg,D:\Biology-AI\data\Task2_Attributes\images\001057.jpg,True,True,True,
001058,D:\Biology-AI\data\Task1_Segmentation\images\001058.jpg,D:\Biology-AI\data\Task2_Attributes\images\001058.jpg,True,True,True,
001059,D:\Biology-AI\data\Task1_Segmentation\images\001059.jpg,D:\Biology-AI\data\Task2_Attributes\images\001059.jpg,True,True,True,
001060,D:\Biology-AI\data\Task1_Segmentation\images\001060.jpg,D:\Biology-AI\data\Task2_Attributes\images\001060.jpg,True,True,True,
001061,D:\Biology-AI\data\Task1_Segmentation\images\001061.jpg,D:\Biology-AI\data\Task2_Attributes\images\001061.jpg,True,True,True,
001062,D:\Biology-AI\data\Task1_Segmentation\images\001062.jpg,D:\Biology-AI\data\Task2_Attributes\images\001062.jpg,True,True,True,
001063,D:\Biology-AI\data\Task1_Segmentation\images\001063.jpg,D:\Biology-AI\data\Task2_Attributes\images\001063.jpg,True,True,True,
001064,D:\Biology-AI\data\Task1_Segmentation\images\001064.jpg,D:\Biology-AI\data\Task2_Attributes\images\001064.jpg,True,True,True,
001065,D:\Biology-AI\data\Task1_Segmentation\images\001065.jpg,D:\Biology-AI\data\Task2_Attributes\images\001065.jpg,True,True,True,
001066,D:\Biology-AI\data\Task1_Segmentation\images\001066.jpg,D:\Biology-AI\data\Task2_Attributes\images\001066.jpg,True,True,True,
001067,D:\Biology-AI\data\Task1_Segmentation\images\001067.jpg,D:\Biology-AI\data\Task2_Attributes\images\001067.jpg,True,True,True,
001068,D:\Biology-AI\data\Task1_Segmentation\images\001068.jpg,D:\Biology-AI\data\Task2_Attributes\images\001068.jpg,True,True,True,
001069,D:\Biology-AI\data\Task1_Segmentation\images\001069.jpg,D:\Biology-AI\data\Task2_Attributes\images\001069.jpg,True,True,True,
001070,D:\Biology-AI\data\Task1_Segmentation\images\001070.jpg,D:\Biology-AI\data\Task2_Attributes\images\001070.jpg,True,True,True,
001071,D:\Biology-AI\data\Task1_Segmentation\images\001071.jpg,D:\Biology-AI\data\Task2_Attributes\images\001071.jpg,True,True,True,
001072,D:\Biology-AI\data\Task1_Segmentation\images\001072.jpg,D:\Biology-AI\data\Task2_Attributes\images\001072.jpg,True,True,True,
001073,D:\Biology-AI\data\Task1_Segmentation\images\001073.jpg,D:\Biology-AI\data\Task2_Attributes\images\001073.jpg,True,True,True,
001074,D:\Biology-AI\data\Task1_Segmentation\images\001074.jpg,D:\Biology-AI\data\Task2_Attributes\images\001074.jpg,True,True,True,
001075,D:\Biology-AI\data\Task1_Segmentation\images\001075.jpg,D:\Biology-AI\data\Task2_Attributes\images\001075.jpg,True,True,True,
001076,D:\Biology-AI\data\Task1_Segmentation\images\001076.jpg,D:\Biology-AI\data\Task2_Attributes\images\001076.jpg,True,True,True,
001077,D:\Biology-AI\data\Task1_Segmentation\images\001077.jpg,D:\Biology-AI\data\Task2_Attributes\images\001077.jpg,True,True,True,
001078,D:\Biology-AI\data\Task1_Segmentation\images\001078.jpg,D:\Biology-AI\data\Task2_Attributes\images\001078.jpg,True,True,True,
001079,D:\Biology-AI\data\Task1_Segmentation\images\001079.jpg,D:\Biology-AI\data\Task2_Attributes\images\001079.jpg,True,True,True,
001080,D:\Biology-AI\data\Task1_Segmentation\images\001080.jpg,D:\Biology-AI\data\Task2_Attributes\images\001080.jpg,True,True,True,
001081,D:\Biology-AI\data\Task1_Segmentation\images\001081.jpg,D:\Biology-AI\data\Task2_Attributes\images\001081.jpg,True,True,True,
001082,D:\Biology-AI\data\Task1_Segmentation\images\001082.jpg,D:\Biology-AI\data\Task2_Attributes\images\001082.jpg,True,True,True,
001083,D:\Biology-AI\data\Task1_Segmentation\images\001083.jpg,D:\Biology-AI\data\Task2_Attributes\images\001083.jpg,True,True,True,
001084,D:\Biology-AI\data\Task1_Segmentation\images\001084.jpg,D:\Biology-AI\data\Task2_Attributes\images\001084.jpg,True,True,True,
001085,D:\Biology-AI\data\Task1_Segmentation\images\001085.jpg,D:\Biology-AI\data\Task2_Attributes\images\001085.jpg,True,True,True,
001086,D:\Biology-AI\data\Task1_Segmentation\images\001086.jpg,D:\Biology-AI\data\Task2_Attributes\images\001086.jpg,True,True,True,
001087,D:\Biology-AI\data\Task1_Segmentation\images\001087.jpg,D:\Biology-AI\data\Task2_Attributes\images\001087.jpg,True,True,True,
001088,D:\Biology-AI\data\Task1_Segmentation\images\001088.jpg,D:\Biology-AI\data\Task2_Attributes\images\001088.jpg,True,True,True,
001089,D:\Biology-AI\data\Task1_Segmentation\images\001089.jpg,D:\Biology-AI\data\Task2_Attributes\images\001089.jpg,True,True,True,
001090,D:\Biology-AI\data\Task1_Segmentation\images\001090.jpg,D:\Biology-AI\data\Task2_Attributes\images\001090.jpg,True,True,True,
001091,D:\Biology-AI\data\Task1_Segmentation\images\001091.jpg,D:\Biology-AI\data\Task2_Attributes\images\001091.jpg,True,True,True,
001092,D:\Biology-AI\data\Task1_Segmentation\images\001092.jpg,D:\Biology-AI\data\Task2_Attributes\images\001092.jpg,True,True,True,
001093,D:\Biology-AI\data\Task1_Segmentation\images\001093.jpg,D:\Biology-AI\data\Task2_Attributes\images\001093.jpg,True,True,True,
001094,D:\Biology-AI\data\Task1_Segmentation\images\001094.jpg,D:\Biology-AI\data\Task2_Attributes\images\001094.jpg,True,True,True,
001095,D:\Biology-AI\data\Task1_Segmentation\images\001095.jpg,D:\Biology-AI\data\Task2_Attributes\images\001095.jpg,True,True,True,
001096,D:\Biology-AI\data\Task1_Segmentation\images\001096.jpg,D:\Biology-AI\data\Task2_Attributes\images\001096.jpg,True,True,True,
001097,D:\Biology-AI\data\Task1_Segmentation\images\001097.jpg,D:\Biology-AI\data\Task2_Attributes\images\001097.jpg,True,True,True,
001098,D:\Biology-AI\data\Task1_Segmentation\images\001098.jpg,D:\Biology-AI\data\Task2_Attributes\images\001098.jpg,True,True,True,
001099,D:\Biology-AI\data\Task1_Segmentation\images\001099.jpg,D:\Biology-AI\data\Task2_Attributes\images\001099.jpg,True,True,True,
001100,D:\Biology-AI\data\Task1_Segmentation\images\001100.jpg,D:\Biology-AI\data\Task2_Attributes\images\001100.jpg,True,True,True,
001101,D:\Biology-AI\data\Task1_Segmentation\images\001101.jpg,D:\Biology-AI\data\Task2_Attributes\images\001101.jpg,True,True,True,
001102,D:\Biology-AI\data\Task1_Segmentation\images\001102.jpg,D:\Biology-AI\data\Task2_Attributes\images\001102.jpg,True,True,True,
001103,D:\Biology-AI\data\Task1_Segmentation\images\001103.jpg,D:\Biology-AI\data\Task2_Attributes\images\001103.jpg,True,True,True,
001104,D:\Biology-AI\data\Task1_Segmentation\images\001104.jpg,D:\Biology-AI\data\Task2_Attributes\images\001104.jpg,True,True,True,
001105,D:\Biology-AI\data\Task1_Segmentation\images\001105.jpg,D:\Biology-AI\data\Task2_Attributes\images\001105.jpg,True,True,True,
001106,D:\Biology-AI\data\Task1_Segmentation\images\001106.jpg,D:\Biology-AI\data\Task2_Attributes\images\001106.jpg,True,True,True,
001107,D:\Biology-AI\data\Task1_Segmentation\images\001107.jpg,D:\Biology-AI\data\Task2_Attributes\images\001107.jpg,True,True,True,
001108,D:\Biology-AI\data\Task1_Segmentation\images\001108.jpg,D:\Biology-AI\data\Task2_Attributes\images\001108.jpg,True,True,True,
001109,D:\Biology-AI\data\Task1_Segmentation\images\001109.jpg,D:\Biology-AI\data\Task2_Attributes\images\001109.jpg,True,True,True,
001110,D:\Biology-AI\data\Task1_Segmentation\images\001110.jpg,D:\Biology-AI\data\Task2_Attributes\images\001110.jpg,True,True,True,
001111,D:\Biology-AI\data\Task1_Segmentation\images\001111.jpg,D:\Biology-AI\data\Task2_Attributes\images\001111.jpg,True,True,True,
001112,D:\Biology-AI\data\Task1_Segmentation\images\001112.jpg,D:\Biology-AI\data\Task2_Attributes\images\001112.jpg,True,True,True,
001113,D:\Biology-AI\data\Task1_Segmentation\images\001113.jpg,D:\Biology-AI\data\Task2_Attributes\images\001113.jpg,True,True,True,
001114,D:\Biology-AI\data\Task1_Segmentation\images\001114.jpg,D:\Biology-AI\data\Task2_Attributes\images\001114.jpg,True,True,True,
001115,D:\Biology-AI\data\Task1_Segmentation\images\001115.jpg,D:\Biology-AI\data\Task2_Attributes\images\001115.jpg,True,True,True,
001116,D:\Biology-AI\data\Task1_Segmentation\images\001116.jpg,D:\Biology-AI\data\Task2_Attributes\images\001116.jpg,True,True,True,
001117,D:\Biology-AI\data\Task1_Segmentation\images\001117.jpg,D:\Biology-AI\data\Task2_Attributes\images\001117.jpg,True,True,True,
001118,D:\Biology-AI\data\Task1_Segmentation\images\001118.jpg,D:\Biology-AI\data\Task2_Attributes\images\001118.jpg,True,True,True,
001119,D:\Biology-AI\data\Task1_Segmentation\images\001119.jpg,D:\Biology-AI\data\Task2_Attributes\images\001119.jpg,True,True,True,
001120,D:\Biology-AI\data\Task1_Segmentation\images\001120.jpg,D:\Biology-AI\data\Task2_Attributes\images\001120.jpg,True,True,True,
001121,D:\Biology-AI\data\Task1_Segmentation\images\001121.jpg,D:\Biology-AI\data\Task2_Attributes\images\001121.jpg,True,True,True,
001122,D:\Biology-AI\data\Task1_Segmentation\images\001122.jpg,D:\Biology-AI\data\Task2_Attributes\images\001122.jpg,True,True,True,
001123,D:\Biology-AI\data\Task1_Segmentation\images\001123.jpg,D:\Biology-AI\data\Task2_Attributes\images\001123.jpg,True,True,True,
001124,D:\Biology-AI\data\Task1_Segmentation\images\001124.jpg,D:\Biology-AI\data\Task2_Attributes\images\001124.jpg,True,True,True,
001125,D:\Biology-AI\data\Task1_Segmentation\images\001125.jpg,D:\Biology-AI\data\Task2_Attributes\images\001125.jpg,True,True,True,
001126,D:\Biology-AI\data\Task1_Segmentation\images\001126.jpg,D:\Biology-AI\data\Task2_Attributes\images\001126.jpg,True,True,True,
001127,D:\Biology-AI\data\Task1_Segmentation\images\001127.jpg,D:\Biology-AI\data\Task2_Attributes\images\001127.jpg,True,True,True,
001128,D:\Biology-AI\data\Task1_Segmentation\images\001128.jpg,D:\Biology-AI\data\Task2_Attributes\images\001128.jpg,True,True,True,
001129,D:\Biology-AI\data\Task1_Segmentation\images\001129.jpg,D:\Biology-AI\data\Task2_Attributes\images\001129.jpg,True,True,True,
001130,D:\Biology-AI\data\Task1_Segmentation\images\001130.jpg,D:\Biology-AI\data\Task2_Attributes\images\001130.jpg,True,True,True,
001131,D:\Biology-AI\data\Task1_Segmentation\images\001131.jpg,D:\Biology-AI\data\Task2_Attributes\images\001131.jpg,True,True,True,
001132,D:\Biology-AI\data\Task1_Segmentation\images\001132.jpg,D:\Biology-AI\data\Task2_Attributes\images\001132.jpg,True,True,True,
001133,D:\Biology-AI\data\Task1_Segmentation\images\001133.jpg,D:\Biology-AI\data\Task2_Attributes\images\001133.jpg,True,True,True,
001134,D:\Biology-AI\data\Task1_Segmentation\images\001134.jpg,D:\Biology-AI\data\Task2_Attributes\images\001134.jpg,True,True,True,
001135,D:\Biology-AI\data\Task1_Segmentation\images\001135.jpg,D:\Biology-AI\data\Task2_Attributes\images\001135.jpg,True,True,True,
001136,D:\Biology-AI\data\Task1_Segmentation\images\001136.jpg,D:\Biology-AI\data\Task2_Attributes\images\001136.jpg,True,True,True,
001137,D:\Biology-AI\data\Task1_Segmentation\images\001137.jpg,D:\Biology-AI\data\Task2_Attributes\images\001137.jpg,True,True,True,
001138,D:\Biology-AI\data\Task1_Segmentation\images\001138.jpg,D:\Biology-AI\data\Task2_Attributes\images\001138.jpg,True,True,True,
001139,D:\Biology-AI\data\Task1_Segmentation\images\001139.jpg,D:\Biology-AI\data\Task2_Attributes\images\001139.jpg,True,True,True,
001140,D:\Biology-AI\data\Task1_Segmentation\images\001140.jpg,D:\Biology-AI\data\Task2_Attributes\images\001140.jpg,True,True,True,
001141,D:\Biology-AI\data\Task1_Segmentation\images\001141.jpg,D:\Biology-AI\data\Task2_Attributes\images\001141.jpg,True,True,True,
001142,D:\Biology-AI\data\Task1_Segmentation\images\001142.jpg,D:\Biology-AI\data\Task2_Attributes\images\001142.jpg,True,True,True,
001143,D:\Biology-AI\data\Task1_Segmentation\images\001143.jpg,D:\Biology-AI\data\Task2_Attributes\images\001143.jpg,True,True,True,
001144,D:\Biology-AI\data\Task1_Segmentation\images\001144.jpg,D:\Biology-AI\data\Task2_Attributes\images\001144.jpg,True,True,True,
001145,D:\Biology-AI\data\Task1_Segmentation\images\001145.jpg,D:\Biology-AI\data\Task2_Attributes\images\001145.jpg,True,True,True,
001146,D:\Biology-AI\data\Task1_Segmentation\images\001146.jpg,D:\Biology-AI\data\Task2_Attributes\images\001146.jpg,True,True,True,
001147,D:\Biology-AI\data\Task1_Segmentation\images\001147.jpg,D:\Biology-AI\data\Task2_Attributes\images\001147.jpg,True,True,True,
001148,D:\Biology-AI\data\Task1_Segmentation\images\001148.jpg,D:\Biology-AI\data\Task2_Attributes\images\001148.jpg,True,True,True,
001149,D:\Biology-AI\data\Task1_Segmentation\images\001149.jpg,D:\Biology-AI\data\Task2_Attributes\images\001149.jpg,True,True,True,
001150,D:\Biology-AI\data\Task1_Segmentation\images\001150.jpg,D:\Biology-AI\data\Task2_Attributes\images\001150.jpg,True,True,True,
001151,D:\Biology-AI\data\Task1_Segmentation\images\001151.jpg,D:\Biology-AI\data\Task2_Attributes\images\001151.jpg,True,True,True,
001152,D:\Biology-AI\data\Task1_Segmentation\images\001152.jpg,D:\Biology-AI\data\Task2_Attributes\images\001152.jpg,True,True,True,
001153,D:\Biology-AI\data\Task1_Segmentation\images\001153.jpg,D:\Biology-AI\data\Task2_Attributes\images\001153.jpg,True,True,True,
001154,D:\Biology-AI\data\Task1_Segmentation\images\001154.jpg,D:\Biology-AI\data\Task2_Attributes\images\001154.jpg,True,True,True,
001155,D:\Biology-AI\data\Task1_Segmentation\images\001155.jpg,D:\Biology-AI\data\Task2_Attributes\images\001155.jpg,True,True,True,
001156,D:\Biology-AI\data\Task1_Segmentation\images\001156.jpg,D:\Biology-AI\data\Task2_Attributes\images\001156.jpg,True,True,True,
001157,D:\Biology-AI\data\Task1_Segmentation\images\001157.jpg,D:\Biology-AI\data\Task2_Attributes\images\001157.jpg,True,True,True,
001158,D:\Biology-AI\data\Task1_Segmentation\images\001158.jpg,D:\Biology-AI\data\Task2_Attributes\images\001158.jpg,True,True,True,
001159,D:\Biology-AI\data\Task1_Segmentation\images\001159.jpg,D:\Biology-AI\data\Task2_Attributes\images\001159.jpg,True,True,True,
001160,D:\Biology-AI\data\Task1_Segmentation\images\001160.jpg,D:\Biology-AI\data\Task2_Attributes\images\001160.jpg,True,True,True,
001161,D:\Biology-AI\data\Task1_Segmentation\images\001161.jpg,D:\Biology-AI\data\Task2_Attributes\images\001161.jpg,True,True,True,
001162,D:\Biology-AI\data\Task1_Segmentation\images\001162.jpg,D:\Biology-AI\data\Task2_Attributes\images\001162.jpg,True,True,True,
001163,D:\Biology-AI\data\Task1_Segmentation\images\001163.jpg,D:\Biology-AI\data\Task2_Attributes\images\001163.jpg,True,True,True,
001164,D:\Biology-AI\data\Task1_Segmentation\images\001164.jpg,D:\Biology-AI\data\Task2_Attributes\images\001164.jpg,True,True,True,
001165,D:\Biology-AI\data\Task1_Segmentation\images\001165.jpg,D:\Biology-AI\data\Task2_Attributes\images\001165.jpg,True,True,True,
001166,D:\Biology-AI\data\Task1_Segmentation\images\001166.jpg,D:\Biology-AI\data\Task2_Attributes\images\001166.jpg,True,True,True,
001167,D:\Biology-AI\data\Task1_Segmentation\images\001167.jpg,D:\Biology-AI\data\Task2_Attributes\images\001167.jpg,True,True,True,
001168,D:\Biology-AI\data\Task1_Segmentation\images\001168.jpg,D:\Biology-AI\data\Task2_Attributes\images\001168.jpg,True,True,True,
001169,D:\Biology-AI\data\Task1_Segmentation\images\001169.jpg,D:\Biology-AI\data\Task2_Attributes\images\001169.jpg,True,True,True,
001170,D:\Biology-AI\data\Task1_Segmentation\images\001170.jpg,D:\Biology-AI\data\Task2_Attributes\images\001170.jpg,True,True,True,
001171,D:\Biology-AI\data\Task1_Segmentation\images\001171.jpg,D:\Biology-AI\data\Task2_Attributes\images\001171.jpg,True,True,True,
001172,D:\Biology-AI\data\Task1_Segmentation\images\001172.jpg,D:\Biology-AI\data\Task2_Attributes\images\001172.jpg,True,True,True,
001173,D:\Biology-AI\data\Task1_Segmentation\images\001173.jpg,D:\Biology-AI\data\Task2_Attributes\images\001173.jpg,True,True,True,
001174,D:\Biology-AI\data\Task1_Segmentation\images\001174.jpg,D:\Biology-AI\data\Task2_Attributes\images\001174.jpg,True,True,True,
001175,D:\Biology-AI\data\Task1_Segmentation\images\001175.jpg,D:\Biology-AI\data\Task2_Attributes\images\001175.jpg,True,True,True,
001176,D:\Biology-AI\data\Task1_Segmentation\images\001176.jpg,D:\Biology-AI\data\Task2_Attributes\images\001176.jpg,True,True,True,
001177,D:\Biology-AI\data\Task1_Segmentation\images\001177.jpg,D:\Biology-AI\data\Task2_Attributes\images\001177.jpg,True,True,True,
001178,D:\Biology-AI\data\Task1_Segmentation\images\001178.jpg,D:\Biology-AI\data\Task2_Attributes\images\001178.jpg,True,True,True,
001179,D:\Biology-AI\data\Task1_Segmentation\images\001179.jpg,D:\Biology-AI\data\Task2_Attributes\images\001179.jpg,True,True,True,
001180,D:\Biology-AI\data\Task1_Segmentation\images\001180.jpg,D:\Biology-AI\data\Task2_Attributes\images\001180.jpg,True,True,True,
001181,D:\Biology-AI\data\Task1_Segmentation\images\001181.jpg,D:\Biology-AI\data\Task2_Attributes\images\001181.jpg,True,True,True,
001182,D:\Biology-AI\data\Task1_Segmentation\images\001182.jpg,D:\Biology-AI\data\Task2_Attributes\images\001182.jpg,True,True,True,
001183,D:\Biology-AI\data\Task1_Segmentation\images\001183.jpg,D:\Biology-AI\data\Task2_Attributes\images\001183.jpg,True,True,True,
001184,D:\Biology-AI\data\Task1_Segmentation\images\001184.jpg,D:\Biology-AI\data\Task2_Attributes\images\001184.jpg,True,True,True,
001185,D:\Biology-AI\data\Task1_Segmentation\images\001185.jpg,D:\Biology-AI\data\Task2_Attributes\images\001185.jpg,True,True,True,
001186,D:\Biology-AI\data\Task1_Segmentation\images\001186.jpg,D:\Biology-AI\data\Task2_Attributes\images\001186.jpg,True,True,True,
001187,D:\Biology-AI\data\Task1_Segmentation\images\001187.jpg,D:\Biology-AI\data\Task2_Attributes\images\001187.jpg,True,True,True,
001188,D:\Biology-AI\data\Task1_Segmentation\images\001188.jpg,D:\Biology-AI\data\Task2_Attributes\images\001188.jpg,True,True,True,
001189,D:\Biology-AI\data\Task1_Segmentation\images\001189.jpg,D:\Biology-AI\data\Task2_Attributes\images\001189.jpg,True,True,True,
001190,D:\Biology-AI\data\Task1_Segmentation\images\001190.jpg,D:\Biology-AI\data\Task2_Attributes\images\001190.jpg,True,True,True,
001191,D:\Biology-AI\data\Task1_Segmentation\images\001191.jpg,D:\Biology-AI\data\Task2_Attributes\images\001191.jpg,True,True,True,
001192,D:\Biology-AI\data\Task1_Segmentation\images\001192.jpg,D:\Biology-AI\data\Task2_Attributes\images\001192.jpg,True,True,True,
001193,D:\Biology-AI\data\Task1_Segmentation\images\001193.jpg,D:\Biology-AI\data\Task2_Attributes\images\001193.jpg,True,True,True,
001194,D:\Biology-AI\data\Task1_Segmentation\images\001194.jpg,D:\Biology-AI\data\Task2_Attributes\images\001194.jpg,True,True,True,
001195,D:\Biology-AI\data\Task1_Segmentation\images\001195.jpg,D:\Biology-AI\data\Task2_Attributes\images\001195.jpg,True,True,True,
001196,D:\Biology-AI\data\Task1_Segmentation\images\001196.jpg,D:\Biology-AI\data\Task2_Attributes\images\001196.jpg,True,True,True,
001197,D:\Biology-AI\data\Task1_Segmentation\images\001197.jpg,D:\Biology-AI\data\Task2_Attributes\images\001197.jpg,True,True,True,
001198,D:\Biology-AI\data\Task1_Segmentation\images\001198.jpg,D:\Biology-AI\data\Task2_Attributes\images\001198.jpg,True,True,True,
001199,D:\Biology-AI\data\Task1_Segmentation\images\001199.jpg,D:\Biology-AI\data\Task2_Attributes\images\001199.jpg,True,True,True,
001200,D:\Biology-AI\data\Task1_Segmentation\images\001200.jpg,D:\Biology-AI\data\Task2_Attributes\images\001200.jpg,True,True,True,
001201,D:\Biology-AI\data\Task1_Segmentation\images\001201.jpg,D:\Biology-AI\data\Task2_Attributes\images\001201.jpg,True,True,True,
001202,D:\Biology-AI\data\Task1_Segmentation\images\001202.jpg,D:\Biology-AI\data\Task2_Attributes\images\001202.jpg,True,True,True,
001203,D:\Biology-AI\data\Task1_Segmentation\images\001203.jpg,D:\Biology-AI\data\Task2_Attributes\images\001203.jpg,True,True,True,
001204,D:\Biology-AI\data\Task1_Segmentation\images\001204.jpg,D:\Biology-AI\data\Task2_Attributes\images\001204.jpg,True,True,True,
001205,D:\Biology-AI\data\Task1_Segmentation\images\001205.jpg,D:\Biology-AI\data\Task2_Attributes\images\001205.jpg,True,True,True,
001206,D:\Biology-AI\data\Task1_Segmentation\images\001206.jpg,D:\Biology-AI\data\Task2_Attributes\images\001206.jpg,True,True,True,
001207,D:\Biology-AI\data\Task1_Segmentation\images\001207.jpg,D:\Biology-AI\data\Task2_Attributes\images\001207.jpg,True,True,True,
001208,D:\Biology-AI\data\Task1_Segmentation\images\001208.jpg,D:\Biology-AI\data\Task2_Attributes\images\001208.jpg,True,True,True,
001209,D:\Biology-AI\data\Task1_Segmentation\images\001209.jpg,D:\Biology-AI\data\Task2_Attributes\images\001209.jpg,True,True,True,
001210,D:\Biology-AI\data\Task1_Segmentation\images\001210.jpg,D:\Biology-AI\data\Task2_Attributes\images\001210.jpg,True,True,True,
001211,D:\Biology-AI\data\Task1_Segmentation\images\001211.jpg,D:\Biology-AI\data\Task2_Attributes\images\001211.jpg,True,True,True,
001212,D:\Biology-AI\data\Task1_Segmentation\images\001212.jpg,D:\Biology-AI\data\Task2_Attributes\images\001212.jpg,True,True,True,
001213,D:\Biology-AI\data\Task1_Segmentation\images\001213.jpg,D:\Biology-AI\data\Task2_Attributes\images\001213.jpg,True,True,True,
001214,D:\Biology-AI\data\Task1_Segmentation\images\001214.jpg,D:\Biology-AI\data\Task2_Attributes\images\001214.jpg,True,True,True,
001215,D:\Biology-AI\data\Task1_Segmentation\images\001215.jpg,D:\Biology-AI\data\Task2_Attributes\images\001215.jpg,True,True,True,
001216,D:\Biology-AI\data\Task1_Segmentation\images\001216.jpg,D:\Biology-AI\data\Task2_Attributes\images\001216.jpg,True,True,True,
001217,D:\Biology-AI\data\Task1_Segmentation\images\001217.jpg,D:\Biology-AI\data\Task2_Attributes\images\001217.jpg,True,True,True,
001218,D:\Biology-AI\data\Task1_Segmentation\images\001218.jpg,D:\Biology-AI\data\Task2_Attributes\images\001218.jpg,True,True,True,
001219,D:\Biology-AI\data\Task1_Segmentation\images\001219.jpg,D:\Biology-AI\data\Task2_Attributes\images\001219.jpg,True,True,True,
001220,D:\Biology-AI\data\Task1_Segmentation\images\001220.jpg,D:\Biology-AI\data\Task2_Attributes\images\001220.jpg,True,True,True,
001221,D:\Biology-AI\data\Task1_Segmentation\images\001221.jpg,D:\Biology-AI\data\Task2_Attributes\images\001221.jpg,True,True,True,
001222,D:\Biology-AI\data\Task1_Segmentation\images\001222.jpg,D:\Biology-AI\data\Task2_Attributes\images\001222.jpg,True,True,True,
001223,D:\Biology-AI\data\Task1_Segmentation\images\001223.jpg,D:\Biology-AI\data\Task2_Attributes\images\001223.jpg,True,True,True,
001224,D:\Biology-AI\data\Task1_Segmentation\images\001224.jpg,D:\Biology-AI\data\Task2_Attributes\images\001224.jpg,True,True,True,
001225,D:\Biology-AI\data\Task1_Segmentation\images\001225.jpg,D:\Biology-AI\data\Task2_Attributes\images\001225.jpg,True,True,True,
001226,D:\Biology-AI\data\Task1_Segmentation\images\001226.jpg,D:\Biology-AI\data\Task2_Attributes\images\001226.jpg,True,True,True,
001227,D:\Biology-AI\data\Task1_Segmentation\images\001227.jpg,D:\Biology-AI\data\Task2_Attributes\images\001227.jpg,True,True,True,
001228,D:\Biology-AI\data\Task1_Segmentation\images\001228.jpg,D:\Biology-AI\data\Task2_Attributes\images\001228.jpg,True,True,True,
001229,D:\Biology-AI\data\Task1_Segmentation\images\001229.jpg,D:\Biology-AI\data\Task2_Attributes\images\001229.jpg,True,True,True,
001230,D:\Biology-AI\data\Task1_Segmentation\images\001230.jpg,D:\Biology-AI\data\Task2_Attributes\images\001230.jpg,True,True,True,
001231,D:\Biology-AI\data\Task1_Segmentation\images\001231.jpg,D:\Biology-AI\data\Task2_Attributes\images\001231.jpg,True,True,True,
001232,D:\Biology-AI\data\Task1_Segmentation\images\001232.jpg,D:\Biology-AI\data\Task2_Attributes\images\001232.jpg,True,True,True,
001233,D:\Biology-AI\data\Task1_Segmentation\images\001233.jpg,D:\Biology-AI\data\Task2_Attributes\images\001233.jpg,True,True,True,
001234,D:\Biology-AI\data\Task1_Segmentation\images\001234.jpg,D:\Biology-AI\data\Task2_Attributes\images\001234.jpg,True,True,True,
001235,D:\Biology-AI\data\Task1_Segmentation\images\001235.jpg,D:\Biology-AI\data\Task2_Attributes\images\001235.jpg,True,True,True,
001236,D:\Biology-AI\data\Task1_Segmentation\images\001236.jpg,D:\Biology-AI\data\Task2_Attributes\images\001236.jpg,True,True,True,
001237,D:\Biology-AI\data\Task1_Segmentation\images\001237.jpg,D:\Biology-AI\data\Task2_Attributes\images\001237.jpg,True,True,True,
001238,D:\Biology-AI\data\Task1_Segmentation\images\001238.jpg,D:\Biology-AI\data\Task2_Attributes\images\001238.jpg,True,True,True,
001239,D:\Biology-AI\data\Task1_Segmentation\images\001239.jpg,D:\Biology-AI\data\Task2_Attributes\images\001239.jpg,True,True,True,
001240,D:\Biology-AI\data\Task1_Segmentation\images\001240.jpg,D:\Biology-AI\data\Task2_Attributes\images\001240.jpg,True,True,True,
001241,D:\Biology-AI\data\Task1_Segmentation\images\001241.jpg,D:\Biology-AI\data\Task2_Attributes\images\001241.jpg,True,True,True,
001242,D:\Biology-AI\data\Task1_Segmentation\images\001242.jpg,D:\Biology-AI\data\Task2_Attributes\images\001242.jpg,True,True,True,
001243,D:\Biology-AI\data\Task1_Segmentation\images\001243.jpg,D:\Biology-AI\data\Task2_Attributes\images\001243.jpg,True,True,True,
001244,D:\Biology-AI\data\Task1_Segmentation\images\001244.jpg,D:\Biology-AI\data\Task2_Attributes\images\001244.jpg,True,True,True,
001245,D:\Biology-AI\data\Task1_Segmentation\images\001245.jpg,D:\Biology-AI\data\Task2_Attributes\images\001245.jpg,True,True,True,
001246,D:\Biology-AI\data\Task1_Segmentation\images\001246.jpg,D:\Biology-AI\data\Task2_Attributes\images\001246.jpg,True,True,True,
001247,D:\Biology-AI\data\Task1_Segmentation\images\001247.jpg,D:\Biology-AI\data\Task2_Attributes\images\001247.jpg,True,True,True,
001248,D:\Biology-AI\data\Task1_Segmentation\images\001248.jpg,D:\Biology-AI\data\Task2_Attributes\images\001248.jpg,True,True,True,
001249,D:\Biology-AI\data\Task1_Segmentation\images\001249.jpg,D:\Biology-AI\data\Task2_Attributes\images\001249.jpg,True,True,True,
001250,D:\Biology-AI\data\Task1_Segmentation\images\001250.jpg,D:\Biology-AI\data\Task2_Attributes\images\001250.jpg,True,True,True,
001251,D:\Biology-AI\data\Task1_Segmentation\images\001251.jpg,D:\Biology-AI\data\Task2_Attributes\images\001251.jpg,True,True,True,
001252,D:\Biology-AI\data\Task1_Segmentation\images\001252.jpg,D:\Biology-AI\data\Task2_Attributes\images\001252.jpg,True,True,True,
001253,D:\Biology-AI\data\Task1_Segmentation\images\001253.jpg,D:\Biology-AI\data\Task2_Attributes\images\001253.jpg,True,True,True,
001254,D:\Biology-AI\data\Task1_Segmentation\images\001254.jpg,D:\Biology-AI\data\Task2_Attributes\images\001254.jpg,True,True,True,
001255,D:\Biology-AI\data\Task1_Segmentation\images\001255.jpg,D:\Biology-AI\data\Task2_Attributes\images\001255.jpg,True,True,True,
001256,D:\Biology-AI\data\Task1_Segmentation\images\001256.jpg,D:\Biology-AI\data\Task2_Attributes\images\001256.jpg,True,True,True,
001257,D:\Biology-AI\data\Task1_Segmentation\images\001257.jpg,D:\Biology-AI\data\Task2_Attributes\images\001257.jpg,True,True,True,
001258,D:\Biology-AI\data\Task1_Segmentation\images\001258.jpg,D:\Biology-AI\data\Task2_Attributes\images\001258.jpg,True,True,True,
001259,D:\Biology-AI\data\Task1_Segmentation\images\001259.jpg,D:\Biology-AI\data\Task2_Attributes\images\001259.jpg,True,True,True,
001260,D:\Biology-AI\data\Task1_Segmentation\images\001260.jpg,D:\Biology-AI\data\Task2_Attributes\images\001260.jpg,True,True,True,
001261,D:\Biology-AI\data\Task1_Segmentation\images\001261.jpg,D:\Biology-AI\data\Task2_Attributes\images\001261.jpg,True,True,True,
001262,D:\Biology-AI\data\Task1_Segmentation\images\001262.jpg,D:\Biology-AI\data\Task2_Attributes\images\001262.jpg,True,True,True,
001263,D:\Biology-AI\data\Task1_Segmentation\images\001263.jpg,D:\Biology-AI\data\Task2_Attributes\images\001263.jpg,True,True,True,
001264,D:\Biology-AI\data\Task1_Segmentation\images\001264.jpg,D:\Biology-AI\data\Task2_Attributes\images\001264.jpg,True,True,True,
001265,D:\Biology-AI\data\Task1_Segmentation\images\001265.jpg,D:\Biology-AI\data\Task2_Attributes\images\001265.jpg,True,True,True,
001266,D:\Biology-AI\data\Task1_Segmentation\images\001266.jpg,D:\Biology-AI\data\Task2_Attributes\images\001266.jpg,True,True,True,
001267,D:\Biology-AI\data\Task1_Segmentation\images\001267.jpg,D:\Biology-AI\data\Task2_Attributes\images\001267.jpg,True,True,True,
001268,D:\Biology-AI\data\Task1_Segmentation\images\001268.jpg,D:\Biology-AI\data\Task2_Attributes\images\001268.jpg,True,True,True,
001269,D:\Biology-AI\data\Task1_Segmentation\images\001269.jpg,D:\Biology-AI\data\Task2_Attributes\images\001269.jpg,True,True,True,
001270,D:\Biology-AI\data\Task1_Segmentation\images\001270.jpg,D:\Biology-AI\data\Task2_Attributes\images\001270.jpg,True,True,True,
001271,D:\Biology-AI\data\Task1_Segmentation\images\001271.jpg,D:\Biology-AI\data\Task2_Attributes\images\001271.jpg,True,True,True,
001272,D:\Biology-AI\data\Task1_Segmentation\images\001272.jpg,D:\Biology-AI\data\Task2_Attributes\images\001272.jpg,True,True,True,
001273,D:\Biology-AI\data\Task1_Segmentation\images\001273.jpg,D:\Biology-AI\data\Task2_Attributes\images\001273.jpg,True,True,True,
001274,D:\Biology-AI\data\Task1_Segmentation\images\001274.jpg,D:\Biology-AI\data\Task2_Attributes\images\001274.jpg,True,True,True,
001275,D:\Biology-AI\data\Task1_Segmentation\images\001275.jpg,D:\Biology-AI\data\Task2_Attributes\images\001275.jpg,True,True,True,
001276,D:\Biology-AI\data\Task1_Segmentation\images\001276.jpg,D:\Biology-AI\data\Task2_Attributes\images\001276.jpg,True,True,True,
001277,D:\Biology-AI\data\Task1_Segmentation\images\001277.jpg,D:\Biology-AI\data\Task2_Attributes\images\001277.jpg,True,True,True,
001278,D:\Biology-AI\data\Task1_Segmentation\images\001278.jpg,D:\Biology-AI\data\Task2_Attributes\images\001278.jpg,True,True,True,
001279,D:\Biology-AI\data\Task1_Segmentation\images\001279.jpg,D:\Biology-AI\data\Task2_Attributes\images\001279.jpg,True,True,True,
001280,D:\Biology-AI\data\Task1_Segmentation\images\001280.jpg,D:\Biology-AI\data\Task2_Attributes\images\001280.jpg,True,True,True,
001281,D:\Biology-AI\data\Task1_Segmentation\images\001281.jpg,D:\Biology-AI\data\Task2_Attributes\images\001281.jpg,True,True,True,
001282,D:\Biology-AI\data\Task1_Segmentation\images\001282.jpg,D:\Biology-AI\data\Task2_Attributes\images\001282.jpg,True,True,True,
001283,D:\Biology-AI\data\Task1_Segmentation\images\001283.jpg,D:\Biology-AI\data\Task2_Attributes\images\001283.jpg,True,True,True,
001284,D:\Biology-AI\data\Task1_Segmentation\images\001284.jpg,D:\Biology-AI\data\Task2_Attributes\images\001284.jpg,True,True,True,
001285,D:\Biology-AI\data\Task1_Segmentation\images\001285.jpg,D:\Biology-AI\data\Task2_Attributes\images\001285.jpg,True,True,True,
001286,D:\Biology-AI\data\Task1_Segmentation\images\001286.jpg,D:\Biology-AI\data\Task2_Attributes\images\001286.jpg,True,True,True,
001287,D:\Biology-AI\data\Task1_Segmentation\images\001287.jpg,D:\Biology-AI\data\Task2_Attributes\images\001287.jpg,True,True,True,
001288,D:\Biology-AI\data\Task1_Segmentation\images\001288.jpg,D:\Biology-AI\data\Task2_Attributes\images\001288.jpg,True,True,True,
001289,D:\Biology-AI\data\Task1_Segmentation\images\001289.jpg,D:\Biology-AI\data\Task2_Attributes\images\001289.jpg,True,True,True,
001290,D:\Biology-AI\data\Task1_Segmentation\images\001290.jpg,D:\Biology-AI\data\Task2_Attributes\images\001290.jpg,True,True,True,
001291,D:\Biology-AI\data\Task1_Segmentation\images\001291.jpg,D:\Biology-AI\data\Task2_Attributes\images\001291.jpg,True,True,True,
001292,D:\Biology-AI\data\Task1_Segmentation\images\001292.jpg,D:\Biology-AI\data\Task2_Attributes\images\001292.jpg,True,True,True,
001293,D:\Biology-AI\data\Task1_Segmentation\images\001293.jpg,D:\Biology-AI\data\Task2_Attributes\images\001293.jpg,True,True,True,
001294,D:\Biology-AI\data\Task1_Segmentation\images\001294.jpg,D:\Biology-AI\data\Task2_Attributes\images\001294.jpg,True,True,True,
001295,D:\Biology-AI\data\Task1_Segmentation\images\001295.jpg,D:\Biology-AI\data\Task2_Attributes\images\001295.jpg,True,True,True,
001296,D:\Biology-AI\data\Task1_Segmentation\images\001296.jpg,D:\Biology-AI\data\Task2_Attributes\images\001296.jpg,True,True,True,
001297,D:\Biology-AI\data\Task1_Segmentation\images\001297.jpg,D:\Biology-AI\data\Task2_Attributes\images\001297.jpg,True,True,True,
001298,D:\Biology-AI\data\Task1_Segmentation\images\001298.jpg,D:\Biology-AI\data\Task2_Attributes\images\001298.jpg,True,True,True,
001299,D:\Biology-AI\data\Task1_Segmentation\images\001299.jpg,D:\Biology-AI\data\Task2_Attributes\images\001299.jpg,True,True,True,
001300,D:\Biology-AI\data\Task1_Segmentation\images\001300.jpg,D:\Biology-AI\data\Task2_Attributes\images\001300.jpg,True,True,True,
001301,D:\Biology-AI\data\Task1_Segmentation\images\001301.jpg,D:\Biology-AI\data\Task2_Attributes\images\001301.jpg,True,True,True,
001302,D:\Biology-AI\data\Task1_Segmentation\images\001302.jpg,D:\Biology-AI\data\Task2_Attributes\images\001302.jpg,True,True,True,
001303,D:\Biology-AI\data\Task1_Segmentation\images\001303.jpg,D:\Biology-AI\data\Task2_Attributes\images\001303.jpg,True,True,True,
001304,D:\Biology-AI\data\Task1_Segmentation\images\001304.jpg,D:\Biology-AI\data\Task2_Attributes\images\001304.jpg,True,True,True,
001305,D:\Biology-AI\data\Task1_Segmentation\images\001305.jpg,D:\Biology-AI\data\Task2_Attributes\images\001305.jpg,True,True,True,
001306,D:\Biology-AI\data\Task1_Segmentation\images\001306.jpg,D:\Biology-AI\data\Task2_Attributes\images\001306.jpg,True,True,True,
001307,D:\Biology-AI\data\Task1_Segmentation\images\001307.jpg,D:\Biology-AI\data\Task2_Attributes\images\001307.jpg,True,True,True,
001308,D:\Biology-AI\data\Task1_Segmentation\images\001308.jpg,D:\Biology-AI\data\Task2_Attributes\images\001308.jpg,True,True,True,
001309,D:\Biology-AI\data\Task1_Segmentation\images\001309.jpg,D:\Biology-AI\data\Task2_Attributes\images\001309.jpg,True,True,True,
001310,D:\Biology-AI\data\Task1_Segmentation\images\001310.jpg,D:\Biology-AI\data\Task2_Attributes\images\001310.jpg,True,True,True,
001311,D:\Biology-AI\data\Task1_Segmentation\images\001311.jpg,D:\Biology-AI\data\Task2_Attributes\images\001311.jpg,True,True,True,
001312,D:\Biology-AI\data\Task1_Segmentation\images\001312.jpg,D:\Biology-AI\data\Task2_Attributes\images\001312.jpg,True,True,True,
001313,D:\Biology-AI\data\Task1_Segmentation\images\001313.jpg,D:\Biology-AI\data\Task2_Attributes\images\001313.jpg,True,True,True,
001314,D:\Biology-AI\data\Task1_Segmentation\images\001314.jpg,D:\Biology-AI\data\Task2_Attributes\images\001314.jpg,True,True,True,
001315,D:\Biology-AI\data\Task1_Segmentation\images\001315.jpg,D:\Biology-AI\data\Task2_Attributes\images\001315.jpg,True,True,True,
001316,D:\Biology-AI\data\Task1_Segmentation\images\001316.jpg,D:\Biology-AI\data\Task2_Attributes\images\001316.jpg,True,True,True,
001317,D:\Biology-AI\data\Task1_Segmentation\images\001317.jpg,D:\Biology-AI\data\Task2_Attributes\images\001317.jpg,True,True,True,
001318,D:\Biology-AI\data\Task1_Segmentation\images\001318.jpg,D:\Biology-AI\data\Task2_Attributes\images\001318.jpg,True,True,True,
001319,D:\Biology-AI\data\Task1_Segmentation\images\001319.jpg,D:\Biology-AI\data\Task2_Attributes\images\001319.jpg,True,True,True,
001320,D:\Biology-AI\data\Task1_Segmentation\images\001320.jpg,D:\Biology-AI\data\Task2_Attributes\images\001320.jpg,True,True,True,
001321,D:\Biology-AI\data\Task1_Segmentation\images\001321.jpg,D:\Biology-AI\data\Task2_Attributes\images\001321.jpg,True,True,True,
001322,D:\Biology-AI\data\Task1_Segmentation\images\001322.jpg,D:\Biology-AI\data\Task2_Attributes\images\001322.jpg,True,True,True,
001323,D:\Biology-AI\data\Task1_Segmentation\images\001323.jpg,D:\Biology-AI\data\Task2_Attributes\images\001323.jpg,True,True,True,
001324,D:\Biology-AI\data\Task1_Segmentation\images\001324.jpg,D:\Biology-AI\data\Task2_Attributes\images\001324.jpg,True,True,True,
001325,D:\Biology-AI\data\Task1_Segmentation\images\001325.jpg,D:\Biology-AI\data\Task2_Attributes\images\001325.jpg,True,True,True,
001326,D:\Biology-AI\data\Task1_Segmentation\images\001326.jpg,D:\Biology-AI\data\Task2_Attributes\images\001326.jpg,True,True,True,
001327,D:\Biology-AI\data\Task1_Segmentation\images\001327.jpg,D:\Biology-AI\data\Task2_Attributes\images\001327.jpg,True,True,True,
001328,D:\Biology-AI\data\Task1_Segmentation\images\001328.jpg,D:\Biology-AI\data\Task2_Attributes\images\001328.jpg,True,True,True,
001329,D:\Biology-AI\data\Task1_Segmentation\images\001329.jpg,D:\Biology-AI\data\Task2_Attributes\images\001329.jpg,True,True,True,
001330,D:\Biology-AI\data\Task1_Segmentation\images\001330.jpg,D:\Biology-AI\data\Task2_Attributes\images\001330.jpg,True,True,True,
001331,D:\Biology-AI\data\Task1_Segmentation\images\001331.jpg,D:\Biology-AI\data\Task2_Attributes\images\001331.jpg,True,True,True,
001332,D:\Biology-AI\data\Task1_Segmentation\images\001332.jpg,D:\Biology-AI\data\Task2_Attributes\images\001332.jpg,True,True,True,
001333,D:\Biology-AI\data\Task1_Segmentation\images\001333.jpg,D:\Biology-AI\data\Task2_Attributes\images\001333.jpg,True,True,True,
001334,D:\Biology-AI\data\Task1_Segmentation\images\001334.jpg,D:\Biology-AI\data\Task2_Attributes\images\001334.jpg,True,True,True,
001335,D:\Biology-AI\data\Task1_Segmentation\images\001335.jpg,D:\Biology-AI\data\Task2_Attributes\images\001335.jpg,True,True,True,
001336,D:\Biology-AI\data\Task1_Segmentation\images\001336.jpg,D:\Biology-AI\data\Task2_Attributes\images\001336.jpg,True,True,True,
001337,D:\Biology-AI\data\Task1_Segmentation\images\001337.jpg,D:\Biology-AI\data\Task2_Attributes\images\001337.jpg,True,True,True,
001338,D:\Biology-AI\data\Task1_Segmentation\images\001338.jpg,D:\Biology-AI\data\Task2_Attributes\images\001338.jpg,True,True,True,
001339,D:\Biology-AI\data\Task1_Segmentation\images\001339.jpg,D:\Biology-AI\data\Task2_Attributes\images\001339.jpg,True,True,True,
001340,D:\Biology-AI\data\Task1_Segmentation\images\001340.jpg,D:\Biology-AI\data\Task2_Attributes\images\001340.jpg,True,True,True,
001341,D:\Biology-AI\data\Task1_Segmentation\images\001341.jpg,D:\Biology-AI\data\Task2_Attributes\images\001341.jpg,True,True,True,
001342,D:\Biology-AI\data\Task1_Segmentation\images\001342.jpg,D:\Biology-AI\data\Task2_Attributes\images\001342.jpg,True,True,True,
001343,D:\Biology-AI\data\Task1_Segmentation\images\001343.jpg,D:\Biology-AI\data\Task2_Attributes\images\001343.jpg,True,True,True,
001344,D:\Biology-AI\data\Task1_Segmentation\images\001344.jpg,D:\Biology-AI\data\Task2_Attributes\images\001344.jpg,True,True,True,
001345,D:\Biology-AI\data\Task1_Segmentation\images\001345.jpg,D:\Biology-AI\data\Task2_Attributes\images\001345.jpg,True,True,True,
001346,D:\Biology-AI\data\Task1_Segmentation\images\001346.jpg,D:\Biology-AI\data\Task2_Attributes\images\001346.jpg,True,True,True,
001347,D:\Biology-AI\data\Task1_Segmentation\images\001347.jpg,D:\Biology-AI\data\Task2_Attributes\images\001347.jpg,True,True,True,
001348,D:\Biology-AI\data\Task1_Segmentation\images\001348.jpg,D:\Biology-AI\data\Task2_Attributes\images\001348.jpg,True,True,True,
001349,D:\Biology-AI\data\Task1_Segmentation\images\001349.jpg,D:\Biology-AI\data\Task2_Attributes\images\001349.jpg,True,True,True,
001350,D:\Biology-AI\data\Task1_Segmentation\images\001350.jpg,D:\Biology-AI\data\Task2_Attributes\images\001350.jpg,True,True,True,
001351,D:\Biology-AI\data\Task1_Segmentation\images\001351.jpg,D:\Biology-AI\data\Task2_Attributes\images\001351.jpg,True,True,True,
001352,D:\Biology-AI\data\Task1_Segmentation\images\001352.jpg,D:\Biology-AI\data\Task2_Attributes\images\001352.jpg,True,True,True,
001353,D:\Biology-AI\data\Task1_Segmentation\images\001353.jpg,D:\Biology-AI\data\Task2_Attributes\images\001353.jpg,True,True,True,
001354,D:\Biology-AI\data\Task1_Segmentation\images\001354.jpg,D:\Biology-AI\data\Task2_Attributes\images\001354.jpg,True,True,True,
001355,D:\Biology-AI\data\Task1_Segmentation\images\001355.jpg,D:\Biology-AI\data\Task2_Attributes\images\001355.jpg,True,True,True,
001356,D:\Biology-AI\data\Task1_Segmentation\images\001356.jpg,D:\Biology-AI\data\Task2_Attributes\images\001356.jpg,True,True,True,
001357,D:\Biology-AI\data\Task1_Segmentation\images\001357.jpg,D:\Biology-AI\data\Task2_Attributes\images\001357.jpg,True,True,True,
001358,D:\Biology-AI\data\Task1_Segmentation\images\001358.jpg,D:\Biology-AI\data\Task2_Attributes\images\001358.jpg,True,True,True,
001359,D:\Biology-AI\data\Task1_Segmentation\images\001359.jpg,D:\Biology-AI\data\Task2_Attributes\images\001359.jpg,True,True,True,
001360,D:\Biology-AI\data\Task1_Segmentation\images\001360.jpg,D:\Biology-AI\data\Task2_Attributes\images\001360.jpg,True,True,True,
001361,D:\Biology-AI\data\Task1_Segmentation\images\001361.jpg,D:\Biology-AI\data\Task2_Attributes\images\001361.jpg,True,True,True,
001362,D:\Biology-AI\data\Task1_Segmentation\images\001362.jpg,D:\Biology-AI\data\Task2_Attributes\images\001362.jpg,True,True,True,
001363,D:\Biology-AI\data\Task1_Segmentation\images\001363.jpg,D:\Biology-AI\data\Task2_Attributes\images\001363.jpg,True,True,True,
001364,D:\Biology-AI\data\Task1_Segmentation\images\001364.jpg,D:\Biology-AI\data\Task2_Attributes\images\001364.jpg,True,True,True,
001365,D:\Biology-AI\data\Task1_Segmentation\images\001365.jpg,D:\Biology-AI\data\Task2_Attributes\images\001365.jpg,True,True,True,
001366,D:\Biology-AI\data\Task1_Segmentation\images\001366.jpg,D:\Biology-AI\data\Task2_Attributes\images\001366.jpg,True,True,True,
001367,D:\Biology-AI\data\Task1_Segmentation\images\001367.jpg,D:\Biology-AI\data\Task2_Attributes\images\001367.jpg,True,True,True,
001368,D:\Biology-AI\data\Task1_Segmentation\images\001368.jpg,D:\Biology-AI\data\Task2_Attributes\images\001368.jpg,True,True,True,
001369,D:\Biology-AI\data\Task1_Segmentation\images\001369.jpg,D:\Biology-AI\data\Task2_Attributes\images\001369.jpg,True,True,True,
001370,D:\Biology-AI\data\Task1_Segmentation\images\001370.jpg,D:\Biology-AI\data\Task2_Attributes\images\001370.jpg,True,True,True,
001371,D:\Biology-AI\data\Task1_Segmentation\images\001371.jpg,D:\Biology-AI\data\Task2_Attributes\images\001371.jpg,True,True,True,
001372,D:\Biology-AI\data\Task1_Segmentation\images\001372.jpg,D:\Biology-AI\data\Task2_Attributes\images\001372.jpg,True,True,True,
001373,D:\Biology-AI\data\Task1_Segmentation\images\001373.jpg,D:\Biology-AI\data\Task2_Attributes\images\001373.jpg,True,True,True,
001374,D:\Biology-AI\data\Task1_Segmentation\images\001374.jpg,D:\Biology-AI\data\Task2_Attributes\images\001374.jpg,True,True,True,
001375,D:\Biology-AI\data\Task1_Segmentation\images\001375.jpg,D:\Biology-AI\data\Task2_Attributes\images\001375.jpg,True,True,True,
001376,D:\Biology-AI\data\Task1_Segmentation\images\001376.jpg,D:\Biology-AI\data\Task2_Attributes\images\001376.jpg,True,True,True,
001377,D:\Biology-AI\data\Task1_Segmentation\images\001377.jpg,D:\Biology-AI\data\Task2_Attributes\images\001377.jpg,True,True,True,
001378,D:\Biology-AI\data\Task1_Segmentation\images\001378.jpg,D:\Biology-AI\data\Task2_Attributes\images\001378.jpg,True,True,True,
001379,D:\Biology-AI\data\Task1_Segmentation\images\001379.jpg,D:\Biology-AI\data\Task2_Attributes\images\001379.jpg,True,True,True,
001380,D:\Biology-AI\data\Task1_Segmentation\images\001380.jpg,D:\Biology-AI\data\Task2_Attributes\images\001380.jpg,True,True,True,
001381,D:\Biology-AI\data\Task1_Segmentation\images\001381.jpg,D:\Biology-AI\data\Task2_Attributes\images\001381.jpg,True,True,True,
001382,D:\Biology-AI\data\Task1_Segmentation\images\001382.jpg,D:\Biology-AI\data\Task2_Attributes\images\001382.jpg,True,True,True,
001383,D:\Biology-AI\data\Task1_Segmentation\images\001383.jpg,D:\Biology-AI\data\Task2_Attributes\images\001383.jpg,True,True,True,
001384,D:\Biology-AI\data\Task1_Segmentation\images\001384.jpg,D:\Biology-AI\data\Task2_Attributes\images\001384.jpg,True,True,True,
001385,D:\Biology-AI\data\Task1_Segmentation\images\001385.jpg,D:\Biology-AI\data\Task2_Attributes\images\001385.jpg,True,True,True,
001386,D:\Biology-AI\data\Task1_Segmentation\images\001386.jpg,D:\Biology-AI\data\Task2_Attributes\images\001386.jpg,True,True,True,
001387,D:\Biology-AI\data\Task1_Segmentation\images\001387.jpg,D:\Biology-AI\data\Task2_Attributes\images\001387.jpg,True,True,True,
001388,D:\Biology-AI\data\Task1_Segmentation\images\001388.jpg,D:\Biology-AI\data\Task2_Attributes\images\001388.jpg,True,True,True,
001389,D:\Biology-AI\data\Task1_Segmentation\images\001389.jpg,D:\Biology-AI\data\Task2_Attributes\images\001389.jpg,True,True,True,
001390,D:\Biology-AI\data\Task1_Segmentation\images\001390.jpg,D:\Biology-AI\data\Task2_Attributes\images\001390.jpg,True,True,True,
001391,D:\Biology-AI\data\Task1_Segmentation\images\001391.jpg,D:\Biology-AI\data\Task2_Attributes\images\001391.jpg,True,True,True,
001392,D:\Biology-AI\data\Task1_Segmentation\images\001392.jpg,D:\Biology-AI\data\Task2_Attributes\images\001392.jpg,True,True,True,
001393,D:\Biology-AI\data\Task1_Segmentation\images\001393.jpg,D:\Biology-AI\data\Task2_Attributes\images\001393.jpg,True,True,True,
001394,D:\Biology-AI\data\Task1_Segmentation\images\001394.jpg,D:\Biology-AI\data\Task2_Attributes\images\001394.jpg,True,True,True,
001395,D:\Biology-AI\data\Task1_Segmentation\images\001395.jpg,D:\Biology-AI\data\Task2_Attributes\images\001395.jpg,True,True,True,
001396,D:\Biology-AI\data\Task1_Segmentation\images\001396.jpg,D:\Biology-AI\data\Task2_Attributes\images\001396.jpg,True,True,True,
001397,D:\Biology-AI\data\Task1_Segmentation\images\001397.jpg,D:\Biology-AI\data\Task2_Attributes\images\001397.jpg,True,True,True,
001398,D:\Biology-AI\data\Task1_Segmentation\images\001398.jpg,D:\Biology-AI\data\Task2_Attributes\images\001398.jpg,True,True,True,
001399,D:\Biology-AI\data\Task1_Segmentation\images\001399.jpg,D:\Biology-AI\data\Task2_Attributes\images\001399.jpg,True,True,True,
001400,D:\Biology-AI\data\Task1_Segmentation\images\001400.jpg,D:\Biology-AI\data\Task2_Attributes\images\001400.jpg,True,True,True,
001401,D:\Biology-AI\data\Task1_Segmentation\images\001401.jpg,D:\Biology-AI\data\Task2_Attributes\images\001401.jpg,True,True,True,
001402,D:\Biology-AI\data\Task1_Segmentation\images\001402.jpg,D:\Biology-AI\data\Task2_Attributes\images\001402.jpg,True,True,True,
001403,D:\Biology-AI\data\Task1_Segmentation\images\001403.jpg,D:\Biology-AI\data\Task2_Attributes\images\001403.jpg,True,True,True,
001404,D:\Biology-AI\data\Task1_Segmentation\images\001404.jpg,D:\Biology-AI\data\Task2_Attributes\images\001404.jpg,True,True,True,
001405,D:\Biology-AI\data\Task1_Segmentation\images\001405.jpg,D:\Biology-AI\data\Task2_Attributes\images\001405.jpg,True,True,True,
001406,D:\Biology-AI\data\Task1_Segmentation\images\001406.jpg,D:\Biology-AI\data\Task2_Attributes\images\001406.jpg,True,True,True,
001407,D:\Biology-AI\data\Task1_Segmentation\images\001407.jpg,D:\Biology-AI\data\Task2_Attributes\images\001407.jpg,True,True,True,
001408,D:\Biology-AI\data\Task1_Segmentation\images\001408.jpg,D:\Biology-AI\data\Task2_Attributes\images\001408.jpg,True,True,True,
001409,D:\Biology-AI\data\Task1_Segmentation\images\001409.jpg,D:\Biology-AI\data\Task2_Attributes\images\001409.jpg,True,True,True,
001410,D:\Biology-AI\data\Task1_Segmentation\images\001410.jpg,D:\Biology-AI\data\Task2_Attributes\images\001410.jpg,True,True,True,
001411,D:\Biology-AI\data\Task1_Segmentation\images\001411.jpg,D:\Biology-AI\data\Task2_Attributes\images\001411.jpg,True,True,True,
001412,D:\Biology-AI\data\Task1_Segmentation\images\001412.jpg,D:\Biology-AI\data\Task2_Attributes\images\001412.jpg,True,True,True,
001413,D:\Biology-AI\data\Task1_Segmentation\images\001413.jpg,D:\Biology-AI\data\Task2_Attributes\images\001413.jpg,True,True,True,
001414,D:\Biology-AI\data\Task1_Segmentation\images\001414.jpg,D:\Biology-AI\data\Task2_Attributes\images\001414.jpg,True,True,True,
001415,D:\Biology-AI\data\Task1_Segmentation\images\001415.jpg,D:\Biology-AI\data\Task2_Attributes\images\001415.jpg,True,True,True,
001416,D:\Biology-AI\data\Task1_Segmentation\images\001416.jpg,D:\Biology-AI\data\Task2_Attributes\images\001416.jpg,True,True,True,
001417,D:\Biology-AI\data\Task1_Segmentation\images\001417.jpg,D:\Biology-AI\data\Task2_Attributes\images\001417.jpg,True,True,True,
001418,D:\Biology-AI\data\Task1_Segmentation\images\001418.jpg,D:\Biology-AI\data\Task2_Attributes\images\001418.jpg,True,True,True,
001419,D:\Biology-AI\data\Task1_Segmentation\images\001419.jpg,D:\Biology-AI\data\Task2_Attributes\images\001419.jpg,True,True,True,
001420,D:\Biology-AI\data\Task1_Segmentation\images\001420.jpg,D:\Biology-AI\data\Task2_Attributes\images\001420.jpg,True,True,True,
001421,D:\Biology-AI\data\Task1_Segmentation\images\001421.jpg,D:\Biology-AI\data\Task2_Attributes\images\001421.jpg,True,True,True,
001422,D:\Biology-AI\data\Task1_Segmentation\images\001422.jpg,D:\Biology-AI\data\Task2_Attributes\images\001422.jpg,True,True,True,
001423,D:\Biology-AI\data\Task1_Segmentation\images\001423.jpg,D:\Biology-AI\data\Task2_Attributes\images\001423.jpg,True,True,True,
001424,D:\Biology-AI\data\Task1_Segmentation\images\001424.jpg,D:\Biology-AI\data\Task2_Attributes\images\001424.jpg,True,True,True,
001425,D:\Biology-AI\data\Task1_Segmentation\images\001425.jpg,D:\Biology-AI\data\Task2_Attributes\images\001425.jpg,True,True,True,
001426,D:\Biology-AI\data\Task1_Segmentation\images\001426.jpg,D:\Biology-AI\data\Task2_Attributes\images\001426.jpg,True,True,True,
001427,D:\Biology-AI\data\Task1_Segmentation\images\001427.jpg,D:\Biology-AI\data\Task2_Attributes\images\001427.jpg,True,True,True,
001428,D:\Biology-AI\data\Task1_Segmentation\images\001428.jpg,D:\Biology-AI\data\Task2_Attributes\images\001428.jpg,True,True,True,
001429,D:\Biology-AI\data\Task1_Segmentation\images\001429.jpg,D:\Biology-AI\data\Task2_Attributes\images\001429.jpg,True,True,True,
001430,D:\Biology-AI\data\Task1_Segmentation\images\001430.jpg,D:\Biology-AI\data\Task2_Attributes\images\001430.jpg,True,True,True,
001431,D:\Biology-AI\data\Task1_Segmentation\images\001431.jpg,D:\Biology-AI\data\Task2_Attributes\images\001431.jpg,True,True,True,
001432,D:\Biology-AI\data\Task1_Segmentation\images\001432.jpg,D:\Biology-AI\data\Task2_Attributes\images\001432.jpg,True,True,True,
001433,D:\Biology-AI\data\Task1_Segmentation\images\001433.jpg,D:\Biology-AI\data\Task2_Attributes\images\001433.jpg,True,True,True,
001434,D:\Biology-AI\data\Task1_Segmentation\images\001434.jpg,D:\Biology-AI\data\Task2_Attributes\images\001434.jpg,True,True,True,
001435,D:\Biology-AI\data\Task1_Segmentation\images\001435.jpg,D:\Biology-AI\data\Task2_Attributes\images\001435.jpg,True,True,True,
001436,D:\Biology-AI\data\Task1_Segmentation\images\001436.jpg,D:\Biology-AI\data\Task2_Attributes\images\001436.jpg,True,True,True,
001437,D:\Biology-AI\data\Task1_Segmentation\images\001437.jpg,D:\Biology-AI\data\Task2_Attributes\images\001437.jpg,True,True,True,
001438,D:\Biology-AI\data\Task1_Segmentation\images\001438.jpg,D:\Biology-AI\data\Task2_Attributes\images\001438.jpg,True,True,True,
001439,D:\Biology-AI\data\Task1_Segmentation\images\001439.jpg,D:\Biology-AI\data\Task2_Attributes\images\001439.jpg,True,True,True,
001440,D:\Biology-AI\data\Task1_Segmentation\images\001440.jpg,D:\Biology-AI\data\Task2_Attributes\images\001440.jpg,True,True,True,
001441,D:\Biology-AI\data\Task1_Segmentation\images\001441.jpg,D:\Biology-AI\data\Task2_Attributes\images\001441.jpg,True,True,True,
001442,D:\Biology-AI\data\Task1_Segmentation\images\001442.jpg,D:\Biology-AI\data\Task2_Attributes\images\001442.jpg,True,True,True,
001443,D:\Biology-AI\data\Task1_Segmentation\images\001443.jpg,D:\Biology-AI\data\Task2_Attributes\images\001443.jpg,True,True,True,
001444,D:\Biology-AI\data\Task1_Segmentation\images\001444.jpg,D:\Biology-AI\data\Task2_Attributes\images\001444.jpg,True,True,True,
001445,D:\Biology-AI\data\Task1_Segmentation\images\001445.jpg,D:\Biology-AI\data\Task2_Attributes\images\001445.jpg,True,True,True,
001446,D:\Biology-AI\data\Task1_Segmentation\images\001446.jpg,D:\Biology-AI\data\Task2_Attributes\images\001446.jpg,True,True,True,
001447,D:\Biology-AI\data\Task1_Segmentation\images\001447.jpg,D:\Biology-AI\data\Task2_Attributes\images\001447.jpg,True,True,True,
001448,D:\Biology-AI\data\Task1_Segmentation\images\001448.jpg,D:\Biology-AI\data\Task2_Attributes\images\001448.jpg,True,True,True,
001449,D:\Biology-AI\data\Task1_Segmentation\images\001449.jpg,D:\Biology-AI\data\Task2_Attributes\images\001449.jpg,True,True,True,
001450,D:\Biology-AI\data\Task1_Segmentation\images\001450.jpg,D:\Biology-AI\data\Task2_Attributes\images\001450.jpg,True,True,True,
001451,D:\Biology-AI\data\Task1_Segmentation\images\001451.jpg,D:\Biology-AI\data\Task2_Attributes\images\001451.jpg,True,True,True,
001452,D:\Biology-AI\data\Task1_Segmentation\images\001452.jpg,D:\Biology-AI\data\Task2_Attributes\images\001452.jpg,True,True,True,
001453,D:\Biology-AI\data\Task1_Segmentation\images\001453.jpg,D:\Biology-AI\data\Task2_Attributes\images\001453.jpg,True,True,True,
001454,D:\Biology-AI\data\Task1_Segmentation\images\001454.jpg,D:\Biology-AI\data\Task2_Attributes\images\001454.jpg,True,True,True,
001455,D:\Biology-AI\data\Task1_Segmentation\images\001455.jpg,D:\Biology-AI\data\Task2_Attributes\images\001455.jpg,True,True,True,
001456,D:\Biology-AI\data\Task1_Segmentation\images\001456.jpg,D:\Biology-AI\data\Task2_Attributes\images\001456.jpg,True,True,True,
001457,D:\Biology-AI\data\Task1_Segmentation\images\001457.jpg,D:\Biology-AI\data\Task2_Attributes\images\001457.jpg,True,True,True,
001458,D:\Biology-AI\data\Task1_Segmentation\images\001458.jpg,D:\Biology-AI\data\Task2_Attributes\images\001458.jpg,True,True,True,
001459,D:\Biology-AI\data\Task1_Segmentation\images\001459.jpg,D:\Biology-AI\data\Task2_Attributes\images\001459.jpg,True,True,True,
001460,D:\Biology-AI\data\Task1_Segmentation\images\001460.jpg,D:\Biology-AI\data\Task2_Attributes\images\001460.jpg,True,True,True,
001461,D:\Biology-AI\data\Task1_Segmentation\images\001461.jpg,D:\Biology-AI\data\Task2_Attributes\images\001461.jpg,True,True,True,
001462,D:\Biology-AI\data\Task1_Segmentation\images\001462.jpg,D:\Biology-AI\data\Task2_Attributes\images\001462.jpg,True,True,True,
001463,D:\Biology-AI\data\Task1_Segmentation\images\001463.jpg,D:\Biology-AI\data\Task2_Attributes\images\001463.jpg,True,True,True,
001464,D:\Biology-AI\data\Task1_Segmentation\images\001464.jpg,D:\Biology-AI\data\Task2_Attributes\images\001464.jpg,True,True,True,
001465,D:\Biology-AI\data\Task1_Segmentation\images\001465.jpg,D:\Biology-AI\data\Task2_Attributes\images\001465.jpg,True,True,True,
001466,D:\Biology-AI\data\Task1_Segmentation\images\001466.jpg,D:\Biology-AI\data\Task2_Attributes\images\001466.jpg,True,True,True,
001467,D:\Biology-AI\data\Task1_Segmentation\images\001467.jpg,D:\Biology-AI\data\Task2_Attributes\images\001467.jpg,True,True,True,
001468,D:\Biology-AI\data\Task1_Segmentation\images\001468.jpg,D:\Biology-AI\data\Task2_Attributes\images\001468.jpg,True,True,True,
001469,D:\Biology-AI\data\Task1_Segmentation\images\001469.jpg,D:\Biology-AI\data\Task2_Attributes\images\001469.jpg,True,True,True,
001470,D:\Biology-AI\data\Task1_Segmentation\images\001470.jpg,D:\Biology-AI\data\Task2_Attributes\images\001470.jpg,True,True,True,
001471,D:\Biology-AI\data\Task1_Segmentation\images\001471.jpg,D:\Biology-AI\data\Task2_Attributes\images\001471.jpg,True,True,True,
001472,D:\Biology-AI\data\Task1_Segmentation\images\001472.jpg,D:\Biology-AI\data\Task2_Attributes\images\001472.jpg,True,True,True,
001473,D:\Biology-AI\data\Task1_Segmentation\images\001473.jpg,D:\Biology-AI\data\Task2_Attributes\images\001473.jpg,True,True,True,
001474,D:\Biology-AI\data\Task1_Segmentation\images\001474.jpg,D:\Biology-AI\data\Task2_Attributes\images\001474.jpg,True,True,True,
001475,D:\Biology-AI\data\Task1_Segmentation\images\001475.jpg,D:\Biology-AI\data\Task2_Attributes\images\001475.jpg,True,True,True,
001476,D:\Biology-AI\data\Task1_Segmentation\images\001476.jpg,D:\Biology-AI\data\Task2_Attributes\images\001476.jpg,True,True,True,
001477,D:\Biology-AI\data\Task1_Segmentation\images\001477.jpg,D:\Biology-AI\data\Task2_Attributes\images\001477.jpg,True,True,True,
001478,D:\Biology-AI\data\Task1_Segmentation\images\001478.jpg,D:\Biology-AI\data\Task2_Attributes\images\001478.jpg,True,True,True,
001479,D:\Biology-AI\data\Task1_Segmentation\images\001479.jpg,D:\Biology-AI\data\Task2_Attributes\images\001479.jpg,True,True,True,
001480,D:\Biology-AI\data\Task1_Segmentation\images\001480.jpg,D:\Biology-AI\data\Task2_Attributes\images\001480.jpg,True,True,True,
001481,D:\Biology-AI\data\Task1_Segmentation\images\001481.jpg,D:\Biology-AI\data\Task2_Attributes\images\001481.jpg,True,True,True,
001482,D:\Biology-AI\data\Task1_Segmentation\images\001482.jpg,D:\Biology-AI\data\Task2_Attributes\images\001482.jpg,True,True,True,
001483,D:\Biology-AI\data\Task1_Segmentation\images\001483.jpg,D:\Biology-AI\data\Task2_Attributes\images\001483.jpg,True,True,True,
001484,D:\Biology-AI\data\Task1_Segmentation\images\001484.jpg,D:\Biology-AI\data\Task2_Attributes\images\001484.jpg,True,True,True,
001485,D:\Biology-AI\data\Task1_Segmentation\images\001485.jpg,D:\Biology-AI\data\Task2_Attributes\images\001485.jpg,True,True,True,
001486,D:\Biology-AI\data\Task1_Segmentation\images\001486.jpg,D:\Biology-AI\data\Task2_Attributes\images\001486.jpg,True,True,True,
001487,D:\Biology-AI\data\Task1_Segmentation\images\001487.jpg,D:\Biology-AI\data\Task2_Attributes\images\001487.jpg,True,True,True,
001488,D:\Biology-AI\data\Task1_Segmentation\images\001488.jpg,D:\Biology-AI\data\Task2_Attributes\images\001488.jpg,True,True,True,
001489,D:\Biology-AI\data\Task1_Segmentation\images\001489.jpg,D:\Biology-AI\data\Task2_Attributes\images\001489.jpg,True,True,True,
001490,D:\Biology-AI\data\Task1_Segmentation\images\001490.jpg,D:\Biology-AI\data\Task2_Attributes\images\001490.jpg,True,True,True,
001491,D:\Biology-AI\data\Task1_Segmentation\images\001491.jpg,D:\Biology-AI\data\Task2_Attributes\images\001491.jpg,True,True,True,
001492,D:\Biology-AI\data\Task1_Segmentation\images\001492.jpg,D:\Biology-AI\data\Task2_Attributes\images\001492.jpg,True,True,True,
001493,D:\Biology-AI\data\Task1_Segmentation\images\001493.jpg,D:\Biology-AI\data\Task2_Attributes\images\001493.jpg,True,True,True,
001494,D:\Biology-AI\data\Task1_Segmentation\images\001494.jpg,D:\Biology-AI\data\Task2_Attributes\images\001494.jpg,True,True,True,
001495,D:\Biology-AI\data\Task1_Segmentation\images\001495.jpg,D:\Biology-AI\data\Task2_Attributes\images\001495.jpg,True,True,True,
001496,D:\Biology-AI\data\Task1_Segmentation\images\001496.jpg,D:\Biology-AI\data\Task2_Attributes\images\001496.jpg,True,True,True,
001497,D:\Biology-AI\data\Task1_Segmentation\images\001497.jpg,D:\Biology-AI\data\Task2_Attributes\images\001497.jpg,True,True,True,
001498,D:\Biology-AI\data\Task1_Segmentation\images\001498.jpg,D:\Biology-AI\data\Task2_Attributes\images\001498.jpg,True,True,True,
001499,D:\Biology-AI\data\Task1_Segmentation\images\001499.jpg,D:\Biology-AI\data\Task2_Attributes\images\001499.jpg,True,True,True,
001500,D:\Biology-AI\data\Task1_Segmentation\images\001500.jpg,D:\Biology-AI\data\Task2_Attributes\images\001500.jpg,True,True,True,
001501,D:\Biology-AI\data\Task1_Segmentation\images\001501.jpg,D:\Biology-AI\data\Task2_Attributes\images\001501.jpg,True,True,True,
001502,D:\Biology-AI\data\Task1_Segmentation\images\001502.jpg,D:\Biology-AI\data\Task2_Attributes\images\001502.jpg,True,True,True,
001503,D:\Biology-AI\data\Task1_Segmentation\images\001503.jpg,D:\Biology-AI\data\Task2_Attributes\images\001503.jpg,True,True,True,
001504,D:\Biology-AI\data\Task1_Segmentation\images\001504.jpg,D:\Biology-AI\data\Task2_Attributes\images\001504.jpg,True,True,True,
001505,D:\Biology-AI\data\Task1_Segmentation\images\001505.jpg,D:\Biology-AI\data\Task2_Attributes\images\001505.jpg,True,True,True,
001506,D:\Biology-AI\data\Task1_Segmentation\images\001506.jpg,D:\Biology-AI\data\Task2_Attributes\images\001506.jpg,True,True,True,
001507,D:\Biology-AI\data\Task1_Segmentation\images\001507.jpg,D:\Biology-AI\data\Task2_Attributes\images\001507.jpg,True,True,True,
001508,D:\Biology-AI\data\Task1_Segmentation\images\001508.jpg,D:\Biology-AI\data\Task2_Attributes\images\001508.jpg,True,True,True,
001509,D:\Biology-AI\data\Task1_Segmentation\images\001509.jpg,D:\Biology-AI\data\Task2_Attributes\images\001509.jpg,True,True,True,
001510,D:\Biology-AI\data\Task1_Segmentation\images\001510.jpg,D:\Biology-AI\data\Task2_Attributes\images\001510.jpg,True,True,True,
001511,D:\Biology-AI\data\Task1_Segmentation\images\001511.jpg,D:\Biology-AI\data\Task2_Attributes\images\001511.jpg,True,True,True,
001512,D:\Biology-AI\data\Task1_Segmentation\images\001512.jpg,D:\Biology-AI\data\Task2_Attributes\images\001512.jpg,True,True,True,
001513,D:\Biology-AI\data\Task1_Segmentation\images\001513.jpg,D:\Biology-AI\data\Task2_Attributes\images\001513.jpg,True,True,True,
001514,D:\Biology-AI\data\Task1_Segmentation\images\001514.jpg,D:\Biology-AI\data\Task2_Attributes\images\001514.jpg,True,True,True,
001515,D:\Biology-AI\data\Task1_Segmentation\images\001515.jpg,D:\Biology-AI\data\Task2_Attributes\images\001515.jpg,True,True,True,
001516,D:\Biology-AI\data\Task1_Segmentation\images\001516.jpg,D:\Biology-AI\data\Task2_Attributes\images\001516.jpg,True,True,True,
001517,D:\Biology-AI\data\Task1_Segmentation\images\001517.jpg,D:\Biology-AI\data\Task2_Attributes\images\001517.jpg,True,True,True,
001518,D:\Biology-AI\data\Task1_Segmentation\images\001518.jpg,D:\Biology-AI\data\Task2_Attributes\images\001518.jpg,True,True,True,
001519,D:\Biology-AI\data\Task1_Segmentation\images\001519.jpg,D:\Biology-AI\data\Task2_Attributes\images\001519.jpg,True,True,True,
001520,D:\Biology-AI\data\Task1_Segmentation\images\001520.jpg,D:\Biology-AI\data\Task2_Attributes\images\001520.jpg,True,True,True,
001521,D:\Biology-AI\data\Task1_Segmentation\images\001521.jpg,D:\Biology-AI\data\Task2_Attributes\images\001521.jpg,True,True,True,
001522,D:\Biology-AI\data\Task1_Segmentation\images\001522.jpg,D:\Biology-AI\data\Task2_Attributes\images\001522.jpg,True,True,True,
001523,D:\Biology-AI\data\Task1_Segmentation\images\001523.jpg,D:\Biology-AI\data\Task2_Attributes\images\001523.jpg,True,True,True,
001524,D:\Biology-AI\data\Task1_Segmentation\images\001524.jpg,D:\Biology-AI\data\Task2_Attributes\images\001524.jpg,True,True,True,
001525,D:\Biology-AI\data\Task1_Segmentation\images\001525.jpg,D:\Biology-AI\data\Task2_Attributes\images\001525.jpg,True,True,True,
001526,D:\Biology-AI\data\Task1_Segmentation\images\001526.jpg,D:\Biology-AI\data\Task2_Attributes\images\001526.jpg,True,True,True,
001527,D:\Biology-AI\data\Task1_Segmentation\images\001527.jpg,D:\Biology-AI\data\Task2_Attributes\images\001527.jpg,True,True,True,
001528,D:\Biology-AI\data\Task1_Segmentation\images\001528.jpg,D:\Biology-AI\data\Task2_Attributes\images\001528.jpg,True,True,True,
001529,D:\Biology-AI\data\Task1_Segmentation\images\001529.jpg,D:\Biology-AI\data\Task2_Attributes\images\001529.jpg,True,True,True,
001530,D:\Biology-AI\data\Task1_Segmentation\images\001530.jpg,D:\Biology-AI\data\Task2_Attributes\images\001530.jpg,True,True,True,
001531,D:\Biology-AI\data\Task1_Segmentation\images\001531.jpg,D:\Biology-AI\data\Task2_Attributes\images\001531.jpg,True,True,True,
001532,D:\Biology-AI\data\Task1_Segmentation\images\001532.jpg,D:\Biology-AI\data\Task2_Attributes\images\001532.jpg,True,True,True,
001533,D:\Biology-AI\data\Task1_Segmentation\images\001533.jpg,D:\Biology-AI\data\Task2_Attributes\images\001533.jpg,True,True,True,
001534,D:\Biology-AI\data\Task1_Segmentation\images\001534.jpg,D:\Biology-AI\data\Task2_Attributes\images\001534.jpg,True,True,True,
001535,D:\Biology-AI\data\Task1_Segmentation\images\001535.jpg,D:\Biology-AI\data\Task2_Attributes\images\001535.jpg,True,True,True,
001536,D:\Biology-AI\data\Task1_Segmentation\images\001536.jpg,D:\Biology-AI\data\Task2_Attributes\images\001536.jpg,True,True,True,
001537,D:\Biology-AI\data\Task1_Segmentation\images\001537.jpg,D:\Biology-AI\data\Task2_Attributes\images\001537.jpg,True,True,True,
001538,D:\Biology-AI\data\Task1_Segmentation\images\001538.jpg,D:\Biology-AI\data\Task2_Attributes\images\001538.jpg,True,True,True,
001539,D:\Biology-AI\data\Task1_Segmentation\images\001539.jpg,D:\Biology-AI\data\Task2_Attributes\images\001539.jpg,True,True,True,
001540,D:\Biology-AI\data\Task1_Segmentation\images\001540.jpg,D:\Biology-AI\data\Task2_Attributes\images\001540.jpg,True,True,True,
001541,D:\Biology-AI\data\Task1_Segmentation\images\001541.jpg,D:\Biology-AI\data\Task2_Attributes\images\001541.jpg,True,True,True,
001542,D:\Biology-AI\data\Task1_Segmentation\images\001542.jpg,D:\Biology-AI\data\Task2_Attributes\images\001542.jpg,True,True,True,
001543,D:\Biology-AI\data\Task1_Segmentation\images\001543.jpg,D:\Biology-AI\data\Task2_Attributes\images\001543.jpg,True,True,True,
001544,D:\Biology-AI\data\Task1_Segmentation\images\001544.jpg,D:\Biology-AI\data\Task2_Attributes\images\001544.jpg,True,True,True,
001545,D:\Biology-AI\data\Task1_Segmentation\images\001545.jpg,D:\Biology-AI\data\Task2_Attributes\images\001545.jpg,True,True,True,
001546,D:\Biology-AI\data\Task1_Segmentation\images\001546.jpg,D:\Biology-AI\data\Task2_Attributes\images\001546.jpg,True,True,True,
001547,D:\Biology-AI\data\Task1_Segmentation\images\001547.jpg,D:\Biology-AI\data\Task2_Attributes\images\001547.jpg,True,True,True,
001548,D:\Biology-AI\data\Task1_Segmentation\images\001548.jpg,D:\Biology-AI\data\Task2_Attributes\images\001548.jpg,True,True,True,
001549,D:\Biology-AI\data\Task1_Segmentation\images\001549.jpg,D:\Biology-AI\data\Task2_Attributes\images\001549.jpg,True,True,True,
001550,D:\Biology-AI\data\Task1_Segmentation\images\001550.jpg,D:\Biology-AI\data\Task2_Attributes\images\001550.jpg,True,True,True,
001551,D:\Biology-AI\data\Task1_Segmentation\images\001551.jpg,D:\Biology-AI\data\Task2_Attributes\images\001551.jpg,True,True,True,
001552,D:\Biology-AI\data\Task1_Segmentation\images\001552.jpg,D:\Biology-AI\data\Task2_Attributes\images\001552.jpg,True,True,True,
001553,D:\Biology-AI\data\Task1_Segmentation\images\001553.jpg,D:\Biology-AI\data\Task2_Attributes\images\001553.jpg,True,True,True,
001554,D:\Biology-AI\data\Task1_Segmentation\images\001554.jpg,D:\Biology-AI\data\Task2_Attributes\images\001554.jpg,True,True,True,
001555,D:\Biology-AI\data\Task1_Segmentation\images\001555.jpg,D:\Biology-AI\data\Task2_Attributes\images\001555.jpg,True,True,True,
001556,D:\Biology-AI\data\Task1_Segmentation\images\001556.jpg,D:\Biology-AI\data\Task2_Attributes\images\001556.jpg,True,True,True,
001557,D:\Biology-AI\data\Task1_Segmentation\images\001557.jpg,D:\Biology-AI\data\Task2_Attributes\images\001557.jpg,True,True,True,
001558,D:\Biology-AI\data\Task1_Segmentation\images\001558.jpg,D:\Biology-AI\data\Task2_Attributes\images\001558.jpg,True,True,True,
001559,D:\Biology-AI\data\Task1_Segmentation\images\001559.jpg,D:\Biology-AI\data\Task2_Attributes\images\001559.jpg,True,True,True,
001560,D:\Biology-AI\data\Task1_Segmentation\images\001560.jpg,D:\Biology-AI\data\Task2_Attributes\images\001560.jpg,True,True,True,
001561,D:\Biology-AI\data\Task1_Segmentation\images\001561.jpg,D:\Biology-AI\data\Task2_Attributes\images\001561.jpg,True,True,True,
001562,D:\Biology-AI\data\Task1_Segmentation\images\001562.jpg,D:\Biology-AI\data\Task2_Attributes\images\001562.jpg,True,True,True,
001563,D:\Biology-AI\data\Task1_Segmentation\images\001563.jpg,D:\Biology-AI\data\Task2_Attributes\images\001563.jpg,True,True,True,
001564,D:\Biology-AI\data\Task1_Segmentation\images\001564.jpg,D:\Biology-AI\data\Task2_Attributes\images\001564.jpg,True,True,True,
001565,D:\Biology-AI\data\Task1_Segmentation\images\001565.jpg,D:\Biology-AI\data\Task2_Attributes\images\001565.jpg,True,True,True,
001566,D:\Biology-AI\data\Task1_Segmentation\images\001566.jpg,D:\Biology-AI\data\Task2_Attributes\images\001566.jpg,True,True,True,
001567,D:\Biology-AI\data\Task1_Segmentation\images\001567.jpg,D:\Biology-AI\data\Task2_Attributes\images\001567.jpg,True,True,True,
001568,D:\Biology-AI\data\Task1_Segmentation\images\001568.jpg,D:\Biology-AI\data\Task2_Attributes\images\001568.jpg,True,True,True,
001569,D:\Biology-AI\data\Task1_Segmentation\images\001569.jpg,D:\Biology-AI\data\Task2_Attributes\images\001569.jpg,True,True,True,
001570,D:\Biology-AI\data\Task1_Segmentation\images\001570.jpg,D:\Biology-AI\data\Task2_Attributes\images\001570.jpg,True,True,True,
001571,D:\Biology-AI\data\Task1_Segmentation\images\001571.jpg,D:\Biology-AI\data\Task2_Attributes\images\001571.jpg,True,True,True,
001572,D:\Biology-AI\data\Task1_Segmentation\images\001572.jpg,D:\Biology-AI\data\Task2_Attributes\images\001572.jpg,True,True,True,
001573,D:\Biology-AI\data\Task1_Segmentation\images\001573.jpg,D:\Biology-AI\data\Task2_Attributes\images\001573.jpg,True,True,True,
001574,D:\Biology-AI\data\Task1_Segmentation\images\001574.jpg,D:\Biology-AI\data\Task2_Attributes\images\001574.jpg,True,True,True,
001575,D:\Biology-AI\data\Task1_Segmentation\images\001575.jpg,D:\Biology-AI\data\Task2_Attributes\images\001575.jpg,True,True,True,
001576,D:\Biology-AI\data\Task1_Segmentation\images\001576.jpg,D:\Biology-AI\data\Task2_Attributes\images\001576.jpg,True,True,True,
001577,D:\Biology-AI\data\Task1_Segmentation\images\001577.jpg,D:\Biology-AI\data\Task2_Attributes\images\001577.jpg,True,True,True,
001578,D:\Biology-AI\data\Task1_Segmentation\images\001578.jpg,D:\Biology-AI\data\Task2_Attributes\images\001578.jpg,True,True,True,
001579,D:\Biology-AI\data\Task1_Segmentation\images\001579.jpg,D:\Biology-AI\data\Task2_Attributes\images\001579.jpg,True,True,True,
001580,D:\Biology-AI\data\Task1_Segmentation\images\001580.jpg,D:\Biology-AI\data\Task2_Attributes\images\001580.jpg,True,True,True,
001581,D:\Biology-AI\data\Task1_Segmentation\images\001581.jpg,D:\Biology-AI\data\Task2_Attributes\images\001581.jpg,True,True,True,
001582,D:\Biology-AI\data\Task1_Segmentation\images\001582.jpg,D:\Biology-AI\data\Task2_Attributes\images\001582.jpg,True,True,True,
001583,D:\Biology-AI\data\Task1_Segmentation\images\001583.jpg,D:\Biology-AI\data\Task2_Attributes\images\001583.jpg,True,True,True,
001584,D:\Biology-AI\data\Task1_Segmentation\images\001584.jpg,D:\Biology-AI\data\Task2_Attributes\images\001584.jpg,True,True,True,
001585,D:\Biology-AI\data\Task1_Segmentation\images\001585.jpg,D:\Biology-AI\data\Task2_Attributes\images\001585.jpg,True,True,True,
001586,D:\Biology-AI\data\Task1_Segmentation\images\001586.jpg,D:\Biology-AI\data\Task2_Attributes\images\001586.jpg,True,True,True,
001587,D:\Biology-AI\data\Task1_Segmentation\images\001587.jpg,D:\Biology-AI\data\Task2_Attributes\images\001587.jpg,True,True,True,
001588,D:\Biology-AI\data\Task1_Segmentation\images\001588.jpg,D:\Biology-AI\data\Task2_Attributes\images\001588.jpg,True,True,True,
001589,D:\Biology-AI\data\Task1_Segmentation\images\001589.jpg,D:\Biology-AI\data\Task2_Attributes\images\001589.jpg,True,True,True,
001590,D:\Biology-AI\data\Task1_Segmentation\images\001590.jpg,D:\Biology-AI\data\Task2_Attributes\images\001590.jpg,True,True,True,
001591,D:\Biology-AI\data\Task1_Segmentation\images\001591.jpg,D:\Biology-AI\data\Task2_Attributes\images\001591.jpg,True,True,True,
001592,D:\Biology-AI\data\Task1_Segmentation\images\001592.jpg,D:\Biology-AI\data\Task2_Attributes\images\001592.jpg,True,True,True,
001593,D:\Biology-AI\data\Task1_Segmentation\images\001593.jpg,D:\Biology-AI\data\Task2_Attributes\images\001593.jpg,True,True,True,
001594,D:\Biology-AI\data\Task1_Segmentation\images\001594.jpg,D:\Biology-AI\data\Task2_Attributes\images\001594.jpg,True,True,True,
001595,D:\Biology-AI\data\Task1_Segmentation\images\001595.jpg,D:\Biology-AI\data\Task2_Attributes\images\001595.jpg,True,True,True,
001596,D:\Biology-AI\data\Task1_Segmentation\images\001596.jpg,D:\Biology-AI\data\Task2_Attributes\images\001596.jpg,True,True,True,
001597,D:\Biology-AI\data\Task1_Segmentation\images\001597.jpg,D:\Biology-AI\data\Task2_Attributes\images\001597.jpg,True,True,True,
001598,D:\Biology-AI\data\Task1_Segmentation\images\001598.jpg,D:\Biology-AI\data\Task2_Attributes\images\001598.jpg,True,True,True,
001599,D:\Biology-AI\data\Task1_Segmentation\images\001599.jpg,D:\Biology-AI\data\Task2_Attributes\images\001599.jpg,True,True,True,
001600,D:\Biology-AI\data\Task1_Segmentation\images\001600.jpg,D:\Biology-AI\data\Task2_Attributes\images\001600.jpg,True,True,True,
001601,D:\Biology-AI\data\Task1_Segmentation\images\001601.jpg,D:\Biology-AI\data\Task2_Attributes\images\001601.jpg,True,True,True,
001602,D:\Biology-AI\data\Task1_Segmentation\images\001602.jpg,D:\Biology-AI\data\Task2_Attributes\images\001602.jpg,True,True,True,
001603,D:\Biology-AI\data\Task1_Segmentation\images\001603.jpg,D:\Biology-AI\data\Task2_Attributes\images\001603.jpg,True,True,True,
001604,D:\Biology-AI\data\Task1_Segmentation\images\001604.jpg,D:\Biology-AI\data\Task2_Attributes\images\001604.jpg,True,True,True,
001605,D:\Biology-AI\data\Task1_Segmentation\images\001605.jpg,D:\Biology-AI\data\Task2_Attributes\images\001605.jpg,True,True,True,
001606,D:\Biology-AI\data\Task1_Segmentation\images\001606.jpg,D:\Biology-AI\data\Task2_Attributes\images\001606.jpg,True,True,True,
001607,D:\Biology-AI\data\Task1_Segmentation\images\001607.jpg,D:\Biology-AI\data\Task2_Attributes\images\001607.jpg,True,True,True,
001608,D:\Biology-AI\data\Task1_Segmentation\images\001608.jpg,D:\Biology-AI\data\Task2_Attributes\images\001608.jpg,True,True,True,
001609,D:\Biology-AI\data\Task1_Segmentation\images\001609.jpg,D:\Biology-AI\data\Task2_Attributes\images\001609.jpg,True,True,True,
001610,D:\Biology-AI\data\Task1_Segmentation\images\001610.jpg,D:\Biology-AI\data\Task2_Attributes\images\001610.jpg,True,True,True,
001611,D:\Biology-AI\data\Task1_Segmentation\images\001611.jpg,D:\Biology-AI\data\Task2_Attributes\images\001611.jpg,True,True,True,
001612,D:\Biology-AI\data\Task1_Segmentation\images\001612.jpg,D:\Biology-AI\data\Task2_Attributes\images\001612.jpg,True,True,True,
001613,D:\Biology-AI\data\Task1_Segmentation\images\001613.jpg,D:\Biology-AI\data\Task2_Attributes\images\001613.jpg,True,True,True,
001614,D:\Biology-AI\data\Task1_Segmentation\images\001614.jpg,D:\Biology-AI\data\Task2_Attributes\images\001614.jpg,True,True,True,
001615,D:\Biology-AI\data\Task1_Segmentation\images\001615.jpg,D:\Biology-AI\data\Task2_Attributes\images\001615.jpg,True,True,True,
001616,D:\Biology-AI\data\Task1_Segmentation\images\001616.jpg,D:\Biology-AI\data\Task2_Attributes\images\001616.jpg,True,True,True,
001617,D:\Biology-AI\data\Task1_Segmentation\images\001617.jpg,D:\Biology-AI\data\Task2_Attributes\images\001617.jpg,True,True,True,
001618,D:\Biology-AI\data\Task1_Segmentation\images\001618.jpg,D:\Biology-AI\data\Task2_Attributes\images\001618.jpg,True,True,True,
001619,D:\Biology-AI\data\Task1_Segmentation\images\001619.jpg,D:\Biology-AI\data\Task2_Attributes\images\001619.jpg,True,True,True,
001620,D:\Biology-AI\data\Task1_Segmentation\images\001620.jpg,D:\Biology-AI\data\Task2_Attributes\images\001620.jpg,True,True,True,
001621,D:\Biology-AI\data\Task1_Segmentation\images\001621.jpg,D:\Biology-AI\data\Task2_Attributes\images\001621.jpg,True,True,True,
001622,D:\Biology-AI\data\Task1_Segmentation\images\001622.jpg,D:\Biology-AI\data\Task2_Attributes\images\001622.jpg,True,True,True,
001623,D:\Biology-AI\data\Task1_Segmentation\images\001623.jpg,D:\Biology-AI\data\Task2_Attributes\images\001623.jpg,True,True,True,
001624,D:\Biology-AI\data\Task1_Segmentation\images\001624.jpg,D:\Biology-AI\data\Task2_Attributes\images\001624.jpg,True,True,True,
001625,D:\Biology-AI\data\Task1_Segmentation\images\001625.jpg,D:\Biology-AI\data\Task2_Attributes\images\001625.jpg,True,True,True,
001626,D:\Biology-AI\data\Task1_Segmentation\images\001626.jpg,D:\Biology-AI\data\Task2_Attributes\images\001626.jpg,True,True,True,
001627,D:\Biology-AI\data\Task1_Segmentation\images\001627.jpg,D:\Biology-AI\data\Task2_Attributes\images\001627.jpg,True,True,True,
001628,D:\Biology-AI\data\Task1_Segmentation\images\001628.jpg,D:\Biology-AI\data\Task2_Attributes\images\001628.jpg,True,True,True,
001629,D:\Biology-AI\data\Task1_Segmentation\images\001629.jpg,D:\Biology-AI\data\Task2_Attributes\images\001629.jpg,True,True,True,
001630,D:\Biology-AI\data\Task1_Segmentation\images\001630.jpg,D:\Biology-AI\data\Task2_Attributes\images\001630.jpg,True,True,True,
001631,D:\Biology-AI\data\Task1_Segmentation\images\001631.jpg,D:\Biology-AI\data\Task2_Attributes\images\001631.jpg,True,True,True,
001632,D:\Biology-AI\data\Task1_Segmentation\images\001632.jpg,D:\Biology-AI\data\Task2_Attributes\images\001632.jpg,True,True,True,
001633,D:\Biology-AI\data\Task1_Segmentation\images\001633.jpg,D:\Biology-AI\data\Task2_Attributes\images\001633.jpg,True,True,True,
001634,D:\Biology-AI\data\Task1_Segmentation\images\001634.jpg,D:\Biology-AI\data\Task2_Attributes\images\001634.jpg,True,True,True,
001635,D:\Biology-AI\data\Task1_Segmentation\images\001635.jpg,D:\Biology-AI\data\Task2_Attributes\images\001635.jpg,True,True,True,
001636,D:\Biology-AI\data\Task1_Segmentation\images\001636.jpg,D:\Biology-AI\data\Task2_Attributes\images\001636.jpg,True,True,True,
001637,D:\Biology-AI\data\Task1_Segmentation\images\001637.jpg,D:\Biology-AI\data\Task2_Attributes\images\001637.jpg,True,True,True,
001638,D:\Biology-AI\data\Task1_Segmentation\images\001638.jpg,D:\Biology-AI\data\Task2_Attributes\images\001638.jpg,True,True,True,
001639,D:\Biology-AI\data\Task1_Segmentation\images\001639.jpg,D:\Biology-AI\data\Task2_Attributes\images\001639.jpg,True,True,True,
001640,D:\Biology-AI\data\Task1_Segmentation\images\001640.jpg,D:\Biology-AI\data\Task2_Attributes\images\001640.jpg,True,True,True,
001641,D:\Biology-AI\data\Task1_Segmentation\images\001641.jpg,D:\Biology-AI\data\Task2_Attributes\images\001641.jpg,True,True,True,
001642,D:\Biology-AI\data\Task1_Segmentation\images\001642.jpg,D:\Biology-AI\data\Task2_Attributes\images\001642.jpg,True,True,True,
001643,D:\Biology-AI\data\Task1_Segmentation\images\001643.jpg,D:\Biology-AI\data\Task2_Attributes\images\001643.jpg,True,True,True,
001644,D:\Biology-AI\data\Task1_Segmentation\images\001644.jpg,D:\Biology-AI\data\Task2_Attributes\images\001644.jpg,True,True,True,
001645,D:\Biology-AI\data\Task1_Segmentation\images\001645.jpg,D:\Biology-AI\data\Task2_Attributes\images\001645.jpg,True,True,True,
001646,D:\Biology-AI\data\Task1_Segmentation\images\001646.jpg,D:\Biology-AI\data\Task2_Attributes\images\001646.jpg,True,True,True,
001647,D:\Biology-AI\data\Task1_Segmentation\images\001647.jpg,D:\Biology-AI\data\Task2_Attributes\images\001647.jpg,True,True,True,
001648,D:\Biology-AI\data\Task1_Segmentation\images\001648.jpg,D:\Biology-AI\data\Task2_Attributes\images\001648.jpg,True,True,True,
001649,D:\Biology-AI\data\Task1_Segmentation\images\001649.jpg,D:\Biology-AI\data\Task2_Attributes\images\001649.jpg,True,True,True,
001650,D:\Biology-AI\data\Task1_Segmentation\images\001650.jpg,D:\Biology-AI\data\Task2_Attributes\images\001650.jpg,True,True,True,
001651,D:\Biology-AI\data\Task1_Segmentation\images\001651.jpg,D:\Biology-AI\data\Task2_Attributes\images\001651.jpg,True,True,True,
001652,D:\Biology-AI\data\Task1_Segmentation\images\001652.jpg,D:\Biology-AI\data\Task2_Attributes\images\001652.jpg,True,True,True,
001653,D:\Biology-AI\data\Task1_Segmentation\images\001653.jpg,D:\Biology-AI\data\Task2_Attributes\images\001653.jpg,True,True,True,
001654,D:\Biology-AI\data\Task1_Segmentation\images\001654.jpg,D:\Biology-AI\data\Task2_Attributes\images\001654.jpg,True,True,True,
001655,D:\Biology-AI\data\Task1_Segmentation\images\001655.jpg,D:\Biology-AI\data\Task2_Attributes\images\001655.jpg,True,True,True,
001656,D:\Biology-AI\data\Task1_Segmentation\images\001656.jpg,D:\Biology-AI\data\Task2_Attributes\images\001656.jpg,True,True,True,
001657,D:\Biology-AI\data\Task1_Segmentation\images\001657.jpg,D:\Biology-AI\data\Task2_Attributes\images\001657.jpg,True,True,True,
001658,D:\Biology-AI\data\Task1_Segmentation\images\001658.jpg,D:\Biology-AI\data\Task2_Attributes\images\001658.jpg,True,True,True,
001659,D:\Biology-AI\data\Task1_Segmentation\images\001659.jpg,D:\Biology-AI\data\Task2_Attributes\images\001659.jpg,True,True,True,
001660,D:\Biology-AI\data\Task1_Segmentation\images\001660.jpg,D:\Biology-AI\data\Task2_Attributes\images\001660.jpg,True,True,True,
001661,D:\Biology-AI\data\Task1_Segmentation\images\001661.jpg,D:\Biology-AI\data\Task2_Attributes\images\001661.jpg,True,True,True,
001662,D:\Biology-AI\data\Task1_Segmentation\images\001662.jpg,D:\Biology-AI\data\Task2_Attributes\images\001662.jpg,True,True,True,
001663,D:\Biology-AI\data\Task1_Segmentation\images\001663.jpg,D:\Biology-AI\data\Task2_Attributes\images\001663.jpg,True,True,True,
001664,D:\Biology-AI\data\Task1_Segmentation\images\001664.jpg,D:\Biology-AI\data\Task2_Attributes\images\001664.jpg,True,True,True,
001665,D:\Biology-AI\data\Task1_Segmentation\images\001665.jpg,D:\Biology-AI\data\Task2_Attributes\images\001665.jpg,True,True,True,
001666,D:\Biology-AI\data\Task1_Segmentation\images\001666.jpg,D:\Biology-AI\data\Task2_Attributes\images\001666.jpg,True,True,True,
001667,D:\Biology-AI\data\Task1_Segmentation\images\001667.jpg,D:\Biology-AI\data\Task2_Attributes\images\001667.jpg,True,True,True,
001668,D:\Biology-AI\data\Task1_Segmentation\images\001668.jpg,D:\Biology-AI\data\Task2_Attributes\images\001668.jpg,True,True,True,
001669,D:\Biology-AI\data\Task1_Segmentation\images\001669.jpg,D:\Biology-AI\data\Task2_Attributes\images\001669.jpg,True,True,True,
001670,D:\Biology-AI\data\Task1_Segmentation\images\001670.jpg,D:\Biology-AI\data\Task2_Attributes\images\001670.jpg,True,True,True,
001671,D:\Biology-AI\data\Task1_Segmentation\images\001671.jpg,D:\Biology-AI\data\Task2_Attributes\images\001671.jpg,True,True,True,
001672,D:\Biology-AI\data\Task1_Segmentation\images\001672.jpg,D:\Biology-AI\data\Task2_Attributes\images\001672.jpg,True,True,True,
001673,D:\Biology-AI\data\Task1_Segmentation\images\001673.jpg,D:\Biology-AI\data\Task2_Attributes\images\001673.jpg,True,True,True,
001674,D:\Biology-AI\data\Task1_Segmentation\images\001674.jpg,D:\Biology-AI\data\Task2_Attributes\images\001674.jpg,True,True,True,
001675,D:\Biology-AI\data\Task1_Segmentation\images\001675.jpg,D:\Biology-AI\data\Task2_Attributes\images\001675.jpg,True,True,True,
001676,D:\Biology-AI\data\Task1_Segmentation\images\001676.jpg,D:\Biology-AI\data\Task2_Attributes\images\001676.jpg,True,True,True,
001677,D:\Biology-AI\data\Task1_Segmentation\images\001677.jpg,D:\Biology-AI\data\Task2_Attributes\images\001677.jpg,True,True,True,
001678,D:\Biology-AI\data\Task1_Segmentation\images\001678.jpg,D:\Biology-AI\data\Task2_Attributes\images\001678.jpg,True,True,True,
001679,D:\Biology-AI\data\Task1_Segmentation\images\001679.jpg,D:\Biology-AI\data\Task2_Attributes\images\001679.jpg,True,True,True,
001680,D:\Biology-AI\data\Task1_Segmentation\images\001680.jpg,D:\Biology-AI\data\Task2_Attributes\images\001680.jpg,True,True,True,
001681,D:\Biology-AI\data\Task1_Segmentation\images\001681.jpg,D:\Biology-AI\data\Task2_Attributes\images\001681.jpg,True,True,True,
001682,D:\Biology-AI\data\Task1_Segmentation\images\001682.jpg,D:\Biology-AI\data\Task2_Attributes\images\001682.jpg,True,True,True,
001683,D:\Biology-AI\data\Task1_Segmentation\images\001683.jpg,D:\Biology-AI\data\Task2_Attributes\images\001683.jpg,True,True,True,
001684,D:\Biology-AI\data\Task1_Segmentation\images\001684.jpg,D:\Biology-AI\data\Task2_Attributes\images\001684.jpg,True,True,True,
001685,D:\Biology-AI\data\Task1_Segmentation\images\001685.jpg,D:\Biology-AI\data\Task2_Attributes\images\001685.jpg,True,True,True,
001686,D:\Biology-AI\data\Task1_Segmentation\images\001686.jpg,D:\Biology-AI\data\Task2_Attributes\images\001686.jpg,True,True,True,
001687,D:\Biology-AI\data\Task1_Segmentation\images\001687.jpg,D:\Biology-AI\data\Task2_Attributes\images\001687.jpg,True,True,True,
001688,D:\Biology-AI\data\Task1_Segmentation\images\001688.jpg,D:\Biology-AI\data\Task2_Attributes\images\001688.jpg,True,True,True,
001689,D:\Biology-AI\data\Task1_Segmentation\images\001689.jpg,D:\Biology-AI\data\Task2_Attributes\images\001689.jpg,True,True,True,
001690,D:\Biology-AI\data\Task1_Segmentation\images\001690.jpg,D:\Biology-AI\data\Task2_Attributes\images\001690.jpg,True,True,True,
001691,D:\Biology-AI\data\Task1_Segmentation\images\001691.jpg,D:\Biology-AI\data\Task2_Attributes\images\001691.jpg,True,True,True,
001692,D:\Biology-AI\data\Task1_Segmentation\images\001692.jpg,D:\Biology-AI\data\Task2_Attributes\images\001692.jpg,True,True,True,
001693,D:\Biology-AI\data\Task1_Segmentation\images\001693.jpg,D:\Biology-AI\data\Task2_Attributes\images\001693.jpg,True,True,True,
001694,D:\Biology-AI\data\Task1_Segmentation\images\001694.jpg,D:\Biology-AI\data\Task2_Attributes\images\001694.jpg,True,True,True,
001695,D:\Biology-AI\data\Task1_Segmentation\images\001695.jpg,D:\Biology-AI\data\Task2_Attributes\images\001695.jpg,True,True,True,
001696,D:\Biology-AI\data\Task1_Segmentation\images\001696.jpg,D:\Biology-AI\data\Task2_Attributes\images\001696.jpg,True,True,True,
001697,D:\Biology-AI\data\Task1_Segmentation\images\001697.jpg,D:\Biology-AI\data\Task2_Attributes\images\001697.jpg,True,True,True,
001698,D:\Biology-AI\data\Task1_Segmentation\images\001698.jpg,D:\Biology-AI\data\Task2_Attributes\images\001698.jpg,True,True,True,
001699,D:\Biology-AI\data\Task1_Segmentation\images\001699.jpg,D:\Biology-AI\data\Task2_Attributes\images\001699.jpg,True,True,True,
001700,D:\Biology-AI\data\Task1_Segmentation\images\001700.jpg,D:\Biology-AI\data\Task2_Attributes\images\001700.jpg,True,True,True,
001701,D:\Biology-AI\data\Task1_Segmentation\images\001701.jpg,D:\Biology-AI\data\Task2_Attributes\images\001701.jpg,True,True,True,
001702,D:\Biology-AI\data\Task1_Segmentation\images\001702.jpg,D:\Biology-AI\data\Task2_Attributes\images\001702.jpg,True,True,True,
001703,D:\Biology-AI\data\Task1_Segmentation\images\001703.jpg,D:\Biology-AI\data\Task2_Attributes\images\001703.jpg,True,True,True,
001704,D:\Biology-AI\data\Task1_Segmentation\images\001704.jpg,D:\Biology-AI\data\Task2_Attributes\images\001704.jpg,True,True,True,
001705,D:\Biology-AI\data\Task1_Segmentation\images\001705.jpg,D:\Biology-AI\data\Task2_Attributes\images\001705.jpg,True,True,True,
001706,D:\Biology-AI\data\Task1_Segmentation\images\001706.jpg,D:\Biology-AI\data\Task2_Attributes\images\001706.jpg,True,True,True,
001707,D:\Biology-AI\data\Task1_Segmentation\images\001707.jpg,D:\Biology-AI\data\Task2_Attributes\images\001707.jpg,True,True,True,
001708,D:\Biology-AI\data\Task1_Segmentation\images\001708.jpg,D:\Biology-AI\data\Task2_Attributes\images\001708.jpg,True,True,True,
001709,D:\Biology-AI\data\Task1_Segmentation\images\001709.jpg,D:\Biology-AI\data\Task2_Attributes\images\001709.jpg,True,True,True,
001710,D:\Biology-AI\data\Task1_Segmentation\images\001710.jpg,D:\Biology-AI\data\Task2_Attributes\images\001710.jpg,True,True,True,
001711,D:\Biology-AI\data\Task1_Segmentation\images\001711.jpg,D:\Biology-AI\data\Task2_Attributes\images\001711.jpg,True,True,True,
001712,D:\Biology-AI\data\Task1_Segmentation\images\001712.jpg,D:\Biology-AI\data\Task2_Attributes\images\001712.jpg,True,True,True,
001713,D:\Biology-AI\data\Task1_Segmentation\images\001713.jpg,D:\Biology-AI\data\Task2_Attributes\images\001713.jpg,True,True,True,
001714,D:\Biology-AI\data\Task1_Segmentation\images\001714.jpg,D:\Biology-AI\data\Task2_Attributes\images\001714.jpg,True,True,True,
001715,D:\Biology-AI\data\Task1_Segmentation\images\001715.jpg,D:\Biology-AI\data\Task2_Attributes\images\001715.jpg,True,True,True,
001716,D:\Biology-AI\data\Task1_Segmentation\images\001716.jpg,D:\Biology-AI\data\Task2_Attributes\images\001716.jpg,True,True,True,
001717,D:\Biology-AI\data\Task1_Segmentation\images\001717.jpg,D:\Biology-AI\data\Task2_Attributes\images\001717.jpg,True,True,True,
001718,D:\Biology-AI\data\Task1_Segmentation\images\001718.jpg,D:\Biology-AI\data\Task2_Attributes\images\001718.jpg,True,True,True,
001719,D:\Biology-AI\data\Task1_Segmentation\images\001719.jpg,D:\Biology-AI\data\Task2_Attributes\images\001719.jpg,True,True,True,
001720,D:\Biology-AI\data\Task1_Segmentation\images\001720.jpg,D:\Biology-AI\data\Task2_Attributes\images\001720.jpg,True,True,True,
001721,D:\Biology-AI\data\Task1_Segmentation\images\001721.jpg,D:\Biology-AI\data\Task2_Attributes\images\001721.jpg,True,True,True,
001722,D:\Biology-AI\data\Task1_Segmentation\images\001722.jpg,D:\Biology-AI\data\Task2_Attributes\images\001722.jpg,True,True,True,
001723,D:\Biology-AI\data\Task1_Segmentation\images\001723.jpg,D:\Biology-AI\data\Task2_Attributes\images\001723.jpg,True,True,True,
001724,D:\Biology-AI\data\Task1_Segmentation\images\001724.jpg,D:\Biology-AI\data\Task2_Attributes\images\001724.jpg,True,True,True,
001725,D:\Biology-AI\data\Task1_Segmentation\images\001725.jpg,D:\Biology-AI\data\Task2_Attributes\images\001725.jpg,True,True,True,
001726,D:\Biology-AI\data\Task1_Segmentation\images\001726.jpg,D:\Biology-AI\data\Task2_Attributes\images\001726.jpg,True,True,True,
001727,D:\Biology-AI\data\Task1_Segmentation\images\001727.jpg,D:\Biology-AI\data\Task2_Attributes\images\001727.jpg,True,True,True,
001728,D:\Biology-AI\data\Task1_Segmentation\images\001728.jpg,D:\Biology-AI\data\Task2_Attributes\images\001728.jpg,True,True,True,
001729,D:\Biology-AI\data\Task1_Segmentation\images\001729.jpg,D:\Biology-AI\data\Task2_Attributes\images\001729.jpg,True,True,True,
001730,D:\Biology-AI\data\Task1_Segmentation\images\001730.jpg,D:\Biology-AI\data\Task2_Attributes\images\001730.jpg,True,True,True,
001731,D:\Biology-AI\data\Task1_Segmentation\images\001731.jpg,D:\Biology-AI\data\Task2_Attributes\images\001731.jpg,True,True,True,
001732,D:\Biology-AI\data\Task1_Segmentation\images\001732.jpg,D:\Biology-AI\data\Task2_Attributes\images\001732.jpg,True,True,True,
001733,D:\Biology-AI\data\Task1_Segmentation\images\001733.jpg,D:\Biology-AI\data\Task2_Attributes\images\001733.jpg,True,True,True,
001734,D:\Biology-AI\data\Task1_Segmentation\images\001734.jpg,D:\Biology-AI\data\Task2_Attributes\images\001734.jpg,True,True,True,
001735,D:\Biology-AI\data\Task1_Segmentation\images\001735.jpg,D:\Biology-AI\data\Task2_Attributes\images\001735.jpg,True,True,True,
001736,D:\Biology-AI\data\Task1_Segmentation\images\001736.jpg,D:\Biology-AI\data\Task2_Attributes\images\001736.jpg,True,True,True,
001737,D:\Biology-AI\data\Task1_Segmentation\images\001737.jpg,D:\Biology-AI\data\Task2_Attributes\images\001737.jpg,True,True,True,
001738,D:\Biology-AI\data\Task1_Segmentation\images\001738.jpg,D:\Biology-AI\data\Task2_Attributes\images\001738.jpg,True,True,True,
001739,D:\Biology-AI\data\Task1_Segmentation\images\001739.jpg,D:\Biology-AI\data\Task2_Attributes\images\001739.jpg,True,True,True,
001740,D:\Biology-AI\data\Task1_Segmentation\images\001740.jpg,D:\Biology-AI\data\Task2_Attributes\images\001740.jpg,True,True,True,
001741,D:\Biology-AI\data\Task1_Segmentation\images\001741.jpg,D:\Biology-AI\data\Task2_Attributes\images\001741.jpg,True,True,True,
001742,D:\Biology-AI\data\Task1_Segmentation\images\001742.jpg,D:\Biology-AI\data\Task2_Attributes\images\001742.jpg,True,True,True,
001743,D:\Biology-AI\data\Task1_Segmentation\images\001743.jpg,D:\Biology-AI\data\Task2_Attributes\images\001743.jpg,True,True,True,
001744,D:\Biology-AI\data\Task1_Segmentation\images\001744.jpg,D:\Biology-AI\data\Task2_Attributes\images\001744.jpg,True,True,True,
001745,D:\Biology-AI\data\Task1_Segmentation\images\001745.jpg,D:\Biology-AI\data\Task2_Attributes\images\001745.jpg,True,True,True,
001746,D:\Biology-AI\data\Task1_Segmentation\images\001746.jpg,D:\Biology-AI\data\Task2_Attributes\images\001746.jpg,True,True,True,
001747,D:\Biology-AI\data\Task1_Segmentation\images\001747.jpg,D:\Biology-AI\data\Task2_Attributes\images\001747.jpg,True,True,True,
001748,D:\Biology-AI\data\Task1_Segmentation\images\001748.jpg,D:\Biology-AI\data\Task2_Attributes\images\001748.jpg,True,True,True,
001749,D:\Biology-AI\data\Task1_Segmentation\images\001749.jpg,D:\Biology-AI\data\Task2_Attributes\images\001749.jpg,True,True,True,
001750,D:\Biology-AI\data\Task1_Segmentation\images\001750.jpg,D:\Biology-AI\data\Task2_Attributes\images\001750.jpg,True,True,True,
001751,D:\Biology-AI\data\Task1_Segmentation\images\001751.jpg,D:\Biology-AI\data\Task2_Attributes\images\001751.jpg,True,True,True,
001752,D:\Biology-AI\data\Task1_Segmentation\images\001752.jpg,D:\Biology-AI\data\Task2_Attributes\images\001752.jpg,True,True,True,
001753,D:\Biology-AI\data\Task1_Segmentation\images\001753.jpg,D:\Biology-AI\data\Task2_Attributes\images\001753.jpg,True,True,True,
001754,D:\Biology-AI\data\Task1_Segmentation\images\001754.jpg,D:\Biology-AI\data\Task2_Attributes\images\001754.jpg,True,True,True,
001755,D:\Biology-AI\data\Task1_Segmentation\images\001755.jpg,D:\Biology-AI\data\Task2_Attributes\images\001755.jpg,True,True,True,
001756,D:\Biology-AI\data\Task1_Segmentation\images\001756.jpg,D:\Biology-AI\data\Task2_Attributes\images\001756.jpg,True,True,True,
001757,D:\Biology-AI\data\Task1_Segmentation\images\001757.jpg,D:\Biology-AI\data\Task2_Attributes\images\001757.jpg,True,True,True,
001758,D:\Biology-AI\data\Task1_Segmentation\images\001758.jpg,D:\Biology-AI\data\Task2_Attributes\images\001758.jpg,True,True,True,
001759,D:\Biology-AI\data\Task1_Segmentation\images\001759.jpg,D:\Biology-AI\data\Task2_Attributes\images\001759.jpg,True,True,True,
001760,D:\Biology-AI\data\Task1_Segmentation\images\001760.jpg,D:\Biology-AI\data\Task2_Attributes\images\001760.jpg,True,True,True,
001761,D:\Biology-AI\data\Task1_Segmentation\images\001761.jpg,D:\Biology-AI\data\Task2_Attributes\images\001761.jpg,True,True,True,
001762,D:\Biology-AI\data\Task1_Segmentation\images\001762.jpg,D:\Biology-AI\data\Task2_Attributes\images\001762.jpg,True,True,True,
001763,D:\Biology-AI\data\Task1_Segmentation\images\001763.jpg,D:\Biology-AI\data\Task2_Attributes\images\001763.jpg,True,True,True,
001764,D:\Biology-AI\data\Task1_Segmentation\images\001764.jpg,D:\Biology-AI\data\Task2_Attributes\images\001764.jpg,True,True,True,
001765,D:\Biology-AI\data\Task1_Segmentation\images\001765.jpg,D:\Biology-AI\data\Task2_Attributes\images\001765.jpg,True,True,True,
001766,D:\Biology-AI\data\Task1_Segmentation\images\001766.jpg,D:\Biology-AI\data\Task2_Attributes\images\001766.jpg,True,True,True,
001767,D:\Biology-AI\data\Task1_Segmentation\images\001767.jpg,D:\Biology-AI\data\Task2_Attributes\images\001767.jpg,True,True,True,
001768,D:\Biology-AI\data\Task1_Segmentation\images\001768.jpg,D:\Biology-AI\data\Task2_Attributes\images\001768.jpg,True,True,True,
001769,D:\Biology-AI\data\Task1_Segmentation\images\001769.jpg,D:\Biology-AI\data\Task2_Attributes\images\001769.jpg,True,True,True,
001770,D:\Biology-AI\data\Task1_Segmentation\images\001770.jpg,D:\Biology-AI\data\Task2_Attributes\images\001770.jpg,True,True,True,
001771,D:\Biology-AI\data\Task1_Segmentation\images\001771.jpg,D:\Biology-AI\data\Task2_Attributes\images\001771.jpg,True,True,True,
001772,D:\Biology-AI\data\Task1_Segmentation\images\001772.jpg,D:\Biology-AI\data\Task2_Attributes\images\001772.jpg,True,True,True,
001773,D:\Biology-AI\data\Task1_Segmentation\images\001773.jpg,D:\Biology-AI\data\Task2_Attributes\images\001773.jpg,True,True,True,
001774,D:\Biology-AI\data\Task1_Segmentation\images\001774.jpg,D:\Biology-AI\data\Task2_Attributes\images\001774.jpg,True,True,True,
001775,D:\Biology-AI\data\Task1_Segmentation\images\001775.jpg,D:\Biology-AI\data\Task2_Attributes\images\001775.jpg,True,True,True,
001776,D:\Biology-AI\data\Task1_Segmentation\images\001776.jpg,D:\Biology-AI\data\Task2_Attributes\images\001776.jpg,True,True,True,
001777,D:\Biology-AI\data\Task1_Segmentation\images\001777.jpg,D:\Biology-AI\data\Task2_Attributes\images\001777.jpg,True,True,True,
001778,D:\Biology-AI\data\Task1_Segmentation\images\001778.jpg,D:\Biology-AI\data\Task2_Attributes\images\001778.jpg,True,True,True,
001779,D:\Biology-AI\data\Task1_Segmentation\images\001779.jpg,D:\Biology-AI\data\Task2_Attributes\images\001779.jpg,True,True,True,
001780,D:\Biology-AI\data\Task1_Segmentation\images\001780.jpg,D:\Biology-AI\data\Task2_Attributes\images\001780.jpg,True,True,True,
001781,D:\Biology-AI\data\Task1_Segmentation\images\001781.jpg,D:\Biology-AI\data\Task2_Attributes\images\001781.jpg,True,True,True,
001782,D:\Biology-AI\data\Task1_Segmentation\images\001782.jpg,D:\Biology-AI\data\Task2_Attributes\images\001782.jpg,True,True,True,
001783,D:\Biology-AI\data\Task1_Segmentation\images\001783.jpg,D:\Biology-AI\data\Task2_Attributes\images\001783.jpg,True,True,True,
001784,D:\Biology-AI\data\Task1_Segmentation\images\001784.jpg,D:\Biology-AI\data\Task2_Attributes\images\001784.jpg,True,True,True,
001785,D:\Biology-AI\data\Task1_Segmentation\images\001785.jpg,D:\Biology-AI\data\Task2_Attributes\images\001785.jpg,True,True,True,
001786,D:\Biology-AI\data\Task1_Segmentation\images\001786.jpg,D:\Biology-AI\data\Task2_Attributes\images\001786.jpg,True,True,True,
001787,D:\Biology-AI\data\Task1_Segmentation\images\001787.jpg,D:\Biology-AI\data\Task2_Attributes\images\001787.jpg,True,True,True,
001788,D:\Biology-AI\data\Task1_Segmentation\images\001788.jpg,D:\Biology-AI\data\Task2_Attributes\images\001788.jpg,True,True,True,
001789,D:\Biology-AI\data\Task1_Segmentation\images\001789.jpg,D:\Biology-AI\data\Task2_Attributes\images\001789.jpg,True,True,True,
001790,D:\Biology-AI\data\Task1_Segmentation\images\001790.jpg,D:\Biology-AI\data\Task2_Attributes\images\001790.jpg,True,True,True,
001791,D:\Biology-AI\data\Task1_Segmentation\images\001791.jpg,D:\Biology-AI\data\Task2_Attributes\images\001791.jpg,True,True,True,
001792,D:\Biology-AI\data\Task1_Segmentation\images\001792.jpg,D:\Biology-AI\data\Task2_Attributes\images\001792.jpg,True,True,True,
001793,D:\Biology-AI\data\Task1_Segmentation\images\001793.jpg,D:\Biology-AI\data\Task2_Attributes\images\001793.jpg,True,True,True,
001794,D:\Biology-AI\data\Task1_Segmentation\images\001794.jpg,D:\Biology-AI\data\Task2_Attributes\images\001794.jpg,True,True,True,
001795,D:\Biology-AI\data\Task1_Segmentation\images\001795.jpg,D:\Biology-AI\data\Task2_Attributes\images\001795.jpg,True,True,True,
001796,D:\Biology-AI\data\Task1_Segmentation\images\001796.jpg,D:\Biology-AI\data\Task2_Attributes\images\001796.jpg,True,True,True,
001797,D:\Biology-AI\data\Task1_Segmentation\images\001797.jpg,D:\Biology-AI\data\Task2_Attributes\images\001797.jpg,True,True,True,
001798,D:\Biology-AI\data\Task1_Segmentation\images\001798.jpg,D:\Biology-AI\data\Task2_Attributes\images\001798.jpg,True,True,True,
001799,D:\Biology-AI\data\Task1_Segmentation\images\001799.jpg,D:\Biology-AI\data\Task2_Attributes\images\001799.jpg,True,True,True,
001800,D:\Biology-AI\data\Task1_Segmentation\images\001800.jpg,D:\Biology-AI\data\Task2_Attributes\images\001800.jpg,True,True,True,
001801,D:\Biology-AI\data\Task1_Segmentation\images\001801.jpg,D:\Biology-AI\data\Task2_Attributes\images\001801.jpg,True,True,True,
001802,D:\Biology-AI\data\Task1_Segmentation\images\001802.jpg,D:\Biology-AI\data\Task2_Attributes\images\001802.jpg,True,True,True,
001803,D:\Biology-AI\data\Task1_Segmentation\images\001803.jpg,D:\Biology-AI\data\Task2_Attributes\images\001803.jpg,True,True,True,
001804,D:\Biology-AI\data\Task1_Segmentation\images\001804.jpg,D:\Biology-AI\data\Task2_Attributes\images\001804.jpg,True,True,True,
001805,D:\Biology-AI\data\Task1_Segmentation\images\001805.jpg,D:\Biology-AI\data\Task2_Attributes\images\001805.jpg,True,True,True,
001806,D:\Biology-AI\data\Task1_Segmentation\images\001806.jpg,D:\Biology-AI\data\Task2_Attributes\images\001806.jpg,True,True,True,
001807,D:\Biology-AI\data\Task1_Segmentation\images\001807.jpg,D:\Biology-AI\data\Task2_Attributes\images\001807.jpg,True,True,True,
001808,D:\Biology-AI\data\Task1_Segmentation\images\001808.jpg,D:\Biology-AI\data\Task2_Attributes\images\001808.jpg,True,True,True,
001809,D:\Biology-AI\data\Task1_Segmentation\images\001809.jpg,D:\Biology-AI\data\Task2_Attributes\images\001809.jpg,True,True,True,
001810,D:\Biology-AI\data\Task1_Segmentation\images\001810.jpg,D:\Biology-AI\data\Task2_Attributes\images\001810.jpg,True,True,True,
001811,D:\Biology-AI\data\Task1_Segmentation\images\001811.jpg,D:\Biology-AI\data\Task2_Attributes\images\001811.jpg,True,True,True,
001812,D:\Biology-AI\data\Task1_Segmentation\images\001812.jpg,D:\Biology-AI\data\Task2_Attributes\images\001812.jpg,True,True,True,
001813,D:\Biology-AI\data\Task1_Segmentation\images\001813.jpg,D:\Biology-AI\data\Task2_Attributes\images\001813.jpg,True,True,True,
001814,D:\Biology-AI\data\Task1_Segmentation\images\001814.jpg,D:\Biology-AI\data\Task2_Attributes\images\001814.jpg,True,True,True,
001815,D:\Biology-AI\data\Task1_Segmentation\images\001815.jpg,D:\Biology-AI\data\Task2_Attributes\images\001815.jpg,True,True,True,
001816,D:\Biology-AI\data\Task1_Segmentation\images\001816.jpg,D:\Biology-AI\data\Task2_Attributes\images\001816.jpg,True,True,True,
001817,D:\Biology-AI\data\Task1_Segmentation\images\001817.jpg,D:\Biology-AI\data\Task2_Attributes\images\001817.jpg,True,True,True,
001818,D:\Biology-AI\data\Task1_Segmentation\images\001818.jpg,D:\Biology-AI\data\Task2_Attributes\images\001818.jpg,True,True,True,
001819,D:\Biology-AI\data\Task1_Segmentation\images\001819.jpg,D:\Biology-AI\data\Task2_Attributes\images\001819.jpg,True,True,True,
001820,D:\Biology-AI\data\Task1_Segmentation\images\001820.jpg,D:\Biology-AI\data\Task2_Attributes\images\001820.jpg,True,True,True,
001821,D:\Biology-AI\data\Task1_Segmentation\images\001821.jpg,D:\Biology-AI\data\Task2_Attributes\images\001821.jpg,True,True,True,
001822,D:\Biology-AI\data\Task1_Segmentation\images\001822.jpg,D:\Biology-AI\data\Task2_Attributes\images\001822.jpg,True,True,True,
001823,D:\Biology-AI\data\Task1_Segmentation\images\001823.jpg,D:\Biology-AI\data\Task2_Attributes\images\001823.jpg,True,True,True,
001824,D:\Biology-AI\data\Task1_Segmentation\images\001824.jpg,D:\Biology-AI\data\Task2_Attributes\images\001824.jpg,True,True,True,
001825,D:\Biology-AI\data\Task1_Segmentation\images\001825.jpg,D:\Biology-AI\data\Task2_Attributes\images\001825.jpg,True,True,True,
001826,D:\Biology-AI\data\Task1_Segmentation\images\001826.jpg,D:\Biology-AI\data\Task2_Attributes\images\001826.jpg,True,True,True,
001827,D:\Biology-AI\data\Task1_Segmentation\images\001827.jpg,D:\Biology-AI\data\Task2_Attributes\images\001827.jpg,True,True,True,
001828,D:\Biology-AI\data\Task1_Segmentation\images\001828.jpg,D:\Biology-AI\data\Task2_Attributes\images\001828.jpg,True,True,True,
001829,D:\Biology-AI\data\Task1_Segmentation\images\001829.jpg,D:\Biology-AI\data\Task2_Attributes\images\001829.jpg,True,True,True,
001830,D:\Biology-AI\data\Task1_Segmentation\images\001830.jpg,D:\Biology-AI\data\Task2_Attributes\images\001830.jpg,True,True,True,
001831,D:\Biology-AI\data\Task1_Segmentation\images\001831.jpg,D:\Biology-AI\data\Task2_Attributes\images\001831.jpg,True,True,True,
001832,D:\Biology-AI\data\Task1_Segmentation\images\001832.jpg,D:\Biology-AI\data\Task2_Attributes\images\001832.jpg,True,True,True,
001833,D:\Biology-AI\data\Task1_Segmentation\images\001833.jpg,D:\Biology-AI\data\Task2_Attributes\images\001833.jpg,True,True,True,
001834,D:\Biology-AI\data\Task1_Segmentation\images\001834.jpg,D:\Biology-AI\data\Task2_Attributes\images\001834.jpg,True,True,True,
001835,D:\Biology-AI\data\Task1_Segmentation\images\001835.jpg,D:\Biology-AI\data\Task2_Attributes\images\001835.jpg,True,True,True,
001836,D:\Biology-AI\data\Task1_Segmentation\images\001836.jpg,D:\Biology-AI\data\Task2_Attributes\images\001836.jpg,True,True,True,
001837,D:\Biology-AI\data\Task1_Segmentation\images\001837.jpg,D:\Biology-AI\data\Task2_Attributes\images\001837.jpg,True,True,True,
001838,D:\Biology-AI\data\Task1_Segmentation\images\001838.jpg,D:\Biology-AI\data\Task2_Attributes\images\001838.jpg,True,True,True,
001839,D:\Biology-AI\data\Task1_Segmentation\images\001839.jpg,D:\Biology-AI\data\Task2_Attributes\images\001839.jpg,True,True,True,
001840,D:\Biology-AI\data\Task1_Segmentation\images\001840.jpg,D:\Biology-AI\data\Task2_Attributes\images\001840.jpg,True,True,True,
001841,D:\Biology-AI\data\Task1_Segmentation\images\001841.jpg,D:\Biology-AI\data\Task2_Attributes\images\001841.jpg,True,True,True,
001842,D:\Biology-AI\data\Task1_Segmentation\images\001842.jpg,D:\Biology-AI\data\Task2_Attributes\images\001842.jpg,True,True,True,
001843,D:\Biology-AI\data\Task1_Segmentation\images\001843.jpg,D:\Biology-AI\data\Task2_Attributes\images\001843.jpg,True,True,True,
001844,D:\Biology-AI\data\Task1_Segmentation\images\001844.jpg,D:\Biology-AI\data\Task2_Attributes\images\001844.jpg,True,True,True,
001845,D:\Biology-AI\data\Task1_Segmentation\images\001845.jpg,D:\Biology-AI\data\Task2_Attributes\images\001845.jpg,True,True,True,
001846,D:\Biology-AI\data\Task1_Segmentation\images\001846.jpg,D:\Biology-AI\data\Task2_Attributes\images\001846.jpg,True,True,True,
001847,D:\Biology-AI\data\Task1_Segmentation\images\001847.jpg,D:\Biology-AI\data\Task2_Attributes\images\001847.jpg,True,True,True,
001848,D:\Biology-AI\data\Task1_Segmentation\images\001848.jpg,D:\Biology-AI\data\Task2_Attributes\images\001848.jpg,True,True,True,
001849,D:\Biology-AI\data\Task1_Segmentation\images\001849.jpg,D:\Biology-AI\data\Task2_Attributes\images\001849.jpg,True,True,True,
001850,D:\Biology-AI\data\Task1_Segmentation\images\001850.jpg,D:\Biology-AI\data\Task2_Attributes\images\001850.jpg,True,True,True,
001851,D:\Biology-AI\data\Task1_Segmentation\images\001851.jpg,D:\Biology-AI\data\Task2_Attributes\images\001851.jpg,True,True,True,
001852,D:\Biology-AI\data\Task1_Segmentation\images\001852.jpg,D:\Biology-AI\data\Task2_Attributes\images\001852.jpg,True,True,True,
001853,D:\Biology-AI\data\Task1_Segmentation\images\001853.jpg,D:\Biology-AI\data\Task2_Attributes\images\001853.jpg,True,True,True,
001854,D:\Biology-AI\data\Task1_Segmentation\images\001854.jpg,D:\Biology-AI\data\Task2_Attributes\images\001854.jpg,True,True,True,
001855,D:\Biology-AI\data\Task1_Segmentation\images\001855.jpg,D:\Biology-AI\data\Task2_Attributes\images\001855.jpg,True,True,True,
001856,D:\Biology-AI\data\Task1_Segmentation\images\001856.jpg,D:\Biology-AI\data\Task2_Attributes\images\001856.jpg,True,True,True,
001857,D:\Biology-AI\data\Task1_Segmentation\images\001857.jpg,D:\Biology-AI\data\Task2_Attributes\images\001857.jpg,True,True,True,
001858,D:\Biology-AI\data\Task1_Segmentation\images\001858.jpg,D:\Biology-AI\data\Task2_Attributes\images\001858.jpg,True,True,True,
001859,D:\Biology-AI\data\Task1_Segmentation\images\001859.jpg,D:\Biology-AI\data\Task2_Attributes\images\001859.jpg,True,True,True,
001860,D:\Biology-AI\data\Task1_Segmentation\images\001860.jpg,D:\Biology-AI\data\Task2_Attributes\images\001860.jpg,True,True,True,
001861,D:\Biology-AI\data\Task1_Segmentation\images\001861.jpg,D:\Biology-AI\data\Task2_Attributes\images\001861.jpg,True,True,True,
001862,D:\Biology-AI\data\Task1_Segmentation\images\001862.jpg,D:\Biology-AI\data\Task2_Attributes\images\001862.jpg,True,True,True,
001863,D:\Biology-AI\data\Task1_Segmentation\images\001863.jpg,D:\Biology-AI\data\Task2_Attributes\images\001863.jpg,True,True,True,
001864,D:\Biology-AI\data\Task1_Segmentation\images\001864.jpg,D:\Biology-AI\data\Task2_Attributes\images\001864.jpg,True,True,True,
001865,D:\Biology-AI\data\Task1_Segmentation\images\001865.jpg,D:\Biology-AI\data\Task2_Attributes\images\001865.jpg,True,True,True,
001866,D:\Biology-AI\data\Task1_Segmentation\images\001866.jpg,D:\Biology-AI\data\Task2_Attributes\images\001866.jpg,True,True,True,
001867,D:\Biology-AI\data\Task1_Segmentation\images\001867.jpg,D:\Biology-AI\data\Task2_Attributes\images\001867.jpg,True,True,True,
001868,D:\Biology-AI\data\Task1_Segmentation\images\001868.jpg,D:\Biology-AI\data\Task2_Attributes\images\001868.jpg,True,True,True,
001869,D:\Biology-AI\data\Task1_Segmentation\images\001869.jpg,D:\Biology-AI\data\Task2_Attributes\images\001869.jpg,True,True,True,
001870,D:\Biology-AI\data\Task1_Segmentation\images\001870.jpg,D:\Biology-AI\data\Task2_Attributes\images\001870.jpg,True,True,True,
001871,D:\Biology-AI\data\Task1_Segmentation\images\001871.jpg,D:\Biology-AI\data\Task2_Attributes\images\001871.jpg,True,True,True,
001872,D:\Biology-AI\data\Task1_Segmentation\images\001872.jpg,D:\Biology-AI\data\Task2_Attributes\images\001872.jpg,True,True,True,
001873,D:\Biology-AI\data\Task1_Segmentation\images\001873.jpg,D:\Biology-AI\data\Task2_Attributes\images\001873.jpg,True,True,True,
001874,D:\Biology-AI\data\Task1_Segmentation\images\001874.jpg,D:\Biology-AI\data\Task2_Attributes\images\001874.jpg,True,True,True,
001875,D:\Biology-AI\data\Task1_Segmentation\images\001875.jpg,D:\Biology-AI\data\Task2_Attributes\images\001875.jpg,True,True,True,
001876,D:\Biology-AI\data\Task1_Segmentation\images\001876.jpg,D:\Biology-AI\data\Task2_Attributes\images\001876.jpg,True,True,True,
001877,D:\Biology-AI\data\Task1_Segmentation\images\001877.jpg,D:\Biology-AI\data\Task2_Attributes\images\001877.jpg,True,True,True,
001878,D:\Biology-AI\data\Task1_Segmentation\images\001878.jpg,D:\Biology-AI\data\Task2_Attributes\images\001878.jpg,True,True,True,
001879,D:\Biology-AI\data\Task1_Segmentation\images\001879.jpg,D:\Biology-AI\data\Task2_Attributes\images\001879.jpg,True,True,True,
001880,D:\Biology-AI\data\Task1_Segmentation\images\001880.jpg,D:\Biology-AI\data\Task2_Attributes\images\001880.jpg,True,True,True,
001881,D:\Biology-AI\data\Task1_Segmentation\images\001881.jpg,D:\Biology-AI\data\Task2_Attributes\images\001881.jpg,True,True,True,
001882,D:\Biology-AI\data\Task1_Segmentation\images\001882.jpg,D:\Biology-AI\data\Task2_Attributes\images\001882.jpg,True,True,True,
001883,D:\Biology-AI\data\Task1_Segmentation\images\001883.jpg,D:\Biology-AI\data\Task2_Attributes\images\001883.jpg,True,True,True,
001884,D:\Biology-AI\data\Task1_Segmentation\images\001884.jpg,D:\Biology-AI\data\Task2_Attributes\images\001884.jpg,True,True,True,
001885,D:\Biology-AI\data\Task1_Segmentation\images\001885.jpg,D:\Biology-AI\data\Task2_Attributes\images\001885.jpg,True,True,True,
001886,D:\Biology-AI\data\Task1_Segmentation\images\001886.jpg,D:\Biology-AI\data\Task2_Attributes\images\001886.jpg,True,True,True,
001887,D:\Biology-AI\data\Task1_Segmentation\images\001887.jpg,D:\Biology-AI\data\Task2_Attributes\images\001887.jpg,True,True,True,
001888,D:\Biology-AI\data\Task1_Segmentation\images\001888.jpg,D:\Biology-AI\data\Task2_Attributes\images\001888.jpg,True,True,True,
001889,D:\Biology-AI\data\Task1_Segmentation\images\001889.jpg,D:\Biology-AI\data\Task2_Attributes\images\001889.jpg,True,True,True,
001890,D:\Biology-AI\data\Task1_Segmentation\images\001890.jpg,D:\Biology-AI\data\Task2_Attributes\images\001890.jpg,True,True,True,
001891,D:\Biology-AI\data\Task1_Segmentation\images\001891.jpg,D:\Biology-AI\data\Task2_Attributes\images\001891.jpg,True,True,True,
001892,D:\Biology-AI\data\Task1_Segmentation\images\001892.jpg,D:\Biology-AI\data\Task2_Attributes\images\001892.jpg,True,True,True,
001893,D:\Biology-AI\data\Task1_Segmentation\images\001893.jpg,D:\Biology-AI\data\Task2_Attributes\images\001893.jpg,True,True,True,
001894,D:\Biology-AI\data\Task1_Segmentation\images\001894.jpg,D:\Biology-AI\data\Task2_Attributes\images\001894.jpg,True,True,True,
001895,D:\Biology-AI\data\Task1_Segmentation\images\001895.jpg,D:\Biology-AI\data\Task2_Attributes\images\001895.jpg,True,True,True,
001896,D:\Biology-AI\data\Task1_Segmentation\images\001896.jpg,D:\Biology-AI\data\Task2_Attributes\images\001896.jpg,True,True,True,
001897,D:\Biology-AI\data\Task1_Segmentation\images\001897.jpg,D:\Biology-AI\data\Task2_Attributes\images\001897.jpg,True,True,True,
001898,D:\Biology-AI\data\Task1_Segmentation\images\001898.jpg,D:\Biology-AI\data\Task2_Attributes\images\001898.jpg,True,True,True,
001899,D:\Biology-AI\data\Task1_Segmentation\images\001899.jpg,D:\Biology-AI\data\Task2_Attributes\images\001899.jpg,True,True,True,
001900,D:\Biology-AI\data\Task1_Segmentation\images\001900.jpg,D:\Biology-AI\data\Task2_Attributes\images\001900.jpg,True,True,True,
001901,D:\Biology-AI\data\Task1_Segmentation\images\001901.jpg,D:\Biology-AI\data\Task2_Attributes\images\001901.jpg,True,True,True,
001902,D:\Biology-AI\data\Task1_Segmentation\images\001902.jpg,D:\Biology-AI\data\Task2_Attributes\images\001902.jpg,True,True,True,
001903,D:\Biology-AI\data\Task1_Segmentation\images\001903.jpg,D:\Biology-AI\data\Task2_Attributes\images\001903.jpg,True,True,True,
001904,D:\Biology-AI\data\Task1_Segmentation\images\001904.jpg,D:\Biology-AI\data\Task2_Attributes\images\001904.jpg,True,True,True,
001905,D:\Biology-AI\data\Task1_Segmentation\images\001905.jpg,D:\Biology-AI\data\Task2_Attributes\images\001905.jpg,True,True,True,
001906,D:\Biology-AI\data\Task1_Segmentation\images\001906.jpg,D:\Biology-AI\data\Task2_Attributes\images\001906.jpg,True,True,True,
001907,D:\Biology-AI\data\Task1_Segmentation\images\001907.jpg,D:\Biology-AI\data\Task2_Attributes\images\001907.jpg,True,True,True,
001908,D:\Biology-AI\data\Task1_Segmentation\images\001908.jpg,D:\Biology-AI\data\Task2_Attributes\images\001908.jpg,True,True,True,
001909,D:\Biology-AI\data\Task1_Segmentation\images\001909.jpg,D:\Biology-AI\data\Task2_Attributes\images\001909.jpg,True,True,True,
001910,D:\Biology-AI\data\Task1_Segmentation\images\001910.jpg,D:\Biology-AI\data\Task2_Attributes\images\001910.jpg,True,True,True,
001911,D:\Biology-AI\data\Task1_Segmentation\images\001911.jpg,D:\Biology-AI\data\Task2_Attributes\images\001911.jpg,True,True,True,
001912,D:\Biology-AI\data\Task1_Segmentation\images\001912.jpg,D:\Biology-AI\data\Task2_Attributes\images\001912.jpg,True,True,True,
001913,D:\Biology-AI\data\Task1_Segmentation\images\001913.jpg,D:\Biology-AI\data\Task2_Attributes\images\001913.jpg,True,True,True,
001914,D:\Biology-AI\data\Task1_Segmentation\images\001914.jpg,D:\Biology-AI\data\Task2_Attributes\images\001914.jpg,True,True,True,
001915,D:\Biology-AI\data\Task1_Segmentation\images\001915.jpg,D:\Biology-AI\data\Task2_Attributes\images\001915.jpg,True,True,True,
001916,D:\Biology-AI\data\Task1_Segmentation\images\001916.jpg,D:\Biology-AI\data\Task2_Attributes\images\001916.jpg,True,True,True,
001917,D:\Biology-AI\data\Task1_Segmentation\images\001917.jpg,D:\Biology-AI\data\Task2_Attributes\images\001917.jpg,True,True,True,
001918,D:\Biology-AI\data\Task1_Segmentation\images\001918.jpg,D:\Biology-AI\data\Task2_Attributes\images\001918.jpg,True,True,True,
001919,D:\Biology-AI\data\Task1_Segmentation\images\001919.jpg,D:\Biology-AI\data\Task2_Attributes\images\001919.jpg,True,True,True,
001920,D:\Biology-AI\data\Task1_Segmentation\images\001920.jpg,D:\Biology-AI\data\Task2_Attributes\images\001920.jpg,True,True,True,
001921,D:\Biology-AI\data\Task1_Segmentation\images\001921.jpg,D:\Biology-AI\data\Task2_Attributes\images\001921.jpg,True,True,True,
001922,D:\Biology-AI\data\Task1_Segmentation\images\001922.jpg,D:\Biology-AI\data\Task2_Attributes\images\001922.jpg,True,True,True,
001923,D:\Biology-AI\data\Task1_Segmentation\images\001923.jpg,D:\Biology-AI\data\Task2_Attributes\images\001923.jpg,True,True,True,
001924,D:\Biology-AI\data\Task1_Segmentation\images\001924.jpg,D:\Biology-AI\data\Task2_Attributes\images\001924.jpg,True,True,True,
001925,D:\Biology-AI\data\Task1_Segmentation\images\001925.jpg,D:\Biology-AI\data\Task2_Attributes\images\001925.jpg,True,True,True,
001926,D:\Biology-AI\data\Task1_Segmentation\images\001926.jpg,D:\Biology-AI\data\Task2_Attributes\images\001926.jpg,True,True,True,
001927,D:\Biology-AI\data\Task1_Segmentation\images\001927.jpg,D:\Biology-AI\data\Task2_Attributes\images\001927.jpg,True,True,True,
001928,D:\Biology-AI\data\Task1_Segmentation\images\001928.jpg,D:\Biology-AI\data\Task2_Attributes\images\001928.jpg,True,True,True,
001929,D:\Biology-AI\data\Task1_Segmentation\images\001929.jpg,D:\Biology-AI\data\Task2_Attributes\images\001929.jpg,True,True,True,
001930,D:\Biology-AI\data\Task1_Segmentation\images\001930.jpg,D:\Biology-AI\data\Task2_Attributes\images\001930.jpg,True,True,True,
001931,D:\Biology-AI\data\Task1_Segmentation\images\001931.jpg,D:\Biology-AI\data\Task2_Attributes\images\001931.jpg,True,True,True,
001932,D:\Biology-AI\data\Task1_Segmentation\images\001932.jpg,D:\Biology-AI\data\Task2_Attributes\images\001932.jpg,True,True,True,
001933,D:\Biology-AI\data\Task1_Segmentation\images\001933.jpg,D:\Biology-AI\data\Task2_Attributes\images\001933.jpg,True,True,True,
001934,D:\Biology-AI\data\Task1_Segmentation\images\001934.jpg,D:\Biology-AI\data\Task2_Attributes\images\001934.jpg,True,True,True,
001935,D:\Biology-AI\data\Task1_Segmentation\images\001935.jpg,D:\Biology-AI\data\Task2_Attributes\images\001935.jpg,True,True,True,
001936,D:\Biology-AI\data\Task1_Segmentation\images\001936.jpg,D:\Biology-AI\data\Task2_Attributes\images\001936.jpg,True,True,True,
001937,D:\Biology-AI\data\Task1_Segmentation\images\001937.jpg,D:\Biology-AI\data\Task2_Attributes\images\001937.jpg,True,True,True,
001938,D:\Biology-AI\data\Task1_Segmentation\images\001938.jpg,D:\Biology-AI\data\Task2_Attributes\images\001938.jpg,True,True,True,
001939,D:\Biology-AI\data\Task1_Segmentation\images\001939.jpg,D:\Biology-AI\data\Task2_Attributes\images\001939.jpg,True,True,True,
001940,D:\Biology-AI\data\Task1_Segmentation\images\001940.jpg,D:\Biology-AI\data\Task2_Attributes\images\001940.jpg,True,True,True,
001941,D:\Biology-AI\data\Task1_Segmentation\images\001941.jpg,D:\Biology-AI\data\Task2_Attributes\images\001941.jpg,True,True,True,
001942,D:\Biology-AI\data\Task1_Segmentation\images\001942.jpg,D:\Biology-AI\data\Task2_Attributes\images\001942.jpg,True,True,True,
001943,D:\Biology-AI\data\Task1_Segmentation\images\001943.jpg,D:\Biology-AI\data\Task2_Attributes\images\001943.jpg,True,True,True,
001944,D:\Biology-AI\data\Task1_Segmentation\images\001944.jpg,D:\Biology-AI\data\Task2_Attributes\images\001944.jpg,True,True,True,
001945,D:\Biology-AI\data\Task1_Segmentation\images\001945.jpg,D:\Biology-AI\data\Task2_Attributes\images\001945.jpg,True,True,True,
001946,D:\Biology-AI\data\Task1_Segmentation\images\001946.jpg,D:\Biology-AI\data\Task2_Attributes\images\001946.jpg,True,True,True,
001947,D:\Biology-AI\data\Task1_Segmentation\images\001947.jpg,D:\Biology-AI\data\Task2_Attributes\images\001947.jpg,True,True,True,
001948,D:\Biology-AI\data\Task1_Segmentation\images\001948.jpg,D:\Biology-AI\data\Task2_Attributes\images\001948.jpg,True,True,True,
001949,D:\Biology-AI\data\Task1_Segmentation\images\001949.jpg,D:\Biology-AI\data\Task2_Attributes\images\001949.jpg,True,True,True,
001950,D:\Biology-AI\data\Task1_Segmentation\images\001950.jpg,D:\Biology-AI\data\Task2_Attributes\images\001950.jpg,True,True,True,
001951,D:\Biology-AI\data\Task1_Segmentation\images\001951.jpg,D:\Biology-AI\data\Task2_Attributes\images\001951.jpg,True,True,True,
001952,D:\Biology-AI\data\Task1_Segmentation\images\001952.jpg,D:\Biology-AI\data\Task2_Attributes\images\001952.jpg,True,True,True,
001953,D:\Biology-AI\data\Task1_Segmentation\images\001953.jpg,D:\Biology-AI\data\Task2_Attributes\images\001953.jpg,True,True,True,
001954,D:\Biology-AI\data\Task1_Segmentation\images\001954.jpg,D:\Biology-AI\data\Task2_Attributes\images\001954.jpg,True,True,True,
001955,D:\Biology-AI\data\Task1_Segmentation\images\001955.jpg,D:\Biology-AI\data\Task2_Attributes\images\001955.jpg,True,True,True,
001956,D:\Biology-AI\data\Task1_Segmentation\images\001956.jpg,D:\Biology-AI\data\Task2_Attributes\images\001956.jpg,True,True,True,
001957,D:\Biology-AI\data\Task1_Segmentation\images\001957.jpg,D:\Biology-AI\data\Task2_Attributes\images\001957.jpg,True,True,True,
001958,D:\Biology-AI\data\Task1_Segmentation\images\001958.jpg,D:\Biology-AI\data\Task2_Attributes\images\001958.jpg,True,True,True,
001959,D:\Biology-AI\data\Task1_Segmentation\images\001959.jpg,D:\Biology-AI\data\Task2_Attributes\images\001959.jpg,True,True,True,
001960,D:\Biology-AI\data\Task1_Segmentation\images\001960.jpg,D:\Biology-AI\data\Task2_Attributes\images\001960.jpg,True,True,True,
001961,D:\Biology-AI\data\Task1_Segmentation\images\001961.jpg,D:\Biology-AI\data\Task2_Attributes\images\001961.jpg,True,True,True,
001962,D:\Biology-AI\data\Task1_Segmentation\images\001962.jpg,D:\Biology-AI\data\Task2_Attributes\images\001962.jpg,True,True,True,
001963,D:\Biology-AI\data\Task1_Segmentation\images\001963.jpg,D:\Biology-AI\data\Task2_Attributes\images\001963.jpg,True,True,True,
001964,D:\Biology-AI\data\Task1_Segmentation\images\001964.jpg,D:\Biology-AI\data\Task2_Attributes\images\001964.jpg,True,True,True,
001965,D:\Biology-AI\data\Task1_Segmentation\images\001965.jpg,D:\Biology-AI\data\Task2_Attributes\images\001965.jpg,True,True,True,
001966,D:\Biology-AI\data\Task1_Segmentation\images\001966.jpg,D:\Biology-AI\data\Task2_Attributes\images\001966.jpg,True,True,True,
001967,D:\Biology-AI\data\Task1_Segmentation\images\001967.jpg,D:\Biology-AI\data\Task2_Attributes\images\001967.jpg,True,True,True,
001968,D:\Biology-AI\data\Task1_Segmentation\images\001968.jpg,D:\Biology-AI\data\Task2_Attributes\images\001968.jpg,True,True,True,
001969,D:\Biology-AI\data\Task1_Segmentation\images\001969.jpg,D:\Biology-AI\data\Task2_Attributes\images\001969.jpg,True,True,True,
001970,D:\Biology-AI\data\Task1_Segmentation\images\001970.jpg,D:\Biology-AI\data\Task2_Attributes\images\001970.jpg,True,True,True,
001971,D:\Biology-AI\data\Task1_Segmentation\images\001971.jpg,D:\Biology-AI\data\Task2_Attributes\images\001971.jpg,True,True,True,
001972,D:\Biology-AI\data\Task1_Segmentation\images\001972.jpg,D:\Biology-AI\data\Task2_Attributes\images\001972.jpg,True,True,True,
001973,D:\Biology-AI\data\Task1_Segmentation\images\001973.jpg,D:\Biology-AI\data\Task2_Attributes\images\001973.jpg,True,True,True,
001974,D:\Biology-AI\data\Task1_Segmentation\images\001974.jpg,D:\Biology-AI\data\Task2_Attributes\images\001974.jpg,True,True,True,
001975,D:\Biology-AI\data\Task1_Segmentation\images\001975.jpg,D:\Biology-AI\data\Task2_Attributes\images\001975.jpg,True,True,True,
001976,D:\Biology-AI\data\Task1_Segmentation\images\001976.jpg,D:\Biology-AI\data\Task2_Attributes\images\001976.jpg,True,True,True,
001977,D:\Biology-AI\data\Task1_Segmentation\images\001977.jpg,D:\Biology-AI\data\Task2_Attributes\images\001977.jpg,True,True,True,
001978,D:\Biology-AI\data\Task1_Segmentation\images\001978.jpg,D:\Biology-AI\data\Task2_Attributes\images\001978.jpg,True,True,True,
001979,D:\Biology-AI\data\Task1_Segmentation\images\001979.jpg,D:\Biology-AI\data\Task2_Attributes\images\001979.jpg,True,True,True,
001980,D:\Biology-AI\data\Task1_Segmentation\images\001980.jpg,D:\Biology-AI\data\Task2_Attributes\images\001980.jpg,True,True,True,
001981,D:\Biology-AI\data\Task1_Segmentation\images\001981.jpg,D:\Biology-AI\data\Task2_Attributes\images\001981.jpg,True,True,True,
001982,D:\Biology-AI\data\Task1_Segmentation\images\001982.jpg,D:\Biology-AI\data\Task2_Attributes\images\001982.jpg,True,True,True,
001983,D:\Biology-AI\data\Task1_Segmentation\images\001983.jpg,D:\Biology-AI\data\Task2_Attributes\images\001983.jpg,True,True,True,
001984,D:\Biology-AI\data\Task1_Segmentation\images\001984.jpg,D:\Biology-AI\data\Task2_Attributes\images\001984.jpg,True,True,True,
001985,D:\Biology-AI\data\Task1_Segmentation\images\001985.jpg,D:\Biology-AI\data\Task2_Attributes\images\001985.jpg,True,True,True,
001986,D:\Biology-AI\data\Task1_Segmentation\images\001986.jpg,D:\Biology-AI\data\Task2_Attributes\images\001986.jpg,True,True,True,
001987,D:\Biology-AI\data\Task1_Segmentation\images\001987.jpg,D:\Biology-AI\data\Task2_Attributes\images\001987.jpg,True,True,True,
001988,D:\Biology-AI\data\Task1_Segmentation\images\001988.jpg,D:\Biology-AI\data\Task2_Attributes\images\001988.jpg,True,True,True,
001989,D:\Biology-AI\data\Task1_Segmentation\images\001989.jpg,D:\Biology-AI\data\Task2_Attributes\images\001989.jpg,True,True,True,
001990,D:\Biology-AI\data\Task1_Segmentation\images\001990.jpg,D:\Biology-AI\data\Task2_Attributes\images\001990.jpg,True,True,True,
001991,D:\Biology-AI\data\Task1_Segmentation\images\001991.jpg,D:\Biology-AI\data\Task2_Attributes\images\001991.jpg,True,True,True,
001992,D:\Biology-AI\data\Task1_Segmentation\images\001992.jpg,D:\Biology-AI\data\Task2_Attributes\images\001992.jpg,True,True,True,
001993,D:\Biology-AI\data\Task1_Segmentation\images\001993.jpg,D:\Biology-AI\data\Task2_Attributes\images\001993.jpg,True,True,True,
001994,D:\Biology-AI\data\Task1_Segmentation\images\001994.jpg,D:\Biology-AI\data\Task2_Attributes\images\001994.jpg,True,True,True,
001995,D:\Biology-AI\data\Task1_Segmentation\images\001995.jpg,D:\Biology-AI\data\Task2_Attributes\images\001995.jpg,True,True,True,
001996,D:\Biology-AI\data\Task1_Segmentation\images\001996.jpg,D:\Biology-AI\data\Task2_Attributes\images\001996.jpg,True,True,True,
001997,D:\Biology-AI\data\Task1_Segmentation\images\001997.jpg,D:\Biology-AI\data\Task2_Attributes\images\001997.jpg,True,True,True,
001998,D:\Biology-AI\data\Task1_Segmentation\images\001998.jpg,D:\Biology-AI\data\Task2_Attributes\images\001998.jpg,True,True,True,
001999,D:\Biology-AI\data\Task1_Segmentation\images\001999.jpg,D:\Biology-AI\data\Task2_Attributes\images\001999.jpg,True,True,True,
002000,D:\Biology-AI\data\Task1_Segmentation\images\002000.jpg,D:\Biology-AI\data\Task2_Attributes\images\002000.jpg,True,True,True,
002001,D:\Biology-AI\data\Task1_Segmentation\images\002001.jpg,D:\Biology-AI\data\Task2_Attributes\images\002001.jpg,True,True,True,
002002,D:\Biology-AI\data\Task1_Segmentation\images\002002.jpg,D:\Biology-AI\data\Task2_Attributes\images\002002.jpg,True,True,True,
002003,D:\Biology-AI\data\Task1_Segmentation\images\002003.jpg,D:\Biology-AI\data\Task2_Attributes\images\002003.jpg,True,True,True,
002004,D:\Biology-AI\data\Task1_Segmentation\images\002004.jpg,D:\Biology-AI\data\Task2_Attributes\images\002004.jpg,True,True,True,
002005,D:\Biology-AI\data\Task1_Segmentation\images\002005.jpg,D:\Biology-AI\data\Task2_Attributes\images\002005.jpg,True,True,True,
002006,D:\Biology-AI\data\Task1_Segmentation\images\002006.jpg,D:\Biology-AI\data\Task2_Attributes\images\002006.jpg,True,True,True,
002007,D:\Biology-AI\data\Task1_Segmentation\images\002007.jpg,D:\Biology-AI\data\Task2_Attributes\images\002007.jpg,True,True,True,
002008,D:\Biology-AI\data\Task1_Segmentation\images\002008.jpg,D:\Biology-AI\data\Task2_Attributes\images\002008.jpg,True,True,True,
002009,D:\Biology-AI\data\Task1_Segmentation\images\002009.jpg,D:\Biology-AI\data\Task2_Attributes\images\002009.jpg,True,True,True,
002010,D:\Biology-AI\data\Task1_Segmentation\images\002010.jpg,D:\Biology-AI\data\Task2_Attributes\images\002010.jpg,True,True,True,
002011,D:\Biology-AI\data\Task1_Segmentation\images\002011.jpg,D:\Biology-AI\data\Task2_Attributes\images\002011.jpg,True,True,True,
002012,D:\Biology-AI\data\Task1_Segmentation\images\002012.jpg,D:\Biology-AI\data\Task2_Attributes\images\002012.jpg,True,True,True,
002013,D:\Biology-AI\data\Task1_Segmentation\images\002013.jpg,D:\Biology-AI\data\Task2_Attributes\images\002013.jpg,True,True,True,
002014,D:\Biology-AI\data\Task1_Segmentation\images\002014.jpg,D:\Biology-AI\data\Task2_Attributes\images\002014.jpg,True,True,True,
002015,D:\Biology-AI\data\Task1_Segmentation\images\002015.jpg,D:\Biology-AI\data\Task2_Attributes\images\002015.jpg,True,True,True,
002016,D:\Biology-AI\data\Task1_Segmentation\images\002016.jpg,D:\Biology-AI\data\Task2_Attributes\images\002016.jpg,True,True,True,
002017,D:\Biology-AI\data\Task1_Segmentation\images\002017.jpg,D:\Biology-AI\data\Task2_Attributes\images\002017.jpg,True,True,True,
002018,D:\Biology-AI\data\Task1_Segmentation\images\002018.jpg,D:\Biology-AI\data\Task2_Attributes\images\002018.jpg,True,True,True,
002019,D:\Biology-AI\data\Task1_Segmentation\images\002019.jpg,D:\Biology-AI\data\Task2_Attributes\images\002019.jpg,True,True,True,
002020,D:\Biology-AI\data\Task1_Segmentation\images\002020.jpg,D:\Biology-AI\data\Task2_Attributes\images\002020.jpg,True,True,True,
002021,D:\Biology-AI\data\Task1_Segmentation\images\002021.jpg,D:\Biology-AI\data\Task2_Attributes\images\002021.jpg,True,True,True,
002022,D:\Biology-AI\data\Task1_Segmentation\images\002022.jpg,D:\Biology-AI\data\Task2_Attributes\images\002022.jpg,True,True,True,
002023,D:\Biology-AI\data\Task1_Segmentation\images\002023.jpg,D:\Biology-AI\data\Task2_Attributes\images\002023.jpg,True,True,True,
002024,D:\Biology-AI\data\Task1_Segmentation\images\002024.jpg,D:\Biology-AI\data\Task2_Attributes\images\002024.jpg,True,True,True,
002025,D:\Biology-AI\data\Task1_Segmentation\images\002025.jpg,D:\Biology-AI\data\Task2_Attributes\images\002025.jpg,True,True,True,
002026,D:\Biology-AI\data\Task1_Segmentation\images\002026.jpg,D:\Biology-AI\data\Task2_Attributes\images\002026.jpg,True,True,True,
002027,D:\Biology-AI\data\Task1_Segmentation\images\002027.jpg,D:\Biology-AI\data\Task2_Attributes\images\002027.jpg,True,True,True,
002028,D:\Biology-AI\data\Task1_Segmentation\images\002028.jpg,D:\Biology-AI\data\Task2_Attributes\images\002028.jpg,True,True,True,
002029,D:\Biology-AI\data\Task1_Segmentation\images\002029.jpg,D:\Biology-AI\data\Task2_Attributes\images\002029.jpg,True,True,True,
002030,D:\Biology-AI\data\Task1_Segmentation\images\002030.jpg,D:\Biology-AI\data\Task2_Attributes\images\002030.jpg,True,True,True,
002031,D:\Biology-AI\data\Task1_Segmentation\images\002031.jpg,D:\Biology-AI\data\Task2_Attributes\images\002031.jpg,True,True,True,
002032,D:\Biology-AI\data\Task1_Segmentation\images\002032.jpg,D:\Biology-AI\data\Task2_Attributes\images\002032.jpg,True,True,True,
002033,D:\Biology-AI\data\Task1_Segmentation\images\002033.jpg,D:\Biology-AI\data\Task2_Attributes\images\002033.jpg,True,True,True,
002034,D:\Biology-AI\data\Task1_Segmentation\images\002034.jpg,D:\Biology-AI\data\Task2_Attributes\images\002034.jpg,True,True,True,
002035,D:\Biology-AI\data\Task1_Segmentation\images\002035.jpg,D:\Biology-AI\data\Task2_Attributes\images\002035.jpg,True,True,True,
002036,D:\Biology-AI\data\Task1_Segmentation\images\002036.jpg,D:\Biology-AI\data\Task2_Attributes\images\002036.jpg,True,True,True,
002037,D:\Biology-AI\data\Task1_Segmentation\images\002037.jpg,D:\Biology-AI\data\Task2_Attributes\images\002037.jpg,True,True,True,
002038,D:\Biology-AI\data\Task1_Segmentation\images\002038.jpg,D:\Biology-AI\data\Task2_Attributes\images\002038.jpg,True,True,True,
002039,D:\Biology-AI\data\Task1_Segmentation\images\002039.jpg,D:\Biology-AI\data\Task2_Attributes\images\002039.jpg,True,True,True,
002040,D:\Biology-AI\data\Task1_Segmentation\images\002040.jpg,D:\Biology-AI\data\Task2_Attributes\images\002040.jpg,True,True,True,
002041,D:\Biology-AI\data\Task1_Segmentation\images\002041.jpg,D:\Biology-AI\data\Task2_Attributes\images\002041.jpg,True,True,True,
002042,D:\Biology-AI\data\Task1_Segmentation\images\002042.jpg,D:\Biology-AI\data\Task2_Attributes\images\002042.jpg,True,True,True,
002043,D:\Biology-AI\data\Task1_Segmentation\images\002043.jpg,D:\Biology-AI\data\Task2_Attributes\images\002043.jpg,True,True,True,
002044,D:\Biology-AI\data\Task1_Segmentation\images\002044.jpg,D:\Biology-AI\data\Task2_Attributes\images\002044.jpg,True,True,True,
002045,D:\Biology-AI\data\Task1_Segmentation\images\002045.jpg,D:\Biology-AI\data\Task2_Attributes\images\002045.jpg,True,True,True,
002046,D:\Biology-AI\data\Task1_Segmentation\images\002046.jpg,D:\Biology-AI\data\Task2_Attributes\images\002046.jpg,True,True,True,
002047,D:\Biology-AI\data\Task1_Segmentation\images\002047.jpg,D:\Biology-AI\data\Task2_Attributes\images\002047.jpg,True,True,True,
002048,D:\Biology-AI\data\Task1_Segmentation\images\002048.jpg,D:\Biology-AI\data\Task2_Attributes\images\002048.jpg,True,True,True,
002049,D:\Biology-AI\data\Task1_Segmentation\images\002049.jpg,D:\Biology-AI\data\Task2_Attributes\images\002049.jpg,True,True,True,
002050,D:\Biology-AI\data\Task1_Segmentation\images\002050.jpg,D:\Biology-AI\data\Task2_Attributes\images\002050.jpg,True,True,True,
002051,D:\Biology-AI\data\Task1_Segmentation\images\002051.jpg,D:\Biology-AI\data\Task2_Attributes\images\002051.jpg,True,True,True,
002052,D:\Biology-AI\data\Task1_Segmentation\images\002052.jpg,D:\Biology-AI\data\Task2_Attributes\images\002052.jpg,True,True,True,
002053,D:\Biology-AI\data\Task1_Segmentation\images\002053.jpg,D:\Biology-AI\data\Task2_Attributes\images\002053.jpg,True,True,True,
002054,D:\Biology-AI\data\Task1_Segmentation\images\002054.jpg,D:\Biology-AI\data\Task2_Attributes\images\002054.jpg,True,True,True,
002055,D:\Biology-AI\data\Task1_Segmentation\images\002055.jpg,D:\Biology-AI\data\Task2_Attributes\images\002055.jpg,True,True,True,
002056,D:\Biology-AI\data\Task1_Segmentation\images\002056.jpg,D:\Biology-AI\data\Task2_Attributes\images\002056.jpg,True,True,True,
002057,D:\Biology-AI\data\Task1_Segmentation\images\002057.jpg,D:\Biology-AI\data\Task2_Attributes\images\002057.jpg,True,True,True,
002058,D:\Biology-AI\data\Task1_Segmentation\images\002058.jpg,D:\Biology-AI\data\Task2_Attributes\images\002058.jpg,True,True,True,
002059,D:\Biology-AI\data\Task1_Segmentation\images\002059.jpg,D:\Biology-AI\data\Task2_Attributes\images\002059.jpg,True,True,True,
002060,D:\Biology-AI\data\Task1_Segmentation\images\002060.jpg,D:\Biology-AI\data\Task2_Attributes\images\002060.jpg,True,True,True,
002061,D:\Biology-AI\data\Task1_Segmentation\images\002061.jpg,D:\Biology-AI\data\Task2_Attributes\images\002061.jpg,True,True,True,
002062,D:\Biology-AI\data\Task1_Segmentation\images\002062.jpg,D:\Biology-AI\data\Task2_Attributes\images\002062.jpg,True,True,True,
002063,D:\Biology-AI\data\Task1_Segmentation\images\002063.jpg,D:\Biology-AI\data\Task2_Attributes\images\002063.jpg,True,True,True,
002064,D:\Biology-AI\data\Task1_Segmentation\images\002064.jpg,D:\Biology-AI\data\Task2_Attributes\images\002064.jpg,True,True,True,
002065,D:\Biology-AI\data\Task1_Segmentation\images\002065.jpg,D:\Biology-AI\data\Task2_Attributes\images\002065.jpg,True,True,True,
002066,D:\Biology-AI\data\Task1_Segmentation\images\002066.jpg,D:\Biology-AI\data\Task2_Attributes\images\002066.jpg,True,True,True,
002067,D:\Biology-AI\data\Task1_Segmentation\images\002067.jpg,D:\Biology-AI\data\Task2_Attributes\images\002067.jpg,True,True,True,
002068,D:\Biology-AI\data\Task1_Segmentation\images\002068.jpg,D:\Biology-AI\data\Task2_Attributes\images\002068.jpg,True,True,True,
002069,D:\Biology-AI\data\Task1_Segmentation\images\002069.jpg,D:\Biology-AI\data\Task2_Attributes\images\002069.jpg,True,True,True,
002070,D:\Biology-AI\data\Task1_Segmentation\images\002070.jpg,D:\Biology-AI\data\Task2_Attributes\images\002070.jpg,True,True,True,
002071,D:\Biology-AI\data\Task1_Segmentation\images\002071.jpg,D:\Biology-AI\data\Task2_Attributes\images\002071.jpg,True,True,True,
002072,D:\Biology-AI\data\Task1_Segmentation\images\002072.jpg,D:\Biology-AI\data\Task2_Attributes\images\002072.jpg,True,True,True,
002073,D:\Biology-AI\data\Task1_Segmentation\images\002073.jpg,D:\Biology-AI\data\Task2_Attributes\images\002073.jpg,True,True,True,
002074,D:\Biology-AI\data\Task1_Segmentation\images\002074.jpg,D:\Biology-AI\data\Task2_Attributes\images\002074.jpg,True,True,True,
002075,D:\Biology-AI\data\Task1_Segmentation\images\002075.jpg,D:\Biology-AI\data\Task2_Attributes\images\002075.jpg,True,True,True,
002076,D:\Biology-AI\data\Task1_Segmentation\images\002076.jpg,D:\Biology-AI\data\Task2_Attributes\images\002076.jpg,True,True,True,
002077,D:\Biology-AI\data\Task1_Segmentation\images\002077.jpg,D:\Biology-AI\data\Task2_Attributes\images\002077.jpg,True,True,True,
002078,D:\Biology-AI\data\Task1_Segmentation\images\002078.jpg,D:\Biology-AI\data\Task2_Attributes\images\002078.jpg,True,True,True,
002079,D:\Biology-AI\data\Task1_Segmentation\images\002079.jpg,D:\Biology-AI\data\Task2_Attributes\images\002079.jpg,True,True,True,
002080,D:\Biology-AI\data\Task1_Segmentation\images\002080.jpg,D:\Biology-AI\data\Task2_Attributes\images\002080.jpg,True,True,True,
002081,D:\Biology-AI\data\Task1_Segmentation\images\002081.jpg,D:\Biology-AI\data\Task2_Attributes\images\002081.jpg,True,True,True,
002082,D:\Biology-AI\data\Task1_Segmentation\images\002082.jpg,D:\Biology-AI\data\Task2_Attributes\images\002082.jpg,True,True,True,
002083,D:\Biology-AI\data\Task1_Segmentation\images\002083.jpg,D:\Biology-AI\data\Task2_Attributes\images\002083.jpg,True,True,True,
002084,D:\Biology-AI\data\Task1_Segmentation\images\002084.jpg,D:\Biology-AI\data\Task2_Attributes\images\002084.jpg,True,True,True,
002085,D:\Biology-AI\data\Task1_Segmentation\images\002085.jpg,D:\Biology-AI\data\Task2_Attributes\images\002085.jpg,True,True,True,
002086,D:\Biology-AI\data\Task1_Segmentation\images\002086.jpg,D:\Biology-AI\data\Task2_Attributes\images\002086.jpg,True,True,True,
002087,D:\Biology-AI\data\Task1_Segmentation\images\002087.jpg,D:\Biology-AI\data\Task2_Attributes\images\002087.jpg,True,True,True,
002088,D:\Biology-AI\data\Task1_Segmentation\images\002088.jpg,D:\Biology-AI\data\Task2_Attributes\images\002088.jpg,True,True,True,
002089,D:\Biology-AI\data\Task1_Segmentation\images\002089.jpg,D:\Biology-AI\data\Task2_Attributes\images\002089.jpg,True,True,True,
002090,D:\Biology-AI\data\Task1_Segmentation\images\002090.jpg,D:\Biology-AI\data\Task2_Attributes\images\002090.jpg,True,True,True,
002091,D:\Biology-AI\data\Task1_Segmentation\images\002091.jpg,D:\Biology-AI\data\Task2_Attributes\images\002091.jpg,True,True,True,
002092,D:\Biology-AI\data\Task1_Segmentation\images\002092.jpg,D:\Biology-AI\data\Task2_Attributes\images\002092.jpg,True,True,True,
002093,D:\Biology-AI\data\Task1_Segmentation\images\002093.jpg,D:\Biology-AI\data\Task2_Attributes\images\002093.jpg,True,True,True,
002094,D:\Biology-AI\data\Task1_Segmentation\images\002094.jpg,D:\Biology-AI\data\Task2_Attributes\images\002094.jpg,True,True,True,
002095,D:\Biology-AI\data\Task1_Segmentation\images\002095.jpg,D:\Biology-AI\data\Task2_Attributes\images\002095.jpg,True,True,True,
002096,D:\Biology-AI\data\Task1_Segmentation\images\002096.jpg,D:\Biology-AI\data\Task2_Attributes\images\002096.jpg,True,True,True,
002097,D:\Biology-AI\data\Task1_Segmentation\images\002097.jpg,D:\Biology-AI\data\Task2_Attributes\images\002097.jpg,True,True,True,
002098,D:\Biology-AI\data\Task1_Segmentation\images\002098.jpg,D:\Biology-AI\data\Task2_Attributes\images\002098.jpg,True,True,True,
002099,D:\Biology-AI\data\Task1_Segmentation\images\002099.jpg,D:\Biology-AI\data\Task2_Attributes\images\002099.jpg,True,True,True,
002100,D:\Biology-AI\data\Task1_Segmentation\images\002100.jpg,D:\Biology-AI\data\Task2_Attributes\images\002100.jpg,True,True,True,
002101,D:\Biology-AI\data\Task1_Segmentation\images\002101.jpg,D:\Biology-AI\data\Task2_Attributes\images\002101.jpg,True,True,True,
002102,D:\Biology-AI\data\Task1_Segmentation\images\002102.jpg,D:\Biology-AI\data\Task2_Attributes\images\002102.jpg,True,True,True,
002103,D:\Biology-AI\data\Task1_Segmentation\images\002103.jpg,D:\Biology-AI\data\Task2_Attributes\images\002103.jpg,True,True,True,
002104,D:\Biology-AI\data\Task1_Segmentation\images\002104.jpg,D:\Biology-AI\data\Task2_Attributes\images\002104.jpg,True,True,True,
002105,D:\Biology-AI\data\Task1_Segmentation\images\002105.jpg,D:\Biology-AI\data\Task2_Attributes\images\002105.jpg,True,True,True,
002106,D:\Biology-AI\data\Task1_Segmentation\images\002106.jpg,D:\Biology-AI\data\Task2_Attributes\images\002106.jpg,True,True,True,
002107,D:\Biology-AI\data\Task1_Segmentation\images\002107.jpg,D:\Biology-AI\data\Task2_Attributes\images\002107.jpg,True,True,True,
002108,D:\Biology-AI\data\Task1_Segmentation\images\002108.jpg,D:\Biology-AI\data\Task2_Attributes\images\002108.jpg,True,True,True,
002109,D:\Biology-AI\data\Task1_Segmentation\images\002109.jpg,D:\Biology-AI\data\Task2_Attributes\images\002109.jpg,True,True,True,
002110,D:\Biology-AI\data\Task1_Segmentation\images\002110.jpg,D:\Biology-AI\data\Task2_Attributes\images\002110.jpg,True,True,True,
002111,D:\Biology-AI\data\Task1_Segmentation\images\002111.jpg,D:\Biology-AI\data\Task2_Attributes\images\002111.jpg,True,True,True,
002112,D:\Biology-AI\data\Task1_Segmentation\images\002112.jpg,D:\Biology-AI\data\Task2_Attributes\images\002112.jpg,True,True,True,
002113,D:\Biology-AI\data\Task1_Segmentation\images\002113.jpg,D:\Biology-AI\data\Task2_Attributes\images\002113.jpg,True,True,True,
002114,D:\Biology-AI\data\Task1_Segmentation\images\002114.jpg,D:\Biology-AI\data\Task2_Attributes\images\002114.jpg,True,True,True,
002115,D:\Biology-AI\data\Task1_Segmentation\images\002115.jpg,D:\Biology-AI\data\Task2_Attributes\images\002115.jpg,True,True,True,
002116,D:\Biology-AI\data\Task1_Segmentation\images\002116.jpg,D:\Biology-AI\data\Task2_Attributes\images\002116.jpg,True,True,True,
002117,D:\Biology-AI\data\Task1_Segmentation\images\002117.jpg,D:\Biology-AI\data\Task2_Attributes\images\002117.jpg,True,True,True,
002118,D:\Biology-AI\data\Task1_Segmentation\images\002118.jpg,D:\Biology-AI\data\Task2_Attributes\images\002118.jpg,True,True,True,
002119,D:\Biology-AI\data\Task1_Segmentation\images\002119.jpg,D:\Biology-AI\data\Task2_Attributes\images\002119.jpg,True,True,True,
002120,D:\Biology-AI\data\Task1_Segmentation\images\002120.jpg,D:\Biology-AI\data\Task2_Attributes\images\002120.jpg,True,True,True,
002121,D:\Biology-AI\data\Task1_Segmentation\images\002121.jpg,D:\Biology-AI\data\Task2_Attributes\images\002121.jpg,True,True,True,
002122,D:\Biology-AI\data\Task1_Segmentation\images\002122.jpg,D:\Biology-AI\data\Task2_Attributes\images\002122.jpg,True,True,True,
002123,D:\Biology-AI\data\Task1_Segmentation\images\002123.jpg,D:\Biology-AI\data\Task2_Attributes\images\002123.jpg,True,True,True,
002124,D:\Biology-AI\data\Task1_Segmentation\images\002124.jpg,D:\Biology-AI\data\Task2_Attributes\images\002124.jpg,True,True,True,
002125,D:\Biology-AI\data\Task1_Segmentation\images\002125.jpg,D:\Biology-AI\data\Task2_Attributes\images\002125.jpg,True,True,True,
002126,D:\Biology-AI\data\Task1_Segmentation\images\002126.jpg,D:\Biology-AI\data\Task2_Attributes\images\002126.jpg,True,True,True,
002127,D:\Biology-AI\data\Task1_Segmentation\images\002127.jpg,D:\Biology-AI\data\Task2_Attributes\images\002127.jpg,True,True,True,
002128,D:\Biology-AI\data\Task1_Segmentation\images\002128.jpg,D:\Biology-AI\data\Task2_Attributes\images\002128.jpg,True,True,True,
002129,D:\Biology-AI\data\Task1_Segmentation\images\002129.jpg,D:\Biology-AI\data\Task2_Attributes\images\002129.jpg,True,True,True,
002130,D:\Biology-AI\data\Task1_Segmentation\images\002130.jpg,D:\Biology-AI\data\Task2_Attributes\images\002130.jpg,True,True,True,
002131,D:\Biology-AI\data\Task1_Segmentation\images\002131.jpg,D:\Biology-AI\data\Task2_Attributes\images\002131.jpg,True,True,True,
002132,D:\Biology-AI\data\Task1_Segmentation\images\002132.jpg,D:\Biology-AI\data\Task2_Attributes\images\002132.jpg,True,True,True,
002133,D:\Biology-AI\data\Task1_Segmentation\images\002133.jpg,D:\Biology-AI\data\Task2_Attributes\images\002133.jpg,True,True,True,
002134,D:\Biology-AI\data\Task1_Segmentation\images\002134.jpg,D:\Biology-AI\data\Task2_Attributes\images\002134.jpg,True,True,True,
002135,D:\Biology-AI\data\Task1_Segmentation\images\002135.jpg,D:\Biology-AI\data\Task2_Attributes\images\002135.jpg,True,True,True,
002136,D:\Biology-AI\data\Task1_Segmentation\images\002136.jpg,D:\Biology-AI\data\Task2_Attributes\images\002136.jpg,True,True,True,
002137,D:\Biology-AI\data\Task1_Segmentation\images\002137.jpg,D:\Biology-AI\data\Task2_Attributes\images\002137.jpg,True,True,True,
002138,D:\Biology-AI\data\Task1_Segmentation\images\002138.jpg,D:\Biology-AI\data\Task2_Attributes\images\002138.jpg,True,True,True,
002139,D:\Biology-AI\data\Task1_Segmentation\images\002139.jpg,D:\Biology-AI\data\Task2_Attributes\images\002139.jpg,True,True,True,
002140,D:\Biology-AI\data\Task1_Segmentation\images\002140.jpg,D:\Biology-AI\data\Task2_Attributes\images\002140.jpg,True,True,True,
002141,D:\Biology-AI\data\Task1_Segmentation\images\002141.jpg,D:\Biology-AI\data\Task2_Attributes\images\002141.jpg,True,True,True,
002142,D:\Biology-AI\data\Task1_Segmentation\images\002142.jpg,D:\Biology-AI\data\Task2_Attributes\images\002142.jpg,True,True,True,
002143,D:\Biology-AI\data\Task1_Segmentation\images\002143.jpg,D:\Biology-AI\data\Task2_Attributes\images\002143.jpg,True,True,True,
002144,D:\Biology-AI\data\Task1_Segmentation\images\002144.jpg,D:\Biology-AI\data\Task2_Attributes\images\002144.jpg,True,True,True,
002145,D:\Biology-AI\data\Task1_Segmentation\images\002145.jpg,D:\Biology-AI\data\Task2_Attributes\images\002145.jpg,True,True,True,
002146,D:\Biology-AI\data\Task1_Segmentation\images\002146.jpg,D:\Biology-AI\data\Task2_Attributes\images\002146.jpg,True,True,True,
002147,D:\Biology-AI\data\Task1_Segmentation\images\002147.jpg,D:\Biology-AI\data\Task2_Attributes\images\002147.jpg,True,True,True,
002148,D:\Biology-AI\data\Task1_Segmentation\images\002148.jpg,D:\Biology-AI\data\Task2_Attributes\images\002148.jpg,True,True,True,
002149,D:\Biology-AI\data\Task1_Segmentation\images\002149.jpg,D:\Biology-AI\data\Task2_Attributes\images\002149.jpg,True,True,True,
002150,D:\Biology-AI\data\Task1_Segmentation\images\002150.jpg,D:\Biology-AI\data\Task2_Attributes\images\002150.jpg,True,True,True,
002151,D:\Biology-AI\data\Task1_Segmentation\images\002151.jpg,D:\Biology-AI\data\Task2_Attributes\images\002151.jpg,True,True,True,
002152,D:\Biology-AI\data\Task1_Segmentation\images\002152.jpg,D:\Biology-AI\data\Task2_Attributes\images\002152.jpg,True,True,True,
002153,D:\Biology-AI\data\Task1_Segmentation\images\002153.jpg,D:\Biology-AI\data\Task2_Attributes\images\002153.jpg,True,True,True,
002154,D:\Biology-AI\data\Task1_Segmentation\images\002154.jpg,D:\Biology-AI\data\Task2_Attributes\images\002154.jpg,True,True,True,
002155,D:\Biology-AI\data\Task1_Segmentation\images\002155.jpg,D:\Biology-AI\data\Task2_Attributes\images\002155.jpg,True,True,True,
002156,D:\Biology-AI\data\Task1_Segmentation\images\002156.jpg,D:\Biology-AI\data\Task2_Attributes\images\002156.jpg,True,True,True,
002157,D:\Biology-AI\data\Task1_Segmentation\images\002157.jpg,D:\Biology-AI\data\Task2_Attributes\images\002157.jpg,True,True,True,
002158,D:\Biology-AI\data\Task1_Segmentation\images\002158.jpg,D:\Biology-AI\data\Task2_Attributes\images\002158.jpg,True,True,True,
002159,D:\Biology-AI\data\Task1_Segmentation\images\002159.jpg,D:\Biology-AI\data\Task2_Attributes\images\002159.jpg,True,True,True,
002160,D:\Biology-AI\data\Task1_Segmentation\images\002160.jpg,D:\Biology-AI\data\Task2_Attributes\images\002160.jpg,True,True,True,
002161,D:\Biology-AI\data\Task1_Segmentation\images\002161.jpg,D:\Biology-AI\data\Task2_Attributes\images\002161.jpg,True,True,True,
002162,D:\Biology-AI\data\Task1_Segmentation\images\002162.jpg,D:\Biology-AI\data\Task2_Attributes\images\002162.jpg,True,True,True,
002163,D:\Biology-AI\data\Task1_Segmentation\images\002163.jpg,D:\Biology-AI\data\Task2_Attributes\images\002163.jpg,True,True,True,
002164,D:\Biology-AI\data\Task1_Segmentation\images\002164.jpg,D:\Biology-AI\data\Task2_Attributes\images\002164.jpg,True,True,True,
002165,D:\Biology-AI\data\Task1_Segmentation\images\002165.jpg,D:\Biology-AI\data\Task2_Attributes\images\002165.jpg,True,True,True,
002166,D:\Biology-AI\data\Task1_Segmentation\images\002166.jpg,D:\Biology-AI\data\Task2_Attributes\images\002166.jpg,True,True,True,
002167,D:\Biology-AI\data\Task1_Segmentation\images\002167.jpg,D:\Biology-AI\data\Task2_Attributes\images\002167.jpg,True,True,True,
002168,D:\Biology-AI\data\Task1_Segmentation\images\002168.jpg,D:\Biology-AI\data\Task2_Attributes\images\002168.jpg,True,True,True,
002169,D:\Biology-AI\data\Task1_Segmentation\images\002169.jpg,D:\Biology-AI\data\Task2_Attributes\images\002169.jpg,True,True,True,
002170,D:\Biology-AI\data\Task1_Segmentation\images\002170.jpg,D:\Biology-AI\data\Task2_Attributes\images\002170.jpg,True,True,True,
002171,D:\Biology-AI\data\Task1_Segmentation\images\002171.jpg,D:\Biology-AI\data\Task2_Attributes\images\002171.jpg,True,True,True,
002172,D:\Biology-AI\data\Task1_Segmentation\images\002172.jpg,D:\Biology-AI\data\Task2_Attributes\images\002172.jpg,True,True,True,
002173,D:\Biology-AI\data\Task1_Segmentation\images\002173.jpg,D:\Biology-AI\data\Task2_Attributes\images\002173.jpg,True,True,True,
002174,D:\Biology-AI\data\Task1_Segmentation\images\002174.jpg,D:\Biology-AI\data\Task2_Attributes\images\002174.jpg,True,True,True,
002175,D:\Biology-AI\data\Task1_Segmentation\images\002175.jpg,D:\Biology-AI\data\Task2_Attributes\images\002175.jpg,True,True,True,
002176,D:\Biology-AI\data\Task1_Segmentation\images\002176.jpg,D:\Biology-AI\data\Task2_Attributes\images\002176.jpg,True,True,True,
002177,D:\Biology-AI\data\Task1_Segmentation\images\002177.jpg,D:\Biology-AI\data\Task2_Attributes\images\002177.jpg,True,True,True,
002178,D:\Biology-AI\data\Task1_Segmentation\images\002178.jpg,D:\Biology-AI\data\Task2_Attributes\images\002178.jpg,True,True,True,
002179,D:\Biology-AI\data\Task1_Segmentation\images\002179.jpg,D:\Biology-AI\data\Task2_Attributes\images\002179.jpg,True,True,True,
002180,D:\Biology-AI\data\Task1_Segmentation\images\002180.jpg,D:\Biology-AI\data\Task2_Attributes\images\002180.jpg,True,True,True,
002181,D:\Biology-AI\data\Task1_Segmentation\images\002181.jpg,D:\Biology-AI\data\Task2_Attributes\images\002181.jpg,True,True,True,
002182,D:\Biology-AI\data\Task1_Segmentation\images\002182.jpg,D:\Biology-AI\data\Task2_Attributes\images\002182.jpg,True,True,True,
002183,D:\Biology-AI\data\Task1_Segmentation\images\002183.jpg,D:\Biology-AI\data\Task2_Attributes\images\002183.jpg,True,True,True,
002184,D:\Biology-AI\data\Task1_Segmentation\images\002184.jpg,D:\Biology-AI\data\Task2_Attributes\images\002184.jpg,True,True,True,
002185,D:\Biology-AI\data\Task1_Segmentation\images\002185.jpg,D:\Biology-AI\data\Task2_Attributes\images\002185.jpg,True,True,True,
002186,D:\Biology-AI\data\Task1_Segmentation\images\002186.jpg,D:\Biology-AI\data\Task2_Attributes\images\002186.jpg,True,True,True,
002187,D:\Biology-AI\data\Task1_Segmentation\images\002187.jpg,D:\Biology-AI\data\Task2_Attributes\images\002187.jpg,True,True,True,
002188,D:\Biology-AI\data\Task1_Segmentation\images\002188.jpg,D:\Biology-AI\data\Task2_Attributes\images\002188.jpg,True,True,True,
002189,D:\Biology-AI\data\Task1_Segmentation\images\002189.jpg,D:\Biology-AI\data\Task2_Attributes\images\002189.jpg,True,True,True,
002190,D:\Biology-AI\data\Task1_Segmentation\images\002190.jpg,D:\Biology-AI\data\Task2_Attributes\images\002190.jpg,True,True,True,
002191,D:\Biology-AI\data\Task1_Segmentation\images\002191.jpg,D:\Biology-AI\data\Task2_Attributes\images\002191.jpg,True,True,True,
002192,D:\Biology-AI\data\Task1_Segmentation\images\002192.jpg,D:\Biology-AI\data\Task2_Attributes\images\002192.jpg,True,True,True,
002193,D:\Biology-AI\data\Task1_Segmentation\images\002193.jpg,D:\Biology-AI\data\Task2_Attributes\images\002193.jpg,True,True,True,
002194,D:\Biology-AI\data\Task1_Segmentation\images\002194.jpg,D:\Biology-AI\data\Task2_Attributes\images\002194.jpg,True,True,True,
002195,D:\Biology-AI\data\Task1_Segmentation\images\002195.jpg,D:\Biology-AI\data\Task2_Attributes\images\002195.jpg,True,True,True,
002196,D:\Biology-AI\data\Task1_Segmentation\images\002196.jpg,D:\Biology-AI\data\Task2_Attributes\images\002196.jpg,True,True,True,
002197,D:\Biology-AI\data\Task1_Segmentation\images\002197.jpg,D:\Biology-AI\data\Task2_Attributes\images\002197.jpg,True,True,True,
002198,D:\Biology-AI\data\Task1_Segmentation\images\002198.jpg,D:\Biology-AI\data\Task2_Attributes\images\002198.jpg,True,True,True,
002199,D:\Biology-AI\data\Task1_Segmentation\images\002199.jpg,D:\Biology-AI\data\Task2_Attributes\images\002199.jpg,True,True,True,
002200,D:\Biology-AI\data\Task1_Segmentation\images\002200.jpg,D:\Biology-AI\data\Task2_Attributes\images\002200.jpg,True,True,True,
002201,D:\Biology-AI\data\Task1_Segmentation\images\002201.jpg,D:\Biology-AI\data\Task2_Attributes\images\002201.jpg,True,True,True,
002202,D:\Biology-AI\data\Task1_Segmentation\images\002202.jpg,D:\Biology-AI\data\Task2_Attributes\images\002202.jpg,True,True,True,
002203,D:\Biology-AI\data\Task1_Segmentation\images\002203.jpg,D:\Biology-AI\data\Task2_Attributes\images\002203.jpg,True,True,True,
002204,D:\Biology-AI\data\Task1_Segmentation\images\002204.jpg,D:\Biology-AI\data\Task2_Attributes\images\002204.jpg,True,True,True,
002205,D:\Biology-AI\data\Task1_Segmentation\images\002205.jpg,D:\Biology-AI\data\Task2_Attributes\images\002205.jpg,True,True,True,
002206,D:\Biology-AI\data\Task1_Segmentation\images\002206.jpg,D:\Biology-AI\data\Task2_Attributes\images\002206.jpg,True,True,True,
002207,D:\Biology-AI\data\Task1_Segmentation\images\002207.jpg,D:\Biology-AI\data\Task2_Attributes\images\002207.jpg,True,True,True,
002208,D:\Biology-AI\data\Task1_Segmentation\images\002208.jpg,D:\Biology-AI\data\Task2_Attributes\images\002208.jpg,True,True,True,
002209,D:\Biology-AI\data\Task1_Segmentation\images\002209.jpg,D:\Biology-AI\data\Task2_Attributes\images\002209.jpg,True,True,True,
002210,D:\Biology-AI\data\Task1_Segmentation\images\002210.jpg,D:\Biology-AI\data\Task2_Attributes\images\002210.jpg,True,True,True,
002211,D:\Biology-AI\data\Task1_Segmentation\images\002211.jpg,D:\Biology-AI\data\Task2_Attributes\images\002211.jpg,True,True,True,
002212,D:\Biology-AI\data\Task1_Segmentation\images\002212.jpg,D:\Biology-AI\data\Task2_Attributes\images\002212.jpg,True,True,True,
002213,D:\Biology-AI\data\Task1_Segmentation\images\002213.jpg,D:\Biology-AI\data\Task2_Attributes\images\002213.jpg,True,True,True,
002214,D:\Biology-AI\data\Task1_Segmentation\images\002214.jpg,D:\Biology-AI\data\Task2_Attributes\images\002214.jpg,True,True,True,
002215,D:\Biology-AI\data\Task1_Segmentation\images\002215.jpg,D:\Biology-AI\data\Task2_Attributes\images\002215.jpg,True,True,True,
002216,D:\Biology-AI\data\Task1_Segmentation\images\002216.jpg,D:\Biology-AI\data\Task2_Attributes\images\002216.jpg,True,True,True,
002217,D:\Biology-AI\data\Task1_Segmentation\images\002217.jpg,D:\Biology-AI\data\Task2_Attributes\images\002217.jpg,True,True,True,
002218,D:\Biology-AI\data\Task1_Segmentation\images\002218.jpg,D:\Biology-AI\data\Task2_Attributes\images\002218.jpg,True,True,True,
002219,D:\Biology-AI\data\Task1_Segmentation\images\002219.jpg,D:\Biology-AI\data\Task2_Attributes\images\002219.jpg,True,True,True,
002220,D:\Biology-AI\data\Task1_Segmentation\images\002220.jpg,D:\Biology-AI\data\Task2_Attributes\images\002220.jpg,True,True,True,
002221,D:\Biology-AI\data\Task1_Segmentation\images\002221.jpg,D:\Biology-AI\data\Task2_Attributes\images\002221.jpg,True,True,True,
002222,D:\Biology-AI\data\Task1_Segmentation\images\002222.jpg,D:\Biology-AI\data\Task2_Attributes\images\002222.jpg,True,True,True,
002223,D:\Biology-AI\data\Task1_Segmentation\images\002223.jpg,D:\Biology-AI\data\Task2_Attributes\images\002223.jpg,True,True,True,
002224,D:\Biology-AI\data\Task1_Segmentation\images\002224.jpg,D:\Biology-AI\data\Task2_Attributes\images\002224.jpg,True,True,True,
002225,D:\Biology-AI\data\Task1_Segmentation\images\002225.jpg,D:\Biology-AI\data\Task2_Attributes\images\002225.jpg,True,True,True,
002226,D:\Biology-AI\data\Task1_Segmentation\images\002226.jpg,D:\Biology-AI\data\Task2_Attributes\images\002226.jpg,True,True,True,
002227,D:\Biology-AI\data\Task1_Segmentation\images\002227.jpg,D:\Biology-AI\data\Task2_Attributes\images\002227.jpg,True,True,True,
002228,D:\Biology-AI\data\Task1_Segmentation\images\002228.jpg,D:\Biology-AI\data\Task2_Attributes\images\002228.jpg,True,True,True,
002229,D:\Biology-AI\data\Task1_Segmentation\images\002229.jpg,D:\Biology-AI\data\Task2_Attributes\images\002229.jpg,True,True,True,
002230,D:\Biology-AI\data\Task1_Segmentation\images\002230.jpg,D:\Biology-AI\data\Task2_Attributes\images\002230.jpg,True,True,True,
002231,D:\Biology-AI\data\Task1_Segmentation\images\002231.jpg,D:\Biology-AI\data\Task2_Attributes\images\002231.jpg,True,True,True,
002232,D:\Biology-AI\data\Task1_Segmentation\images\002232.jpg,D:\Biology-AI\data\Task2_Attributes\images\002232.jpg,True,True,True,
002233,D:\Biology-AI\data\Task1_Segmentation\images\002233.jpg,D:\Biology-AI\data\Task2_Attributes\images\002233.jpg,True,True,True,
002234,D:\Biology-AI\data\Task1_Segmentation\images\002234.jpg,D:\Biology-AI\data\Task2_Attributes\images\002234.jpg,True,True,True,
002235,D:\Biology-AI\data\Task1_Segmentation\images\002235.jpg,D:\Biology-AI\data\Task2_Attributes\images\002235.jpg,True,True,True,
002236,D:\Biology-AI\data\Task1_Segmentation\images\002236.jpg,D:\Biology-AI\data\Task2_Attributes\images\002236.jpg,True,True,True,
002237,D:\Biology-AI\data\Task1_Segmentation\images\002237.jpg,D:\Biology-AI\data\Task2_Attributes\images\002237.jpg,True,True,True,
002238,D:\Biology-AI\data\Task1_Segmentation\images\002238.jpg,D:\Biology-AI\data\Task2_Attributes\images\002238.jpg,True,True,True,
002239,D:\Biology-AI\data\Task1_Segmentation\images\002239.jpg,D:\Biology-AI\data\Task2_Attributes\images\002239.jpg,True,True,True,
002240,D:\Biology-AI\data\Task1_Segmentation\images\002240.jpg,D:\Biology-AI\data\Task2_Attributes\images\002240.jpg,True,True,True,
002241,D:\Biology-AI\data\Task1_Segmentation\images\002241.jpg,D:\Biology-AI\data\Task2_Attributes\images\002241.jpg,True,True,True,
002242,D:\Biology-AI\data\Task1_Segmentation\images\002242.jpg,D:\Biology-AI\data\Task2_Attributes\images\002242.jpg,True,True,True,
002243,D:\Biology-AI\data\Task1_Segmentation\images\002243.jpg,D:\Biology-AI\data\Task2_Attributes\images\002243.jpg,True,True,True,
002244,D:\Biology-AI\data\Task1_Segmentation\images\002244.jpg,D:\Biology-AI\data\Task2_Attributes\images\002244.jpg,True,True,True,
002245,D:\Biology-AI\data\Task1_Segmentation\images\002245.jpg,D:\Biology-AI\data\Task2_Attributes\images\002245.jpg,True,True,True,
002246,D:\Biology-AI\data\Task1_Segmentation\images\002246.jpg,D:\Biology-AI\data\Task2_Attributes\images\002246.jpg,True,True,True,
002247,D:\Biology-AI\data\Task1_Segmentation\images\002247.jpg,D:\Biology-AI\data\Task2_Attributes\images\002247.jpg,True,True,True,
002248,D:\Biology-AI\data\Task1_Segmentation\images\002248.jpg,D:\Biology-AI\data\Task2_Attributes\images\002248.jpg,True,True,True,
002249,D:\Biology-AI\data\Task1_Segmentation\images\002249.jpg,D:\Biology-AI\data\Task2_Attributes\images\002249.jpg,True,True,True,
002250,D:\Biology-AI\data\Task1_Segmentation\images\002250.jpg,D:\Biology-AI\data\Task2_Attributes\images\002250.jpg,True,True,True,
002251,D:\Biology-AI\data\Task1_Segmentation\images\002251.jpg,D:\Biology-AI\data\Task2_Attributes\images\002251.jpg,True,True,True,
002252,D:\Biology-AI\data\Task1_Segmentation\images\002252.jpg,D:\Biology-AI\data\Task2_Attributes\images\002252.jpg,True,True,True,
002253,D:\Biology-AI\data\Task1_Segmentation\images\002253.jpg,D:\Biology-AI\data\Task2_Attributes\images\002253.jpg,True,True,True,
002254,D:\Biology-AI\data\Task1_Segmentation\images\002254.jpg,D:\Biology-AI\data\Task2_Attributes\images\002254.jpg,True,True,True,
002255,D:\Biology-AI\data\Task1_Segmentation\images\002255.jpg,D:\Biology-AI\data\Task2_Attributes\images\002255.jpg,True,True,True,
002256,D:\Biology-AI\data\Task1_Segmentation\images\002256.jpg,D:\Biology-AI\data\Task2_Attributes\images\002256.jpg,True,True,True,
002257,D:\Biology-AI\data\Task1_Segmentation\images\002257.jpg,D:\Biology-AI\data\Task2_Attributes\images\002257.jpg,True,True,True,
002258,D:\Biology-AI\data\Task1_Segmentation\images\002258.jpg,D:\Biology-AI\data\Task2_Attributes\images\002258.jpg,True,True,True,
002259,D:\Biology-AI\data\Task1_Segmentation\images\002259.jpg,D:\Biology-AI\data\Task2_Attributes\images\002259.jpg,True,True,True,
002260,D:\Biology-AI\data\Task1_Segmentation\images\002260.jpg,D:\Biology-AI\data\Task2_Attributes\images\002260.jpg,True,True,True,
002261,D:\Biology-AI\data\Task1_Segmentation\images\002261.jpg,D:\Biology-AI\data\Task2_Attributes\images\002261.jpg,True,True,True,
002262,D:\Biology-AI\data\Task1_Segmentation\images\002262.jpg,D:\Biology-AI\data\Task2_Attributes\images\002262.jpg,True,True,True,
002263,D:\Biology-AI\data\Task1_Segmentation\images\002263.jpg,D:\Biology-AI\data\Task2_Attributes\images\002263.jpg,True,True,True,
002264,D:\Biology-AI\data\Task1_Segmentation\images\002264.jpg,D:\Biology-AI\data\Task2_Attributes\images\002264.jpg,True,True,True,
002265,D:\Biology-AI\data\Task1_Segmentation\images\002265.jpg,D:\Biology-AI\data\Task2_Attributes\images\002265.jpg,True,True,True,
002266,D:\Biology-AI\data\Task1_Segmentation\images\002266.jpg,D:\Biology-AI\data\Task2_Attributes\images\002266.jpg,True,True,True,
002267,D:\Biology-AI\data\Task1_Segmentation\images\002267.jpg,D:\Biology-AI\data\Task2_Attributes\images\002267.jpg,True,True,True,
002268,D:\Biology-AI\data\Task1_Segmentation\images\002268.jpg,D:\Biology-AI\data\Task2_Attributes\images\002268.jpg,True,True,True,
002269,D:\Biology-AI\data\Task1_Segmentation\images\002269.jpg,D:\Biology-AI\data\Task2_Attributes\images\002269.jpg,True,True,True,
002270,D:\Biology-AI\data\Task1_Segmentation\images\002270.jpg,D:\Biology-AI\data\Task2_Attributes\images\002270.jpg,True,True,True,
002271,D:\Biology-AI\data\Task1_Segmentation\images\002271.jpg,D:\Biology-AI\data\Task2_Attributes\images\002271.jpg,True,True,True,
002272,D:\Biology-AI\data\Task1_Segmentation\images\002272.jpg,D:\Biology-AI\data\Task2_Attributes\images\002272.jpg,True,True,True,
002273,D:\Biology-AI\data\Task1_Segmentation\images\002273.jpg,D:\Biology-AI\data\Task2_Attributes\images\002273.jpg,True,True,True,
002274,D:\Biology-AI\data\Task1_Segmentation\images\002274.jpg,D:\Biology-AI\data\Task2_Attributes\images\002274.jpg,True,True,True,
002275,D:\Biology-AI\data\Task1_Segmentation\images\002275.jpg,D:\Biology-AI\data\Task2_Attributes\images\002275.jpg,True,True,True,
002276,D:\Biology-AI\data\Task1_Segmentation\images\002276.jpg,D:\Biology-AI\data\Task2_Attributes\images\002276.jpg,True,True,True,
002277,D:\Biology-AI\data\Task1_Segmentation\images\002277.jpg,D:\Biology-AI\data\Task2_Attributes\images\002277.jpg,True,True,True,
002278,D:\Biology-AI\data\Task1_Segmentation\images\002278.jpg,D:\Biology-AI\data\Task2_Attributes\images\002278.jpg,True,True,True,
002279,D:\Biology-AI\data\Task1_Segmentation\images\002279.jpg,D:\Biology-AI\data\Task2_Attributes\images\002279.jpg,True,True,True,
002280,D:\Biology-AI\data\Task1_Segmentation\images\002280.jpg,D:\Biology-AI\data\Task2_Attributes\images\002280.jpg,True,True,True,
002281,D:\Biology-AI\data\Task1_Segmentation\images\002281.jpg,D:\Biology-AI\data\Task2_Attributes\images\002281.jpg,True,True,True,
002282,D:\Biology-AI\data\Task1_Segmentation\images\002282.jpg,D:\Biology-AI\data\Task2_Attributes\images\002282.jpg,True,True,True,
002283,D:\Biology-AI\data\Task1_Segmentation\images\002283.jpg,D:\Biology-AI\data\Task2_Attributes\images\002283.jpg,True,True,True,
002284,D:\Biology-AI\data\Task1_Segmentation\images\002284.jpg,D:\Biology-AI\data\Task2_Attributes\images\002284.jpg,True,True,True,
002285,D:\Biology-AI\data\Task1_Segmentation\images\002285.jpg,D:\Biology-AI\data\Task2_Attributes\images\002285.jpg,True,True,True,
002286,D:\Biology-AI\data\Task1_Segmentation\images\002286.jpg,D:\Biology-AI\data\Task2_Attributes\images\002286.jpg,True,True,True,
002287,D:\Biology-AI\data\Task1_Segmentation\images\002287.jpg,D:\Biology-AI\data\Task2_Attributes\images\002287.jpg,True,True,True,
002288,D:\Biology-AI\data\Task1_Segmentation\images\002288.jpg,D:\Biology-AI\data\Task2_Attributes\images\002288.jpg,True,True,True,
002289,D:\Biology-AI\data\Task1_Segmentation\images\002289.jpg,D:\Biology-AI\data\Task2_Attributes\images\002289.jpg,True,True,True,
002290,D:\Biology-AI\data\Task1_Segmentation\images\002290.jpg,D:\Biology-AI\data\Task2_Attributes\images\002290.jpg,True,True,True,
002291,D:\Biology-AI\data\Task1_Segmentation\images\002291.jpg,D:\Biology-AI\data\Task2_Attributes\images\002291.jpg,True,True,True,
002292,D:\Biology-AI\data\Task1_Segmentation\images\002292.jpg,D:\Biology-AI\data\Task2_Attributes\images\002292.jpg,True,True,True,
002293,D:\Biology-AI\data\Task1_Segmentation\images\002293.jpg,D:\Biology-AI\data\Task2_Attributes\images\002293.jpg,True,True,True,
002294,D:\Biology-AI\data\Task1_Segmentation\images\002294.jpg,D:\Biology-AI\data\Task2_Attributes\images\002294.jpg,True,True,True,
002295,D:\Biology-AI\data\Task1_Segmentation\images\002295.jpg,D:\Biology-AI\data\Task2_Attributes\images\002295.jpg,True,True,True,
002296,D:\Biology-AI\data\Task1_Segmentation\images\002296.jpg,D:\Biology-AI\data\Task2_Attributes\images\002296.jpg,True,True,True,
002297,D:\Biology-AI\data\Task1_Segmentation\images\002297.jpg,D:\Biology-AI\data\Task2_Attributes\images\002297.jpg,True,True,True,
002298,D:\Biology-AI\data\Task1_Segmentation\images\002298.jpg,D:\Biology-AI\data\Task2_Attributes\images\002298.jpg,True,True,True,
002299,D:\Biology-AI\data\Task1_Segmentation\images\002299.jpg,D:\Biology-AI\data\Task2_Attributes\images\002299.jpg,True,True,True,
002300,D:\Biology-AI\data\Task1_Segmentation\images\002300.jpg,D:\Biology-AI\data\Task2_Attributes\images\002300.jpg,True,True,True,
002301,D:\Biology-AI\data\Task1_Segmentation\images\002301.jpg,D:\Biology-AI\data\Task2_Attributes\images\002301.jpg,True,True,True,
002302,D:\Biology-AI\data\Task1_Segmentation\images\002302.jpg,D:\Biology-AI\data\Task2_Attributes\images\002302.jpg,True,True,True,
002303,D:\Biology-AI\data\Task1_Segmentation\images\002303.jpg,D:\Biology-AI\data\Task2_Attributes\images\002303.jpg,True,True,True,
002304,D:\Biology-AI\data\Task1_Segmentation\images\002304.jpg,D:\Biology-AI\data\Task2_Attributes\images\002304.jpg,True,True,True,
002305,D:\Biology-AI\data\Task1_Segmentation\images\002305.jpg,D:\Biology-AI\data\Task2_Attributes\images\002305.jpg,True,True,True,
002306,D:\Biology-AI\data\Task1_Segmentation\images\002306.jpg,D:\Biology-AI\data\Task2_Attributes\images\002306.jpg,True,True,True,
002307,D:\Biology-AI\data\Task1_Segmentation\images\002307.jpg,D:\Biology-AI\data\Task2_Attributes\images\002307.jpg,True,True,True,
002308,D:\Biology-AI\data\Task1_Segmentation\images\002308.jpg,D:\Biology-AI\data\Task2_Attributes\images\002308.jpg,True,True,True,
002309,D:\Biology-AI\data\Task1_Segmentation\images\002309.jpg,D:\Biology-AI\data\Task2_Attributes\images\002309.jpg,True,True,True,
002310,D:\Biology-AI\data\Task1_Segmentation\images\002310.jpg,D:\Biology-AI\data\Task2_Attributes\images\002310.jpg,True,True,True,
002311,D:\Biology-AI\data\Task1_Segmentation\images\002311.jpg,D:\Biology-AI\data\Task2_Attributes\images\002311.jpg,True,True,True,
002312,D:\Biology-AI\data\Task1_Segmentation\images\002312.jpg,D:\Biology-AI\data\Task2_Attributes\images\002312.jpg,True,True,True,
002313,D:\Biology-AI\data\Task1_Segmentation\images\002313.jpg,D:\Biology-AI\data\Task2_Attributes\images\002313.jpg,True,True,True,
002314,D:\Biology-AI\data\Task1_Segmentation\images\002314.jpg,D:\Biology-AI\data\Task2_Attributes\images\002314.jpg,True,True,True,
002315,D:\Biology-AI\data\Task1_Segmentation\images\002315.jpg,D:\Biology-AI\data\Task2_Attributes\images\002315.jpg,True,True,True,
002316,D:\Biology-AI\data\Task1_Segmentation\images\002316.jpg,D:\Biology-AI\data\Task2_Attributes\images\002316.jpg,True,True,True,
002317,D:\Biology-AI\data\Task1_Segmentation\images\002317.jpg,D:\Biology-AI\data\Task2_Attributes\images\002317.jpg,True,True,True,
002318,D:\Biology-AI\data\Task1_Segmentation\images\002318.jpg,D:\Biology-AI\data\Task2_Attributes\images\002318.jpg,True,True,True,
002319,D:\Biology-AI\data\Task1_Segmentation\images\002319.jpg,D:\Biology-AI\data\Task2_Attributes\images\002319.jpg,True,True,True,
002320,D:\Biology-AI\data\Task1_Segmentation\images\002320.jpg,D:\Biology-AI\data\Task2_Attributes\images\002320.jpg,True,True,True,
002321,D:\Biology-AI\data\Task1_Segmentation\images\002321.jpg,D:\Biology-AI\data\Task2_Attributes\images\002321.jpg,True,True,True,
002322,D:\Biology-AI\data\Task1_Segmentation\images\002322.jpg,D:\Biology-AI\data\Task2_Attributes\images\002322.jpg,True,True,True,
002323,D:\Biology-AI\data\Task1_Segmentation\images\002323.jpg,D:\Biology-AI\data\Task2_Attributes\images\002323.jpg,True,True,True,
002324,D:\Biology-AI\data\Task1_Segmentation\images\002324.jpg,D:\Biology-AI\data\Task2_Attributes\images\002324.jpg,True,True,True,
002325,D:\Biology-AI\data\Task1_Segmentation\images\002325.jpg,D:\Biology-AI\data\Task2_Attributes\images\002325.jpg,True,True,True,
002326,D:\Biology-AI\data\Task1_Segmentation\images\002326.jpg,D:\Biology-AI\data\Task2_Attributes\images\002326.jpg,True,True,True,
002327,D:\Biology-AI\data\Task1_Segmentation\images\002327.jpg,D:\Biology-AI\data\Task2_Attributes\images\002327.jpg,True,True,True,
002328,D:\Biology-AI\data\Task1_Segmentation\images\002328.jpg,D:\Biology-AI\data\Task2_Attributes\images\002328.jpg,True,True,True,
002329,D:\Biology-AI\data\Task1_Segmentation\images\002329.jpg,D:\Biology-AI\data\Task2_Attributes\images\002329.jpg,True,True,True,
002330,D:\Biology-AI\data\Task1_Segmentation\images\002330.jpg,D:\Biology-AI\data\Task2_Attributes\images\002330.jpg,True,True,True,
002331,D:\Biology-AI\data\Task1_Segmentation\images\002331.jpg,D:\Biology-AI\data\Task2_Attributes\images\002331.jpg,True,True,True,
002332,D:\Biology-AI\data\Task1_Segmentation\images\002332.jpg,D:\Biology-AI\data\Task2_Attributes\images\002332.jpg,True,True,True,
002333,D:\Biology-AI\data\Task1_Segmentation\images\002333.jpg,D:\Biology-AI\data\Task2_Attributes\images\002333.jpg,True,True,True,
002334,D:\Biology-AI\data\Task1_Segmentation\images\002334.jpg,D:\Biology-AI\data\Task2_Attributes\images\002334.jpg,True,True,True,
002335,D:\Biology-AI\data\Task1_Segmentation\images\002335.jpg,D:\Biology-AI\data\Task2_Attributes\images\002335.jpg,True,True,True,
002336,D:\Biology-AI\data\Task1_Segmentation\images\002336.jpg,D:\Biology-AI\data\Task2_Attributes\images\002336.jpg,True,True,True,
002337,D:\Biology-AI\data\Task1_Segmentation\images\002337.jpg,D:\Biology-AI\data\Task2_Attributes\images\002337.jpg,True,True,True,
002338,D:\Biology-AI\data\Task1_Segmentation\images\002338.jpg,D:\Biology-AI\data\Task2_Attributes\images\002338.jpg,True,True,True,
002339,D:\Biology-AI\data\Task1_Segmentation\images\002339.jpg,D:\Biology-AI\data\Task2_Attributes\images\002339.jpg,True,True,True,
002340,D:\Biology-AI\data\Task1_Segmentation\images\002340.jpg,D:\Biology-AI\data\Task2_Attributes\images\002340.jpg,True,True,True,
002341,D:\Biology-AI\data\Task1_Segmentation\images\002341.jpg,D:\Biology-AI\data\Task2_Attributes\images\002341.jpg,True,True,True,
002342,D:\Biology-AI\data\Task1_Segmentation\images\002342.jpg,D:\Biology-AI\data\Task2_Attributes\images\002342.jpg,True,True,True,
002343,D:\Biology-AI\data\Task1_Segmentation\images\002343.jpg,D:\Biology-AI\data\Task2_Attributes\images\002343.jpg,True,True,True,
002344,D:\Biology-AI\data\Task1_Segmentation\images\002344.jpg,D:\Biology-AI\data\Task2_Attributes\images\002344.jpg,True,True,True,
002345,D:\Biology-AI\data\Task1_Segmentation\images\002345.jpg,D:\Biology-AI\data\Task2_Attributes\images\002345.jpg,True,True,True,
002346,D:\Biology-AI\data\Task1_Segmentation\images\002346.jpg,D:\Biology-AI\data\Task2_Attributes\images\002346.jpg,True,True,True,
002347,D:\Biology-AI\data\Task1_Segmentation\images\002347.jpg,D:\Biology-AI\data\Task2_Attributes\images\002347.jpg,True,True,True,
002348,D:\Biology-AI\data\Task1_Segmentation\images\002348.jpg,D:\Biology-AI\data\Task2_Attributes\images\002348.jpg,True,True,True,
002349,D:\Biology-AI\data\Task1_Segmentation\images\002349.jpg,D:\Biology-AI\data\Task2_Attributes\images\002349.jpg,True,True,True,
002350,D:\Biology-AI\data\Task1_Segmentation\images\002350.jpg,D:\Biology-AI\data\Task2_Attributes\images\002350.jpg,True,True,True,
002351,D:\Biology-AI\data\Task1_Segmentation\images\002351.jpg,D:\Biology-AI\data\Task2_Attributes\images\002351.jpg,True,True,True,
002352,D:\Biology-AI\data\Task1_Segmentation\images\002352.jpg,D:\Biology-AI\data\Task2_Attributes\images\002352.jpg,True,True,True,
002353,D:\Biology-AI\data\Task1_Segmentation\images\002353.jpg,D:\Biology-AI\data\Task2_Attributes\images\002353.jpg,True,True,True,
002354,D:\Biology-AI\data\Task1_Segmentation\images\002354.jpg,D:\Biology-AI\data\Task2_Attributes\images\002354.jpg,True,True,True,
002355,D:\Biology-AI\data\Task1_Segmentation\images\002355.jpg,D:\Biology-AI\data\Task2_Attributes\images\002355.jpg,True,True,True,
002356,D:\Biology-AI\data\Task1_Segmentation\images\002356.jpg,D:\Biology-AI\data\Task2_Attributes\images\002356.jpg,True,True,True,
002357,D:\Biology-AI\data\Task1_Segmentation\images\002357.jpg,D:\Biology-AI\data\Task2_Attributes\images\002357.jpg,True,True,True,
002358,D:\Biology-AI\data\Task1_Segmentation\images\002358.jpg,D:\Biology-AI\data\Task2_Attributes\images\002358.jpg,True,True,True,
002359,D:\Biology-AI\data\Task1_Segmentation\images\002359.jpg,D:\Biology-AI\data\Task2_Attributes\images\002359.jpg,True,True,True,
002360,D:\Biology-AI\data\Task1_Segmentation\images\002360.jpg,D:\Biology-AI\data\Task2_Attributes\images\002360.jpg,True,True,True,
002361,D:\Biology-AI\data\Task1_Segmentation\images\002361.jpg,D:\Biology-AI\data\Task2_Attributes\images\002361.jpg,True,True,True,
002362,D:\Biology-AI\data\Task1_Segmentation\images\002362.jpg,D:\Biology-AI\data\Task2_Attributes\images\002362.jpg,True,True,True,
002363,D:\Biology-AI\data\Task1_Segmentation\images\002363.jpg,D:\Biology-AI\data\Task2_Attributes\images\002363.jpg,True,True,True,
002364,D:\Biology-AI\data\Task1_Segmentation\images\002364.jpg,D:\Biology-AI\data\Task2_Attributes\images\002364.jpg,True,True,True,
002365,D:\Biology-AI\data\Task1_Segmentation\images\002365.jpg,D:\Biology-AI\data\Task2_Attributes\images\002365.jpg,True,True,True,
002366,D:\Biology-AI\data\Task1_Segmentation\images\002366.jpg,D:\Biology-AI\data\Task2_Attributes\images\002366.jpg,True,True,True,
002367,D:\Biology-AI\data\Task1_Segmentation\images\002367.jpg,D:\Biology-AI\data\Task2_Attributes\images\002367.jpg,True,True,True,
002368,D:\Biology-AI\data\Task1_Segmentation\images\002368.jpg,D:\Biology-AI\data\Task2_Attributes\images\002368.jpg,True,True,True,
002369,D:\Biology-AI\data\Task1_Segmentation\images\002369.jpg,D:\Biology-AI\data\Task2_Attributes\images\002369.jpg,True,True,True,
002370,D:\Biology-AI\data\Task1_Segmentation\images\002370.jpg,D:\Biology-AI\data\Task2_Attributes\images\002370.jpg,True,True,True,
002371,D:\Biology-AI\data\Task1_Segmentation\images\002371.jpg,D:\Biology-AI\data\Task2_Attributes\images\002371.jpg,True,True,True,
002372,D:\Biology-AI\data\Task1_Segmentation\images\002372.jpg,D:\Biology-AI\data\Task2_Attributes\images\002372.jpg,True,True,True,
002373,D:\Biology-AI\data\Task1_Segmentation\images\002373.jpg,D:\Biology-AI\data\Task2_Attributes\images\002373.jpg,True,True,True,
002374,D:\Biology-AI\data\Task1_Segmentation\images\002374.jpg,D:\Biology-AI\data\Task2_Attributes\images\002374.jpg,True,True,True,
002375,D:\Biology-AI\data\Task1_Segmentation\images\002375.jpg,D:\Biology-AI\data\Task2_Attributes\images\002375.jpg,True,True,True,
002376,D:\Biology-AI\data\Task1_Segmentation\images\002376.jpg,D:\Biology-AI\data\Task2_Attributes\images\002376.jpg,True,True,True,
002377,D:\Biology-AI\data\Task1_Segmentation\images\002377.jpg,D:\Biology-AI\data\Task2_Attributes\images\002377.jpg,True,True,True,
002378,D:\Biology-AI\data\Task1_Segmentation\images\002378.jpg,D:\Biology-AI\data\Task2_Attributes\images\002378.jpg,True,True,True,
002379,D:\Biology-AI\data\Task1_Segmentation\images\002379.jpg,D:\Biology-AI\data\Task2_Attributes\images\002379.jpg,True,True,True,
002380,D:\Biology-AI\data\Task1_Segmentation\images\002380.jpg,D:\Biology-AI\data\Task2_Attributes\images\002380.jpg,True,True,True,
002381,D:\Biology-AI\data\Task1_Segmentation\images\002381.jpg,D:\Biology-AI\data\Task2_Attributes\images\002381.jpg,True,True,True,
002382,D:\Biology-AI\data\Task1_Segmentation\images\002382.jpg,D:\Biology-AI\data\Task2_Attributes\images\002382.jpg,True,True,True,
002383,D:\Biology-AI\data\Task1_Segmentation\images\002383.jpg,D:\Biology-AI\data\Task2_Attributes\images\002383.jpg,True,True,True,
002384,D:\Biology-AI\data\Task1_Segmentation\images\002384.jpg,D:\Biology-AI\data\Task2_Attributes\images\002384.jpg,True,True,True,
002385,D:\Biology-AI\data\Task1_Segmentation\images\002385.jpg,D:\Biology-AI\data\Task2_Attributes\images\002385.jpg,True,True,True,
002386,D:\Biology-AI\data\Task1_Segmentation\images\002386.jpg,D:\Biology-AI\data\Task2_Attributes\images\002386.jpg,True,True,True,
002387,D:\Biology-AI\data\Task1_Segmentation\images\002387.jpg,D:\Biology-AI\data\Task2_Attributes\images\002387.jpg,True,True,True,
002388,D:\Biology-AI\data\Task1_Segmentation\images\002388.jpg,D:\Biology-AI\data\Task2_Attributes\images\002388.jpg,True,True,True,
002389,D:\Biology-AI\data\Task1_Segmentation\images\002389.jpg,D:\Biology-AI\data\Task2_Attributes\images\002389.jpg,True,True,True,
002390,D:\Biology-AI\data\Task1_Segmentation\images\002390.jpg,D:\Biology-AI\data\Task2_Attributes\images\002390.jpg,True,True,True,
002391,D:\Biology-AI\data\Task1_Segmentation\images\002391.jpg,D:\Biology-AI\data\Task2_Attributes\images\002391.jpg,True,True,True,
002392,D:\Biology-AI\data\Task1_Segmentation\images\002392.jpg,D:\Biology-AI\data\Task2_Attributes\images\002392.jpg,True,True,True,
002393,D:\Biology-AI\data\Task1_Segmentation\images\002393.jpg,D:\Biology-AI\data\Task2_Attributes\images\002393.jpg,True,True,True,
002394,D:\Biology-AI\data\Task1_Segmentation\images\002394.jpg,D:\Biology-AI\data\Task2_Attributes\images\002394.jpg,True,True,True,
002395,D:\Biology-AI\data\Task1_Segmentation\images\002395.jpg,D:\Biology-AI\data\Task2_Attributes\images\002395.jpg,True,True,True,
002396,D:\Biology-AI\data\Task1_Segmentation\images\002396.jpg,D:\Biology-AI\data\Task2_Attributes\images\002396.jpg,True,True,True,
002397,D:\Biology-AI\data\Task1_Segmentation\images\002397.jpg,D:\Biology-AI\data\Task2_Attributes\images\002397.jpg,True,True,True,
002398,D:\Biology-AI\data\Task1_Segmentation\images\002398.jpg,D:\Biology-AI\data\Task2_Attributes\images\002398.jpg,True,True,True,
002399,D:\Biology-AI\data\Task1_Segmentation\images\002399.jpg,D:\Biology-AI\data\Task2_Attributes\images\002399.jpg,True,True,True,
002400,D:\Biology-AI\data\Task1_Segmentation\images\002400.jpg,D:\Biology-AI\data\Task2_Attributes\images\002400.jpg,True,True,True,
002401,D:\Biology-AI\data\Task1_Segmentation\images\002401.jpg,D:\Biology-AI\data\Task2_Attributes\images\002401.jpg,True,True,True,
002402,D:\Biology-AI\data\Task1_Segmentation\images\002402.jpg,D:\Biology-AI\data\Task2_Attributes\images\002402.jpg,True,True,True,
002403,D:\Biology-AI\data\Task1_Segmentation\images\002403.jpg,D:\Biology-AI\data\Task2_Attributes\images\002403.jpg,True,True,True,
002404,D:\Biology-AI\data\Task1_Segmentation\images\002404.jpg,D:\Biology-AI\data\Task2_Attributes\images\002404.jpg,True,True,True,
002405,D:\Biology-AI\data\Task1_Segmentation\images\002405.jpg,D:\Biology-AI\data\Task2_Attributes\images\002405.jpg,True,True,True,
002406,D:\Biology-AI\data\Task1_Segmentation\images\002406.jpg,D:\Biology-AI\data\Task2_Attributes\images\002406.jpg,True,True,True,
002407,D:\Biology-AI\data\Task1_Segmentation\images\002407.jpg,D:\Biology-AI\data\Task2_Attributes\images\002407.jpg,True,True,True,
002408,D:\Biology-AI\data\Task1_Segmentation\images\002408.jpg,D:\Biology-AI\data\Task2_Attributes\images\002408.jpg,True,True,True,
002409,D:\Biology-AI\data\Task1_Segmentation\images\002409.jpg,D:\Biology-AI\data\Task2_Attributes\images\002409.jpg,True,True,True,
002410,D:\Biology-AI\data\Task1_Segmentation\images\002410.jpg,D:\Biology-AI\data\Task2_Attributes\images\002410.jpg,True,True,True,
002411,D:\Biology-AI\data\Task1_Segmentation\images\002411.jpg,D:\Biology-AI\data\Task2_Attributes\images\002411.jpg,True,True,True,
002412,D:\Biology-AI\data\Task1_Segmentation\images\002412.jpg,D:\Biology-AI\data\Task2_Attributes\images\002412.jpg,True,True,True,
002413,D:\Biology-AI\data\Task1_Segmentation\images\002413.jpg,D:\Biology-AI\data\Task2_Attributes\images\002413.jpg,True,True,True,
002414,D:\Biology-AI\data\Task1_Segmentation\images\002414.jpg,D:\Biology-AI\data\Task2_Attributes\images\002414.jpg,True,True,True,
002415,D:\Biology-AI\data\Task1_Segmentation\images\002415.jpg,D:\Biology-AI\data\Task2_Attributes\images\002415.jpg,True,True,True,
002416,D:\Biology-AI\data\Task1_Segmentation\images\002416.jpg,D:\Biology-AI\data\Task2_Attributes\images\002416.jpg,True,True,True,
002417,D:\Biology-AI\data\Task1_Segmentation\images\002417.jpg,D:\Biology-AI\data\Task2_Attributes\images\002417.jpg,True,True,True,
002418,D:\Biology-AI\data\Task1_Segmentation\images\002418.jpg,D:\Biology-AI\data\Task2_Attributes\images\002418.jpg,True,True,True,
002419,D:\Biology-AI\data\Task1_Segmentation\images\002419.jpg,D:\Biology-AI\data\Task2_Attributes\images\002419.jpg,True,True,True,
002420,D:\Biology-AI\data\Task1_Segmentation\images\002420.jpg,D:\Biology-AI\data\Task2_Attributes\images\002420.jpg,True,True,True,
002421,D:\Biology-AI\data\Task1_Segmentation\images\002421.jpg,D:\Biology-AI\data\Task2_Attributes\images\002421.jpg,True,True,True,
002422,D:\Biology-AI\data\Task1_Segmentation\images\002422.jpg,D:\Biology-AI\data\Task2_Attributes\images\002422.jpg,True,True,True,
002423,D:\Biology-AI\data\Task1_Segmentation\images\002423.jpg,D:\Biology-AI\data\Task2_Attributes\images\002423.jpg,True,True,True,
002424,D:\Biology-AI\data\Task1_Segmentation\images\002424.jpg,D:\Biology-AI\data\Task2_Attributes\images\002424.jpg,True,True,True,
002425,D:\Biology-AI\data\Task1_Segmentation\images\002425.jpg,D:\Biology-AI\data\Task2_Attributes\images\002425.jpg,True,True,True,
002426,D:\Biology-AI\data\Task1_Segmentation\images\002426.jpg,D:\Biology-AI\data\Task2_Attributes\images\002426.jpg,True,True,True,
002427,D:\Biology-AI\data\Task1_Segmentation\images\002427.jpg,D:\Biology-AI\data\Task2_Attributes\images\002427.jpg,True,True,True,
002428,D:\Biology-AI\data\Task1_Segmentation\images\002428.jpg,D:\Biology-AI\data\Task2_Attributes\images\002428.jpg,True,True,True,
002429,D:\Biology-AI\data\Task1_Segmentation\images\002429.jpg,D:\Biology-AI\data\Task2_Attributes\images\002429.jpg,True,True,True,
002430,D:\Biology-AI\data\Task1_Segmentation\images\002430.jpg,D:\Biology-AI\data\Task2_Attributes\images\002430.jpg,True,True,True,
002431,D:\Biology-AI\data\Task1_Segmentation\images\002431.jpg,D:\Biology-AI\data\Task2_Attributes\images\002431.jpg,True,True,True,
002432,D:\Biology-AI\data\Task1_Segmentation\images\002432.jpg,D:\Biology-AI\data\Task2_Attributes\images\002432.jpg,True,True,True,
002433,D:\Biology-AI\data\Task1_Segmentation\images\002433.jpg,D:\Biology-AI\data\Task2_Attributes\images\002433.jpg,True,True,True,
002434,D:\Biology-AI\data\Task1_Segmentation\images\002434.jpg,D:\Biology-AI\data\Task2_Attributes\images\002434.jpg,True,True,True,
002435,D:\Biology-AI\data\Task1_Segmentation\images\002435.jpg,D:\Biology-AI\data\Task2_Attributes\images\002435.jpg,True,True,True,
002436,D:\Biology-AI\data\Task1_Segmentation\images\002436.jpg,D:\Biology-AI\data\Task2_Attributes\images\002436.jpg,True,True,True,
002437,D:\Biology-AI\data\Task1_Segmentation\images\002437.jpg,D:\Biology-AI\data\Task2_Attributes\images\002437.jpg,True,True,True,
002438,D:\Biology-AI\data\Task1_Segmentation\images\002438.jpg,D:\Biology-AI\data\Task2_Attributes\images\002438.jpg,True,True,True,
002439,D:\Biology-AI\data\Task1_Segmentation\images\002439.jpg,D:\Biology-AI\data\Task2_Attributes\images\002439.jpg,True,True,True,
002440,D:\Biology-AI\data\Task1_Segmentation\images\002440.jpg,D:\Biology-AI\data\Task2_Attributes\images\002440.jpg,True,True,True,
002441,D:\Biology-AI\data\Task1_Segmentation\images\002441.jpg,D:\Biology-AI\data\Task2_Attributes\images\002441.jpg,True,True,True,
002442,D:\Biology-AI\data\Task1_Segmentation\images\002442.jpg,D:\Biology-AI\data\Task2_Attributes\images\002442.jpg,True,True,True,
002443,D:\Biology-AI\data\Task1_Segmentation\images\002443.jpg,D:\Biology-AI\data\Task2_Attributes\images\002443.jpg,True,True,True,
002444,D:\Biology-AI\data\Task1_Segmentation\images\002444.jpg,D:\Biology-AI\data\Task2_Attributes\images\002444.jpg,True,True,True,
002445,D:\Biology-AI\data\Task1_Segmentation\images\002445.jpg,D:\Biology-AI\data\Task2_Attributes\images\002445.jpg,True,True,True,
002446,D:\Biology-AI\data\Task1_Segmentation\images\002446.jpg,D:\Biology-AI\data\Task2_Attributes\images\002446.jpg,True,True,True,
002447,D:\Biology-AI\data\Task1_Segmentation\images\002447.jpg,D:\Biology-AI\data\Task2_Attributes\images\002447.jpg,True,True,True,
002448,D:\Biology-AI\data\Task1_Segmentation\images\002448.jpg,D:\Biology-AI\data\Task2_Attributes\images\002448.jpg,True,True,True,
002449,D:\Biology-AI\data\Task1_Segmentation\images\002449.jpg,D:\Biology-AI\data\Task2_Attributes\images\002449.jpg,True,True,True,
002450,D:\Biology-AI\data\Task1_Segmentation\images\002450.jpg,D:\Biology-AI\data\Task2_Attributes\images\002450.jpg,True,True,True,
002451,D:\Biology-AI\data\Task1_Segmentation\images\002451.jpg,D:\Biology-AI\data\Task2_Attributes\images\002451.jpg,True,True,True,
002452,D:\Biology-AI\data\Task1_Segmentation\images\002452.jpg,D:\Biology-AI\data\Task2_Attributes\images\002452.jpg,True,True,True,
002453,D:\Biology-AI\data\Task1_Segmentation\images\002453.jpg,D:\Biology-AI\data\Task2_Attributes\images\002453.jpg,True,True,True,
002454,D:\Biology-AI\data\Task1_Segmentation\images\002454.jpg,D:\Biology-AI\data\Task2_Attributes\images\002454.jpg,True,True,True,
002455,D:\Biology-AI\data\Task1_Segmentation\images\002455.jpg,D:\Biology-AI\data\Task2_Attributes\images\002455.jpg,True,True,True,
002456,D:\Biology-AI\data\Task1_Segmentation\images\002456.jpg,D:\Biology-AI\data\Task2_Attributes\images\002456.jpg,True,True,True,
002457,D:\Biology-AI\data\Task1_Segmentation\images\002457.jpg,D:\Biology-AI\data\Task2_Attributes\images\002457.jpg,True,True,True,
002458,D:\Biology-AI\data\Task1_Segmentation\images\002458.jpg,D:\Biology-AI\data\Task2_Attributes\images\002458.jpg,True,True,True,
002459,D:\Biology-AI\data\Task1_Segmentation\images\002459.jpg,D:\Biology-AI\data\Task2_Attributes\images\002459.jpg,True,True,True,
002460,D:\Biology-AI\data\Task1_Segmentation\images\002460.jpg,D:\Biology-AI\data\Task2_Attributes\images\002460.jpg,True,True,True,
002461,D:\Biology-AI\data\Task1_Segmentation\images\002461.jpg,D:\Biology-AI\data\Task2_Attributes\images\002461.jpg,True,True,True,
002462,D:\Biology-AI\data\Task1_Segmentation\images\002462.jpg,D:\Biology-AI\data\Task2_Attributes\images\002462.jpg,True,True,True,
002463,D:\Biology-AI\data\Task1_Segmentation\images\002463.jpg,D:\Biology-AI\data\Task2_Attributes\images\002463.jpg,True,True,True,
002464,D:\Biology-AI\data\Task1_Segmentation\images\002464.jpg,D:\Biology-AI\data\Task2_Attributes\images\002464.jpg,True,True,True,
002465,D:\Biology-AI\data\Task1_Segmentation\images\002465.jpg,D:\Biology-AI\data\Task2_Attributes\images\002465.jpg,True,True,True,
002466,D:\Biology-AI\data\Task1_Segmentation\images\002466.jpg,D:\Biology-AI\data\Task2_Attributes\images\002466.jpg,True,True,True,
002467,D:\Biology-AI\data\Task1_Segmentation\images\002467.jpg,D:\Biology-AI\data\Task2_Attributes\images\002467.jpg,True,True,True,
002468,D:\Biology-AI\data\Task1_Segmentation\images\002468.jpg,D:\Biology-AI\data\Task2_Attributes\images\002468.jpg,True,True,True,
002469,D:\Biology-AI\data\Task1_Segmentation\images\002469.jpg,D:\Biology-AI\data\Task2_Attributes\images\002469.jpg,True,True,True,
002470,D:\Biology-AI\data\Task1_Segmentation\images\002470.jpg,D:\Biology-AI\data\Task2_Attributes\images\002470.jpg,True,True,True,
002471,D:\Biology-AI\data\Task1_Segmentation\images\002471.jpg,D:\Biology-AI\data\Task2_Attributes\images\002471.jpg,True,True,True,
002472,D:\Biology-AI\data\Task1_Segmentation\images\002472.jpg,D:\Biology-AI\data\Task2_Attributes\images\002472.jpg,True,True,True,
002473,D:\Biology-AI\data\Task1_Segmentation\images\002473.jpg,D:\Biology-AI\data\Task2_Attributes\images\002473.jpg,True,True,True,
002474,D:\Biology-AI\data\Task1_Segmentation\images\002474.jpg,D:\Biology-AI\data\Task2_Attributes\images\002474.jpg,True,True,True,
002475,D:\Biology-AI\data\Task1_Segmentation\images\002475.jpg,D:\Biology-AI\data\Task2_Attributes\images\002475.jpg,True,True,True,
002476,D:\Biology-AI\data\Task1_Segmentation\images\002476.jpg,D:\Biology-AI\data\Task2_Attributes\images\002476.jpg,True,True,True,
002477,D:\Biology-AI\data\Task1_Segmentation\images\002477.jpg,D:\Biology-AI\data\Task2_Attributes\images\002477.jpg,True,True,True,
002478,D:\Biology-AI\data\Task1_Segmentation\images\002478.jpg,D:\Biology-AI\data\Task2_Attributes\images\002478.jpg,True,True,True,
002479,D:\Biology-AI\data\Task1_Segmentation\images\002479.jpg,D:\Biology-AI\data\Task2_Attributes\images\002479.jpg,True,True,True,
002480,D:\Biology-AI\data\Task1_Segmentation\images\002480.jpg,D:\Biology-AI\data\Task2_Attributes\images\002480.jpg,True,True,True,
002481,D:\Biology-AI\data\Task1_Segmentation\images\002481.jpg,D:\Biology-AI\data\Task2_Attributes\images\002481.jpg,True,True,True,
002482,D:\Biology-AI\data\Task1_Segmentation\images\002482.jpg,D:\Biology-AI\data\Task2_Attributes\images\002482.jpg,True,True,True,
002483,D:\Biology-AI\data\Task1_Segmentation\images\002483.jpg,D:\Biology-AI\data\Task2_Attributes\images\002483.jpg,True,True,True,
002484,D:\Biology-AI\data\Task1_Segmentation\images\002484.jpg,D:\Biology-AI\data\Task2_Attributes\images\002484.jpg,True,True,True,
002485,D:\Biology-AI\data\Task1_Segmentation\images\002485.jpg,D:\Biology-AI\data\Task2_Attributes\images\002485.jpg,True,True,True,
002486,D:\Biology-AI\data\Task1_Segmentation\images\002486.jpg,D:\Biology-AI\data\Task2_Attributes\images\002486.jpg,True,True,True,
002487,D:\Biology-AI\data\Task1_Segmentation\images\002487.jpg,D:\Biology-AI\data\Task2_Attributes\images\002487.jpg,True,True,True,
002488,D:\Biology-AI\data\Task1_Segmentation\images\002488.jpg,D:\Biology-AI\data\Task2_Attributes\images\002488.jpg,True,True,True,
002489,D:\Biology-AI\data\Task1_Segmentation\images\002489.jpg,D:\Biology-AI\data\Task2_Attributes\images\002489.jpg,True,True,True,
002490,D:\Biology-AI\data\Task1_Segmentation\images\002490.jpg,D:\Biology-AI\data\Task2_Attributes\images\002490.jpg,True,True,True,
002491,D:\Biology-AI\data\Task1_Segmentation\images\002491.jpg,D:\Biology-AI\data\Task2_Attributes\images\002491.jpg,True,True,True,
002492,D:\Biology-AI\data\Task1_Segmentation\images\002492.jpg,D:\Biology-AI\data\Task2_Attributes\images\002492.jpg,True,True,True,
002493,D:\Biology-AI\data\Task1_Segmentation\images\002493.jpg,D:\Biology-AI\data\Task2_Attributes\images\002493.jpg,True,True,True,
002494,D:\Biology-AI\data\Task1_Segmentation\images\002494.jpg,D:\Biology-AI\data\Task2_Attributes\images\002494.jpg,True,True,True,
002495,D:\Biology-AI\data\Task1_Segmentation\images\002495.jpg,D:\Biology-AI\data\Task2_Attributes\images\002495.jpg,True,True,True,
002496,D:\Biology-AI\data\Task1_Segmentation\images\002496.jpg,D:\Biology-AI\data\Task2_Attributes\images\002496.jpg,True,True,True,
002497,D:\Biology-AI\data\Task1_Segmentation\images\002497.jpg,D:\Biology-AI\data\Task2_Attributes\images\002497.jpg,True,True,True,
002498,D:\Biology-AI\data\Task1_Segmentation\images\002498.jpg,D:\Biology-AI\data\Task2_Attributes\images\002498.jpg,True,True,True,
002499,D:\Biology-AI\data\Task1_Segmentation\images\002499.jpg,D:\Biology-AI\data\Task2_Attributes\images\002499.jpg,True,True,True,
002500,D:\Biology-AI\data\Task1_Segmentation\images\002500.jpg,D:\Biology-AI\data\Task2_Attributes\images\002500.jpg,True,True,True,
002501,D:\Biology-AI\data\Task1_Segmentation\images\002501.jpg,D:\Biology-AI\data\Task2_Attributes\images\002501.jpg,True,True,True,
002502,D:\Biology-AI\data\Task1_Segmentation\images\002502.jpg,D:\Biology-AI\data\Task2_Attributes\images\002502.jpg,True,True,True,
002503,D:\Biology-AI\data\Task1_Segmentation\images\002503.jpg,D:\Biology-AI\data\Task2_Attributes\images\002503.jpg,True,True,True,
002504,D:\Biology-AI\data\Task1_Segmentation\images\002504.jpg,D:\Biology-AI\data\Task2_Attributes\images\002504.jpg,True,True,True,
002505,D:\Biology-AI\data\Task1_Segmentation\images\002505.jpg,D:\Biology-AI\data\Task2_Attributes\images\002505.jpg,True,True,True,
002506,D:\Biology-AI\data\Task1_Segmentation\images\002506.jpg,D:\Biology-AI\data\Task2_Attributes\images\002506.jpg,True,True,True,
002507,D:\Biology-AI\data\Task1_Segmentation\images\002507.jpg,D:\Biology-AI\data\Task2_Attributes\images\002507.jpg,True,True,True,
002508,D:\Biology-AI\data\Task1_Segmentation\images\002508.jpg,D:\Biology-AI\data\Task2_Attributes\images\002508.jpg,True,True,True,
002509,D:\Biology-AI\data\Task1_Segmentation\images\002509.jpg,D:\Biology-AI\data\Task2_Attributes\images\002509.jpg,True,True,True,
002510,D:\Biology-AI\data\Task1_Segmentation\images\002510.jpg,D:\Biology-AI\data\Task2_Attributes\images\002510.jpg,True,True,True,
002511,D:\Biology-AI\data\Task1_Segmentation\images\002511.jpg,D:\Biology-AI\data\Task2_Attributes\images\002511.jpg,True,True,True,
002512,D:\Biology-AI\data\Task1_Segmentation\images\002512.jpg,D:\Biology-AI\data\Task2_Attributes\images\002512.jpg,True,True,True,
002513,D:\Biology-AI\data\Task1_Segmentation\images\002513.jpg,D:\Biology-AI\data\Task2_Attributes\images\002513.jpg,True,True,True,
002514,D:\Biology-AI\data\Task1_Segmentation\images\002514.jpg,D:\Biology-AI\data\Task2_Attributes\images\002514.jpg,True,True,True,
002515,D:\Biology-AI\data\Task1_Segmentation\images\002515.jpg,D:\Biology-AI\data\Task2_Attributes\images\002515.jpg,True,True,True,
002516,D:\Biology-AI\data\Task1_Segmentation\images\002516.jpg,D:\Biology-AI\data\Task2_Attributes\images\002516.jpg,True,True,True,
002517,D:\Biology-AI\data\Task1_Segmentation\images\002517.jpg,D:\Biology-AI\data\Task2_Attributes\images\002517.jpg,True,True,True,
002518,D:\Biology-AI\data\Task1_Segmentation\images\002518.jpg,D:\Biology-AI\data\Task2_Attributes\images\002518.jpg,True,True,True,
002519,D:\Biology-AI\data\Task1_Segmentation\images\002519.jpg,D:\Biology-AI\data\Task2_Attributes\images\002519.jpg,True,True,True,
002520,D:\Biology-AI\data\Task1_Segmentation\images\002520.jpg,D:\Biology-AI\data\Task2_Attributes\images\002520.jpg,True,True,True,
002521,D:\Biology-AI\data\Task1_Segmentation\images\002521.jpg,D:\Biology-AI\data\Task2_Attributes\images\002521.jpg,True,True,True,
002522,D:\Biology-AI\data\Task1_Segmentation\images\002522.jpg,D:\Biology-AI\data\Task2_Attributes\images\002522.jpg,True,True,True,
002523,D:\Biology-AI\data\Task1_Segmentation\images\002523.jpg,D:\Biology-AI\data\Task2_Attributes\images\002523.jpg,True,True,True,
002524,D:\Biology-AI\data\Task1_Segmentation\images\002524.jpg,D:\Biology-AI\data\Task2_Attributes\images\002524.jpg,True,True,True,
002525,D:\Biology-AI\data\Task1_Segmentation\images\002525.jpg,D:\Biology-AI\data\Task2_Attributes\images\002525.jpg,True,True,True,
002526,D:\Biology-AI\data\Task1_Segmentation\images\002526.jpg,D:\Biology-AI\data\Task2_Attributes\images\002526.jpg,True,True,True,
002527,D:\Biology-AI\data\Task1_Segmentation\images\002527.jpg,D:\Biology-AI\data\Task2_Attributes\images\002527.jpg,True,True,True,
002528,D:\Biology-AI\data\Task1_Segmentation\images\002528.jpg,D:\Biology-AI\data\Task2_Attributes\images\002528.jpg,True,True,True,
002529,D:\Biology-AI\data\Task1_Segmentation\images\002529.jpg,D:\Biology-AI\data\Task2_Attributes\images\002529.jpg,True,True,True,
002530,D:\Biology-AI\data\Task1_Segmentation\images\002530.jpg,D:\Biology-AI\data\Task2_Attributes\images\002530.jpg,True,True,True,
002531,D:\Biology-AI\data\Task1_Segmentation\images\002531.jpg,D:\Biology-AI\data\Task2_Attributes\images\002531.jpg,True,True,True,
002532,D:\Biology-AI\data\Task1_Segmentation\images\002532.jpg,D:\Biology-AI\data\Task2_Attributes\images\002532.jpg,True,True,True,
002533,D:\Biology-AI\data\Task1_Segmentation\images\002533.jpg,D:\Biology-AI\data\Task2_Attributes\images\002533.jpg,True,True,True,
002534,D:\Biology-AI\data\Task1_Segmentation\images\002534.jpg,D:\Biology-AI\data\Task2_Attributes\images\002534.jpg,True,True,True,
002535,D:\Biology-AI\data\Task1_Segmentation\images\002535.jpg,D:\Biology-AI\data\Task2_Attributes\images\002535.jpg,True,True,True,
002536,D:\Biology-AI\data\Task1_Segmentation\images\002536.jpg,D:\Biology-AI\data\Task2_Attributes\images\002536.jpg,True,True,True,
002537,D:\Biology-AI\data\Task1_Segmentation\images\002537.jpg,D:\Biology-AI\data\Task2_Attributes\images\002537.jpg,True,True,True,
002538,D:\Biology-AI\data\Task1_Segmentation\images\002538.jpg,D:\Biology-AI\data\Task2_Attributes\images\002538.jpg,True,True,True,
002539,D:\Biology-AI\data\Task1_Segmentation\images\002539.jpg,D:\Biology-AI\data\Task2_Attributes\images\002539.jpg,True,True,True,
002540,D:\Biology-AI\data\Task1_Segmentation\images\002540.jpg,D:\Biology-AI\data\Task2_Attributes\images\002540.jpg,True,True,True,
002541,D:\Biology-AI\data\Task1_Segmentation\images\002541.jpg,D:\Biology-AI\data\Task2_Attributes\images\002541.jpg,True,True,True,
002542,D:\Biology-AI\data\Task1_Segmentation\images\002542.jpg,D:\Biology-AI\data\Task2_Attributes\images\002542.jpg,True,True,True,
002543,D:\Biology-AI\data\Task1_Segmentation\images\002543.jpg,D:\Biology-AI\data\Task2_Attributes\images\002543.jpg,True,True,True,
002544,D:\Biology-AI\data\Task1_Segmentation\images\002544.jpg,D:\Biology-AI\data\Task2_Attributes\images\002544.jpg,True,True,True,
002545,D:\Biology-AI\data\Task1_Segmentation\images\002545.jpg,D:\Biology-AI\data\Task2_Attributes\images\002545.jpg,True,True,True,
002546,D:\Biology-AI\data\Task1_Segmentation\images\002546.jpg,D:\Biology-AI\data\Task2_Attributes\images\002546.jpg,True,True,True,
002547,D:\Biology-AI\data\Task1_Segmentation\images\002547.jpg,D:\Biology-AI\data\Task2_Attributes\images\002547.jpg,True,True,True,
002548,D:\Biology-AI\data\Task1_Segmentation\images\002548.jpg,D:\Biology-AI\data\Task2_Attributes\images\002548.jpg,True,True,True,
002549,D:\Biology-AI\data\Task1_Segmentation\images\002549.jpg,D:\Biology-AI\data\Task2_Attributes\images\002549.jpg,True,True,True,
002550,D:\Biology-AI\data\Task1_Segmentation\images\002550.jpg,D:\Biology-AI\data\Task2_Attributes\images\002550.jpg,True,True,True,
002551,D:\Biology-AI\data\Task1_Segmentation\images\002551.jpg,D:\Biology-AI\data\Task2_Attributes\images\002551.jpg,True,True,True,
002552,D:\Biology-AI\data\Task1_Segmentation\images\002552.jpg,D:\Biology-AI\data\Task2_Attributes\images\002552.jpg,True,True,True,
002553,D:\Biology-AI\data\Task1_Segmentation\images\002553.jpg,D:\Biology-AI\data\Task2_Attributes\images\002553.jpg,True,True,True,
002554,D:\Biology-AI\data\Task1_Segmentation\images\002554.jpg,D:\Biology-AI\data\Task2_Attributes\images\002554.jpg,True,True,True,
002555,D:\Biology-AI\data\Task1_Segmentation\images\002555.jpg,D:\Biology-AI\data\Task2_Attributes\images\002555.jpg,True,True,True,
002556,D:\Biology-AI\data\Task1_Segmentation\images\002556.jpg,D:\Biology-AI\data\Task2_Attributes\images\002556.jpg,True,True,True,
002557,D:\Biology-AI\data\Task1_Segmentation\images\002557.jpg,D:\Biology-AI\data\Task2_Attributes\images\002557.jpg,True,True,True,
002558,D:\Biology-AI\data\Task1_Segmentation\images\002558.jpg,D:\Biology-AI\data\Task2_Attributes\images\002558.jpg,True,True,True,
002559,D:\Biology-AI\data\Task1_Segmentation\images\002559.jpg,D:\Biology-AI\data\Task2_Attributes\images\002559.jpg,True,True,True,
002560,D:\Biology-AI\data\Task1_Segmentation\images\002560.jpg,D:\Biology-AI\data\Task2_Attributes\images\002560.jpg,True,True,True,
002561,D:\Biology-AI\data\Task1_Segmentation\images\002561.jpg,D:\Biology-AI\data\Task2_Attributes\images\002561.jpg,True,True,True,
002562,D:\Biology-AI\data\Task1_Segmentation\images\002562.jpg,D:\Biology-AI\data\Task2_Attributes\images\002562.jpg,True,True,True,
002563,D:\Biology-AI\data\Task1_Segmentation\images\002563.jpg,D:\Biology-AI\data\Task2_Attributes\images\002563.jpg,True,True,True,
002564,D:\Biology-AI\data\Task1_Segmentation\images\002564.jpg,D:\Biology-AI\data\Task2_Attributes\images\002564.jpg,True,True,True,
002565,D:\Biology-AI\data\Task1_Segmentation\images\002565.jpg,D:\Biology-AI\data\Task2_Attributes\images\002565.jpg,True,True,True,
002566,D:\Biology-AI\data\Task1_Segmentation\images\002566.jpg,D:\Biology-AI\data\Task2_Attributes\images\002566.jpg,True,True,True,
002567,D:\Biology-AI\data\Task1_Segmentation\images\002567.jpg,D:\Biology-AI\data\Task2_Attributes\images\002567.jpg,True,True,True,
002568,D:\Biology-AI\data\Task1_Segmentation\images\002568.jpg,D:\Biology-AI\data\Task2_Attributes\images\002568.jpg,True,True,True,
002569,D:\Biology-AI\data\Task1_Segmentation\images\002569.jpg,D:\Biology-AI\data\Task2_Attributes\images\002569.jpg,True,True,True,
002570,D:\Biology-AI\data\Task1_Segmentation\images\002570.jpg,D:\Biology-AI\data\Task2_Attributes\images\002570.jpg,True,True,True,
002571,D:\Biology-AI\data\Task1_Segmentation\images\002571.jpg,D:\Biology-AI\data\Task2_Attributes\images\002571.jpg,True,True,True,
002572,D:\Biology-AI\data\Task1_Segmentation\images\002572.jpg,D:\Biology-AI\data\Task2_Attributes\images\002572.jpg,True,True,True,
002573,D:\Biology-AI\data\Task1_Segmentation\images\002573.jpg,D:\Biology-AI\data\Task2_Attributes\images\002573.jpg,True,True,True,
002574,D:\Biology-AI\data\Task1_Segmentation\images\002574.jpg,D:\Biology-AI\data\Task2_Attributes\images\002574.jpg,True,True,True,
002575,D:\Biology-AI\data\Task1_Segmentation\images\002575.jpg,D:\Biology-AI\data\Task2_Attributes\images\002575.jpg,True,True,True,
002576,D:\Biology-AI\data\Task1_Segmentation\images\002576.jpg,D:\Biology-AI\data\Task2_Attributes\images\002576.jpg,True,True,True,
002577,D:\Biology-AI\data\Task1_Segmentation\images\002577.jpg,D:\Biology-AI\data\Task2_Attributes\images\002577.jpg,True,True,True,
002578,D:\Biology-AI\data\Task1_Segmentation\images\002578.jpg,D:\Biology-AI\data\Task2_Attributes\images\002578.jpg,True,True,True,
002579,D:\Biology-AI\data\Task1_Segmentation\images\002579.jpg,D:\Biology-AI\data\Task2_Attributes\images\002579.jpg,True,True,True,
002580,D:\Biology-AI\data\Task1_Segmentation\images\002580.jpg,D:\Biology-AI\data\Task2_Attributes\images\002580.jpg,True,True,True,
002581,D:\Biology-AI\data\Task1_Segmentation\images\002581.jpg,D:\Biology-AI\data\Task2_Attributes\images\002581.jpg,True,True,True,
002582,D:\Biology-AI\data\Task1_Segmentation\images\002582.jpg,D:\Biology-AI\data\Task2_Attributes\images\002582.jpg,True,True,True,
002583,D:\Biology-AI\data\Task1_Segmentation\images\002583.jpg,D:\Biology-AI\data\Task2_Attributes\images\002583.jpg,True,True,True,
002584,D:\Biology-AI\data\Task1_Segmentation\images\002584.jpg,D:\Biology-AI\data\Task2_Attributes\images\002584.jpg,True,True,True,
002585,D:\Biology-AI\data\Task1_Segmentation\images\002585.jpg,D:\Biology-AI\data\Task2_Attributes\images\002585.jpg,True,True,True,
002586,D:\Biology-AI\data\Task1_Segmentation\images\002586.jpg,D:\Biology-AI\data\Task2_Attributes\images\002586.jpg,True,True,True,
002587,D:\Biology-AI\data\Task1_Segmentation\images\002587.jpg,D:\Biology-AI\data\Task2_Attributes\images\002587.jpg,True,True,True,
002588,D:\Biology-AI\data\Task1_Segmentation\images\002588.jpg,D:\Biology-AI\data\Task2_Attributes\images\002588.jpg,True,True,True,
002589,D:\Biology-AI\data\Task1_Segmentation\images\002589.jpg,D:\Biology-AI\data\Task2_Attributes\images\002589.jpg,True,True,True,
002590,D:\Biology-AI\data\Task1_Segmentation\images\002590.jpg,D:\Biology-AI\data\Task2_Attributes\images\002590.jpg,True,True,True,
002591,D:\Biology-AI\data\Task1_Segmentation\images\002591.jpg,D:\Biology-AI\data\Task2_Attributes\images\002591.jpg,True,True,True,
002592,D:\Biology-AI\data\Task1_Segmentation\images\002592.jpg,D:\Biology-AI\data\Task2_Attributes\images\002592.jpg,True,True,True,
002593,D:\Biology-AI\data\Task1_Segmentation\images\002593.jpg,D:\Biology-AI\data\Task2_Attributes\images\002593.jpg,True,True,True,
002594,D:\Biology-AI\data\Task1_Segmentation\images\002594.jpg,D:\Biology-AI\data\Task2_Attributes\images\002594.jpg,True,True,True,
002595,D:\Biology-AI\data\Task1_Segmentation\images\002595.jpg,D:\Biology-AI\data\Task2_Attributes\images\002595.jpg,True,True,True,
002596,D:\Biology-AI\data\Task1_Segmentation\images\002596.jpg,D:\Biology-AI\data\Task2_Attributes\images\002596.jpg,True,True,True,
002597,D:\Biology-AI\data\Task1_Segmentation\images\002597.jpg,D:\Biology-AI\data\Task2_Attributes\images\002597.jpg,True,True,True,
002598,D:\Biology-AI\data\Task1_Segmentation\images\002598.jpg,D:\Biology-AI\data\Task2_Attributes\images\002598.jpg,True,True,True,
002599,D:\Biology-AI\data\Task1_Segmentation\images\002599.jpg,D:\Biology-AI\data\Task2_Attributes\images\002599.jpg,True,True,True,
002600,D:\Biology-AI\data\Task1_Segmentation\images\002600.jpg,D:\Biology-AI\data\Task2_Attributes\images\002600.jpg,True,True,True,
002601,D:\Biology-AI\data\Task1_Segmentation\images\002601.jpg,D:\Biology-AI\data\Task2_Attributes\images\002601.jpg,True,True,True,
002602,D:\Biology-AI\data\Task1_Segmentation\images\002602.jpg,D:\Biology-AI\data\Task2_Attributes\images\002602.jpg,True,True,True,
002603,D:\Biology-AI\data\Task1_Segmentation\images\002603.jpg,D:\Biology-AI\data\Task2_Attributes\images\002603.jpg,True,True,True,
002604,D:\Biology-AI\data\Task1_Segmentation\images\002604.jpg,D:\Biology-AI\data\Task2_Attributes\images\002604.jpg,True,True,True,
002605,D:\Biology-AI\data\Task1_Segmentation\images\002605.jpg,D:\Biology-AI\data\Task2_Attributes\images\002605.jpg,True,True,True,
002606,D:\Biology-AI\data\Task1_Segmentation\images\002606.jpg,D:\Biology-AI\data\Task2_Attributes\images\002606.jpg,True,True,True,
002607,D:\Biology-AI\data\Task1_Segmentation\images\002607.jpg,D:\Biology-AI\data\Task2_Attributes\images\002607.jpg,True,True,True,
002608,D:\Biology-AI\data\Task1_Segmentation\images\002608.jpg,D:\Biology-AI\data\Task2_Attributes\images\002608.jpg,True,True,True,
002609,D:\Biology-AI\data\Task1_Segmentation\images\002609.jpg,D:\Biology-AI\data\Task2_Attributes\images\002609.jpg,True,True,True,
002610,D:\Biology-AI\data\Task1_Segmentation\images\002610.jpg,D:\Biology-AI\data\Task2_Attributes\images\002610.jpg,True,True,True,
002611,D:\Biology-AI\data\Task1_Segmentation\images\002611.jpg,D:\Biology-AI\data\Task2_Attributes\images\002611.jpg,True,True,True,
002612,D:\Biology-AI\data\Task1_Segmentation\images\002612.jpg,D:\Biology-AI\data\Task2_Attributes\images\002612.jpg,True,True,True,
002613,D:\Biology-AI\data\Task1_Segmentation\images\002613.jpg,D:\Biology-AI\data\Task2_Attributes\images\002613.jpg,True,True,True,
002614,D:\Biology-AI\data\Task1_Segmentation\images\002614.jpg,D:\Biology-AI\data\Task2_Attributes\images\002614.jpg,True,True,True,
002615,D:\Biology-AI\data\Task1_Segmentation\images\002615.jpg,D:\Biology-AI\data\Task2_Attributes\images\002615.jpg,True,True,True,
002616,D:\Biology-AI\data\Task1_Segmentation\images\002616.jpg,D:\Biology-AI\data\Task2_Attributes\images\002616.jpg,True,True,True,
002617,D:\Biology-AI\data\Task1_Segmentation\images\002617.jpg,D:\Biology-AI\data\Task2_Attributes\images\002617.jpg,True,True,True,
002618,D:\Biology-AI\data\Task1_Segmentation\images\002618.jpg,D:\Biology-AI\data\Task2_Attributes\images\002618.jpg,True,True,True,
002619,D:\Biology-AI\data\Task1_Segmentation\images\002619.jpg,D:\Biology-AI\data\Task2_Attributes\images\002619.jpg,True,True,True,
002620,D:\Biology-AI\data\Task1_Segmentation\images\002620.jpg,D:\Biology-AI\data\Task2_Attributes\images\002620.jpg,True,True,True,
002621,D:\Biology-AI\data\Task1_Segmentation\images\002621.jpg,D:\Biology-AI\data\Task2_Attributes\images\002621.jpg,True,True,True,
002622,D:\Biology-AI\data\Task1_Segmentation\images\002622.jpg,D:\Biology-AI\data\Task2_Attributes\images\002622.jpg,True,True,True,
002623,D:\Biology-AI\data\Task1_Segmentation\images\002623.jpg,D:\Biology-AI\data\Task2_Attributes\images\002623.jpg,True,True,True,
002624,D:\Biology-AI\data\Task1_Segmentation\images\002624.jpg,D:\Biology-AI\data\Task2_Attributes\images\002624.jpg,True,True,True,
002625,D:\Biology-AI\data\Task1_Segmentation\images\002625.jpg,D:\Biology-AI\data\Task2_Attributes\images\002625.jpg,True,True,True,
002626,D:\Biology-AI\data\Task1_Segmentation\images\002626.jpg,D:\Biology-AI\data\Task2_Attributes\images\002626.jpg,True,True,True,
002627,D:\Biology-AI\data\Task1_Segmentation\images\002627.jpg,D:\Biology-AI\data\Task2_Attributes\images\002627.jpg,True,True,True,
002628,D:\Biology-AI\data\Task1_Segmentation\images\002628.jpg,D:\Biology-AI\data\Task2_Attributes\images\002628.jpg,True,True,True,
002629,D:\Biology-AI\data\Task1_Segmentation\images\002629.jpg,D:\Biology-AI\data\Task2_Attributes\images\002629.jpg,True,True,True,
002630,D:\Biology-AI\data\Task1_Segmentation\images\002630.jpg,D:\Biology-AI\data\Task2_Attributes\images\002630.jpg,True,True,True,
002631,D:\Biology-AI\data\Task1_Segmentation\images\002631.jpg,D:\Biology-AI\data\Task2_Attributes\images\002631.jpg,True,True,True,
002632,D:\Biology-AI\data\Task1_Segmentation\images\002632.jpg,D:\Biology-AI\data\Task2_Attributes\images\002632.jpg,True,True,True,
002633,D:\Biology-AI\data\Task1_Segmentation\images\002633.jpg,D:\Biology-AI\data\Task2_Attributes\images\002633.jpg,True,True,True,
002634,D:\Biology-AI\data\Task1_Segmentation\images\002634.jpg,D:\Biology-AI\data\Task2_Attributes\images\002634.jpg,True,True,True,
002635,D:\Biology-AI\data\Task1_Segmentation\images\002635.jpg,D:\Biology-AI\data\Task2_Attributes\images\002635.jpg,True,True,True,
002636,D:\Biology-AI\data\Task1_Segmentation\images\002636.jpg,D:\Biology-AI\data\Task2_Attributes\images\002636.jpg,True,True,True,
002637,D:\Biology-AI\data\Task1_Segmentation\images\002637.jpg,D:\Biology-AI\data\Task2_Attributes\images\002637.jpg,True,True,True,
002638,D:\Biology-AI\data\Task1_Segmentation\images\002638.jpg,D:\Biology-AI\data\Task2_Attributes\images\002638.jpg,True,True,True,
002639,D:\Biology-AI\data\Task1_Segmentation\images\002639.jpg,D:\Biology-AI\data\Task2_Attributes\images\002639.jpg,True,True,True,
002640,D:\Biology-AI\data\Task1_Segmentation\images\002640.jpg,D:\Biology-AI\data\Task2_Attributes\images\002640.jpg,True,True,True,
002641,D:\Biology-AI\data\Task1_Segmentation\images\002641.jpg,D:\Biology-AI\data\Task2_Attributes\images\002641.jpg,True,True,True,
002642,D:\Biology-AI\data\Task1_Segmentation\images\002642.jpg,D:\Biology-AI\data\Task2_Attributes\images\002642.jpg,True,True,True,
002643,D:\Biology-AI\data\Task1_Segmentation\images\002643.jpg,D:\Biology-AI\data\Task2_Attributes\images\002643.jpg,True,True,True,
002644,D:\Biology-AI\data\Task1_Segmentation\images\002644.jpg,D:\Biology-AI\data\Task2_Attributes\images\002644.jpg,True,True,True,
002645,D:\Biology-AI\data\Task1_Segmentation\images\002645.jpg,D:\Biology-AI\data\Task2_Attributes\images\002645.jpg,True,True,True,
002646,D:\Biology-AI\data\Task1_Segmentation\images\002646.jpg,D:\Biology-AI\data\Task2_Attributes\images\002646.jpg,True,True,True,
002647,D:\Biology-AI\data\Task1_Segmentation\images\002647.jpg,D:\Biology-AI\data\Task2_Attributes\images\002647.jpg,True,True,True,
002648,D:\Biology-AI\data\Task1_Segmentation\images\002648.jpg,D:\Biology-AI\data\Task2_Attributes\images\002648.jpg,True,True,True,
002649,D:\Biology-AI\data\Task1_Segmentation\images\002649.jpg,D:\Biology-AI\data\Task2_Attributes\images\002649.jpg,True,True,True,
002650,D:\Biology-AI\data\Task1_Segmentation\images\002650.jpg,D:\Biology-AI\data\Task2_Attributes\images\002650.jpg,True,True,True,
002651,D:\Biology-AI\data\Task1_Segmentation\images\002651.jpg,D:\Biology-AI\data\Task2_Attributes\images\002651.jpg,True,True,True,
002652,D:\Biology-AI\data\Task1_Segmentation\images\002652.jpg,D:\Biology-AI\data\Task2_Attributes\images\002652.jpg,True,True,True,
002653,D:\Biology-AI\data\Task1_Segmentation\images\002653.jpg,D:\Biology-AI\data\Task2_Attributes\images\002653.jpg,True,True,True,
002654,D:\Biology-AI\data\Task1_Segmentation\images\002654.jpg,D:\Biology-AI\data\Task2_Attributes\images\002654.jpg,True,True,True,
002655,D:\Biology-AI\data\Task1_Segmentation\images\002655.jpg,D:\Biology-AI\data\Task2_Attributes\images\002655.jpg,True,True,True,
002656,D:\Biology-AI\data\Task1_Segmentation\images\002656.jpg,D:\Biology-AI\data\Task2_Attributes\images\002656.jpg,True,True,True,
002657,D:\Biology-AI\data\Task1_Segmentation\images\002657.jpg,D:\Biology-AI\data\Task2_Attributes\images\002657.jpg,True,True,True,
002658,D:\Biology-AI\data\Task1_Segmentation\images\002658.jpg,D:\Biology-AI\data\Task2_Attributes\images\002658.jpg,True,True,True,
002659,D:\Biology-AI\data\Task1_Segmentation\images\002659.jpg,D:\Biology-AI\data\Task2_Attributes\images\002659.jpg,True,True,True,
002660,D:\Biology-AI\data\Task1_Segmentation\images\002660.jpg,D:\Biology-AI\data\Task2_Attributes\images\002660.jpg,True,True,True,
002661,D:\Biology-AI\data\Task1_Segmentation\images\002661.jpg,D:\Biology-AI\data\Task2_Attributes\images\002661.jpg,True,True,True,
002662,D:\Biology-AI\data\Task1_Segmentation\images\002662.jpg,D:\Biology-AI\data\Task2_Attributes\images\002662.jpg,True,True,True,
002663,D:\Biology-AI\data\Task1_Segmentation\images\002663.jpg,D:\Biology-AI\data\Task2_Attributes\images\002663.jpg,True,True,True,
002664,D:\Biology-AI\data\Task1_Segmentation\images\002664.jpg,D:\Biology-AI\data\Task2_Attributes\images\002664.jpg,True,True,True,
002665,D:\Biology-AI\data\Task1_Segmentation\images\002665.jpg,D:\Biology-AI\data\Task2_Attributes\images\002665.jpg,True,True,True,
002666,D:\Biology-AI\data\Task1_Segmentation\images\002666.jpg,D:\Biology-AI\data\Task2_Attributes\images\002666.jpg,True,True,True,
002667,D:\Biology-AI\data\Task1_Segmentation\images\002667.jpg,D:\Biology-AI\data\Task2_Attributes\images\002667.jpg,True,True,True,
002668,D:\Biology-AI\data\Task1_Segmentation\images\002668.jpg,D:\Biology-AI\data\Task2_Attributes\images\002668.jpg,True,True,True,
002669,D:\Biology-AI\data\Task1_Segmentation\images\002669.jpg,D:\Biology-AI\data\Task2_Attributes\images\002669.jpg,True,True,True,
002670,D:\Biology-AI\data\Task1_Segmentation\images\002670.jpg,D:\Biology-AI\data\Task2_Attributes\images\002670.jpg,True,True,True,
002671,D:\Biology-AI\data\Task1_Segmentation\images\002671.jpg,D:\Biology-AI\data\Task2_Attributes\images\002671.jpg,True,True,True,
002672,D:\Biology-AI\data\Task1_Segmentation\images\002672.jpg,D:\Biology-AI\data\Task2_Attributes\images\002672.jpg,True,True,True,
002673,D:\Biology-AI\data\Task1_Segmentation\images\002673.jpg,D:\Biology-AI\data\Task2_Attributes\images\002673.jpg,True,True,True,
002674,D:\Biology-AI\data\Task1_Segmentation\images\002674.jpg,D:\Biology-AI\data\Task2_Attributes\images\002674.jpg,True,True,True,
002675,D:\Biology-AI\data\Task1_Segmentation\images\002675.jpg,D:\Biology-AI\data\Task2_Attributes\images\002675.jpg,True,True,True,
002676,D:\Biology-AI\data\Task1_Segmentation\images\002676.jpg,D:\Biology-AI\data\Task2_Attributes\images\002676.jpg,True,True,True,
002677,D:\Biology-AI\data\Task1_Segmentation\images\002677.jpg,D:\Biology-AI\data\Task2_Attributes\images\002677.jpg,True,True,True,
002678,D:\Biology-AI\data\Task1_Segmentation\images\002678.jpg,D:\Biology-AI\data\Task2_Attributes\images\002678.jpg,True,True,True,
002679,D:\Biology-AI\data\Task1_Segmentation\images\002679.jpg,D:\Biology-AI\data\Task2_Attributes\images\002679.jpg,True,True,True,
002680,D:\Biology-AI\data\Task1_Segmentation\images\002680.jpg,D:\Biology-AI\data\Task2_Attributes\images\002680.jpg,True,True,True,
002681,D:\Biology-AI\data\Task1_Segmentation\images\002681.jpg,D:\Biology-AI\data\Task2_Attributes\images\002681.jpg,True,True,True,
002682,D:\Biology-AI\data\Task1_Segmentation\images\002682.jpg,D:\Biology-AI\data\Task2_Attributes\images\002682.jpg,True,True,True,
002683,D:\Biology-AI\data\Task1_Segmentation\images\002683.jpg,D:\Biology-AI\data\Task2_Attributes\images\002683.jpg,True,True,True,
002684,D:\Biology-AI\data\Task1_Segmentation\images\002684.jpg,D:\Biology-AI\data\Task2_Attributes\images\002684.jpg,True,True,True,
002685,D:\Biology-AI\data\Task1_Segmentation\images\002685.jpg,D:\Biology-AI\data\Task2_Attributes\images\002685.jpg,True,True,True,
002686,D:\Biology-AI\data\Task1_Segmentation\images\002686.jpg,D:\Biology-AI\data\Task2_Attributes\images\002686.jpg,True,True,True,
002687,D:\Biology-AI\data\Task1_Segmentation\images\002687.jpg,D:\Biology-AI\data\Task2_Attributes\images\002687.jpg,True,True,True,
002688,D:\Biology-AI\data\Task1_Segmentation\images\002688.jpg,D:\Biology-AI\data\Task2_Attributes\images\002688.jpg,True,True,True,
002689,D:\Biology-AI\data\Task1_Segmentation\images\002689.jpg,D:\Biology-AI\data\Task2_Attributes\images\002689.jpg,True,True,True,
002690,D:\Biology-AI\data\Task1_Segmentation\images\002690.jpg,D:\Biology-AI\data\Task2_Attributes\images\002690.jpg,True,True,True,
002691,D:\Biology-AI\data\Task1_Segmentation\images\002691.jpg,D:\Biology-AI\data\Task2_Attributes\images\002691.jpg,True,True,True,
002692,D:\Biology-AI\data\Task1_Segmentation\images\002692.jpg,D:\Biology-AI\data\Task2_Attributes\images\002692.jpg,True,True,True,
002693,D:\Biology-AI\data\Task1_Segmentation\images\002693.jpg,D:\Biology-AI\data\Task2_Attributes\images\002693.jpg,True,True,True,
002694,D:\Biology-AI\data\Task1_Segmentation\images\002694.jpg,D:\Biology-AI\data\Task2_Attributes\images\002694.jpg,True,True,True,
002695,D:\Biology-AI\data\Task1_Segmentation\images\002695.jpg,D:\Biology-AI\data\Task2_Attributes\images\002695.jpg,True,True,True,
002696,D:\Biology-AI\data\Task1_Segmentation\images\002696.jpg,D:\Biology-AI\data\Task2_Attributes\images\002696.jpg,True,True,True,
002697,D:\Biology-AI\data\Task1_Segmentation\images\002697.jpg,D:\Biology-AI\data\Task2_Attributes\images\002697.jpg,True,True,True,
002698,D:\Biology-AI\data\Task1_Segmentation\images\002698.jpg,D:\Biology-AI\data\Task2_Attributes\images\002698.jpg,True,True,True,
002699,D:\Biology-AI\data\Task1_Segmentation\images\002699.jpg,D:\Biology-AI\data\Task2_Attributes\images\002699.jpg,True,True,True,
002700,D:\Biology-AI\data\Task1_Segmentation\images\002700.jpg,D:\Biology-AI\data\Task2_Attributes\images\002700.jpg,True,True,True,
