image_id,mask_path,readable,width,height,mode,unique_value_count,unique_values,binary_values,foreground_pixels,total_pixels,foreground_ratio,empty_mask,full_mask,connected_components,largest_component_fraction,touches_image_border,error,status
000001,D:\Biology-AI\data\Task1_Segmentation\masks\000001_segmentation.png,True,640,480,L,2,"0,255",True,161318,307200,0.5251236979166667,False,False,1,1.0,False,,OK
000002,D:\Biology-AI\data\Task1_Segmentation\masks\000002_segmentation.png,True,3008,2000,L,2,"0,255",True,56661,6016000,0.009418384308510639,False,False,1,1.0,False,,OK
000003,D:\Biology-AI\data\Task1_Segmentation\masks\000003_segmentation.png,True,639,602,L,2,"0,255",True,24931,384678,0.06481004892403516,False,False,1,1.0,False,,OK
000004,D:\Biology-AI\data\Task1_Segmentation\masks\000004_segmentation.png,True,1024,768,L,2,"0,255",True,43047,786432,0.054737091064453125,False,False,1,1.0,False,,OK
000005,D:\Biology-AI\data\Task1_Segmentation\masks\000005_segmentation.png,True,722,540,L,2,"0,255",True,277226,389880,0.7110546834923567,False,False,1,1.0,True,,OK
000006,D:\Biology-AI\data\Task1_Segmentation\masks\000006_segmentation.png,True,2592,1944,L,2,"0,255",True,37938,5038848,0.007529101889955799,False,False,1,1.0,False,,OK
000007,D:\Biology-AI\data\Task1_Segmentation\masks\000007_segmentation.png,True,6688,4459,L,2,"0,255",True,2909445,29821792,0.09756103858547467,False,False,1,1.0,False,,OK
000008,D:\Biology-AI\data\Task1_Segmentation\masks\000008_segmentation.png,True,4288,2848,L,2,"0,255",True,377500,12212224,0.030911650490524904,False,False,1,1.0,False,,OK
000009,D:\Biology-AI\data\Task1_Segmentation\masks\000009_segmentation.png,True,4288,2848,L,2,"0,255",True,678566,12212224,0.05556449013709542,False,False,1,1.0,False,,OK
000010,D:\Biology-AI\data\Task1_Segmentation\masks\000010_segmentation.png,True,1504,1129,L,2,"0,255",True,300761,1698016,0.17712495053050148,False,False,1,1.0,False,,OK
000011,D:\Biology-AI\data\Task1_Segmentation\masks\000011_segmentation.png,True,919,802,L,2,"0,255",True,387287,737038,0.5254640873333533,False,False,1,1.0,True,,OK
000012,D:\Biology-AI\data\Task1_Segmentation\masks\000012_segmentation.png,True,640,480,L,2,"0,255",True,64215,307200,0.209033203125,False,False,1,1.0,False,,OK
000013,D:\Biology-AI\data\Task1_Segmentation\masks\000013_segmentation.png,True,640,480,L,2,"0,255",True,42952,307200,0.13981770833333335,False,False,1,1.0,False,,OK
000014,D:\Biology-AI\data\Task1_Segmentation\masks\000014_segmentation.png,True,2592,1936,L,2,"0,255",True,274107,5018112,0.05462353171870217,False,False,1,1.0,False,,OK
000015,D:\Biology-AI\data\Task1_Segmentation\masks\000015_segmentation.png,True,3008,2000,L,2,"0,255",True,71365,6016000,0.011862533244680852,False,False,1,1.0,False,,OK
000016,D:\Biology-AI\data\Task1_Segmentation\masks\000016_segmentation.png,True,3072,2304,L,2,"0,255",True,2788474,7077888,0.3939697830765336,False,False,1,1.0,True,,OK
000017,D:\Biology-AI\data\Task1_Segmentation\masks\000017_segmentation.png,True,4288,2848,L,2,"0,255",True,660593,12212224,0.05409276803307899,False,False,1,1.0,False,,OK
000018,D:\Biology-AI\data\Task1_Segmentation\masks\000018_segmentation.png,True,3872,2592,L,2,"0,255",True,969225,10036224,0.09657267514156719,False,False,1,1.0,False,,OK
000019,D:\Biology-AI\data\Task1_Segmentation\masks\000019_segmentation.png,True,3872,2592,L,2,"0,255",True,324476,10036224,0.03233048604734211,False,False,1,1.0,False,,OK
000020,D:\Biology-AI\data\Task1_Segmentation\masks\000020_segmentation.png,True,3008,2000,L,2,"0,255",True,83288,6016000,0.013844414893617022,False,False,1,1.0,False,,OK
000021,D:\Biology-AI\data\Task1_Segmentation\masks\000021_segmentation.png,True,4288,2848,L,2,"0,255",True,595784,12212224,0.04878587225389904,False,False,1,1.0,False,,OK
000022,D:\Biology-AI\data\Task1_Segmentation\masks\000022_segmentation.png,True,4288,2848,L,2,"0,255",True,360181,12212224,0.029493481285636426,False,False,1,1.0,False,,OK
000023,D:\Biology-AI\data\Task1_Segmentation\masks\000023_segmentation.png,True,767,576,L,2,"0,255",True,145820,441792,0.3300648268868608,False,False,1,1.0,False,,OK
000024,D:\Biology-AI\data\Task1_Segmentation\masks\000024_segmentation.png,True,3024,2016,L,2,"0,255",True,280691,6096384,0.04604221125178466,False,False,1,1.0,False,,OK
000025,D:\Biology-AI\data\Task1_Segmentation\masks\000025_segmentation.png,True,1024,768,L,2,"0,255",True,665660,786432,0.8464304606119791,False,False,1,1.0,True,,OK
000026,D:\Biology-AI\data\Task1_Segmentation\masks\000026_segmentation.png,True,4288,2848,L,2,"0,255",True,333671,12212224,0.027322705512116383,False,False,1,1.0,False,,OK
000027,D:\Biology-AI\data\Task1_Segmentation\masks\000027_segmentation.png,True,4288,2848,L,2,"0,255",True,446722,12212224,0.03657990551106825,False,False,1,1.0,False,,OK
000028,D:\Biology-AI\data\Task1_Segmentation\masks\000028_segmentation.png,True,1024,768,L,2,"0,255",True,146432,786432,0.18619791666666666,False,False,1,1.0,False,,OK
000029,D:\Biology-AI\data\Task1_Segmentation\masks\000029_segmentation.png,True,4288,2848,L,2,"0,255",True,1935862,12212224,0.15851838289241993,False,False,1,1.0,False,,OK
000030,D:\Biology-AI\data\Task1_Segmentation\masks\000030_segmentation.png,True,4288,2848,L,2,"0,255",True,271056,12212224,0.022195465789032365,False,False,1,1.0,False,,OK
000031,D:\Biology-AI\data\Task1_Segmentation\masks\000031_segmentation.png,True,3072,2304,L,2,"0,255",True,1949009,7077888,0.2753659001103154,False,False,1,1.0,False,,OK
000032,D:\Biology-AI\data\Task1_Segmentation\masks\000032_segmentation.png,True,959,723,L,2,"0,255",True,114133,693357,0.1646092849715226,False,False,1,1.0,False,,OK
000033,D:\Biology-AI\data\Task1_Segmentation\masks\000033_segmentation.png,True,3008,2000,L,2,"0,255",True,169806,6016000,0.028225731382978722,False,False,1,1.0,False,,OK
000034,D:\Biology-AI\data\Task1_Segmentation\masks\000034_segmentation.png,True,1024,768,L,2,"0,255",True,367804,786432,0.4676869710286458,False,False,1,1.0,False,,OK
000035,D:\Biology-AI\data\Task1_Segmentation\masks\000035_segmentation.png,True,6682,4382,L,2,"0,255",True,4421947,29280524,0.15102007737293227,False,False,1,1.0,False,,OK
000036,D:\Biology-AI\data\Task1_Segmentation\masks\000036_segmentation.png,True,1024,768,L,2,"0,255",True,97510,786432,0.12399037679036458,False,False,1,1.0,False,,OK
000037,D:\Biology-AI\data\Task1_Segmentation\masks\000037_segmentation.png,True,6668,4439,L,2,"0,255",True,7431913,29599252,0.2510844868647356,False,False,1,1.0,False,,OK
000038,D:\Biology-AI\data\Task1_Segmentation\masks\000038_segmentation.png,True,4288,2848,L,2,"0,255",True,880792,12212224,0.07212379989099446,False,False,1,1.0,False,,OK
000039,D:\Biology-AI\data\Task1_Segmentation\masks\000039_segmentation.png,True,6668,4459,L,2,"0,255",True,19025913,29732612,0.6399004904110005,False,False,1,1.0,False,,OK
000040,D:\Biology-AI\data\Task1_Segmentation\masks\000040_segmentation.png,True,824,719,L,2,"0,255",True,233913,592456,0.3948191933240612,False,False,1,1.0,False,,OK
000041,D:\Biology-AI\data\Task1_Segmentation\masks\000041_segmentation.png,True,3008,2000,L,2,"0,255",True,68965,6016000,0.011463597074468085,False,False,1,1.0,False,,OK
000042,D:\Biology-AI\data\Task1_Segmentation\masks\000042_segmentation.png,True,3072,2304,L,2,"0,255",True,947867,7077888,0.1339194686324508,False,False,1,1.0,False,,OK
000043,D:\Biology-AI\data\Task1_Segmentation\masks\000043_segmentation.png,True,3072,2304,L,2,"0,255",True,1130742,7077888,0.1597569783528646,False,False,1,1.0,False,,OK
000044,D:\Biology-AI\data\Task1_Segmentation\masks\000044_segmentation.png,True,3872,2592,L,2,"0,255",True,1271507,10036224,0.12669177172609938,False,False,1,1.0,False,,OK
000045,D:\Biology-AI\data\Task1_Segmentation\masks\000045_segmentation.png,True,3008,2000,L,2,"0,255",True,58835,6016000,0.009779753989361702,False,False,1,1.0,False,,OK
000046,D:\Biology-AI\data\Task1_Segmentation\masks\000046_segmentation.png,True,3072,2304,L,2,"0,255",True,2027766,7077888,0.28649308946397567,False,False,1,1.0,False,,OK
000047,D:\Biology-AI\data\Task1_Segmentation\masks\000047_segmentation.png,True,3072,2304,L,2,"0,255",True,1615645,7077888,0.22826653939706307,False,False,1,1.0,False,,OK
000048,D:\Biology-AI\data\Task1_Segmentation\masks\000048_segmentation.png,True,3872,2592,L,2,"0,255",True,323576,10036224,0.03224081088664422,False,False,1,1.0,False,,OK
000049,D:\Biology-AI\data\Task1_Segmentation\masks\000049_segmentation.png,True,1024,768,L,2,"0,255",True,503856,786432,0.64068603515625,False,False,1,1.0,True,,OK
000050,D:\Biology-AI\data\Task1_Segmentation\masks\000050_segmentation.png,True,1024,768,L,2,"0,255",True,95417,786432,0.12132898966471355,False,False,1,1.0,False,,OK
000051,D:\Biology-AI\data\Task1_Segmentation\masks\000051_segmentation.png,True,1504,1129,L,2,"0,255",True,694575,1698016,0.40905091589242976,False,False,1,1.0,False,,OK
000052,D:\Biology-AI\data\Task1_Segmentation\masks\000052_segmentation.png,True,2592,3872,L,2,"0,255",True,631816,10036224,0.06295355703499643,False,False,1,1.0,False,,OK
000053,D:\Biology-AI\data\Task1_Segmentation\masks\000053_segmentation.png,True,2048,1536,L,2,"0,255",True,343032,3145728,0.10904693603515625,False,False,1,1.0,False,,OK
000054,D:\Biology-AI\data\Task1_Segmentation\masks\000054_segmentation.png,True,6680,4422,L,2,"0,255",True,19226645,29538960,0.6508910604841877,False,False,1,1.0,False,,OK
000055,D:\Biology-AI\data\Task1_Segmentation\masks\000055_segmentation.png,True,767,576,L,2,"0,255",True,100607,441792,0.22772481167608286,False,False,1,1.0,False,,OK
000056,D:\Biology-AI\data\Task1_Segmentation\masks\000056_segmentation.png,True,6642,4420,L,2,"0,255",True,17072285,29357640,0.5815278407937423,False,False,1,1.0,True,,OK
000057,D:\Biology-AI\data\Task1_Segmentation\masks\000057_segmentation.png,True,640,480,L,2,"0,255",True,205676,307200,0.6695182291666667,False,False,1,1.0,True,,OK
000058,D:\Biology-AI\data\Task1_Segmentation\masks\000058_segmentation.png,True,3008,2000,L,2,"0,255",True,788345,6016000,0.13104138962765957,False,False,1,1.0,False,,OK
000059,D:\Biology-AI\data\Task1_Segmentation\masks\000059_segmentation.png,True,3872,2592,L,2,"0,255",True,2493383,10036224,0.24843835689598,False,False,1,1.0,True,,OK
000060,D:\Biology-AI\data\Task1_Segmentation\masks\000060_segmentation.png,True,824,719,L,2,"0,255",True,251735,592456,0.4249007521233644,False,False,1,1.0,True,,OK
000061,D:\Biology-AI\data\Task1_Segmentation\masks\000061_segmentation.png,True,2048,1536,L,2,"0,255",True,705912,3145728,0.22440338134765625,False,False,1,1.0,False,,OK
000062,D:\Biology-AI\data\Task1_Segmentation\masks\000062_segmentation.png,True,4288,2848,L,2,"0,255",True,406571,12212224,0.03329213417637934,False,False,1,1.0,False,,OK
000063,D:\Biology-AI\data\Task1_Segmentation\masks\000063_segmentation.png,True,6668,4439,L,2,"0,255",True,6101253,29599252,0.2061286210881275,False,False,1,1.0,False,,OK
000064,D:\Biology-AI\data\Task1_Segmentation\masks\000064_segmentation.png,True,640,480,L,2,"0,255",True,18334,307200,0.05968098958333334,False,False,1,1.0,False,,OK
000065,D:\Biology-AI\data\Task1_Segmentation\masks\000065_segmentation.png,True,640,480,L,2,"0,255",True,232526,307200,0.7569205729166667,False,False,1,1.0,True,,OK
000066,D:\Biology-AI\data\Task1_Segmentation\masks\000066_segmentation.png,True,6688,4419,L,2,"0,255",True,2829374,29554272,0.09573485687619035,False,False,1,1.0,False,,OK
000067,D:\Biology-AI\data\Task1_Segmentation\masks\000067_segmentation.png,True,640,480,L,2,"0,255",True,45536,307200,0.14822916666666666,False,False,1,1.0,False,,OK
000068,D:\Biology-AI\data\Task1_Segmentation\masks\000068_segmentation.png,True,3872,2592,L,2,"0,255",True,6247748,10036224,0.6225197843332313,False,False,1,1.0,True,,OK
000069,D:\Biology-AI\data\Task1_Segmentation\masks\000069_segmentation.png,True,767,576,L,2,"0,255",True,160090,441792,0.3623650948862813,False,False,1,1.0,False,,OK
000070,D:\Biology-AI\data\Task1_Segmentation\masks\000070_segmentation.png,True,6601,4382,L,2,"0,255",True,18674135,28925582,0.6455923687205326,False,False,1,1.0,True,,OK
000071,D:\Biology-AI\data\Task1_Segmentation\masks\000071_segmentation.png,True,640,480,L,2,"0,255",True,131599,307200,0.42838216145833335,False,False,1,1.0,False,,OK
000072,D:\Biology-AI\data\Task1_Segmentation\masks\000072_segmentation.png,True,4288,2848,L,2,"0,255",True,1798761,12212224,0.14729184463042932,False,False,1,1.0,False,,OK
000073,D:\Biology-AI\data\Task1_Segmentation\masks\000073_segmentation.png,True,3072,2304,L,2,"0,255",True,478019,7077888,0.06753695452654804,False,False,1,1.0,False,,OK
000074,D:\Biology-AI\data\Task1_Segmentation\masks\000074_segmentation.png,True,3072,2304,L,2,"0,255",True,3591036,7077888,0.5073598225911459,False,False,1,1.0,False,,OK
000075,D:\Biology-AI\data\Task1_Segmentation\masks\000075_segmentation.png,True,4288,2848,L,2,"0,255",True,1254965,12212224,0.10276301843136844,False,False,1,1.0,False,,OK
000076,D:\Biology-AI\data\Task1_Segmentation\masks\000076_segmentation.png,True,3008,2000,L,2,"0,255",True,67468,6016000,0.011214760638297872,False,False,1,1.0,False,,OK
000077,D:\Biology-AI\data\Task1_Segmentation\masks\000077_segmentation.png,True,1831,1528,L,2,"0,255",True,1836948,2797768,0.6565762422045002,False,False,1,1.0,False,,OK
000078,D:\Biology-AI\data\Task1_Segmentation\masks\000078_segmentation.png,True,3072,2304,L,2,"0,255",True,2055238,7077888,0.2903744732892072,False,False,1,1.0,False,,OK
000079,D:\Biology-AI\data\Task1_Segmentation\masks\000079_segmentation.png,True,3072,2304,L,2,"0,255",True,2253633,7077888,0.31840472751193577,False,False,1,1.0,False,,OK
000080,D:\Biology-AI\data\Task1_Segmentation\masks\000080_segmentation.png,True,1503,1129,L,2,"0,255",True,844635,1696887,0.49775559598252567,False,False,1,1.0,False,,OK
000081,D:\Biology-AI\data\Task1_Segmentation\masks\000081_segmentation.png,True,3072,2304,L,2,"0,255",True,396799,7077888,0.056061780011212384,False,False,1,1.0,False,,OK
000082,D:\Biology-AI\data\Task1_Segmentation\masks\000082_segmentation.png,True,3072,2304,L,2,"0,255",True,7047055,7077888,0.9956437570077402,False,False,1,1.0,True,,very_large_lesion
000083,D:\Biology-AI\data\Task1_Segmentation\masks\000083_segmentation.png,True,1024,768,L,2,"0,255",True,431056,786432,0.5481160481770834,False,False,1,1.0,False,,OK
000084,D:\Biology-AI\data\Task1_Segmentation\masks\000084_segmentation.png,True,3024,2016,L,2,"0,255",True,455763,6096384,0.07475956238977072,False,False,1,1.0,False,,OK
000085,D:\Biology-AI\data\Task1_Segmentation\masks\000085_segmentation.png,True,2048,1536,L,2,"0,255",True,1380984,3145728,0.43900299072265625,False,False,1,1.0,False,,OK
000086,D:\Biology-AI\data\Task1_Segmentation\masks\000086_segmentation.png,True,1024,768,L,2,"0,255",True,284553,786432,0.3618278503417969,False,False,1,1.0,False,,OK
000087,D:\Biology-AI\data\Task1_Segmentation\masks\000087_segmentation.png,True,4288,2848,L,2,"0,255",True,380092,12212224,0.03112389684303203,False,False,1,1.0,False,,OK
000088,D:\Biology-AI\data\Task1_Segmentation\masks\000088_segmentation.png,True,1022,767,L,2,"0,255",True,368211,783874,0.46973238045910437,False,False,1,1.0,False,,OK
000089,D:\Biology-AI\data\Task1_Segmentation\masks\000089_segmentation.png,True,3008,2000,L,2,"0,255",True,278766,6016000,0.0463374335106383,False,False,1,1.0,False,,OK
000090,D:\Biology-AI\data\Task1_Segmentation\masks\000090_segmentation.png,True,4288,2848,L,2,"0,255",True,962879,12212224,0.07884550758322154,False,False,1,1.0,False,,OK
000091,D:\Biology-AI\data\Task1_Segmentation\masks\000091_segmentation.png,True,6642,4420,L,2,"0,255",True,17053886,29357640,0.580901121479792,False,False,1,1.0,True,,OK
000092,D:\Biology-AI\data\Task1_Segmentation\masks\000092_segmentation.png,True,1024,768,L,2,"0,255",True,578294,786432,0.7353388468424479,False,False,1,1.0,False,,OK
000093,D:\Biology-AI\data\Task1_Segmentation\masks\000093_segmentation.png,True,3072,2304,L,2,"0,255",True,4247645,7077888,0.6001288802535446,False,False,1,1.0,True,,OK
000094,D:\Biology-AI\data\Task1_Segmentation\masks\000094_segmentation.png,True,2048,1536,L,2,"0,255",True,765883,3145728,0.243467648824056,False,False,1,1.0,False,,OK
000095,D:\Biology-AI\data\Task1_Segmentation\masks\000095_segmentation.png,True,1057,704,L,2,"0,255",True,228547,744128,0.30713398770104067,False,False,1,1.0,False,,OK
000096,D:\Biology-AI\data\Task1_Segmentation\masks\000096_segmentation.png,True,6688,4439,L,2,"0,255",True,8698937,29688032,0.29301157449574294,False,False,1,1.0,False,,OK
000097,D:\Biology-AI\data\Task1_Segmentation\masks\000097_segmentation.png,True,2370,1720,L,2,"0,255",True,207453,4076400,0.050891227553723876,False,False,1,1.0,False,,OK
000098,D:\Biology-AI\data\Task1_Segmentation\masks\000098_segmentation.png,True,6621,4420,L,2,"0,255",True,10491463,29264820,0.3585008552931472,False,False,1,1.0,False,,OK
000099,D:\Biology-AI\data\Task1_Segmentation\masks\000099_segmentation.png,True,3008,2000,L,2,"0,255",True,467956,6016000,0.07778523936170213,False,False,1,1.0,False,,OK
000100,D:\Biology-AI\data\Task1_Segmentation\masks\000100_segmentation.png,True,1859,1351,L,2,"0,255",True,488510,2511509,0.19450856039138223,False,False,1,1.0,False,,OK
000101,D:\Biology-AI\data\Task1_Segmentation\masks\000101_segmentation.png,True,4288,2848,L,2,"0,255",True,544704,12212224,0.044603177930571856,False,False,1,1.0,False,,OK
000102,D:\Biology-AI\data\Task1_Segmentation\masks\000102_segmentation.png,True,3872,2592,L,2,"0,255",True,186107,10036224,0.018543527924446485,False,False,1,1.0,False,,OK
000103,D:\Biology-AI\data\Task1_Segmentation\masks\000103_segmentation.png,True,3072,2304,L,2,"0,255",True,3035647,7077888,0.4288916411223235,False,False,1,1.0,True,,OK
000104,D:\Biology-AI\data\Task1_Segmentation\masks\000104_segmentation.png,True,965,649,L,2,"0,255",True,184908,626285,0.295245774687243,False,False,1,1.0,False,,OK
000105,D:\Biology-AI\data\Task1_Segmentation\masks\000105_segmentation.png,True,1024,768,L,2,"0,255",True,141128,786432,0.17945353190104166,False,False,1,1.0,False,,OK
000106,D:\Biology-AI\data\Task1_Segmentation\masks\000106_segmentation.png,True,3072,2304,L,2,"0,255",True,1611459,7077888,0.22767512003580728,False,False,1,1.0,False,,OK
000107,D:\Biology-AI\data\Task1_Segmentation\masks\000107_segmentation.png,True,3024,2016,L,2,"0,255",True,513506,6096384,0.08423124265138154,False,False,1,1.0,False,,OK
000108,D:\Biology-AI\data\Task1_Segmentation\masks\000108_segmentation.png,True,1024,768,L,2,"0,255",True,688969,786432,0.8760693868001302,False,False,1,1.0,True,,OK
000109,D:\Biology-AI\data\Task1_Segmentation\masks\000109_segmentation.png,True,2048,1536,L,2,"0,255",True,706104,3145728,0.22446441650390625,False,False,1,1.0,False,,OK
000110,D:\Biology-AI\data\Task1_Segmentation\masks\000110_segmentation.png,True,6688,4439,L,2,"0,255",True,8149929,29688032,0.2745190048299598,False,False,1,1.0,False,,OK
000111,D:\Biology-AI\data\Task1_Segmentation\masks\000111_segmentation.png,True,3072,2304,L,2,"0,255",True,515955,7077888,0.07289674546983507,False,False,1,1.0,False,,OK
000112,D:\Biology-AI\data\Task1_Segmentation\masks\000112_segmentation.png,True,3072,2304,L,2,"0,255",True,285790,7077888,0.04037786413122107,False,False,1,1.0,False,,OK
000113,D:\Biology-AI\data\Task1_Segmentation\masks\000113_segmentation.png,True,640,480,L,2,"0,255",True,188170,307200,0.6125325520833333,False,False,1,1.0,False,,OK
000114,D:\Biology-AI\data\Task1_Segmentation\masks\000114_segmentation.png,True,6641,4401,L,2,"0,255",True,4578651,29227041,0.15665804143498482,False,False,1,1.0,False,,OK
000115,D:\Biology-AI\data\Task1_Segmentation\masks\000115_segmentation.png,True,3872,2592,L,2,"0,255",True,364658,10036224,0.03633418305530048,False,False,1,1.0,False,,OK
000116,D:\Biology-AI\data\Task1_Segmentation\masks\000116_segmentation.png,True,3072,2304,L,2,"0,255",True,2427124,7077888,0.34291641800491895,False,False,1,1.0,False,,OK
000117,D:\Biology-AI\data\Task1_Segmentation\masks\000117_segmentation.png,True,6760,4480,L,2,"0,255",True,19465056,30284800,0.6427335164835165,False,False,1,1.0,False,,OK
000118,D:\Biology-AI\data\Task1_Segmentation\masks\000118_segmentation.png,True,3008,2000,L,2,"0,255",True,869562,6016000,0.14454155585106382,False,False,1,1.0,False,,OK
000119,D:\Biology-AI\data\Task1_Segmentation\masks\000119_segmentation.png,True,3072,2304,L,2,"0,255",True,729387,7077888,0.10305150349934895,False,False,1,1.0,False,,OK
000120,D:\Biology-AI\data\Task1_Segmentation\masks\000120_segmentation.png,True,1504,1129,L,2,"0,255",True,790488,1698016,0.4655362493639636,False,False,1,1.0,False,,OK
000121,D:\Biology-AI\data\Task1_Segmentation\masks\000121_segmentation.png,True,3008,2000,L,2,"0,255",True,1519984,6016000,0.252656914893617,False,False,1,1.0,False,,OK
000122,D:\Biology-AI\data\Task1_Segmentation\masks\000122_segmentation.png,True,640,480,L,2,"0,255",True,17520,307200,0.05703125,False,False,1,1.0,False,,OK
000123,D:\Biology-AI\data\Task1_Segmentation\masks\000123_segmentation.png,True,3072,2304,L,2,"0,255",True,5163957,7077888,0.729590098063151,False,False,1,1.0,True,,OK
000124,D:\Biology-AI\data\Task1_Segmentation\masks\000124_segmentation.png,True,3024,2016,L,2,"0,255",True,509178,6096384,0.08352131361803981,False,False,1,1.0,False,,OK
000125,D:\Biology-AI\data\Task1_Segmentation\masks\000125_segmentation.png,True,1024,768,L,2,"0,255",True,208832,786432,0.2655436197916667,False,False,1,1.0,False,,OK
000126,D:\Biology-AI\data\Task1_Segmentation\masks\000126_segmentation.png,True,640,480,L,2,"0,255",True,72853,307200,0.23715169270833333,False,False,1,1.0,False,,OK
000127,D:\Biology-AI\data\Task1_Segmentation\masks\000127_segmentation.png,True,6620,4401,L,2,"0,255",True,7024297,29134620,0.24109794464455003,False,False,1,1.0,False,,OK
000128,D:\Biology-AI\data\Task1_Segmentation\masks\000128_segmentation.png,True,3872,2592,L,2,"0,255",True,122392,10036224,0.012195024742373228,False,False,1,1.0,False,,OK
000129,D:\Biology-AI\data\Task1_Segmentation\masks\000129_segmentation.png,True,767,576,L,2,"0,255",True,177091,441792,0.40084700492539477,False,False,1,1.0,False,,OK
000130,D:\Biology-AI\data\Task1_Segmentation\masks\000130_segmentation.png,True,3008,2000,L,2,"0,255",True,444346,6016000,0.07386070478723404,False,False,1,1.0,False,,OK
000131,D:\Biology-AI\data\Task1_Segmentation\masks\000131_segmentation.png,True,640,480,L,2,"0,255",True,35946,307200,0.11701171875,False,False,1,1.0,False,,OK
000132,D:\Biology-AI\data\Task1_Segmentation\masks\000132_segmentation.png,True,3072,2304,L,2,"0,255",True,1707461,7077888,0.24123877066153068,False,False,1,1.0,False,,OK
000133,D:\Biology-AI\data\Task1_Segmentation\masks\000133_segmentation.png,True,1024,768,L,2,"0,255",True,195227,786432,0.24824396769205728,False,False,1,1.0,False,,OK
000134,D:\Biology-AI\data\Task1_Segmentation\masks\000134_segmentation.png,True,3872,2592,L,2,"0,255",True,3959730,10036224,0.3945438045224977,False,False,1,1.0,False,,OK
000135,D:\Biology-AI\data\Task1_Segmentation\masks\000135_segmentation.png,True,3072,2304,L,2,"0,255",True,118182,7077888,0.016697353786892362,False,False,1,1.0,False,,OK
000136,D:\Biology-AI\data\Task1_Segmentation\masks\000136_segmentation.png,True,3072,2304,L,2,"0,255",True,321206,7077888,0.04538161666304977,False,False,1,1.0,False,,OK
000137,D:\Biology-AI\data\Task1_Segmentation\masks\000137_segmentation.png,True,3024,2016,L,2,"0,255",True,727793,6096384,0.11938109541656168,False,False,1,1.0,False,,OK
000138,D:\Biology-AI\data\Task1_Segmentation\masks\000138_segmentation.png,True,1024,768,L,2,"0,255",True,36699,786432,0.046665191650390625,False,False,1,1.0,False,,OK
000139,D:\Biology-AI\data\Task1_Segmentation\masks\000139_segmentation.png,True,3008,2000,L,2,"0,255",True,238729,6016000,0.039682347074468084,False,False,1,1.0,False,,OK
000140,D:\Biology-AI\data\Task1_Segmentation\masks\000140_segmentation.png,True,3872,2592,L,2,"0,255",True,306942,10036224,0.030583414638812367,False,False,1,1.0,False,,OK
000141,D:\Biology-AI\data\Task1_Segmentation\masks\000141_segmentation.png,True,3872,2592,L,2,"0,255",True,945753,10036224,0.09423394695056626,False,False,1,1.0,False,,OK
000142,D:\Biology-AI\data\Task1_Segmentation\masks\000142_segmentation.png,True,3008,2000,L,2,"0,255",True,361298,6016000,0.060056183510638295,False,False,1,1.0,False,,OK
000143,D:\Biology-AI\data\Task1_Segmentation\masks\000143_segmentation.png,True,767,576,L,2,"0,255",True,159735,441792,0.36156154932637985,False,False,1,1.0,False,,OK
000144,D:\Biology-AI\data\Task1_Segmentation\masks\000144_segmentation.png,True,6681,4420,L,2,"0,255",True,2307170,29530020,0.07812964569614243,False,False,1,1.0,False,,OK
000145,D:\Biology-AI\data\Task1_Segmentation\masks\000145_segmentation.png,True,3072,2304,L,2,"0,255",True,1079332,7077888,0.15249351218894677,False,False,1,1.0,False,,OK
000146,D:\Biology-AI\data\Task1_Segmentation\masks\000146_segmentation.png,True,1024,768,L,2,"0,255",True,293166,786432,0.37277984619140625,False,False,1,1.0,False,,OK
000147,D:\Biology-AI\data\Task1_Segmentation\masks\000147_segmentation.png,True,3008,2000,L,2,"0,255",True,37467,6016000,0.006227892287234043,False,False,1,1.0,False,,OK
000148,D:\Biology-AI\data\Task1_Segmentation\masks\000148_segmentation.png,True,6621,4420,L,2,"0,255",True,12513997,29264820,0.4276123003661051,False,False,1,1.0,False,,OK
000149,D:\Biology-AI\data\Task1_Segmentation\masks\000149_segmentation.png,True,2725,2082,L,2,"0,255",True,1316921,5673450,0.23211996228044665,False,False,1,1.0,False,,OK
000150,D:\Biology-AI\data\Task1_Segmentation\masks\000150_segmentation.png,True,1024,768,L,2,"0,255",True,567779,786432,0.7219683329264323,False,False,1,1.0,True,,OK
000151,D:\Biology-AI\data\Task1_Segmentation\masks\000151_segmentation.png,True,1024,768,L,2,"0,255",True,379083,786432,0.4820289611816406,False,False,1,1.0,False,,OK
000152,D:\Biology-AI\data\Task1_Segmentation\masks\000152_segmentation.png,True,640,480,L,2,"0,255",True,151072,307200,0.4917708333333333,False,False,1,1.0,False,,OK
000153,D:\Biology-AI\data\Task1_Segmentation\masks\000153_segmentation.png,True,3072,2304,L,2,"0,255",True,1729458,7077888,0.24434661865234375,False,False,1,1.0,False,,OK
000154,D:\Biology-AI\data\Task1_Segmentation\masks\000154_segmentation.png,True,1024,768,L,2,"0,255",True,383510,786432,0.48765818277994794,False,False,1,1.0,False,,OK
000155,D:\Biology-AI\data\Task1_Segmentation\masks\000155_segmentation.png,True,1022,767,L,2,"0,255",True,96534,783874,0.1231498939880644,False,False,1,1.0,False,,OK
000156,D:\Biology-AI\data\Task1_Segmentation\masks\000156_segmentation.png,True,4288,2848,L,2,"0,255",True,1135992,12212224,0.09302089447425792,False,False,1,1.0,False,,OK
000157,D:\Biology-AI\data\Task1_Segmentation\masks\000157_segmentation.png,True,6668,4439,L,2,"0,255",True,12084417,29599252,0.4082676481148916,False,False,1,1.0,True,,OK
000158,D:\Biology-AI\data\Task1_Segmentation\masks\000158_segmentation.png,True,4256,2848,L,2,"0,255",True,396814,12121088,0.03273749023189997,False,False,1,1.0,False,,OK
000159,D:\Biology-AI\data\Task1_Segmentation\masks\000159_segmentation.png,True,1024,768,L,2,"0,255",True,100298,786432,0.1275355021158854,False,False,1,1.0,False,,OK
000160,D:\Biology-AI\data\Task1_Segmentation\masks\000160_segmentation.png,True,2173,1863,L,2,"0,255",True,365690,4048299,0.09033176650242485,False,False,1,1.0,False,,OK
000161,D:\Biology-AI\data\Task1_Segmentation\masks\000161_segmentation.png,True,1024,768,L,2,"0,255",True,600281,786432,0.7632967631022135,False,False,1,1.0,True,,OK
000162,D:\Biology-AI\data\Task1_Segmentation\masks\000162_segmentation.png,True,640,480,L,2,"0,255",True,27233,307200,0.08864908854166667,False,False,1,1.0,False,,OK
000163,D:\Biology-AI\data\Task1_Segmentation\masks\000163_segmentation.png,True,3008,2000,L,2,"0,255",True,110262,6016000,0.018328125,False,False,1,1.0,False,,OK
000164,D:\Biology-AI\data\Task1_Segmentation\masks\000164_segmentation.png,True,6668,4439,L,2,"0,255",True,6285109,29599252,0.21234012940597283,False,False,1,1.0,False,,OK
000165,D:\Biology-AI\data\Task1_Segmentation\masks\000165_segmentation.png,True,3872,2592,L,2,"0,255",True,319811,10036224,0.03186566979772472,False,False,1,1.0,False,,OK
000166,D:\Biology-AI\data\Task1_Segmentation\masks\000166_segmentation.png,True,1024,768,L,2,"0,255",True,425212,786432,0.5406850179036459,False,False,1,1.0,True,,OK
000167,D:\Biology-AI\data\Task1_Segmentation\masks\000167_segmentation.png,True,640,480,L,2,"0,255",True,79624,307200,0.25919270833333335,False,False,1,1.0,False,,OK
000168,D:\Biology-AI\data\Task1_Segmentation\masks\000168_segmentation.png,True,640,480,L,2,"0,255",True,19918,307200,0.06483723958333333,False,False,1,1.0,False,,OK
000169,D:\Biology-AI\data\Task1_Segmentation\masks\000169_segmentation.png,True,4288,2848,L,2,"0,255",True,5375136,12212224,0.4401439082676505,False,False,1,1.0,False,,OK
000170,D:\Biology-AI\data\Task1_Segmentation\masks\000170_segmentation.png,True,6688,4479,L,2,"0,255",True,7741050,29955552,0.25841787191903526,False,False,1,1.0,False,,OK
000171,D:\Biology-AI\data\Task1_Segmentation\masks\000171_segmentation.png,True,6661,4422,L,2,"0,255",True,28535262,29454942,0.9687767166542036,False,False,1,1.0,False,,very_large_lesion
000172,D:\Biology-AI\data\Task1_Segmentation\masks\000172_segmentation.png,True,4288,2848,L,2,"0,255",True,2158269,12212224,0.1767302171987674,False,False,1,1.0,False,,OK
000173,D:\Biology-AI\data\Task1_Segmentation\masks\000173_segmentation.png,True,1024,768,L,2,"0,255",True,116195,786432,0.14774958292643228,False,False,1,1.0,False,,OK
000174,D:\Biology-AI\data\Task1_Segmentation\masks\000174_segmentation.png,True,4288,2848,L,2,"0,255",True,1091217,12212224,0.08935448612799765,False,False,1,1.0,False,,OK
000175,D:\Biology-AI\data\Task1_Segmentation\masks\000175_segmentation.png,True,1024,768,L,2,"0,255",True,53936,786432,0.06858317057291667,False,False,1,1.0,False,,OK
000176,D:\Biology-AI\data\Task1_Segmentation\masks\000176_segmentation.png,True,1024,768,L,2,"0,255",True,27273,786432,0.034679412841796875,False,False,1,1.0,False,,OK
000177,D:\Biology-AI\data\Task1_Segmentation\masks\000177_segmentation.png,True,640,480,L,2,"0,255",True,73856,307200,0.24041666666666667,False,False,1,1.0,False,,OK
000178,D:\Biology-AI\data\Task1_Segmentation\masks\000178_segmentation.png,True,6648,4419,L,2,"0,255",True,15118690,29377512,0.5146347995705014,False,False,1,1.0,False,,OK
000179,D:\Biology-AI\data\Task1_Segmentation\masks\000179_segmentation.png,True,767,576,L,2,"0,255",True,124702,441792,0.2822640518615095,False,False,1,1.0,False,,OK
000180,D:\Biology-AI\data\Task1_Segmentation\masks\000180_segmentation.png,True,3008,2000,L,2,"0,255",True,1637732,6016000,0.27222938829787235,False,False,1,1.0,False,,OK
000181,D:\Biology-AI\data\Task1_Segmentation\masks\000181_segmentation.png,True,6688,4439,L,2,"0,255",True,7383606,29688032,0.2487064821272087,False,False,1,1.0,False,,OK
000182,D:\Biology-AI\data\Task1_Segmentation\masks\000182_segmentation.png,True,6688,4439,L,2,"0,255",True,2817488,29688032,0.09490315828277199,False,False,1,1.0,False,,OK
000183,D:\Biology-AI\data\Task1_Segmentation\masks\000183_segmentation.png,True,3072,2304,L,2,"0,255",True,2923845,7077888,0.41309568617078996,False,False,1,1.0,False,,OK
000184,D:\Biology-AI\data\Task1_Segmentation\masks\000184_segmentation.png,True,1024,768,L,2,"0,255",True,269889,786432,0.3431816101074219,False,False,1,1.0,False,,OK
000185,D:\Biology-AI\data\Task1_Segmentation\masks\000185_segmentation.png,True,1024,768,L,2,"0,255",True,638025,786432,0.8112907409667969,False,False,1,1.0,True,,OK
000186,D:\Biology-AI\data\Task1_Segmentation\masks\000186_segmentation.png,True,1022,767,L,2,"0,255",True,181372,783874,0.2313790226490482,False,False,1,1.0,False,,OK
000187,D:\Biology-AI\data\Task1_Segmentation\masks\000187_segmentation.png,True,965,724,L,2,"0,255",True,266871,698660,0.38197549594938884,False,False,1,1.0,False,,OK
000188,D:\Biology-AI\data\Task1_Segmentation\masks\000188_segmentation.png,True,1024,768,L,2,"0,255",True,368687,786432,0.4688097635904948,False,False,1,1.0,True,,OK
000189,D:\Biology-AI\data\Task1_Segmentation\masks\000189_segmentation.png,True,3072,2304,L,2,"0,255",True,1494035,7077888,0.21108486034252025,False,False,1,1.0,False,,OK
000190,D:\Biology-AI\data\Task1_Segmentation\masks\000190_segmentation.png,True,3008,2000,L,2,"0,255",True,1749824,6016000,0.29086170212765955,False,False,1,1.0,False,,OK
000191,D:\Biology-AI\data\Task1_Segmentation\masks\000191_segmentation.png,True,1024,768,L,2,"0,255",True,311513,786432,0.39610926310221356,False,False,1,1.0,True,,OK
000192,D:\Biology-AI\data\Task1_Segmentation\masks\000192_segmentation.png,True,3008,2000,L,2,"0,255",True,628896,6016000,0.10453723404255319,False,False,1,1.0,False,,OK
000193,D:\Biology-AI\data\Task1_Segmentation\masks\000193_segmentation.png,True,6648,4459,L,2,"0,255",True,10750566,29643432,0.36266266335153097,False,False,1,1.0,False,,OK
000194,D:\Biology-AI\data\Task1_Segmentation\masks\000194_segmentation.png,True,1024,768,L,2,"0,255",True,212361,786432,0.2700309753417969,False,False,1,1.0,False,,OK
000195,D:\Biology-AI\data\Task1_Segmentation\masks\000195_segmentation.png,True,4288,2848,L,2,"0,255",True,357200,12212224,0.029249381603219857,False,False,1,1.0,False,,OK
000196,D:\Biology-AI\data\Task1_Segmentation\masks\000196_segmentation.png,True,3008,2000,L,2,"0,255",True,148425,6016000,0.024671708776595743,False,False,1,1.0,False,,OK
000197,D:\Biology-AI\data\Task1_Segmentation\masks\000197_segmentation.png,True,6620,4420,L,2,"0,255",True,4263431,29260400,0.14570651802436058,False,False,1,1.0,False,,OK
000198,D:\Biology-AI\data\Task1_Segmentation\masks\000198_segmentation.png,True,640,480,L,2,"0,255",True,182214,307200,0.59314453125,False,False,1,1.0,False,,OK
000199,D:\Biology-AI\data\Task1_Segmentation\masks\000199_segmentation.png,True,640,480,L,2,"0,255",True,150206,307200,0.48895182291666667,False,False,1,1.0,False,,OK
000200,D:\Biology-AI\data\Task1_Segmentation\masks\000200_segmentation.png,True,3008,2000,L,2,"0,255",True,310269,6016000,0.05157396941489362,False,False,1,1.0,False,,OK
000201,D:\Biology-AI\data\Task1_Segmentation\masks\000201_segmentation.png,True,1300,1212,L,2,"0,255",True,135980,1575600,0.0863036303630363,False,False,1,1.0,False,,OK
000202,D:\Biology-AI\data\Task1_Segmentation\masks\000202_segmentation.png,True,3008,2000,L,2,"0,255",True,166701,6016000,0.027709607712765958,False,False,1,1.0,False,,OK
000203,D:\Biology-AI\data\Task1_Segmentation\masks\000203_segmentation.png,True,3872,2592,L,2,"0,255",True,1741730,10036224,0.1735443529359249,False,False,1,1.0,False,,OK
000204,D:\Biology-AI\data\Task1_Segmentation\masks\000204_segmentation.png,True,919,802,L,2,"0,255",True,382993,737038,0.5196380647944883,False,False,1,1.0,False,,OK
000205,D:\Biology-AI\data\Task1_Segmentation\masks\000205_segmentation.png,True,3872,2592,L,2,"0,255",True,677337,10036224,0.06748922702402817,False,False,1,1.0,False,,OK
000206,D:\Biology-AI\data\Task1_Segmentation\masks\000206_segmentation.png,True,2272,1704,L,2,"0,255",True,1493566,3871488,0.3857860336904053,False,False,1,1.0,False,,OK
000207,D:\Biology-AI\data\Task1_Segmentation\masks\000207_segmentation.png,True,4288,2848,L,2,"0,255",True,3387571,12212224,0.2773918165929482,False,False,1,1.0,False,,OK
000208,D:\Biology-AI\data\Task1_Segmentation\masks\000208_segmentation.png,True,2048,1536,L,2,"0,255",True,649656,3145728,0.20652008056640625,False,False,1,1.0,False,,OK
000209,D:\Biology-AI\data\Task1_Segmentation\masks\000209_segmentation.png,True,1024,768,L,2,"0,255",True,167697,786432,0.21323776245117188,False,False,1,1.0,False,,OK
000210,D:\Biology-AI\data\Task1_Segmentation\masks\000210_segmentation.png,True,4288,2848,L,2,"0,255",True,455922,12212224,0.037333249046201576,False,False,1,1.0,False,,OK
000211,D:\Biology-AI\data\Task1_Segmentation\masks\000211_segmentation.png,True,2592,1936,L,2,"0,255",True,4381001,5018112,0.8730377082057953,False,False,1,1.0,True,,OK
000212,D:\Biology-AI\data\Task1_Segmentation\masks\000212_segmentation.png,True,3008,2000,L,2,"0,255",True,48081,6016000,0.0079921875,False,False,1,1.0,False,,OK
000213,D:\Biology-AI\data\Task1_Segmentation\masks\000213_segmentation.png,True,1504,1129,L,2,"0,255",True,101028,1698016,0.05949767257787913,False,False,1,1.0,False,,OK
000214,D:\Biology-AI\data\Task1_Segmentation\masks\000214_segmentation.png,True,6648,4419,L,2,"0,255",True,2766277,29377512,0.0941630795691616,False,False,1,1.0,False,,OK
000215,D:\Biology-AI\data\Task1_Segmentation\masks\000215_segmentation.png,True,3072,2304,L,2,"0,255",True,4318286,7077888,0.6101093998661747,False,False,1,1.0,True,,OK
000216,D:\Biology-AI\data\Task1_Segmentation\masks\000216_segmentation.png,True,3072,2304,L,2,"0,255",True,1278899,7077888,0.18068935253002025,False,False,1,1.0,False,,OK
000217,D:\Biology-AI\data\Task1_Segmentation\masks\000217_segmentation.png,True,6622,4441,L,2,"0,255",True,15108847,29408302,0.5137612841435047,False,False,1,1.0,False,,OK
000218,D:\Biology-AI\data\Task1_Segmentation\masks\000218_segmentation.png,True,1057,707,L,2,"0,255",True,306854,747299,0.4106174369295289,False,False,1,1.0,False,,OK
000219,D:\Biology-AI\data\Task1_Segmentation\masks\000219_segmentation.png,True,5184,3456,L,2,"0,255",True,534816,17915904,0.029851466049382717,False,False,1,1.0,False,,OK
000220,D:\Biology-AI\data\Task1_Segmentation\masks\000220_segmentation.png,True,3872,2592,L,2,"0,255",True,48124,10036224,0.004795030481583512,False,False,1,1.0,False,,very_small_lesion
000221,D:\Biology-AI\data\Task1_Segmentation\masks\000221_segmentation.png,True,4288,2848,L,2,"0,255",True,907406,12212224,0.07430309172186819,False,False,1,1.0,False,,OK
000222,D:\Biology-AI\data\Task1_Segmentation\masks\000222_segmentation.png,True,1024,768,L,2,"0,255",True,56312,786432,0.07160441080729167,False,False,1,1.0,False,,OK
000223,D:\Biology-AI\data\Task1_Segmentation\masks\000223_segmentation.png,True,3008,2000,L,2,"0,255",True,62654,6016000,0.010414561170212767,False,False,1,1.0,False,,OK
000224,D:\Biology-AI\data\Task1_Segmentation\masks\000224_segmentation.png,True,3072,2304,L,2,"0,255",True,1075022,7077888,0.15188457347728587,False,False,1,1.0,False,,OK
000225,D:\Biology-AI\data\Task1_Segmentation\masks\000225_segmentation.png,True,4288,2848,L,2,"0,255",True,3549515,12212224,0.29065262805529934,False,False,1,1.0,False,,OK
000226,D:\Biology-AI\data\Task1_Segmentation\masks\000226_segmentation.png,True,3008,2000,L,2,"0,255",True,188228,6016000,0.03128789893617021,False,False,1,1.0,False,,OK
000227,D:\Biology-AI\data\Task1_Segmentation\masks\000227_segmentation.png,True,4288,2848,L,2,"0,255",True,288032,12212224,0.02358554838168707,False,False,1,1.0,False,,OK
000228,D:\Biology-AI\data\Task1_Segmentation\masks\000228_segmentation.png,True,3008,2000,L,2,"0,255",True,133981,6016000,0.022270777925531914,False,False,1,1.0,False,,OK
000229,D:\Biology-AI\data\Task1_Segmentation\masks\000229_segmentation.png,True,6661,4420,L,2,"0,255",True,28033536,29441620,0.9521736915292025,False,False,1,1.0,True,,very_large_lesion
000230,D:\Biology-AI\data\Task1_Segmentation\masks\000230_segmentation.png,True,6688,4439,L,2,"0,255",True,7465672,29688032,0.2514707610123837,False,False,1,1.0,False,,OK
000231,D:\Biology-AI\data\Task1_Segmentation\masks\000231_segmentation.png,True,4288,2848,L,2,"0,255",True,247725,12212224,0.020285002960967635,False,False,1,1.0,False,,OK
000232,D:\Biology-AI\data\Task1_Segmentation\masks\000232_segmentation.png,True,1504,1129,L,2,"0,255",True,456060,1698016,0.2685840416109153,False,False,1,1.0,False,,OK
000233,D:\Biology-AI\data\Task1_Segmentation\masks\000233_segmentation.png,True,1024,768,L,2,"0,255",True,121163,786432,0.15406672159830728,False,False,1,1.0,False,,OK
000234,D:\Biology-AI\data\Task1_Segmentation\masks\000234_segmentation.png,True,4288,2848,L,2,"0,255",True,1892323,12212224,0.15495318461240148,False,False,1,1.0,False,,OK
000235,D:\Biology-AI\data\Task1_Segmentation\masks\000235_segmentation.png,True,3008,2000,L,2,"0,255",True,53676,6016000,0.00892220744680851,False,False,1,1.0,False,,OK
000236,D:\Biology-AI\data\Task1_Segmentation\masks\000236_segmentation.png,True,2048,1536,L,2,"0,255",True,151992,3145728,0.04831695556640625,False,False,1,1.0,False,,OK
000237,D:\Biology-AI\data\Task1_Segmentation\masks\000237_segmentation.png,True,919,802,L,2,"0,255",True,194504,737038,0.26389955470409937,False,False,1,1.0,False,,OK
000238,D:\Biology-AI\data\Task1_Segmentation\masks\000238_segmentation.png,True,2592,1936,L,2,"0,255",True,229797,5018112,0.04579351756198347,False,False,1,1.0,False,,OK
000239,D:\Biology-AI\data\Task1_Segmentation\masks\000239_segmentation.png,True,3008,2000,L,2,"0,255",True,231287,6016000,0.0384453125,False,False,1,1.0,False,,OK
000240,D:\Biology-AI\data\Task1_Segmentation\masks\000240_segmentation.png,True,3072,2304,L,2,"0,255",True,552510,7077888,0.07806142171223958,False,False,1,1.0,False,,OK
000241,D:\Biology-AI\data\Task1_Segmentation\masks\000241_segmentation.png,True,3872,2592,L,2,"0,255",True,8774854,10036224,0.8743182695005611,False,False,1,1.0,True,,OK
000242,D:\Biology-AI\data\Task1_Segmentation\masks\000242_segmentation.png,True,1024,768,L,2,"0,255",True,158875,786432,0.20202000935872397,False,False,1,1.0,False,,OK
000243,D:\Biology-AI\data\Task1_Segmentation\masks\000243_segmentation.png,True,1504,1129,L,2,"0,255",True,565139,1698016,0.33282313005295594,False,False,1,1.0,False,,OK
000244,D:\Biology-AI\data\Task1_Segmentation\masks\000244_segmentation.png,True,640,480,L,2,"0,255",True,56545,307200,0.18406575520833332,False,False,1,1.0,False,,OK
000245,D:\Biology-AI\data\Task1_Segmentation\masks\000245_segmentation.png,True,1024,768,L,2,"0,255",True,212933,786432,0.27075831095377606,False,False,1,1.0,False,,OK
000246,D:\Biology-AI\data\Task1_Segmentation\masks\000246_segmentation.png,True,3008,2000,L,2,"0,255",True,81239,6016000,0.013503823138297873,False,False,1,1.0,False,,OK
000247,D:\Biology-AI\data\Task1_Segmentation\masks\000247_segmentation.png,True,3872,2592,L,2,"0,255",True,7815575,10036224,0.7787366045237731,False,False,1,1.0,True,,OK
000248,D:\Biology-AI\data\Task1_Segmentation\masks\000248_segmentation.png,True,1024,768,L,2,"0,255",True,248937,786432,0.3165397644042969,False,False,1,1.0,False,,OK
000249,D:\Biology-AI\data\Task1_Segmentation\masks\000249_segmentation.png,True,919,802,L,2,"0,255",True,368326,737038,0.49973814104564485,False,False,1,1.0,True,,OK
000250,D:\Biology-AI\data\Task1_Segmentation\masks\000250_segmentation.png,True,3008,2000,L,2,"0,255",True,168917,6016000,0.028077958776595746,False,False,1,1.0,False,,OK
000251,D:\Biology-AI\data\Task1_Segmentation\masks\000251_segmentation.png,True,6688,4459,L,2,"0,255",True,10583193,29821792,0.3548811888970321,False,False,1,1.0,False,,OK
000252,D:\Biology-AI\data\Task1_Segmentation\masks\000252_segmentation.png,True,1504,1129,L,2,"0,255",True,216375,1698016,0.12742812788572075,False,False,1,1.0,False,,OK
000253,D:\Biology-AI\data\Task1_Segmentation\masks\000253_segmentation.png,True,1024,768,L,2,"0,255",True,104078,786432,0.1323420206705729,False,False,1,1.0,False,,OK
000254,D:\Biology-AI\data\Task1_Segmentation\masks\000254_segmentation.png,True,3008,2000,L,2,"0,255",True,121204,6016000,0.020146941489361702,False,False,1,1.0,False,,OK
000255,D:\Biology-AI\data\Task1_Segmentation\masks\000255_segmentation.png,True,3008,2000,L,2,"0,255",True,142222,6016000,0.023640625,False,False,1,1.0,False,,OK
000256,D:\Biology-AI\data\Task1_Segmentation\masks\000256_segmentation.png,True,2592,1936,L,2,"0,255",True,1218721,5018112,0.2428644478242016,False,False,1,1.0,False,,OK
000257,D:\Biology-AI\data\Task1_Segmentation\masks\000257_segmentation.png,True,1024,768,L,2,"0,255",True,72593,786432,0.09230677286783855,False,False,1,1.0,False,,OK
000258,D:\Biology-AI\data\Task1_Segmentation\masks\000258_segmentation.png,True,1024,768,L,2,"0,255",True,255415,786432,0.32477696736653644,False,False,1,1.0,False,,OK
000259,D:\Biology-AI\data\Task1_Segmentation\masks\000259_segmentation.png,True,2304,1536,L,2,"0,255",True,357822,3538944,0.10110982259114583,False,False,1,1.0,False,,OK
000260,D:\Biology-AI\data\Task1_Segmentation\masks\000260_segmentation.png,True,4288,2848,L,2,"0,255",True,275436,12212224,0.02255412281988932,False,False,1,1.0,False,,OK
000261,D:\Biology-AI\data\Task1_Segmentation\masks\000261_segmentation.png,True,6688,4439,L,2,"0,255",True,1324432,29688032,0.044611646875077474,False,False,1,1.0,False,,OK
000262,D:\Biology-AI\data\Task1_Segmentation\masks\000262_segmentation.png,True,3008,2000,L,2,"0,255",True,1062006,6016000,0.17653025265957448,False,False,1,1.0,False,,OK
000263,D:\Biology-AI\data\Task1_Segmentation\masks\000263_segmentation.png,True,6641,4400,L,2,"0,255",True,2666760,29220400,0.09126363773254302,False,False,1,1.0,False,,OK
000264,D:\Biology-AI\data\Task1_Segmentation\masks\000264_segmentation.png,True,640,480,L,2,"0,255",True,175195,307200,0.5702962239583333,False,False,1,1.0,True,,OK
000265,D:\Biology-AI\data\Task1_Segmentation\masks\000265_segmentation.png,True,4288,2848,L,2,"0,255",True,1032691,12212224,0.08456207485221365,False,False,1,1.0,False,,OK
000266,D:\Biology-AI\data\Task1_Segmentation\masks\000266_segmentation.png,True,4288,2848,L,2,"0,255",True,2080169,12212224,0.1703349856668204,False,False,1,1.0,False,,OK
000267,D:\Biology-AI\data\Task1_Segmentation\masks\000267_segmentation.png,True,1024,768,L,2,"0,255",True,294731,786432,0.3747698465983073,False,False,1,1.0,True,,OK
000268,D:\Biology-AI\data\Task1_Segmentation\masks\000268_segmentation.png,True,2304,1536,L,2,"0,255",True,247386,3538944,0.0699039035373264,False,False,1,1.0,False,,OK
000269,D:\Biology-AI\data\Task1_Segmentation\masks\000269_segmentation.png,True,4288,2848,L,2,"0,255",True,6621784,12212224,0.542225887766225,False,False,1,1.0,False,,OK
000270,D:\Biology-AI\data\Task1_Segmentation\masks\000270_segmentation.png,True,3024,2016,L,2,"0,255",True,397939,6096384,0.06527459556353406,False,False,1,1.0,False,,OK
000271,D:\Biology-AI\data\Task1_Segmentation\masks\000271_segmentation.png,True,3072,2304,L,2,"0,255",True,738290,7077888,0.10430936460141782,False,False,1,1.0,False,,OK
000272,D:\Biology-AI\data\Task1_Segmentation\masks\000272_segmentation.png,True,2048,1536,L,2,"0,255",True,988194,3145728,0.31413841247558594,False,False,1,1.0,False,,OK
000273,D:\Biology-AI\data\Task1_Segmentation\masks\000273_segmentation.png,True,640,480,L,2,"0,255",True,15472,307200,0.05036458333333333,False,False,1,1.0,False,,OK
000274,D:\Biology-AI\data\Task1_Segmentation\masks\000274_segmentation.png,True,1024,768,L,2,"0,255",True,247001,786432,0.31407801310221356,False,False,1,1.0,False,,OK
000275,D:\Biology-AI\data\Task1_Segmentation\masks\000275_segmentation.png,True,3072,2304,L,2,"0,255",True,223152,7077888,0.03152804904513889,False,False,1,1.0,False,,OK
000276,D:\Biology-AI\data\Task1_Segmentation\masks\000276_segmentation.png,True,962,674,L,2,"0,255",True,82639,648388,0.12745300653312522,False,False,1,1.0,False,,OK
000277,D:\Biology-AI\data\Task1_Segmentation\masks\000277_segmentation.png,True,3872,2592,L,2,"0,255",True,808964,10036224,0.08060441855422916,False,False,1,1.0,False,,OK
000278,D:\Biology-AI\data\Task1_Segmentation\masks\000278_segmentation.png,True,3872,2592,L,2,"0,255",True,43444,10036224,0.004328719645954495,False,False,1,1.0,False,,very_small_lesion
000279,D:\Biology-AI\data\Task1_Segmentation\masks\000279_segmentation.png,True,3072,2304,L,2,"0,255",True,3698911,7077888,0.5226009510181568,False,False,1,1.0,False,,OK
000280,D:\Biology-AI\data\Task1_Segmentation\masks\000280_segmentation.png,True,3072,2304,L,2,"0,255",True,1290877,7077888,0.18238166526511865,False,False,1,1.0,False,,OK
000281,D:\Biology-AI\data\Task1_Segmentation\masks\000281_segmentation.png,True,6668,4419,L,2,"0,255",True,2933138,29465892,0.09954349931099998,False,False,1,1.0,False,,OK
000282,D:\Biology-AI\data\Task1_Segmentation\masks\000282_segmentation.png,True,3872,2592,L,2,"0,255",True,615962,10036224,0.061373879259769414,False,False,1,1.0,False,,OK
000283,D:\Biology-AI\data\Task1_Segmentation\masks\000283_segmentation.png,True,4288,2848,L,2,"0,255",True,273727,12212224,0.022414181069721616,False,False,1,1.0,False,,OK
000284,D:\Biology-AI\data\Task1_Segmentation\masks\000284_segmentation.png,True,3072,2304,L,2,"0,255",True,3028043,7077888,0.4278173093442564,False,False,1,1.0,False,,OK
000285,D:\Biology-AI\data\Task1_Segmentation\masks\000285_segmentation.png,True,3072,2304,L,2,"0,255",True,2749432,7077888,0.3884537308304398,False,False,1,1.0,True,,OK
000286,D:\Biology-AI\data\Task1_Segmentation\masks\000286_segmentation.png,True,6668,4479,L,2,"0,255",True,13579139,29865972,0.4546692469945395,False,False,1,1.0,True,,OK
000287,D:\Biology-AI\data\Task1_Segmentation\masks\000287_segmentation.png,True,2048,1536,L,2,"0,255",True,712248,3145728,0.22641754150390625,False,False,1,1.0,False,,OK
000288,D:\Biology-AI\data\Task1_Segmentation\masks\000288_segmentation.png,True,1024,768,L,2,"0,255",True,284611,786432,0.36190160115559894,False,False,1,1.0,False,,OK
000289,D:\Biology-AI\data\Task1_Segmentation\masks\000289_segmentation.png,True,4288,2848,L,2,"0,255",True,338605,12212224,0.02772672692541506,False,False,1,1.0,False,,OK
000290,D:\Biology-AI\data\Task1_Segmentation\masks\000290_segmentation.png,True,1024,768,L,2,"0,255",True,219126,786432,0.27863311767578125,False,False,1,1.0,False,,OK
000291,D:\Biology-AI\data\Task1_Segmentation\masks\000291_segmentation.png,True,2048,1536,L,2,"0,255",True,387423,3145728,0.12315845489501953,False,False,1,1.0,False,,OK
000292,D:\Biology-AI\data\Task1_Segmentation\masks\000292_segmentation.png,True,4288,2848,L,2,"0,255",True,255506,12212224,0.020922151444323328,False,False,1,1.0,False,,OK
000293,D:\Biology-AI\data\Task1_Segmentation\masks\000293_segmentation.png,True,2304,1536,L,2,"0,255",True,89064,3538944,0.025166829427083332,False,False,1,1.0,False,,OK
000294,D:\Biology-AI\data\Task1_Segmentation\masks\000294_segmentation.png,True,3008,2000,L,2,"0,255",True,136270,6016000,0.02265126329787234,False,False,1,1.0,False,,OK
000295,D:\Biology-AI\data\Task1_Segmentation\masks\000295_segmentation.png,True,1019,717,L,2,"0,255",True,140533,730623,0.19234680539758534,False,False,1,1.0,False,,OK
000296,D:\Biology-AI\data\Task1_Segmentation\masks\000296_segmentation.png,True,3024,2016,L,2,"0,255",True,339049,6096384,0.055614770985554715,False,False,1,1.0,False,,OK
000297,D:\Biology-AI\data\Task1_Segmentation\masks\000297_segmentation.png,True,1024,768,L,2,"0,255",True,70108,786432,0.08914693196614583,False,False,1,1.0,False,,OK
000298,D:\Biology-AI\data\Task1_Segmentation\masks\000298_segmentation.png,True,4288,2848,L,2,"0,255",True,7279456,12212224,0.5960794692268993,False,False,1,1.0,True,,OK
000299,D:\Biology-AI\data\Task1_Segmentation\masks\000299_segmentation.png,True,6688,4459,L,2,"0,255",True,4403818,29821792,0.14767113927962477,False,False,1,1.0,False,,OK
000300,D:\Biology-AI\data\Task1_Segmentation\masks\000300_segmentation.png,True,1024,768,L,2,"0,255",True,190742,786432,0.2425409952799479,False,False,1,1.0,False,,OK
000301,D:\Biology-AI\data\Task1_Segmentation\masks\000301_segmentation.png,True,640,480,L,2,"0,255",True,240638,307200,0.7833268229166667,False,False,1,1.0,True,,OK
000302,D:\Biology-AI\data\Task1_Segmentation\masks\000302_segmentation.png,True,3072,2304,L,2,"0,255",True,811287,7077888,0.1146227518717448,False,False,1,1.0,False,,OK
000303,D:\Biology-AI\data\Task1_Segmentation\masks\000303_segmentation.png,True,3008,2000,L,2,"0,255",True,1558295,6016000,0.25902509973404253,False,False,1,1.0,False,,OK
000304,D:\Biology-AI\data\Task1_Segmentation\masks\000304_segmentation.png,True,6688,4479,L,2,"0,255",True,9264897,29955552,0.30928814131016513,False,False,1,1.0,False,,OK
000305,D:\Biology-AI\data\Task1_Segmentation\masks\000305_segmentation.png,True,3008,2000,L,2,"0,255",True,3833596,6016000,0.6372333776595744,False,False,1,1.0,True,,OK
000306,D:\Biology-AI\data\Task1_Segmentation\masks\000306_segmentation.png,True,3024,2016,L,2,"0,255",True,785419,6096384,0.12883358397371295,False,False,1,1.0,False,,OK
000307,D:\Biology-AI\data\Task1_Segmentation\masks\000307_segmentation.png,True,1024,768,L,2,"0,255",True,106934,786432,0.1359736124674479,False,False,1,1.0,False,,OK
000308,D:\Biology-AI\data\Task1_Segmentation\masks\000308_segmentation.png,True,2448,2448,L,2,"0,255",True,98480,5992704,0.016433316245888334,False,False,1,1.0,False,,OK
000309,D:\Biology-AI\data\Task1_Segmentation\masks\000309_segmentation.png,True,2304,1536,L,2,"0,255",True,125919,3538944,0.035580952962239586,False,False,1,1.0,False,,OK
000310,D:\Biology-AI\data\Task1_Segmentation\masks\000310_segmentation.png,True,1024,768,L,2,"0,255",True,185801,786432,0.23625818888346353,False,False,1,1.0,False,,OK
000311,D:\Biology-AI\data\Task1_Segmentation\masks\000311_segmentation.png,True,6608,4399,L,2,"0,255",True,10239161,29068592,0.3522413813507032,False,False,1,1.0,True,,OK
000312,D:\Biology-AI\data\Task1_Segmentation\masks\000312_segmentation.png,True,4288,2848,L,2,"0,255",True,444589,12212224,0.036405244450150934,False,False,1,1.0,False,,OK
000313,D:\Biology-AI\data\Task1_Segmentation\masks\000313_segmentation.png,True,2304,1536,L,2,"0,255",True,45360,3538944,0.0128173828125,False,False,1,1.0,False,,OK
000314,D:\Biology-AI\data\Task1_Segmentation\masks\000314_segmentation.png,True,640,480,L,2,"0,255",True,48319,307200,0.15728841145833333,False,False,1,1.0,False,,OK
000315,D:\Biology-AI\data\Task1_Segmentation\masks\000315_segmentation.png,True,4288,2848,L,2,"0,255",True,1197211,12212224,0.09803382250440215,False,False,1,1.0,False,,OK
000316,D:\Biology-AI\data\Task1_Segmentation\masks\000316_segmentation.png,True,6668,4459,L,2,"0,255",True,25801297,29732612,0.8677776779248322,False,False,1,1.0,False,,OK
000317,D:\Biology-AI\data\Task1_Segmentation\masks\000317_segmentation.png,True,1504,1129,L,2,"0,255",True,190555,1698016,0.11222214631664248,False,False,1,1.0,False,,OK
000318,D:\Biology-AI\data\Task1_Segmentation\masks\000318_segmentation.png,True,1024,768,L,2,"0,255",True,287225,786432,0.36522547403971356,False,False,1,1.0,False,,OK
000319,D:\Biology-AI\data\Task1_Segmentation\masks\000319_segmentation.png,True,3072,2304,L,2,"0,255",True,1401502,7077888,0.19801132767288773,False,False,1,1.0,False,,OK
000320,D:\Biology-AI\data\Task1_Segmentation\masks\000320_segmentation.png,True,3024,2016,L,2,"0,255",True,1138775,6096384,0.18679515594818175,False,False,1,1.0,False,,OK
000321,D:\Biology-AI\data\Task1_Segmentation\masks\000321_segmentation.png,True,4288,2848,L,2,"0,255",True,1426583,12212224,0.11681598699794567,False,False,1,1.0,False,,OK
000322,D:\Biology-AI\data\Task1_Segmentation\masks\000322_segmentation.png,True,3072,2304,L,2,"0,255",True,4394590,7077888,0.6208900169089988,False,False,1,1.0,True,,OK
000323,D:\Biology-AI\data\Task1_Segmentation\masks\000323_segmentation.png,True,3072,2304,L,2,"0,255",True,1545886,7077888,0.21841063322844328,False,False,1,1.0,False,,OK
000324,D:\Biology-AI\data\Task1_Segmentation\masks\000324_segmentation.png,True,3008,2000,L,2,"0,255",True,582047,6016000,0.09674983377659574,False,False,1,1.0,False,,OK
000325,D:\Biology-AI\data\Task1_Segmentation\masks\000325_segmentation.png,True,6640,4441,L,2,"0,255",True,8019976,29488240,0.2719720132500278,False,False,1,1.0,False,,OK
000326,D:\Biology-AI\data\Task1_Segmentation\masks\000326_segmentation.png,True,6688,4439,L,2,"0,255",True,21587336,29688032,0.7271393401893396,False,False,1,1.0,False,,OK
000327,D:\Biology-AI\data\Task1_Segmentation\masks\000327_segmentation.png,True,3872,2592,L,2,"0,255",True,182447,10036224,0.01817884893760841,False,False,1,1.0,False,,OK
000328,D:\Biology-AI\data\Task1_Segmentation\masks\000328_segmentation.png,True,3008,2000,L,2,"0,255",True,400251,6016000,0.06653108377659575,False,False,1,1.0,False,,OK
000329,D:\Biology-AI\data\Task1_Segmentation\masks\000329_segmentation.png,True,6688,4439,L,2,"0,255",True,4847030,29688032,0.16326545323044653,False,False,1,1.0,False,,OK
000330,D:\Biology-AI\data\Task1_Segmentation\masks\000330_segmentation.png,True,4288,2848,L,2,"0,255",True,2337756,12212224,0.1914275401433842,False,False,1,1.0,False,,OK
000331,D:\Biology-AI\data\Task1_Segmentation\masks\000331_segmentation.png,True,3072,2304,L,2,"0,255",True,1213238,7077888,0.17141243263527198,False,False,1,1.0,False,,OK
000332,D:\Biology-AI\data\Task1_Segmentation\masks\000332_segmentation.png,True,3072,2304,L,2,"0,255",True,756935,7077888,0.10694362499095776,False,False,1,1.0,False,,OK
000333,D:\Biology-AI\data\Task1_Segmentation\masks\000333_segmentation.png,True,1024,768,L,2,"0,255",True,476441,786432,0.6058260599772135,False,False,1,1.0,False,,OK
000334,D:\Biology-AI\data\Task1_Segmentation\masks\000334_segmentation.png,True,919,802,L,2,"0,255",True,220002,737038,0.29849478588620937,False,False,1,1.0,False,,OK
000335,D:\Biology-AI\data\Task1_Segmentation\masks\000335_segmentation.png,True,3072,2304,L,2,"0,255",True,1367026,7077888,0.19314038311993634,False,False,1,1.0,False,,OK
000336,D:\Biology-AI\data\Task1_Segmentation\masks\000336_segmentation.png,True,1024,768,L,2,"0,255",True,153509,786432,0.19519678751627603,False,False,1,1.0,False,,OK
000337,D:\Biology-AI\data\Task1_Segmentation\masks\000337_segmentation.png,True,640,480,L,2,"0,255",True,17819,307200,0.05800455729166667,False,False,1,1.0,False,,OK
000338,D:\Biology-AI\data\Task1_Segmentation\masks\000338_segmentation.png,True,1024,768,L,2,"0,255",True,49439,786432,0.0628649393717448,False,False,1,1.0,False,,OK
000339,D:\Biology-AI\data\Task1_Segmentation\masks\000339_segmentation.png,True,640,480,L,2,"0,255",True,122559,307200,0.398955078125,False,False,1,1.0,False,,OK
000340,D:\Biology-AI\data\Task1_Segmentation\masks\000340_segmentation.png,True,3008,2000,L,2,"0,255",True,71575,6016000,0.011897440159574469,False,False,1,1.0,False,,OK
000341,D:\Biology-AI\data\Task1_Segmentation\masks\000341_segmentation.png,True,3072,2304,L,2,"0,255",True,499919,7077888,0.07063109786422164,False,False,1,1.0,False,,OK
000342,D:\Biology-AI\data\Task1_Segmentation\masks\000342_segmentation.png,True,3024,2016,L,2,"0,255",True,450791,6096384,0.07394399696607037,False,False,1,1.0,False,,OK
000343,D:\Biology-AI\data\Task1_Segmentation\masks\000343_segmentation.png,True,4288,2848,L,2,"0,255",True,7115859,12212224,0.5826833015837246,False,False,1,1.0,False,,OK
000344,D:\Biology-AI\data\Task1_Segmentation\masks\000344_segmentation.png,True,1024,768,L,2,"0,255",True,208290,786432,0.26485443115234375,False,False,1,1.0,False,,OK
000345,D:\Biology-AI\data\Task1_Segmentation\masks\000345_segmentation.png,True,6688,4419,L,2,"0,255",True,4188498,29554272,0.14172225253932833,False,False,1,1.0,False,,OK
000346,D:\Biology-AI\data\Task1_Segmentation\masks\000346_segmentation.png,True,957,723,L,2,"0,255",True,69062,691911,0.0998134153091944,False,False,1,1.0,False,,OK
000347,D:\Biology-AI\data\Task1_Segmentation\masks\000347_segmentation.png,True,640,480,L,2,"0,255",True,85103,307200,0.2770279947916667,False,False,1,1.0,False,,OK
000348,D:\Biology-AI\data\Task1_Segmentation\masks\000348_segmentation.png,True,2597,2185,L,2,"0,255",True,2180844,5674445,0.3843272778218839,False,False,1,1.0,False,,OK
000349,D:\Biology-AI\data\Task1_Segmentation\masks\000349_segmentation.png,True,6642,4422,L,2,"0,255",True,2160493,29370924,0.07355890471814915,False,False,1,1.0,False,,OK
000350,D:\Biology-AI\data\Task1_Segmentation\masks\000350_segmentation.png,True,1024,768,L,2,"0,255",True,160933,786432,0.20463689168294272,False,False,1,1.0,False,,OK
000351,D:\Biology-AI\data\Task1_Segmentation\masks\000351_segmentation.png,True,1024,768,L,2,"0,255",True,91116,786432,0.1158599853515625,False,False,1,1.0,False,,OK
000352,D:\Biology-AI\data\Task1_Segmentation\masks\000352_segmentation.png,True,3008,2000,L,2,"0,255",True,169369,6016000,0.02815309175531915,False,False,1,1.0,False,,OK
000353,D:\Biology-AI\data\Task1_Segmentation\masks\000353_segmentation.png,True,6688,4419,L,2,"0,255",True,3874576,29554272,0.13110037019352058,False,False,1,1.0,False,,OK
000354,D:\Biology-AI\data\Task1_Segmentation\masks\000354_segmentation.png,True,640,480,L,2,"0,255",True,230054,307200,0.7488736979166667,False,False,1,1.0,False,,OK
000355,D:\Biology-AI\data\Task1_Segmentation\masks\000355_segmentation.png,True,1024,768,L,2,"0,255",True,655226,786432,0.8331629435221354,False,False,1,1.0,False,,OK
000356,D:\Biology-AI\data\Task1_Segmentation\masks\000356_segmentation.png,True,3008,2000,L,2,"0,255",True,789296,6016000,0.13119946808510638,False,False,1,1.0,False,,OK
000357,D:\Biology-AI\data\Task1_Segmentation\masks\000357_segmentation.png,True,3072,2304,L,2,"0,255",True,1968675,7077888,0.2781444125705295,False,False,1,1.0,False,,OK
000358,D:\Biology-AI\data\Task1_Segmentation\masks\000358_segmentation.png,True,1024,768,L,2,"0,255",True,318386,786432,0.40484873453776044,False,False,1,1.0,False,,OK
000359,D:\Biology-AI\data\Task1_Segmentation\masks\000359_segmentation.png,True,1504,1129,L,2,"0,255",True,725578,1698016,0.42730928330475093,False,False,1,1.0,False,,OK
000360,D:\Biology-AI\data\Task1_Segmentation\masks\000360_segmentation.png,True,4288,2848,L,2,"0,255",True,1718112,12212224,0.14068788780815025,False,False,1,1.0,False,,OK
000361,D:\Biology-AI\data\Task1_Segmentation\masks\000361_segmentation.png,True,640,480,L,2,"0,255",True,141409,307200,0.46031575520833334,False,False,1,1.0,False,,OK
000362,D:\Biology-AI\data\Task1_Segmentation\masks\000362_segmentation.png,True,640,480,L,2,"0,255",True,157247,307200,0.5118717447916666,False,False,1,1.0,False,,OK
000363,D:\Biology-AI\data\Task1_Segmentation\masks\000363_segmentation.png,True,4288,2848,L,2,"0,255",True,497973,12212224,0.0407766021979289,False,False,1,1.0,False,,OK
000364,D:\Biology-AI\data\Task1_Segmentation\masks\000364_segmentation.png,True,6662,4422,L,2,"0,255",True,3344213,29459364,0.1135195247256526,False,False,1,1.0,False,,OK
000365,D:\Biology-AI\data\Task1_Segmentation\masks\000365_segmentation.png,True,3072,2304,L,2,"0,255",True,375189,7077888,0.05300860934787326,False,False,1,1.0,False,,OK
000366,D:\Biology-AI\data\Task1_Segmentation\masks\000366_segmentation.png,True,1024,768,L,2,"0,255",True,138186,786432,0.17571258544921875,False,False,1,1.0,False,,OK
000367,D:\Biology-AI\data\Task1_Segmentation\masks\000367_segmentation.png,True,3072,2304,L,2,"0,255",True,652485,7077888,0.09218639797634548,False,False,1,1.0,False,,OK
000368,D:\Biology-AI\data\Task1_Segmentation\masks\000368_segmentation.png,True,3072,2304,L,2,"0,255",True,1706164,7077888,0.24105552390769677,False,False,1,1.0,False,,OK
000369,D:\Biology-AI\data\Task1_Segmentation\masks\000369_segmentation.png,True,4288,2848,L,2,"0,255",True,431649,12212224,0.03534565039095254,False,False,1,1.0,False,,OK
000370,D:\Biology-AI\data\Task1_Segmentation\masks\000370_segmentation.png,True,767,576,L,2,"0,255",True,50692,441792,0.1147417789366942,False,False,1,1.0,False,,OK
000371,D:\Biology-AI\data\Task1_Segmentation\masks\000371_segmentation.png,True,1024,768,L,2,"0,255",True,666341,786432,0.847296396891276,False,False,1,1.0,False,,OK
000372,D:\Biology-AI\data\Task1_Segmentation\masks\000372_segmentation.png,True,4288,2848,L,2,"0,255",True,214008,12212224,0.01752408078987087,False,False,1,1.0,False,,OK
000373,D:\Biology-AI\data\Task1_Segmentation\masks\000373_segmentation.png,True,640,480,L,2,"0,255",True,225752,307200,0.7348697916666667,False,False,1,1.0,False,,OK
000374,D:\Biology-AI\data\Task1_Segmentation\masks\000374_segmentation.png,True,3008,2000,L,2,"0,255",True,186981,6016000,0.031080618351063828,False,False,1,1.0,False,,OK
000375,D:\Biology-AI\data\Task1_Segmentation\masks\000375_segmentation.png,True,4288,2848,L,2,"0,255",True,2616279,12212224,0.2142344424733775,False,False,1,1.0,False,,OK
000376,D:\Biology-AI\data\Task1_Segmentation\masks\000376_segmentation.png,True,640,480,L,2,"0,255",True,82259,307200,0.26777018229166666,False,False,1,1.0,False,,OK
000377,D:\Biology-AI\data\Task1_Segmentation\masks\000377_segmentation.png,True,6648,4419,L,2,"0,255",True,12575987,29377512,0.42808209898782446,False,False,1,1.0,False,,OK
000378,D:\Biology-AI\data\Task1_Segmentation\masks\000378_segmentation.png,True,1024,768,L,2,"0,255",True,59350,786432,0.07546742757161458,False,False,1,1.0,False,,OK
000379,D:\Biology-AI\data\Task1_Segmentation\masks\000379_segmentation.png,True,4288,2848,L,2,"0,255",True,308419,12212224,0.02525494127850914,False,False,1,1.0,False,,OK
000380,D:\Biology-AI\data\Task1_Segmentation\masks\000380_segmentation.png,True,2012,1956,L,2,"0,255",True,305481,3935472,0.07762245545134103,False,False,1,1.0,False,,OK
000381,D:\Biology-AI\data\Task1_Segmentation\masks\000381_segmentation.png,True,1024,768,L,2,"0,255",True,71965,786432,0.0915082295735677,False,False,1,1.0,False,,OK
000382,D:\Biology-AI\data\Task1_Segmentation\masks\000382_segmentation.png,True,3008,2000,L,2,"0,255",True,2573708,6016000,0.42781050531914894,False,False,1,1.0,False,,OK
000383,D:\Biology-AI\data\Task1_Segmentation\masks\000383_segmentation.png,True,3072,2304,L,2,"0,255",True,1358834,7077888,0.19198297571252892,False,False,1,1.0,False,,OK
000384,D:\Biology-AI\data\Task1_Segmentation\masks\000384_segmentation.png,True,2048,1536,L,2,"0,255",True,1617095,3145728,0.5140606562296549,False,False,1,1.0,False,,OK
000385,D:\Biology-AI\data\Task1_Segmentation\masks\000385_segmentation.png,True,3008,2000,L,2,"0,255",True,90597,6016000,0.01505934175531915,False,False,1,1.0,False,,OK
000386,D:\Biology-AI\data\Task1_Segmentation\masks\000386_segmentation.png,True,1024,768,L,2,"0,255",True,422337,786432,0.5370292663574219,False,False,1,1.0,True,,OK
000387,D:\Biology-AI\data\Task1_Segmentation\masks\000387_segmentation.png,True,1024,768,L,2,"0,255",True,95787,786432,0.12179946899414062,False,False,1,1.0,False,,OK
000388,D:\Biology-AI\data\Task1_Segmentation\masks\000388_segmentation.png,True,2048,1536,L,2,"0,255",True,342109,3145728,0.10875352223714192,False,False,1,1.0,False,,OK
000389,D:\Biology-AI\data\Task1_Segmentation\masks\000389_segmentation.png,True,1024,768,L,2,"0,255",True,47312,786432,0.060160319010416664,False,False,1,1.0,False,,OK
000390,D:\Biology-AI\data\Task1_Segmentation\masks\000390_segmentation.png,True,1024,768,L,2,"0,255",True,118785,786432,0.15104293823242188,False,False,1,1.0,False,,OK
000391,D:\Biology-AI\data\Task1_Segmentation\masks\000391_segmentation.png,True,1504,1129,L,2,"0,255",True,375622,1698016,0.22121228539660404,False,False,1,1.0,False,,OK
000392,D:\Biology-AI\data\Task1_Segmentation\masks\000392_segmentation.png,True,1024,768,L,2,"0,255",True,58509,786432,0.07439804077148438,False,False,1,1.0,False,,OK
000393,D:\Biology-AI\data\Task1_Segmentation\masks\000393_segmentation.png,True,3072,2304,L,2,"0,255",True,1380004,7077888,0.19497398093894677,False,False,1,1.0,False,,OK
000394,D:\Biology-AI\data\Task1_Segmentation\masks\000394_segmentation.png,True,6601,4382,L,2,"0,255",True,11263299,28925582,0.38938884617775366,False,False,1,1.0,True,,OK
000395,D:\Biology-AI\data\Task1_Segmentation\masks\000395_segmentation.png,True,1024,768,L,2,"0,255",True,502364,786432,0.6387888590494791,False,False,1,1.0,False,,OK
000396,D:\Biology-AI\data\Task1_Segmentation\masks\000396_segmentation.png,True,4288,2848,L,2,"0,255",True,302964,12212224,0.024808257693275198,False,False,1,1.0,False,,OK
000397,D:\Biology-AI\data\Task1_Segmentation\masks\000397_segmentation.png,True,3008,2000,L,2,"0,255",True,104556,6016000,0.01737965425531915,False,False,1,1.0,False,,OK
000398,D:\Biology-AI\data\Task1_Segmentation\masks\000398_segmentation.png,True,3008,2000,L,2,"0,255",True,89301,6016000,0.014843916223404256,False,False,1,1.0,False,,OK
000399,D:\Biology-AI\data\Task1_Segmentation\masks\000399_segmentation.png,True,6668,4459,L,2,"0,255",True,20451442,29732612,0.6878454540085479,False,False,1,1.0,False,,OK
000400,D:\Biology-AI\data\Task1_Segmentation\masks\000400_segmentation.png,True,640,480,L,2,"0,255",True,61742,307200,0.20098307291666667,False,False,1,1.0,False,,OK
000401,D:\Biology-AI\data\Task1_Segmentation\masks\000401_segmentation.png,True,6641,4420,L,2,"0,255",True,8945653,29353220,0.3047588305473812,False,False,1,1.0,False,,OK
000402,D:\Biology-AI\data\Task1_Segmentation\masks\000402_segmentation.png,True,4288,2848,L,2,"0,255",True,184073,12212224,0.015072848319847391,False,False,1,1.0,False,,OK
000403,D:\Biology-AI\data\Task1_Segmentation\masks\000403_segmentation.png,True,640,480,L,2,"0,255",True,202819,307200,0.6602180989583334,False,False,1,1.0,False,,OK
000404,D:\Biology-AI\data\Task1_Segmentation\masks\000404_segmentation.png,True,640,480,L,2,"0,255",True,30900,307200,0.1005859375,False,False,1,1.0,False,,OK
000405,D:\Biology-AI\data\Task1_Segmentation\masks\000405_segmentation.png,True,3008,2000,L,2,"0,255",True,216762,6016000,0.03603091755319149,False,False,1,1.0,False,,OK
000406,D:\Biology-AI\data\Task1_Segmentation\masks\000406_segmentation.png,True,4288,2848,L,2,"0,255",True,631163,12212224,0.05168288757232098,False,False,1,1.0,False,,OK
000407,D:\Biology-AI\data\Task1_Segmentation\masks\000407_segmentation.png,True,4288,2848,L,2,"0,255",True,6742719,12212224,0.5521286704207194,False,False,1,1.0,False,,OK
000408,D:\Biology-AI\data\Task1_Segmentation\masks\000408_segmentation.png,True,3872,2592,L,2,"0,255",True,328132,10036224,0.03269476647791042,False,False,1,1.0,False,,OK
000409,D:\Biology-AI\data\Task1_Segmentation\masks\000409_segmentation.png,True,6654,4477,L,2,"0,255",True,3381966,29789958,0.11352704827579817,False,False,1,1.0,False,,OK
000410,D:\Biology-AI\data\Task1_Segmentation\masks\000410_segmentation.png,True,966,645,L,2,"0,255",True,327626,623070,0.5258253486767137,False,False,1,1.0,True,,OK
000411,D:\Biology-AI\data\Task1_Segmentation\masks\000411_segmentation.png,True,4288,2848,L,2,"0,255",True,952394,12212224,0.07798694160867013,False,False,1,1.0,False,,OK
000412,D:\Biology-AI\data\Task1_Segmentation\masks\000412_segmentation.png,True,1024,768,L,2,"0,255",True,95704,786432,0.12169392903645833,False,False,1,1.0,False,,OK
000413,D:\Biology-AI\data\Task1_Segmentation\masks\000413_segmentation.png,True,1024,768,L,2,"0,255",True,81159,786432,0.10319900512695312,False,False,1,1.0,False,,OK
000414,D:\Biology-AI\data\Task1_Segmentation\masks\000414_segmentation.png,True,3072,2304,L,2,"0,255",True,761851,7077888,0.10763818246346933,False,False,1,1.0,False,,OK
000415,D:\Biology-AI\data\Task1_Segmentation\masks\000415_segmentation.png,True,640,480,L,2,"0,255",True,54675,307200,0.177978515625,False,False,1,1.0,False,,OK
000416,D:\Biology-AI\data\Task1_Segmentation\masks\000416_segmentation.png,True,640,480,L,2,"0,255",True,25232,307200,0.08213541666666667,False,False,1,1.0,False,,OK
000417,D:\Biology-AI\data\Task1_Segmentation\masks\000417_segmentation.png,True,6688,4459,L,2,"0,255",True,3795910,29821792,0.12728644878215234,False,False,1,1.0,True,,OK
000418,D:\Biology-AI\data\Task1_Segmentation\masks\000418_segmentation.png,True,1024,768,L,2,"0,255",True,604635,786432,0.7688331604003906,False,False,1,1.0,False,,OK
000419,D:\Biology-AI\data\Task1_Segmentation\masks\000419_segmentation.png,True,4288,2848,L,2,"0,255",True,331191,12212224,0.027119630298297837,False,False,1,1.0,False,,OK
000420,D:\Biology-AI\data\Task1_Segmentation\masks\000420_segmentation.png,True,3008,2000,L,2,"0,255",True,130159,6016000,0.021635472074468084,False,False,1,1.0,False,,OK
000421,D:\Biology-AI\data\Task1_Segmentation\masks\000421_segmentation.png,True,3008,2000,L,2,"0,255",True,327410,6016000,0.054423204787234045,False,False,1,1.0,False,,OK
000422,D:\Biology-AI\data\Task1_Segmentation\masks\000422_segmentation.png,True,4288,2848,L,2,"0,255",True,664819,12212224,0.05443881474823914,False,False,1,1.0,False,,OK
000423,D:\Biology-AI\data\Task1_Segmentation\masks\000423_segmentation.png,True,3008,2000,L,2,"0,255",True,600527,6016000,0.09982164228723404,False,False,1,1.0,False,,OK
000424,D:\Biology-AI\data\Task1_Segmentation\masks\000424_segmentation.png,True,6642,4422,L,2,"0,255",True,8040634,29370924,0.27376169711242315,False,False,1,1.0,False,,OK
000425,D:\Biology-AI\data\Task1_Segmentation\masks\000425_segmentation.png,True,2592,1944,L,2,"0,255",True,856822,5038848,0.17004323210384595,False,False,1,1.0,False,,OK
000426,D:\Biology-AI\data\Task1_Segmentation\masks\000426_segmentation.png,True,1069,703,L,2,"0,255",True,92016,751507,0.12244197326172611,False,False,1,1.0,False,,OK
000427,D:\Biology-AI\data\Task1_Segmentation\masks\000427_segmentation.png,True,1024,768,L,2,"0,255",True,213056,786432,0.2709147135416667,False,False,1,1.0,False,,OK
000428,D:\Biology-AI\data\Task1_Segmentation\masks\000428_segmentation.png,True,6688,4419,L,2,"0,255",True,6515981,29554272,0.2204750974749099,False,False,1,1.0,False,,OK
000429,D:\Biology-AI\data\Task1_Segmentation\masks\000429_segmentation.png,True,6688,4419,L,2,"0,255",True,12889663,29554272,0.4361353580287818,False,False,1,1.0,False,,OK
000430,D:\Biology-AI\data\Task1_Segmentation\masks\000430_segmentation.png,True,6708,4439,L,2,"0,255",True,7211944,29776812,0.2422000044867127,False,False,1,1.0,False,,OK
000431,D:\Biology-AI\data\Task1_Segmentation\masks\000431_segmentation.png,True,3008,2000,L,2,"0,255",True,229710,6016000,0.038183178191489364,False,False,1,1.0,False,,OK
000432,D:\Biology-AI\data\Task1_Segmentation\masks\000432_segmentation.png,True,1024,768,L,2,"0,255",True,92955,786432,0.11819839477539062,False,False,1,1.0,False,,OK
000433,D:\Biology-AI\data\Task1_Segmentation\masks\000433_segmentation.png,True,6641,4441,L,2,"0,255",True,25414793,29492681,0.8617322040000365,False,False,1,1.0,False,,OK
000434,D:\Biology-AI\data\Task1_Segmentation\masks\000434_segmentation.png,True,640,480,L,2,"0,255",True,151141,307200,0.49199544270833334,False,False,1,1.0,False,,OK
000435,D:\Biology-AI\data\Task1_Segmentation\masks\000435_segmentation.png,True,3072,2304,L,2,"0,255",True,721884,7077888,0.10199144151475695,False,False,1,1.0,False,,OK
000436,D:\Biology-AI\data\Task1_Segmentation\masks\000436_segmentation.png,True,3024,2016,L,2,"0,255",True,361985,6096384,0.05937700118627698,False,False,1,1.0,False,,OK
000437,D:\Biology-AI\data\Task1_Segmentation\masks\000437_segmentation.png,True,4288,2848,L,2,"0,255",True,2018887,12212224,0.16531689887116385,False,False,1,1.0,False,,OK
000438,D:\Biology-AI\data\Task1_Segmentation\masks\000438_segmentation.png,True,1506,1196,L,2,"0,255",True,20965,1801176,0.011639617672009843,False,False,1,1.0,False,,OK
000439,D:\Biology-AI\data\Task1_Segmentation\masks\000439_segmentation.png,True,3872,2592,L,2,"0,255",True,551794,10036224,0.054980239580144884,False,False,1,1.0,False,,OK
000440,D:\Biology-AI\data\Task1_Segmentation\masks\000440_segmentation.png,True,4288,2848,L,2,"0,255",True,673667,12212224,0.05516333470463693,False,False,1,1.0,False,,OK
000441,D:\Biology-AI\data\Task1_Segmentation\masks\000441_segmentation.png,True,1024,768,L,2,"0,255",True,127981,786432,0.16273625691731772,False,False,1,1.0,False,,OK
000442,D:\Biology-AI\data\Task1_Segmentation\masks\000442_segmentation.png,True,1024,768,L,2,"0,255",True,51690,786432,0.06572723388671875,False,False,1,1.0,False,,OK
000443,D:\Biology-AI\data\Task1_Segmentation\masks\000443_segmentation.png,True,2048,1536,L,2,"0,255",True,265656,3145728,0.08444976806640625,False,False,1,1.0,False,,OK
000444,D:\Biology-AI\data\Task1_Segmentation\masks\000444_segmentation.png,True,4288,2848,L,2,"0,255",True,378959,12212224,0.031031120948977024,False,False,1,1.0,False,,OK
000445,D:\Biology-AI\data\Task1_Segmentation\masks\000445_segmentation.png,True,640,480,L,2,"0,255",True,120663,307200,0.392783203125,False,False,1,1.0,True,,OK
000446,D:\Biology-AI\data\Task1_Segmentation\masks\000446_segmentation.png,True,3008,2000,L,2,"0,255",True,160482,6016000,0.026675864361702127,False,False,1,1.0,False,,OK
000447,D:\Biology-AI\data\Task1_Segmentation\masks\000447_segmentation.png,True,1502,1051,L,2,"0,255",True,643788,1578602,0.4078216041788874,False,False,1,1.0,False,,OK
000448,D:\Biology-AI\data\Task1_Segmentation\masks\000448_segmentation.png,True,3072,2304,L,2,"0,255",True,2076030,7077888,0.29331207275390625,False,False,1,1.0,True,,OK
000449,D:\Biology-AI\data\Task1_Segmentation\masks\000449_segmentation.png,True,640,480,L,2,"0,255",True,118083,307200,0.384384765625,False,False,1,1.0,False,,OK
000450,D:\Biology-AI\data\Task1_Segmentation\masks\000450_segmentation.png,True,964,720,L,2,"0,255",True,285600,694080,0.4114799446749654,False,False,1,1.0,False,,OK
000451,D:\Biology-AI\data\Task1_Segmentation\masks\000451_segmentation.png,True,2592,1936,L,2,"0,255",True,1525233,5018112,0.30394558750382616,False,False,1,1.0,False,,OK
000452,D:\Biology-AI\data\Task1_Segmentation\masks\000452_segmentation.png,True,3072,2304,L,2,"0,255",True,805021,7077888,0.11373745953595196,False,False,1,1.0,False,,OK
000453,D:\Biology-AI\data\Task1_Segmentation\masks\000453_segmentation.png,True,2592,1944,L,2,"0,255",True,1173860,5038848,0.2329619786109841,False,False,1,1.0,False,,OK
000454,D:\Biology-AI\data\Task1_Segmentation\masks\000454_segmentation.png,True,3024,2016,L,2,"0,255",True,310550,6096384,0.050940032648862016,False,False,1,1.0,False,,OK
000455,D:\Biology-AI\data\Task1_Segmentation\masks\000455_segmentation.png,True,3872,2592,L,2,"0,255",True,202473,10036224,0.020174220902203856,False,False,1,1.0,False,,OK
000456,D:\Biology-AI\data\Task1_Segmentation\masks\000456_segmentation.png,True,767,576,L,2,"0,255",True,105891,441792,0.23968519122120818,False,False,1,1.0,False,,OK
000457,D:\Biology-AI\data\Task1_Segmentation\masks\000457_segmentation.png,True,640,480,L,2,"0,255",True,56365,307200,0.18347981770833333,False,False,1,1.0,False,,OK
000458,D:\Biology-AI\data\Task1_Segmentation\masks\000458_segmentation.png,True,3008,2000,L,2,"0,255",True,2668300,6016000,0.4435339095744681,False,False,1,1.0,False,,OK
000459,D:\Biology-AI\data\Task1_Segmentation\masks\000459_segmentation.png,True,4288,2848,L,2,"0,255",True,1030805,12212224,0.08440763942751132,False,False,1,1.0,False,,OK
000460,D:\Biology-AI\data\Task1_Segmentation\masks\000460_segmentation.png,True,6642,4420,L,2,"0,255",True,11041200,29357640,0.3760929012005052,False,False,1,1.0,False,,OK
000461,D:\Biology-AI\data\Task1_Segmentation\masks\000461_segmentation.png,True,4288,2848,L,2,"0,255",True,3152008,12212224,0.25810270103136007,False,False,1,1.0,False,,OK
000462,D:\Biology-AI\data\Task1_Segmentation\masks\000462_segmentation.png,True,6688,4439,L,2,"0,255",True,12215437,29688032,0.4114599782161377,False,False,1,1.0,False,,OK
000463,D:\Biology-AI\data\Task1_Segmentation\masks\000463_segmentation.png,True,2673,2013,L,2,"0,255",True,708937,5380749,0.13175433382973262,False,False,1,1.0,False,,OK
000464,D:\Biology-AI\data\Task1_Segmentation\masks\000464_segmentation.png,True,919,802,L,2,"0,255",True,115393,737038,0.15656316227928546,False,False,1,1.0,False,,OK
000465,D:\Biology-AI\data\Task1_Segmentation\masks\000465_segmentation.png,True,1024,768,L,2,"0,255",True,435908,786432,0.5542856852213541,False,False,1,1.0,False,,OK
000466,D:\Biology-AI\data\Task1_Segmentation\masks\000466_segmentation.png,True,3072,2304,L,2,"0,255",True,1078895,7077888,0.1524317706072772,False,False,1,1.0,False,,OK
000467,D:\Biology-AI\data\Task1_Segmentation\masks\000467_segmentation.png,True,2592,1936,L,2,"0,255",True,728470,5018112,0.1451681429190899,False,False,1,1.0,False,,OK
000468,D:\Biology-AI\data\Task1_Segmentation\masks\000468_segmentation.png,True,2048,1536,L,2,"0,255",True,1516518,3145728,0.4820880889892578,False,False,1,1.0,False,,OK
000469,D:\Biology-AI\data\Task1_Segmentation\masks\000469_segmentation.png,True,2592,1944,L,2,"0,255",True,1318225,5038848,0.2616123764797033,False,False,1,1.0,False,,OK
000470,D:\Biology-AI\data\Task1_Segmentation\masks\000470_segmentation.png,True,3008,2000,L,2,"0,255",True,65743,6016000,0.010928025265957446,False,False,1,1.0,False,,OK
000471,D:\Biology-AI\data\Task1_Segmentation\masks\000471_segmentation.png,True,640,480,L,2,"0,255",True,155203,307200,0.5052180989583334,False,False,1,1.0,False,,OK
000472,D:\Biology-AI\data\Task1_Segmentation\masks\000472_segmentation.png,True,1024,768,L,2,"0,255",True,691134,786432,0.8788223266601562,False,False,1,1.0,True,,OK
000473,D:\Biology-AI\data\Task1_Segmentation\masks\000473_segmentation.png,True,3008,2000,L,2,"0,255",True,149466,6016000,0.024844747340425532,False,False,1,1.0,False,,OK
000474,D:\Biology-AI\data\Task1_Segmentation\masks\000474_segmentation.png,True,4288,2848,L,2,"0,255",True,5764979,12212224,0.472066267372757,False,False,1,1.0,False,,OK
000475,D:\Biology-AI\data\Task1_Segmentation\masks\000475_segmentation.png,True,3072,2304,L,2,"0,255",True,1635723,7077888,0.23110326131184897,False,False,1,1.0,False,,OK
000476,D:\Biology-AI\data\Task1_Segmentation\masks\000476_segmentation.png,True,3008,2000,L,2,"0,255",True,101723,6016000,0.01690874335106383,False,False,1,1.0,False,,OK
000477,D:\Biology-AI\data\Task1_Segmentation\masks\000477_segmentation.png,True,6622,4380,L,2,"0,255",True,9714035,29004360,0.3349163711938481,False,False,1,1.0,True,,OK
000478,D:\Biology-AI\data\Task1_Segmentation\masks\000478_segmentation.png,True,3008,2000,L,2,"0,255",True,278012,6016000,0.04621210106382979,False,False,1,1.0,False,,OK
000479,D:\Biology-AI\data\Task1_Segmentation\masks\000479_segmentation.png,True,3872,2592,L,2,"0,255",True,621509,10036224,0.06192657716687073,False,False,1,1.0,False,,OK
000480,D:\Biology-AI\data\Task1_Segmentation\masks\000480_segmentation.png,True,3008,2000,L,2,"0,255",True,286599,6016000,0.04763946143617021,False,False,1,1.0,False,,OK
000481,D:\Biology-AI\data\Task1_Segmentation\masks\000481_segmentation.png,True,3008,2000,L,2,"0,255",True,61351,6016000,0.010197972074468086,False,False,1,1.0,False,,OK
000482,D:\Biology-AI\data\Task1_Segmentation\masks\000482_segmentation.png,True,767,576,L,2,"0,255",True,338203,441792,0.7655254056207446,False,False,1,1.0,True,,OK
000483,D:\Biology-AI\data\Task1_Segmentation\masks\000483_segmentation.png,True,6602,4380,L,2,"0,255",True,27706827,28916760,0.9581580716511808,False,False,1,1.0,True,,very_large_lesion
000484,D:\Biology-AI\data\Task1_Segmentation\masks\000484_segmentation.png,True,2048,1536,L,2,"0,255",True,774924,3145728,0.24634170532226562,False,False,1,1.0,False,,OK
000485,D:\Biology-AI\data\Task1_Segmentation\masks\000485_segmentation.png,True,3072,2304,L,2,"0,255",True,217165,7077888,0.030682175247757522,False,False,1,1.0,False,,OK
000486,D:\Biology-AI\data\Task1_Segmentation\masks\000486_segmentation.png,True,4288,2848,L,2,"0,255",True,314909,12212224,0.02578637601144558,False,False,1,1.0,False,,OK
000487,D:\Biology-AI\data\Task1_Segmentation\masks\000487_segmentation.png,True,3008,2000,L,2,"0,255",True,211394,6016000,0.035138630319148934,False,False,1,1.0,False,,OK
000488,D:\Biology-AI\data\Task1_Segmentation\masks\000488_segmentation.png,True,2283,1824,L,2,"0,255",True,1168459,4164192,0.28059681205861786,False,False,1,1.0,False,,OK
000489,D:\Biology-AI\data\Task1_Segmentation\masks\000489_segmentation.png,True,3024,2016,L,2,"0,255",True,487754,6096384,0.08000709929033342,False,False,1,1.0,False,,OK
000490,D:\Biology-AI\data\Task1_Segmentation\masks\000490_segmentation.png,True,1024,768,L,2,"0,255",True,95456,786432,0.12137858072916667,False,False,1,1.0,False,,OK
000491,D:\Biology-AI\data\Task1_Segmentation\masks\000491_segmentation.png,True,6661,4422,L,2,"0,255",True,9302945,29454942,0.31583647321390074,False,False,1,1.0,False,,OK
000492,D:\Biology-AI\data\Task1_Segmentation\masks\000492_segmentation.png,True,3872,2592,L,2,"0,255",True,1020232,10036224,0.10165496505458627,False,False,1,1.0,False,,OK
000493,D:\Biology-AI\data\Task1_Segmentation\masks\000493_segmentation.png,True,3008,2000,L,2,"0,255",True,147704,6016000,0.02455186170212766,False,False,1,1.0,False,,OK
000494,D:\Biology-AI\data\Task1_Segmentation\masks\000494_segmentation.png,True,640,480,L,2,"0,255",True,155312,307200,0.5055729166666667,False,False,1,1.0,False,,OK
000495,D:\Biology-AI\data\Task1_Segmentation\masks\000495_segmentation.png,True,1502,1016,L,2,"0,255",True,357728,1526032,0.23441710265577656,False,False,1,1.0,False,,OK
000496,D:\Biology-AI\data\Task1_Segmentation\masks\000496_segmentation.png,True,1024,768,L,2,"0,255",True,129428,786432,0.16457621256510416,False,False,1,1.0,False,,OK
000497,D:\Biology-AI\data\Task1_Segmentation\masks\000497_segmentation.png,True,1024,768,L,2,"0,255",True,108515,786432,0.13798395792643228,False,False,1,1.0,False,,OK
000498,D:\Biology-AI\data\Task1_Segmentation\masks\000498_segmentation.png,True,3872,2592,L,2,"0,255",True,2691662,10036224,0.2681946915493317,False,False,1,1.0,True,,OK
000499,D:\Biology-AI\data\Task1_Segmentation\masks\000499_segmentation.png,True,6648,4398,L,2,"0,255",True,24353507,29237904,0.8329429838746307,False,False,1,1.0,True,,OK
000500,D:\Biology-AI\data\Task1_Segmentation\masks\000500_segmentation.png,True,1024,768,L,2,"0,255",True,103583,786432,0.13171259562174478,False,False,1,1.0,False,,OK
000501,D:\Biology-AI\data\Task1_Segmentation\masks\000501_segmentation.png,True,3072,2304,L,2,"0,255",True,271960,7077888,0.038423891420717594,False,False,1,1.0,False,,OK
000502,D:\Biology-AI\data\Task1_Segmentation\masks\000502_segmentation.png,True,2592,1936,L,2,"0,255",True,604563,5018112,0.12047618705999388,False,False,1,1.0,False,,OK
000503,D:\Biology-AI\data\Task1_Segmentation\masks\000503_segmentation.png,True,3072,2304,L,2,"0,255",True,803307,7077888,0.11349529690212673,False,False,1,1.0,False,,OK
000504,D:\Biology-AI\data\Task1_Segmentation\masks\000504_segmentation.png,True,1024,768,L,2,"0,255",True,93349,786432,0.1186993916829427,False,False,1,1.0,False,,OK
000505,D:\Biology-AI\data\Task1_Segmentation\masks\000505_segmentation.png,True,3072,2304,L,2,"0,255",True,4919005,7077888,0.6949820341887297,False,False,1,1.0,True,,OK
000506,D:\Biology-AI\data\Task1_Segmentation\masks\000506_segmentation.png,True,6581,4382,L,2,"0,255",True,7742409,28837942,0.2684799421539859,False,False,1,1.0,True,,OK
000507,D:\Biology-AI\data\Task1_Segmentation\masks\000507_segmentation.png,True,3008,2000,L,2,"0,255",True,2209461,6016000,0.3672641289893617,False,False,1,1.0,False,,OK
000508,D:\Biology-AI\data\Task1_Segmentation\masks\000508_segmentation.png,True,4288,2848,L,2,"0,255",True,423617,12212224,0.03468794873071441,False,False,1,1.0,False,,OK
000509,D:\Biology-AI\data\Task1_Segmentation\masks\000509_segmentation.png,True,3008,2000,L,2,"0,255",True,68033,6016000,0.011308676861702128,False,False,1,1.0,False,,OK
000510,D:\Biology-AI\data\Task1_Segmentation\masks\000510_segmentation.png,True,3072,2304,L,2,"0,255",True,3188327,7077888,0.4504630477340133,False,False,1,1.0,False,,OK
000511,D:\Biology-AI\data\Task1_Segmentation\masks\000511_segmentation.png,True,6648,4459,L,2,"0,255",True,11987214,29643432,0.40438010011796205,False,False,1,1.0,True,,OK
000512,D:\Biology-AI\data\Task1_Segmentation\masks\000512_segmentation.png,True,3072,2304,L,2,"0,255",True,2924795,7077888,0.4132299070005064,False,False,1,1.0,True,,OK
000513,D:\Biology-AI\data\Task1_Segmentation\masks\000513_segmentation.png,True,4288,2848,L,2,"0,255",True,64141,12212224,0.005252196487715915,False,False,1,1.0,False,,OK
000514,D:\Biology-AI\data\Task1_Segmentation\masks\000514_segmentation.png,True,3008,2000,L,2,"0,255",True,737823,6016000,0.12264345079787234,False,False,1,1.0,False,,OK
000515,D:\Biology-AI\data\Task1_Segmentation\masks\000515_segmentation.png,True,3008,2000,L,2,"0,255",True,258207,6016000,0.04292004654255319,False,False,1,1.0,False,,OK
000516,D:\Biology-AI\data\Task1_Segmentation\masks\000516_segmentation.png,True,3072,2304,L,2,"0,255",True,1442204,7077888,0.20376191315827547,False,False,1,1.0,False,,OK
000517,D:\Biology-AI\data\Task1_Segmentation\masks\000517_segmentation.png,True,3008,2000,L,2,"0,255",True,976587,6016000,0.16233161569148935,False,False,1,1.0,False,,OK
000518,D:\Biology-AI\data\Task1_Segmentation\masks\000518_segmentation.png,True,3072,2304,L,2,"0,255",True,4270601,7077888,0.6033722206398293,False,False,1,1.0,True,,OK
000519,D:\Biology-AI\data\Task1_Segmentation\masks\000519_segmentation.png,True,824,719,L,2,"0,255",True,201485,592456,0.34008432693735907,False,False,1,1.0,False,,OK
000520,D:\Biology-AI\data\Task1_Segmentation\masks\000520_segmentation.png,True,1024,768,L,2,"0,255",True,597314,786432,0.7595240275065104,False,False,1,1.0,False,,OK
000521,D:\Biology-AI\data\Task1_Segmentation\masks\000521_segmentation.png,True,1022,767,L,2,"0,255",True,69027,783874,0.08805879516350842,False,False,1,1.0,False,,OK
000522,D:\Biology-AI\data\Task1_Segmentation\masks\000522_segmentation.png,True,1024,768,L,2,"0,255",True,426819,786432,0.5427284240722656,False,False,1,1.0,False,,OK
000523,D:\Biology-AI\data\Task1_Segmentation\masks\000523_segmentation.png,True,1024,768,L,2,"0,255",True,105603,786432,0.13428115844726562,False,False,1,1.0,False,,OK
000524,D:\Biology-AI\data\Task1_Segmentation\masks\000524_segmentation.png,True,3008,2000,L,2,"0,255",True,208580,6016000,0.03467087765957447,False,False,1,1.0,False,,OK
000525,D:\Biology-AI\data\Task1_Segmentation\masks\000525_segmentation.png,True,3072,2304,L,2,"0,255",True,2766123,7077888,0.3908119201660156,False,False,1,1.0,False,,OK
000526,D:\Biology-AI\data\Task1_Segmentation\masks\000526_segmentation.png,True,3072,2304,L,2,"0,255",True,2666461,7077888,0.3767311661331742,False,False,1,1.0,False,,OK
000527,D:\Biology-AI\data\Task1_Segmentation\masks\000527_segmentation.png,True,4288,2848,L,2,"0,255",True,391865,12212224,0.032087930912502095,False,False,1,1.0,False,,OK
000528,D:\Biology-AI\data\Task1_Segmentation\masks\000528_segmentation.png,True,3072,2304,L,2,"0,255",True,231356,7077888,0.03268715187355324,False,False,1,1.0,False,,OK
000529,D:\Biology-AI\data\Task1_Segmentation\masks\000529_segmentation.png,True,3872,2592,L,2,"0,255",True,311611,10036224,0.03104862944469952,False,False,1,1.0,False,,OK
000530,D:\Biology-AI\data\Task1_Segmentation\masks\000530_segmentation.png,True,1024,768,L,2,"0,255",True,201317,786432,0.25598780314127606,False,False,1,1.0,False,,OK
000531,D:\Biology-AI\data\Task1_Segmentation\masks\000531_segmentation.png,True,4288,2848,L,2,"0,255",True,170235,12212224,0.01393972138080664,False,False,1,1.0,False,,OK
000532,D:\Biology-AI\data\Task1_Segmentation\masks\000532_segmentation.png,True,3008,2000,L,2,"0,255",True,2583630,6016000,0.4294597739361702,False,False,1,1.0,False,,OK
000533,D:\Biology-AI\data\Task1_Segmentation\masks\000533_segmentation.png,True,1024,768,L,2,"0,255",True,242941,786432,0.3089154561360677,False,False,1,1.0,False,,OK
000534,D:\Biology-AI\data\Task1_Segmentation\masks\000534_segmentation.png,True,3008,2000,L,2,"0,255",True,359189,6016000,0.05970561835106383,False,False,1,1.0,False,,OK
000535,D:\Biology-AI\data\Task1_Segmentation\masks\000535_segmentation.png,True,6647,4439,L,2,"0,255",True,5134485,29506033,0.1740147514916695,False,False,1,1.0,False,,OK
000536,D:\Biology-AI\data\Task1_Segmentation\masks\000536_segmentation.png,True,3008,2000,L,2,"0,255",True,326149,6016000,0.05421359707446809,False,False,1,1.0,False,,OK
000537,D:\Biology-AI\data\Task1_Segmentation\masks\000537_segmentation.png,True,962,674,L,2,"0,255",True,91743,648388,0.14149398199843305,False,False,1,1.0,False,,OK
000538,D:\Biology-AI\data\Task1_Segmentation\masks\000538_segmentation.png,True,6642,4420,L,2,"0,255",True,16199968,29357640,0.5518143828999879,False,False,1,1.0,False,,OK
000539,D:\Biology-AI\data\Task1_Segmentation\masks\000539_segmentation.png,True,1819,859,L,2,"0,255",True,126616,1562521,0.08103315091445171,False,False,1,1.0,False,,OK
000540,D:\Biology-AI\data\Task1_Segmentation\masks\000540_segmentation.png,True,3072,2304,L,2,"0,255",True,735723,7077888,0.10394668579101562,False,False,1,1.0,False,,OK
000541,D:\Biology-AI\data\Task1_Segmentation\masks\000541_segmentation.png,True,2592,1944,L,2,"0,255",True,1024585,5038848,0.20333715166641264,False,False,1,1.0,False,,OK
000542,D:\Biology-AI\data\Task1_Segmentation\masks\000542_segmentation.png,True,2592,1944,L,2,"0,255",True,1472230,5038848,0.2921759100492811,False,False,1,1.0,False,,OK
000543,D:\Biology-AI\data\Task1_Segmentation\masks\000543_segmentation.png,True,640,480,L,2,"0,255",True,133904,307200,0.4358854166666667,False,False,1,1.0,False,,OK
000544,D:\Biology-AI\data\Task1_Segmentation\masks\000544_segmentation.png,True,767,576,L,2,"0,255",True,156799,441792,0.3549158880197016,False,False,1,1.0,False,,OK
000545,D:\Biology-AI\data\Task1_Segmentation\masks\000545_segmentation.png,True,1504,1129,L,2,"0,255",True,349738,1698016,0.20596861278103387,False,False,1,1.0,False,,OK
000546,D:\Biology-AI\data\Task1_Segmentation\masks\000546_segmentation.png,True,2592,1936,L,2,"0,255",True,206020,5018112,0.041055281348841954,False,False,1,1.0,False,,OK
000547,D:\Biology-AI\data\Task1_Segmentation\masks\000547_segmentation.png,True,6621,4441,L,2,"0,255",True,5411076,29403861,0.18402603658070618,False,False,1,1.0,False,,OK
000548,D:\Biology-AI\data\Task1_Segmentation\masks\000548_segmentation.png,True,4288,2848,L,2,"0,255",True,414470,12212224,0.03393894510942479,False,False,1,1.0,False,,OK
000549,D:\Biology-AI\data\Task1_Segmentation\masks\000549_segmentation.png,True,640,480,L,2,"0,255",True,176197,307200,0.5735579427083334,False,False,1,1.0,False,,OK
000550,D:\Biology-AI\data\Task1_Segmentation\masks\000550_segmentation.png,True,3072,2304,L,2,"0,255",True,1220158,7077888,0.17239012541594328,False,False,1,1.0,False,,OK
000551,D:\Biology-AI\data\Task1_Segmentation\masks\000551_segmentation.png,True,3872,2592,L,2,"0,255",True,5936235,10036224,0.5914809195171411,False,False,1,1.0,True,,OK
000552,D:\Biology-AI\data\Task1_Segmentation\masks\000552_segmentation.png,True,4288,2848,L,2,"0,255",True,681634,12212224,0.055815713829029015,False,False,1,1.0,False,,OK
000553,D:\Biology-AI\data\Task1_Segmentation\masks\000553_segmentation.png,True,4288,2848,L,2,"0,255",True,706687,12212224,0.05786718291443065,False,False,1,1.0,False,,OK
000554,D:\Biology-AI\data\Task1_Segmentation\masks\000554_segmentation.png,True,640,480,L,2,"0,255",True,31549,307200,0.10269856770833333,False,False,1,1.0,False,,OK
000555,D:\Biology-AI\data\Task1_Segmentation\masks\000555_segmentation.png,True,3008,2000,L,2,"0,255",True,72601,6016000,0.012067985372340426,False,False,1,1.0,False,,OK
000556,D:\Biology-AI\data\Task1_Segmentation\masks\000556_segmentation.png,True,3048,1939,L,2,"0,255",True,3279095,5910072,0.5548316501051087,False,False,1,1.0,False,,OK
000557,D:\Biology-AI\data\Task1_Segmentation\masks\000557_segmentation.png,True,1024,768,L,2,"0,255",True,84978,786432,0.10805511474609375,False,False,1,1.0,False,,OK
000558,D:\Biology-AI\data\Task1_Segmentation\masks\000558_segmentation.png,True,6648,4419,L,2,"0,255",True,16926117,29377512,0.5761589681250067,False,False,1,1.0,False,,OK
000559,D:\Biology-AI\data\Task1_Segmentation\masks\000559_segmentation.png,True,3072,2304,L,2,"0,255",True,1248677,7077888,0.17641943472403068,False,False,1,1.0,False,,OK
000560,D:\Biology-AI\data\Task1_Segmentation\masks\000560_segmentation.png,True,3024,2016,L,2,"0,255",True,812100,6096384,0.13321011274880323,False,False,1,1.0,False,,OK
000561,D:\Biology-AI\data\Task1_Segmentation\masks\000561_segmentation.png,True,6682,4441,L,2,"0,255",True,6187570,29674762,0.2085128770367223,False,False,1,1.0,False,,OK
000562,D:\Biology-AI\data\Task1_Segmentation\masks\000562_segmentation.png,True,3072,2304,L,2,"0,255",True,246915,7077888,0.034885406494140625,False,False,1,1.0,False,,OK
000563,D:\Biology-AI\data\Task1_Segmentation\masks\000563_segmentation.png,True,4288,2848,L,2,"0,255",True,113816,12212224,0.009319842151601542,False,False,1,1.0,False,,OK
000564,D:\Biology-AI\data\Task1_Segmentation\masks\000564_segmentation.png,True,640,480,L,2,"0,255",True,123403,307200,0.4017024739583333,False,False,1,1.0,False,,OK
000565,D:\Biology-AI\data\Task1_Segmentation\masks\000565_segmentation.png,True,3008,2000,L,2,"0,255",True,913868,6016000,0.15190625,False,False,1,1.0,False,,OK
000566,D:\Biology-AI\data\Task1_Segmentation\masks\000566_segmentation.png,True,4288,2848,L,2,"0,255",True,514659,12212224,0.04214293809219353,False,False,1,1.0,False,,OK
000567,D:\Biology-AI\data\Task1_Segmentation\masks\000567_segmentation.png,True,3008,2000,L,2,"0,255",True,490273,6016000,0.08149484707446808,False,False,1,1.0,False,,OK
000568,D:\Biology-AI\data\Task1_Segmentation\masks\000568_segmentation.png,True,3072,2304,L,2,"0,255",True,769591,7077888,0.10873172901294849,False,False,1,1.0,False,,OK
000569,D:\Biology-AI\data\Task1_Segmentation\masks\000569_segmentation.png,True,3072,2304,L,2,"0,255",True,6768400,7077888,0.9562739619502315,False,False,1,1.0,True,,very_large_lesion
000570,D:\Biology-AI\data\Task1_Segmentation\masks\000570_segmentation.png,True,3008,2000,L,2,"0,255",True,1148226,6016000,0.1908620345744681,False,False,1,1.0,False,,OK
000571,D:\Biology-AI\data\Task1_Segmentation\masks\000571_segmentation.png,True,6708,4439,L,2,"0,255",True,3053810,29776812,0.10255664709842008,False,False,1,1.0,False,,OK
000572,D:\Biology-AI\data\Task1_Segmentation\masks\000572_segmentation.png,True,640,480,L,2,"0,255",True,68724,307200,0.2237109375,False,False,1,1.0,False,,OK
000573,D:\Biology-AI\data\Task1_Segmentation\masks\000573_segmentation.png,True,1024,768,L,2,"0,255",True,275858,786432,0.35077158610026044,False,False,1,1.0,False,,OK
000574,D:\Biology-AI\data\Task1_Segmentation\masks\000574_segmentation.png,True,3008,2000,L,2,"0,255",True,169693,6016000,0.028206948138297872,False,False,1,1.0,False,,OK
000575,D:\Biology-AI\data\Task1_Segmentation\masks\000575_segmentation.png,True,640,480,L,2,"0,255",True,119827,307200,0.39006184895833335,False,False,1,1.0,True,,OK
000576,D:\Biology-AI\data\Task1_Segmentation\masks\000576_segmentation.png,True,6668,4459,L,2,"0,255",True,5436577,29732612,0.1828489538692396,False,False,1,1.0,False,,OK
000577,D:\Biology-AI\data\Task1_Segmentation\masks\000577_segmentation.png,True,4288,2848,L,2,"0,255",True,531966,12212224,0.04356012467507966,False,False,1,1.0,False,,OK
000578,D:\Biology-AI\data\Task1_Segmentation\masks\000578_segmentation.png,True,6688,4459,L,2,"0,255",True,9189457,29821792,0.3081457009692778,False,False,1,1.0,False,,OK
000579,D:\Biology-AI\data\Task1_Segmentation\masks\000579_segmentation.png,True,3008,2000,L,2,"0,255",True,334993,6016000,0.05568367686170213,False,False,1,1.0,False,,OK
000580,D:\Biology-AI\data\Task1_Segmentation\masks\000580_segmentation.png,True,3872,2592,L,2,"0,255",True,5891441,10036224,0.5870176871301398,False,False,1,1.0,True,,OK
000581,D:\Biology-AI\data\Task1_Segmentation\masks\000581_segmentation.png,True,1504,1129,L,2,"0,255",True,419095,1698016,0.24681451764883253,False,False,1,1.0,False,,OK
000582,D:\Biology-AI\data\Task1_Segmentation\masks\000582_segmentation.png,True,3008,2000,L,2,"0,255",True,826816,6016000,0.13743617021276597,False,False,1,1.0,False,,OK
000583,D:\Biology-AI\data\Task1_Segmentation\masks\000583_segmentation.png,True,4288,2848,L,2,"0,255",True,1519647,12212224,0.1244365481668204,False,False,1,1.0,False,,OK
000584,D:\Biology-AI\data\Task1_Segmentation\masks\000584_segmentation.png,True,4288,2848,L,2,"0,255",True,136383,12212224,0.011167744712183465,False,False,1,1.0,False,,OK
000585,D:\Biology-AI\data\Task1_Segmentation\masks\000585_segmentation.png,True,4288,2848,L,2,"0,255",True,791346,12212224,0.0647994992558276,False,False,1,1.0,False,,OK
000586,D:\Biology-AI\data\Task1_Segmentation\masks\000586_segmentation.png,True,3072,2304,L,2,"0,255",True,864948,7077888,0.1222042507595486,False,False,1,1.0,False,,OK
000587,D:\Biology-AI\data\Task1_Segmentation\masks\000587_segmentation.png,True,640,480,L,2,"0,255",True,100290,307200,0.32646484375,False,False,1,1.0,False,,OK
000588,D:\Biology-AI\data\Task1_Segmentation\masks\000588_segmentation.png,True,3008,2000,L,2,"0,255",True,294119,6016000,0.04888946143617021,False,False,1,1.0,False,,OK
000589,D:\Biology-AI\data\Task1_Segmentation\masks\000589_segmentation.png,True,1692,1915,L,2,"0,255",True,2862768,3240180,0.8835212858544895,False,False,1,1.0,True,,OK
000590,D:\Biology-AI\data\Task1_Segmentation\masks\000590_segmentation.png,True,3872,2592,L,2,"0,255",True,2465692,10036224,0.24567925147944086,False,False,1,1.0,False,,OK
000591,D:\Biology-AI\data\Task1_Segmentation\masks\000591_segmentation.png,True,4288,2848,L,2,"0,255",True,579716,12212224,0.04747014139275532,False,False,1,1.0,False,,OK
000592,D:\Biology-AI\data\Task1_Segmentation\masks\000592_segmentation.png,True,4288,2848,L,2,"0,255",True,513685,12212224,0.04206318193966963,False,False,1,1.0,False,,OK
000593,D:\Biology-AI\data\Task1_Segmentation\masks\000593_segmentation.png,True,640,480,L,2,"0,255",True,161900,307200,0.5270182291666666,False,False,1,1.0,True,,OK
000594,D:\Biology-AI\data\Task1_Segmentation\masks\000594_segmentation.png,True,1024,768,L,2,"0,255",True,764453,786432,0.972052256266276,False,False,1,1.0,True,,very_large_lesion
000595,D:\Biology-AI\data\Task1_Segmentation\masks\000595_segmentation.png,True,6641,4440,L,2,"0,255",True,8435315,29486040,0.2860782594068244,False,False,1,1.0,False,,OK
000596,D:\Biology-AI\data\Task1_Segmentation\masks\000596_segmentation.png,True,6641,4440,L,2,"0,255",True,10368535,29486040,0.3516421669373032,False,False,1,1.0,False,,OK
000597,D:\Biology-AI\data\Task1_Segmentation\masks\000597_segmentation.png,True,2048,1536,L,2,"0,255",True,746520,3145728,0.23731231689453125,False,False,1,1.0,False,,OK
000598,D:\Biology-AI\data\Task1_Segmentation\masks\000598_segmentation.png,True,3008,2000,L,2,"0,255",True,110521,6016000,0.01837117686170213,False,False,1,1.0,False,,OK
000599,D:\Biology-AI\data\Task1_Segmentation\masks\000599_segmentation.png,True,640,480,L,2,"0,255",True,95615,307200,0.31124674479166664,False,False,1,1.0,False,,OK
000600,D:\Biology-AI\data\Task1_Segmentation\masks\000600_segmentation.png,True,4288,2848,L,2,"0,255",True,155160,12212224,0.012705302490357203,False,False,1,1.0,False,,OK
000601,D:\Biology-AI\data\Task1_Segmentation\masks\000601_segmentation.png,True,1024,768,L,2,"0,255",True,57723,786432,0.07339859008789062,False,False,1,1.0,False,,OK
000602,D:\Biology-AI\data\Task1_Segmentation\masks\000602_segmentation.png,True,3072,2304,L,2,"0,255",True,1579147,7077888,0.22310991640444156,False,False,1,1.0,False,,OK
000603,D:\Biology-AI\data\Task1_Segmentation\masks\000603_segmentation.png,True,3024,2016,L,2,"0,255",True,412130,6096384,0.06760236887965063,False,False,1,1.0,False,,OK
000604,D:\Biology-AI\data\Task1_Segmentation\masks\000604_segmentation.png,True,6642,4420,L,2,"0,255",True,5794835,29357640,0.19738763061335993,False,False,1,1.0,False,,OK
000605,D:\Biology-AI\data\Task1_Segmentation\masks\000605_segmentation.png,True,1024,768,L,2,"0,255",True,127213,786432,0.16175969441731772,False,False,1,1.0,False,,OK
000606,D:\Biology-AI\data\Task1_Segmentation\masks\000606_segmentation.png,True,3024,2016,L,2,"0,255",True,471244,6096384,0.07729893654992862,False,False,1,1.0,False,,OK
000607,D:\Biology-AI\data\Task1_Segmentation\masks\000607_segmentation.png,True,2592,1936,L,2,"0,255",True,457688,5018112,0.09120721099887767,False,False,1,1.0,False,,OK
000608,D:\Biology-AI\data\Task1_Segmentation\masks\000608_segmentation.png,True,3008,2000,L,2,"0,255",True,452146,6016000,0.07515724734042553,False,False,1,1.0,False,,OK
000609,D:\Biology-AI\data\Task1_Segmentation\masks\000609_segmentation.png,True,3008,2000,L,2,"0,255",True,236519,6016000,0.03931499335106383,False,False,1,1.0,False,,OK
000610,D:\Biology-AI\data\Task1_Segmentation\masks\000610_segmentation.png,True,3072,2304,L,2,"0,255",True,1200725,7077888,0.16964453238028068,False,False,1,1.0,False,,OK
000611,D:\Biology-AI\data\Task1_Segmentation\masks\000611_segmentation.png,True,2781,2077,L,2,"0,255",True,2460476,5776137,0.4259725834065224,False,False,1,1.0,True,,OK
000612,D:\Biology-AI\data\Task1_Segmentation\masks\000612_segmentation.png,True,6642,4420,L,2,"0,255",True,10725190,29357640,0.36532875258365455,False,False,1,1.0,False,,OK
000613,D:\Biology-AI\data\Task1_Segmentation\masks\000613_segmentation.png,True,959,638,L,2,"0,255",True,357964,611842,0.58505954151562,False,False,1,1.0,False,,OK
000614,D:\Biology-AI\data\Task1_Segmentation\masks\000614_segmentation.png,True,1024,768,L,2,"0,255",True,128631,786432,0.16356277465820312,False,False,1,1.0,False,,OK
000615,D:\Biology-AI\data\Task1_Segmentation\masks\000615_segmentation.png,True,2304,1536,L,2,"0,255",True,88391,3538944,0.024976659704137733,False,False,1,1.0,False,,OK
000616,D:\Biology-AI\data\Task1_Segmentation\masks\000616_segmentation.png,True,3008,2000,L,2,"0,255",True,251966,6016000,0.04188264627659574,False,False,1,1.0,False,,OK
000617,D:\Biology-AI\data\Task1_Segmentation\masks\000617_segmentation.png,True,2048,1536,L,2,"0,255",True,586814,3145728,0.18654314676920572,False,False,1,1.0,False,,OK
000618,D:\Biology-AI\data\Task1_Segmentation\masks\000618_segmentation.png,True,4288,2848,L,2,"0,255",True,4336071,12212224,0.35505989736185645,False,False,1,1.0,False,,OK
000619,D:\Biology-AI\data\Task1_Segmentation\masks\000619_segmentation.png,True,1024,768,L,2,"0,255",True,618935,786432,0.7870165506998698,False,False,1,1.0,True,,OK
000620,D:\Biology-AI\data\Task1_Segmentation\masks\000620_segmentation.png,True,4288,2848,L,2,"0,255",True,361677,12212224,0.029615981495262452,False,False,1,1.0,False,,OK
000621,D:\Biology-AI\data\Task1_Segmentation\masks\000621_segmentation.png,True,640,480,L,2,"0,255",True,238776,307200,0.777265625,False,False,1,1.0,True,,OK
000622,D:\Biology-AI\data\Task1_Segmentation\masks\000622_segmentation.png,True,640,480,L,2,"0,255",True,51451,307200,0.16748372395833333,False,False,1,1.0,False,,OK
000623,D:\Biology-AI\data\Task1_Segmentation\masks\000623_segmentation.png,True,2592,1944,L,2,"0,255",True,715524,5038848,0.142001505105929,False,False,1,1.0,False,,OK
000624,D:\Biology-AI\data\Task1_Segmentation\masks\000624_segmentation.png,True,4288,2848,L,2,"0,255",True,4222606,12212224,0.34576879690382356,False,False,1,1.0,False,,OK
000625,D:\Biology-AI\data\Task1_Segmentation\masks\000625_segmentation.png,True,1024,768,L,2,"0,255",True,167074,786432,0.2124455769856771,False,False,1,1.0,False,,OK
000626,D:\Biology-AI\data\Task1_Segmentation\masks\000626_segmentation.png,True,3008,2000,L,2,"0,255",True,66136,6016000,0.010993351063829787,False,False,1,1.0,False,,OK
000627,D:\Biology-AI\data\Task1_Segmentation\masks\000627_segmentation.png,True,1504,1129,L,2,"0,255",True,406746,1698016,0.239541912443699,False,False,1,1.0,False,,OK
000628,D:\Biology-AI\data\Task1_Segmentation\masks\000628_segmentation.png,True,1022,767,L,2,"0,255",True,178521,783874,0.2277419585290493,False,False,1,1.0,False,,OK
000629,D:\Biology-AI\data\Task1_Segmentation\masks\000629_segmentation.png,True,3072,2304,L,2,"0,255",True,6267558,7077888,0.885512457953559,False,False,1,1.0,True,,OK
000630,D:\Biology-AI\data\Task1_Segmentation\masks\000630_segmentation.png,True,3024,2016,L,2,"0,255",True,704360,6096384,0.1155373414798018,False,False,1,1.0,False,,OK
000631,D:\Biology-AI\data\Task1_Segmentation\masks\000631_segmentation.png,True,3008,2000,L,2,"0,255",True,1049557,6016000,0.1744609375,False,False,1,1.0,False,,OK
000632,D:\Biology-AI\data\Task1_Segmentation\masks\000632_segmentation.png,True,1024,768,L,2,"0,255",True,292064,786432,0.3713785807291667,False,False,1,1.0,True,,OK
000633,D:\Biology-AI\data\Task1_Segmentation\masks\000633_segmentation.png,True,1024,768,L,2,"0,255",True,17191,786432,0.021859486897786457,False,False,1,1.0,False,,OK
000634,D:\Biology-AI\data\Task1_Segmentation\masks\000634_segmentation.png,True,3024,2016,L,2,"0,255",True,204898,6096384,0.033609759490215836,False,False,1,1.0,False,,OK
000635,D:\Biology-AI\data\Task1_Segmentation\masks\000635_segmentation.png,True,6708,4439,L,2,"0,255",True,8225878,29776812,0.27625113124937617,False,False,1,1.0,True,,OK
000636,D:\Biology-AI\data\Task1_Segmentation\masks\000636_segmentation.png,True,3008,2000,L,2,"0,255",True,165307,6016000,0.027477892287234042,False,False,1,1.0,False,,OK
000637,D:\Biology-AI\data\Task1_Segmentation\masks\000637_segmentation.png,True,640,480,L,2,"0,255",True,60351,307200,0.196455078125,False,False,1,1.0,False,,OK
000638,D:\Biology-AI\data\Task1_Segmentation\masks\000638_segmentation.png,True,4288,2848,L,2,"0,255",True,3393196,12212224,0.2778524206565487,False,False,1,1.0,False,,OK
000639,D:\Biology-AI\data\Task1_Segmentation\masks\000639_segmentation.png,True,6688,4459,L,2,"0,255",True,5875116,29821792,0.19700747694840068,False,False,1,1.0,False,,OK
000640,D:\Biology-AI\data\Task1_Segmentation\masks\000640_segmentation.png,True,3008,2000,L,2,"0,255",True,123462,6016000,0.02052227393617021,False,False,1,1.0,False,,OK
000641,D:\Biology-AI\data\Task1_Segmentation\masks\000641_segmentation.png,True,3072,2304,L,2,"0,255",True,534723,7077888,0.07554838392469618,False,False,1,1.0,False,,OK
000642,D:\Biology-AI\data\Task1_Segmentation\masks\000642_segmentation.png,True,1024,768,L,2,"0,255",True,148660,786432,0.18903096516927084,False,False,1,1.0,False,,OK
000643,D:\Biology-AI\data\Task1_Segmentation\masks\000643_segmentation.png,True,1022,767,L,2,"0,255",True,39446,783874,0.0503218629524643,False,False,1,1.0,False,,OK
000644,D:\Biology-AI\data\Task1_Segmentation\masks\000644_segmentation.png,True,4288,2848,L,2,"0,255",True,4364433,12212224,0.3573823244644055,False,False,1,1.0,False,,OK
000645,D:\Biology-AI\data\Task1_Segmentation\masks\000645_segmentation.png,True,1022,767,L,2,"0,255",True,290818,783874,0.3710009516835614,False,False,1,1.0,False,,OK
000646,D:\Biology-AI\data\Task1_Segmentation\masks\000646_segmentation.png,True,576,768,L,2,"0,255",True,28991,442368,0.06553593388310185,False,False,1,1.0,False,,OK
000647,D:\Biology-AI\data\Task1_Segmentation\masks\000647_segmentation.png,True,4288,2848,L,2,"0,255",True,668808,12212224,0.05476545467885292,False,False,1,1.0,False,,OK
000648,D:\Biology-AI\data\Task1_Segmentation\masks\000648_segmentation.png,True,2048,1536,L,2,"0,255",True,312482,3145728,0.09933535257975261,False,False,1,1.0,False,,OK
000649,D:\Biology-AI\data\Task1_Segmentation\masks\000649_segmentation.png,True,3072,2304,L,2,"0,255",True,929837,7077888,0.1313720985695168,False,False,1,1.0,False,,OK
000650,D:\Biology-AI\data\Task1_Segmentation\masks\000650_segmentation.png,True,1321,1339,L,2,"0,255",True,328387,1768819,0.18565325225475304,False,False,1,1.0,False,,OK
000651,D:\Biology-AI\data\Task1_Segmentation\masks\000651_segmentation.png,True,3008,2000,L,2,"0,255",True,467854,6016000,0.07776828457446809,False,False,1,1.0,False,,OK
000652,D:\Biology-AI\data\Task1_Segmentation\masks\000652_segmentation.png,True,640,480,L,2,"0,255",True,88174,307200,0.28702473958333335,False,False,1,1.0,False,,OK
000653,D:\Biology-AI\data\Task1_Segmentation\masks\000653_segmentation.png,True,3072,2304,L,2,"0,255",True,1273494,7077888,0.1799257066514757,False,False,1,1.0,False,,OK
000654,D:\Biology-AI\data\Task1_Segmentation\masks\000654_segmentation.png,True,3872,2592,L,2,"0,255",True,609300,10036224,0.06071008379247016,False,False,1,1.0,False,,OK
000655,D:\Biology-AI\data\Task1_Segmentation\masks\000655_segmentation.png,True,6681,4441,L,2,"0,255",True,9750428,29670321,0.32862563232800884,False,False,1,1.0,False,,OK
000656,D:\Biology-AI\data\Task1_Segmentation\masks\000656_segmentation.png,True,1024,768,L,2,"0,255",True,246334,786432,0.31322987874348956,False,False,1,1.0,False,,OK
000657,D:\Biology-AI\data\Task1_Segmentation\masks\000657_segmentation.png,True,1024,768,L,2,"0,255",True,15209,786432,0.019339243570963543,False,False,1,1.0,False,,OK
000658,D:\Biology-AI\data\Task1_Segmentation\masks\000658_segmentation.png,True,3072,2304,L,2,"0,255",True,645610,7077888,0.09121506302445023,False,False,1,1.0,False,,OK
000659,D:\Biology-AI\data\Task1_Segmentation\masks\000659_segmentation.png,True,6641,4440,L,2,"0,255",True,11605420,29486040,0.39359032274255884,False,False,1,1.0,False,,OK
000660,D:\Biology-AI\data\Task1_Segmentation\masks\000660_segmentation.png,True,3072,2304,L,2,"0,255",True,1282959,7077888,0.18126296997070312,False,False,1,1.0,False,,OK
000661,D:\Biology-AI\data\Task1_Segmentation\masks\000661_segmentation.png,True,4288,2848,L,2,"0,255",True,176746,12212224,0.01447287570224719,False,False,1,1.0,False,,OK
000662,D:\Biology-AI\data\Task1_Segmentation\masks\000662_segmentation.png,True,3072,2304,L,2,"0,255",True,1011494,7077888,0.14290901466652198,False,False,1,1.0,False,,OK
000663,D:\Biology-AI\data\Task1_Segmentation\masks\000663_segmentation.png,True,4288,2848,L,2,"0,255",True,517342,12212224,0.04236263599488513,False,False,1,1.0,False,,OK
000664,D:\Biology-AI\data\Task1_Segmentation\masks\000664_segmentation.png,True,1024,768,L,2,"0,255",True,33723,786432,0.042881011962890625,False,False,1,1.0,False,,OK
000665,D:\Biology-AI\data\Task1_Segmentation\masks\000665_segmentation.png,True,3024,2016,L,2,"0,255",True,441399,6096384,0.07240341159611993,False,False,1,1.0,False,,OK
000666,D:\Biology-AI\data\Task1_Segmentation\masks\000666_segmentation.png,True,3072,2304,L,2,"0,255",True,1122090,7077888,0.15853457980685765,False,False,1,1.0,False,,OK
000667,D:\Biology-AI\data\Task1_Segmentation\masks\000667_segmentation.png,True,1024,768,L,2,"0,255",True,9575,786432,0.012175242106119791,False,False,1,1.0,False,,OK
000668,D:\Biology-AI\data\Task1_Segmentation\masks\000668_segmentation.png,True,3008,2000,L,2,"0,255",True,90946,6016000,0.015117353723404255,False,False,1,1.0,False,,OK
000669,D:\Biology-AI\data\Task1_Segmentation\masks\000669_segmentation.png,True,4288,2848,L,2,"0,255",True,878452,12212224,0.07193218860053664,False,False,1,1.0,False,,OK
000670,D:\Biology-AI\data\Task1_Segmentation\masks\000670_segmentation.png,True,3024,2016,L,2,"0,255",True,580708,6096384,0.09525449840429999,False,False,1,1.0,False,,OK
000671,D:\Biology-AI\data\Task1_Segmentation\masks\000671_segmentation.png,True,6648,4439,L,2,"0,255",True,8812141,29510472,0.29861064235095935,False,False,1,1.0,False,,OK
000672,D:\Biology-AI\data\Task1_Segmentation\masks\000672_segmentation.png,True,640,480,L,2,"0,255",True,59780,307200,0.19459635416666668,False,False,1,1.0,False,,OK
000673,D:\Biology-AI\data\Task1_Segmentation\masks\000673_segmentation.png,True,3872,2592,L,2,"0,255",True,699331,10036224,0.06968068867334966,False,False,1,1.0,False,,OK
000674,D:\Biology-AI\data\Task1_Segmentation\masks\000674_segmentation.png,True,1024,768,L,2,"0,255",True,568380,786432,0.7227325439453125,False,False,1,1.0,False,,OK
000675,D:\Biology-AI\data\Task1_Segmentation\masks\000675_segmentation.png,True,4288,2848,L,2,"0,255",True,414863,12212224,0.033971125980001675,False,False,1,1.0,False,,OK
000676,D:\Biology-AI\data\Task1_Segmentation\masks\000676_segmentation.png,True,4288,2848,L,2,"0,255",True,3246314,12212224,0.26582496357747776,False,False,1,1.0,False,,OK
000677,D:\Biology-AI\data\Task1_Segmentation\masks\000677_segmentation.png,True,640,480,L,2,"0,255",True,147031,307200,0.47861653645833335,False,False,1,1.0,True,,OK
000678,D:\Biology-AI\data\Task1_Segmentation\masks\000678_segmentation.png,True,1024,768,L,2,"0,255",True,164209,786432,0.20880254109700522,False,False,1,1.0,False,,OK
000679,D:\Biology-AI\data\Task1_Segmentation\masks\000679_segmentation.png,True,1024,768,L,2,"0,255",True,49218,786432,0.06258392333984375,False,False,1,1.0,False,,OK
000680,D:\Biology-AI\data\Task1_Segmentation\masks\000680_segmentation.png,True,919,802,L,2,"0,255",True,159568,737038,0.21649901361937918,False,False,1,1.0,False,,OK
000681,D:\Biology-AI\data\Task1_Segmentation\masks\000681_segmentation.png,True,6682,4442,L,2,"0,255",True,4644478,29681444,0.15647749482808182,False,False,1,1.0,False,,OK
000682,D:\Biology-AI\data\Task1_Segmentation\masks\000682_segmentation.png,True,4288,2848,L,2,"0,255",True,1240987,12212224,0.10161842756896697,False,False,1,1.0,False,,OK
000683,D:\Biology-AI\data\Task1_Segmentation\masks\000683_segmentation.png,True,640,480,L,2,"0,255",True,49283,307200,0.16042643229166667,False,False,1,1.0,False,,OK
000684,D:\Biology-AI\data\Task1_Segmentation\masks\000684_segmentation.png,True,3072,2304,L,2,"0,255",True,1278927,7077888,0.18069330851236978,False,False,1,1.0,False,,OK
000685,D:\Biology-AI\data\Task1_Segmentation\masks\000685_segmentation.png,True,1024,768,L,2,"0,255",True,545945,786432,0.6942049662272135,False,False,1,1.0,True,,OK
000686,D:\Biology-AI\data\Task1_Segmentation\masks\000686_segmentation.png,True,4288,2848,L,2,"0,255",True,473075,12212224,0.038737825313390914,False,False,1,1.0,False,,OK
000687,D:\Biology-AI\data\Task1_Segmentation\masks\000687_segmentation.png,True,6628,4399,L,2,"0,255",True,20005487,29156572,0.6861398864036554,False,False,1,1.0,True,,OK
000688,D:\Biology-AI\data\Task1_Segmentation\masks\000688_segmentation.png,True,3072,2304,L,2,"0,255",True,1675773,7077888,0.23676172892252603,False,False,1,1.0,False,,OK
000689,D:\Biology-AI\data\Task1_Segmentation\masks\000689_segmentation.png,True,1024,768,L,2,"0,255",True,59987,786432,0.0762774149576823,False,False,1,1.0,False,,OK
000690,D:\Biology-AI\data\Task1_Segmentation\masks\000690_segmentation.png,True,1024,768,L,2,"0,255",True,53978,786432,0.06863657633463542,False,False,1,1.0,False,,OK
000691,D:\Biology-AI\data\Task1_Segmentation\masks\000691_segmentation.png,True,767,576,L,2,"0,255",True,64188,441792,0.14529009126466755,False,False,1,1.0,False,,OK
000692,D:\Biology-AI\data\Task1_Segmentation\masks\000692_segmentation.png,True,3008,2000,L,2,"0,255",True,34860,6016000,0.005794547872340425,False,False,1,1.0,False,,OK
000693,D:\Biology-AI\data\Task1_Segmentation\masks\000693_segmentation.png,True,6668,4439,L,2,"0,255",True,16058988,29599252,0.542547088689944,False,False,1,1.0,False,,OK
000694,D:\Biology-AI\data\Task1_Segmentation\masks\000694_segmentation.png,True,3008,2000,L,2,"0,255",True,426346,6016000,0.0708686835106383,False,False,1,1.0,False,,OK
000695,D:\Biology-AI\data\Task1_Segmentation\masks\000695_segmentation.png,True,4288,2848,L,2,"0,255",True,510235,12212224,0.041780678113994635,False,False,1,1.0,False,,OK
000696,D:\Biology-AI\data\Task1_Segmentation\masks\000696_segmentation.png,True,3072,2304,L,2,"0,255",True,861172,7077888,0.12167075828269676,False,False,1,1.0,False,,OK
000697,D:\Biology-AI\data\Task1_Segmentation\masks\000697_segmentation.png,True,3008,2000,L,2,"0,255",True,89277,6016000,0.014839926861702128,False,False,1,1.0,False,,OK
000698,D:\Biology-AI\data\Task1_Segmentation\masks\000698_segmentation.png,True,4288,2848,L,2,"0,255",True,685710,12212224,0.056149477769159815,False,False,1,1.0,False,,OK
000699,D:\Biology-AI\data\Task1_Segmentation\masks\000699_segmentation.png,True,4288,2848,L,2,"0,255",True,1585106,12212224,0.12979666930446085,False,False,1,1.0,False,,OK
000700,D:\Biology-AI\data\Task1_Segmentation\masks\000700_segmentation.png,True,3008,2000,L,2,"0,255",True,2374225,6016000,0.3946517619680851,False,False,1,1.0,False,,OK
000701,D:\Biology-AI\data\Task1_Segmentation\masks\000701_segmentation.png,True,3072,2304,L,2,"0,255",True,1816285,7077888,0.2566139786331742,False,False,1,1.0,False,,OK
000702,D:\Biology-AI\data\Task1_Segmentation\masks\000702_segmentation.png,True,1024,768,L,2,"0,255",True,262897,786432,0.3342908223470052,False,False,1,1.0,False,,OK
000703,D:\Biology-AI\data\Task1_Segmentation\masks\000703_segmentation.png,True,3072,2304,L,2,"0,255",True,1375821,7077888,0.19438298543294272,False,False,1,1.0,False,,OK
000704,D:\Biology-AI\data\Task1_Segmentation\masks\000704_segmentation.png,True,1024,768,L,2,"0,255",True,479501,786432,0.609717051188151,False,False,1,1.0,True,,OK
000705,D:\Biology-AI\data\Task1_Segmentation\masks\000705_segmentation.png,True,4288,2848,L,2,"0,255",True,4755753,12212224,0.38942562796096764,False,False,1,1.0,False,,OK
000706,D:\Biology-AI\data\Task1_Segmentation\masks\000706_segmentation.png,True,640,480,L,2,"0,255",True,35649,307200,0.116044921875,False,False,1,1.0,False,,OK
000707,D:\Biology-AI\data\Task1_Segmentation\masks\000707_segmentation.png,True,6648,4419,L,2,"0,255",True,17171301,29377512,0.5845049437814883,False,False,1,1.0,False,,OK
000708,D:\Biology-AI\data\Task1_Segmentation\masks\000708_segmentation.png,True,4288,2848,L,2,"0,255",True,87256,12212224,0.007144972119738387,False,False,1,1.0,False,,OK
000709,D:\Biology-AI\data\Task1_Segmentation\masks\000709_segmentation.png,True,3872,2592,L,2,"0,255",True,285049,10036224,0.02840201653530252,False,False,1,1.0,False,,OK
000710,D:\Biology-AI\data\Task1_Segmentation\masks\000710_segmentation.png,True,3024,2016,L,2,"0,255",True,489896,6096384,0.08035845511043924,False,False,1,1.0,False,,OK
000711,D:\Biology-AI\data\Task1_Segmentation\masks\000711_segmentation.png,True,3872,2592,L,2,"0,255",True,1270948,10036224,0.12663607348739925,False,False,1,1.0,False,,OK
000712,D:\Biology-AI\data\Task1_Segmentation\masks\000712_segmentation.png,True,6642,4421,L,2,"0,255",True,16647612,29364282,0.566934073170936,False,False,1,1.0,False,,OK
000713,D:\Biology-AI\data\Task1_Segmentation\masks\000713_segmentation.png,True,962,674,L,2,"0,255",True,410090,648388,0.6324762333664411,False,False,1,1.0,False,,OK
000714,D:\Biology-AI\data\Task1_Segmentation\masks\000714_segmentation.png,True,4288,2848,L,2,"0,255",True,1453253,12212224,0.11899986439816368,False,False,1,1.0,False,,OK
000715,D:\Biology-AI\data\Task1_Segmentation\masks\000715_segmentation.png,True,640,480,L,2,"0,255",True,31558,307200,0.10272786458333333,False,False,1,1.0,False,,OK
000716,D:\Biology-AI\data\Task1_Segmentation\masks\000716_segmentation.png,True,6662,4440,L,2,"0,255",True,17073698,29579280,0.5772181743436622,False,False,1,1.0,True,,OK
000717,D:\Biology-AI\data\Task1_Segmentation\masks\000717_segmentation.png,True,3872,2592,L,2,"0,255",True,388278,10036224,0.03868765782828283,False,False,1,1.0,False,,OK
000718,D:\Biology-AI\data\Task1_Segmentation\masks\000718_segmentation.png,True,640,480,L,2,"0,255",True,10934,307200,0.035592447916666665,False,False,1,1.0,False,,OK
000719,D:\Biology-AI\data\Task1_Segmentation\masks\000719_segmentation.png,True,962,674,L,2,"0,255",True,475978,648388,0.7340944002665071,False,False,1,1.0,True,,OK
000720,D:\Biology-AI\data\Task1_Segmentation\masks\000720_segmentation.png,True,6648,4419,L,2,"0,255",True,1167474,29377512,0.03974039734882927,False,False,1,1.0,False,,OK
000721,D:\Biology-AI\data\Task1_Segmentation\masks\000721_segmentation.png,True,6668,4459,L,2,"0,255",True,25221591,29732612,0.8482803663532824,False,False,1,1.0,False,,OK
000722,D:\Biology-AI\data\Task1_Segmentation\masks\000722_segmentation.png,True,6640,4420,L,2,"0,255",True,2235965,29348800,0.07618590879354523,False,False,1,1.0,False,,OK
000723,D:\Biology-AI\data\Task1_Segmentation\masks\000723_segmentation.png,True,3072,2304,L,2,"0,255",True,1581690,7077888,0.22346920437282985,False,False,1,1.0,False,,OK
000724,D:\Biology-AI\data\Task1_Segmentation\masks\000724_segmentation.png,True,640,480,L,2,"0,255",True,166815,307200,0.543017578125,False,False,1,1.0,True,,OK
000725,D:\Biology-AI\data\Task1_Segmentation\masks\000725_segmentation.png,True,6681,4441,L,2,"0,255",True,8058702,29670321,0.2716081838143915,False,False,1,1.0,False,,OK
000726,D:\Biology-AI\data\Task1_Segmentation\masks\000726_segmentation.png,True,1024,768,L,2,"0,255",True,477711,786432,0.6074409484863281,False,False,1,1.0,True,,OK
000727,D:\Biology-AI\data\Task1_Segmentation\masks\000727_segmentation.png,True,6601,4382,L,2,"0,255",True,10876931,28925582,0.3760315349921049,False,False,1,1.0,True,,OK
000728,D:\Biology-AI\data\Task1_Segmentation\masks\000728_segmentation.png,True,4288,2848,L,2,"0,255",True,4903059,12212224,0.4014878043507882,False,False,1,1.0,False,,OK
000729,D:\Biology-AI\data\Task1_Segmentation\masks\000729_segmentation.png,True,3872,2592,L,2,"0,255",True,1693212,10036224,0.16871006466176922,False,False,1,1.0,False,,OK
000730,D:\Biology-AI\data\Task1_Segmentation\masks\000730_segmentation.png,True,3072,2304,L,2,"0,255",True,304354,7077888,0.04300068042896412,False,False,1,1.0,False,,OK
000731,D:\Biology-AI\data\Task1_Segmentation\masks\000731_segmentation.png,True,4288,2848,L,2,"0,255",True,363173,12212224,0.029738481704888478,False,False,1,1.0,False,,OK
000732,D:\Biology-AI\data\Task1_Segmentation\masks\000732_segmentation.png,True,1504,1129,L,2,"0,255",True,866075,1698016,0.5100511420387087,False,False,1,1.0,False,,OK
000733,D:\Biology-AI\data\Task1_Segmentation\masks\000733_segmentation.png,True,6662,4422,L,2,"0,255",True,7374741,29459364,0.25033605613481674,False,False,1,1.0,False,,OK
000734,D:\Biology-AI\data\Task1_Segmentation\masks\000734_segmentation.png,True,4288,2848,L,2,"0,255",True,412343,12212224,0.033764775359508635,False,False,1,1.0,False,,OK
000735,D:\Biology-AI\data\Task1_Segmentation\masks\000735_segmentation.png,True,640,480,L,2,"0,255",True,33365,307200,0.10861002604166667,False,False,1,1.0,False,,OK
000736,D:\Biology-AI\data\Task1_Segmentation\masks\000736_segmentation.png,True,1024,768,L,2,"0,255",True,279025,786432,0.3547986348470052,False,False,1,1.0,False,,OK
000737,D:\Biology-AI\data\Task1_Segmentation\masks\000737_segmentation.png,True,3072,2304,L,2,"0,255",True,464627,7077888,0.06564486468279804,False,False,1,1.0,False,,OK
000738,D:\Biology-AI\data\Task1_Segmentation\masks\000738_segmentation.png,True,1504,1129,L,2,"0,255",True,844468,1698016,0.4973262913894804,False,False,1,1.0,False,,OK
000739,D:\Biology-AI\data\Task1_Segmentation\masks\000739_segmentation.png,True,1024,768,L,2,"0,255",True,126608,786432,0.16099039713541666,False,False,1,1.0,False,,OK
000740,D:\Biology-AI\data\Task1_Segmentation\masks\000740_segmentation.png,True,4288,2848,L,2,"0,255",True,584853,12212224,0.04789078549492705,False,False,1,1.0,False,,OK
000741,D:\Biology-AI\data\Task1_Segmentation\masks\000741_segmentation.png,True,2048,1536,L,2,"0,255",True,1239383,3145728,0.39398924509684247,False,False,1,1.0,False,,OK
000742,D:\Biology-AI\data\Task1_Segmentation\masks\000742_segmentation.png,True,2048,1536,L,2,"0,255",True,1408248,3145728,0.44766998291015625,False,False,1,1.0,False,,OK
000743,D:\Biology-AI\data\Task1_Segmentation\masks\000743_segmentation.png,True,1024,768,L,2,"0,255",True,752353,786432,0.9566663106282552,False,False,1,1.0,True,,very_large_lesion
000744,D:\Biology-AI\data\Task1_Segmentation\masks\000744_segmentation.png,True,6648,4399,L,2,"0,255",True,9076609,29244552,0.3103692270615053,False,False,1,1.0,False,,OK
000745,D:\Biology-AI\data\Task1_Segmentation\masks\000745_segmentation.png,True,1024,768,L,2,"0,255",True,175843,786432,0.22359593709309897,False,False,1,1.0,False,,OK
000746,D:\Biology-AI\data\Task1_Segmentation\masks\000746_segmentation.png,True,3072,2304,L,2,"0,255",True,2955462,7077888,0.41756269666883683,False,False,1,1.0,False,,OK
000747,D:\Biology-AI\data\Task1_Segmentation\masks\000747_segmentation.png,True,3072,2304,L,2,"0,255",True,640556,7077888,0.0905010082103588,False,False,1,1.0,False,,OK
000748,D:\Biology-AI\data\Task1_Segmentation\masks\000748_segmentation.png,True,3008,2000,L,2,"0,255",True,352314,6016000,0.05856283244680851,False,False,1,1.0,False,,OK
000749,D:\Biology-AI\data\Task1_Segmentation\masks\000749_segmentation.png,True,3008,2000,L,2,"0,255",True,42221,6016000,0.00701811835106383,False,False,1,1.0,False,,OK
000750,D:\Biology-AI\data\Task1_Segmentation\masks\000750_segmentation.png,True,3872,2592,L,2,"0,255",True,1557134,10036224,0.15515137964238343,False,False,1,1.0,False,,OK
000751,D:\Biology-AI\data\Task1_Segmentation\masks\000751_segmentation.png,True,3872,2592,L,2,"0,255",True,247224,10036224,0.024633168809305172,False,False,1,1.0,False,,OK
000752,D:\Biology-AI\data\Task1_Segmentation\masks\000752_segmentation.png,True,6682,4441,L,2,"0,255",True,6494664,29674762,0.21886153627786467,False,False,1,1.0,False,,OK
000753,D:\Biology-AI\data\Task1_Segmentation\masks\000753_segmentation.png,True,1024,768,L,2,"0,255",True,528919,786432,0.6725552876790365,False,False,1,1.0,True,,OK
000754,D:\Biology-AI\data\Task1_Segmentation\masks\000754_segmentation.png,True,1024,768,L,2,"0,255",True,656051,786432,0.8342119852701823,False,False,1,1.0,False,,OK
000755,D:\Biology-AI\data\Task1_Segmentation\masks\000755_segmentation.png,True,919,802,L,2,"0,255",True,137914,737038,0.1871192530100212,False,False,1,1.0,False,,OK
000756,D:\Biology-AI\data\Task1_Segmentation\masks\000756_segmentation.png,True,3024,2016,L,2,"0,255",True,283730,6096384,0.04654070347274712,False,False,1,1.0,False,,OK
000757,D:\Biology-AI\data\Task1_Segmentation\masks\000757_segmentation.png,True,1024,768,L,2,"0,255",True,664168,786432,0.8445332845052084,False,False,1,1.0,True,,OK
000758,D:\Biology-AI\data\Task1_Segmentation\masks\000758_segmentation.png,True,3008,2000,L,2,"0,255",True,279172,6016000,0.04640492021276596,False,False,1,1.0,False,,OK
000759,D:\Biology-AI\data\Task1_Segmentation\masks\000759_segmentation.png,True,4288,2848,L,2,"0,255",True,5907395,12212224,0.48372802529662084,False,False,1,1.0,False,,OK
000760,D:\Biology-AI\data\Task1_Segmentation\masks\000760_segmentation.png,True,1024,768,L,2,"0,255",True,325235,786432,0.4135576883951823,False,False,1,1.0,False,,OK
000761,D:\Biology-AI\data\Task1_Segmentation\masks\000761_segmentation.png,True,4288,2848,L,2,"0,255",True,712890,12212224,0.05837511660447761,False,False,1,1.0,False,,OK
000762,D:\Biology-AI\data\Task1_Segmentation\masks\000762_segmentation.png,True,3008,2000,L,2,"0,255",True,217300,6016000,0.03612034574468085,False,False,1,1.0,False,,OK
000763,D:\Biology-AI\data\Task1_Segmentation\masks\000763_segmentation.png,True,3872,2592,L,2,"0,255",True,128871,10036224,0.01284058626033058,False,False,1,1.0,False,,OK
000764,D:\Biology-AI\data\Task1_Segmentation\masks\000764_segmentation.png,True,640,480,L,2,"0,255",True,31958,307200,0.10402994791666667,False,False,1,1.0,False,,OK
000765,D:\Biology-AI\data\Task1_Segmentation\masks\000765_segmentation.png,True,3072,2304,L,2,"0,255",True,822735,7077888,0.1162401835123698,False,False,1,1.0,False,,OK
000766,D:\Biology-AI\data\Task1_Segmentation\masks\000766_segmentation.png,True,3072,2304,L,2,"0,255",True,1517791,7077888,0.2144412287959346,False,False,1,1.0,False,,OK
000767,D:\Biology-AI\data\Task1_Segmentation\masks\000767_segmentation.png,True,4288,2848,L,2,"0,255",True,530796,12212224,0.04346431902985075,False,False,1,1.0,False,,OK
000768,D:\Biology-AI\data\Task1_Segmentation\masks\000768_segmentation.png,True,6708,4459,L,2,"0,255",True,8325674,29910972,0.27834849365644154,False,False,1,1.0,False,,OK
000769,D:\Biology-AI\data\Task1_Segmentation\masks\000769_segmentation.png,True,6688,4399,L,2,"0,255",True,1892443,29420512,0.06432393154816612,False,False,1,1.0,False,,OK
000770,D:\Biology-AI\data\Task1_Segmentation\masks\000770_segmentation.png,True,3072,2304,L,2,"0,255",True,985160,7077888,0.1391884132667824,False,False,1,1.0,False,,OK
000771,D:\Biology-AI\data\Task1_Segmentation\masks\000771_segmentation.png,True,919,802,L,2,"0,255",True,200661,737038,0.2722532623826723,False,False,1,1.0,False,,OK
000772,D:\Biology-AI\data\Task1_Segmentation\masks\000772_segmentation.png,True,6642,4422,L,2,"0,255",True,4064452,29370924,0.13838352514888533,False,False,1,1.0,False,,OK
000773,D:\Biology-AI\data\Task1_Segmentation\masks\000773_segmentation.png,True,1024,768,L,2,"0,255",True,110542,786432,0.1405614217122396,False,False,1,1.0,False,,OK
000774,D:\Biology-AI\data\Task1_Segmentation\masks\000774_segmentation.png,True,4288,2848,L,2,"0,255",True,914919,12212224,0.07491829498050478,False,False,1,1.0,False,,OK
000775,D:\Biology-AI\data\Task1_Segmentation\masks\000775_segmentation.png,True,6681,4422,L,2,"0,255",True,25755567,29543382,0.8717880369958998,False,False,1,1.0,True,,OK
000776,D:\Biology-AI\data\Task1_Segmentation\masks\000776_segmentation.png,True,640,480,L,2,"0,255",True,58241,307200,0.18958658854166666,False,False,1,1.0,False,,OK
000777,D:\Biology-AI\data\Task1_Segmentation\masks\000777_segmentation.png,True,3008,2000,L,2,"0,255",True,319329,6016000,0.05307995345744681,False,False,1,1.0,False,,OK
000778,D:\Biology-AI\data\Task1_Segmentation\masks\000778_segmentation.png,True,640,480,L,2,"0,255",True,60058,307200,0.19550130208333333,False,False,1,1.0,False,,OK
000779,D:\Biology-AI\data\Task1_Segmentation\masks\000779_segmentation.png,True,1504,1129,L,2,"0,255",True,1048706,1698016,0.6176066656615721,False,False,1,1.0,False,,OK
000780,D:\Biology-AI\data\Task1_Segmentation\masks\000780_segmentation.png,True,3072,2304,L,2,"0,255",True,3511491,7077888,0.49612130059136283,False,False,1,1.0,True,,OK
000781,D:\Biology-AI\data\Task1_Segmentation\masks\000781_segmentation.png,True,3024,2016,L,2,"0,255",True,651552,6096384,0.10687515747039557,False,False,1,1.0,False,,OK
000782,D:\Biology-AI\data\Task1_Segmentation\masks\000782_segmentation.png,True,824,719,L,2,"0,255",True,254215,592456,0.4290867169882658,False,False,1,1.0,False,,OK
000783,D:\Biology-AI\data\Task1_Segmentation\masks\000783_segmentation.png,True,4288,2848,L,2,"0,255",True,4449440,12212224,0.36434313684387054,False,False,1,1.0,False,,OK
000784,D:\Biology-AI\data\Task1_Segmentation\masks\000784_segmentation.png,True,6668,4459,L,2,"0,255",True,4224504,29732612,0.1420831778923426,False,False,1,1.0,False,,OK
000785,D:\Biology-AI\data\Task1_Segmentation\masks\000785_segmentation.png,True,3872,2592,L,2,"0,255",True,1696928,10036224,0.16908032343638404,False,False,1,1.0,False,,OK
000786,D:\Biology-AI\data\Task1_Segmentation\masks\000786_segmentation.png,True,3008,2000,L,2,"0,255",True,327305,6016000,0.054405751329787234,False,False,1,1.0,False,,OK
000787,D:\Biology-AI\data\Task1_Segmentation\masks\000787_segmentation.png,True,3872,2592,L,2,"0,255",True,358196,10036224,0.03569031540148965,False,False,1,1.0,False,,OK
000788,D:\Biology-AI\data\Task1_Segmentation\masks\000788_segmentation.png,True,4288,2848,L,2,"0,255",True,1257638,12212224,0.10298189748239141,False,False,1,1.0,False,,OK
000789,D:\Biology-AI\data\Task1_Segmentation\masks\000789_segmentation.png,True,3008,2000,L,2,"0,255",True,1029561,6016000,0.17113713430851063,False,False,1,1.0,False,,OK
000790,D:\Biology-AI\data\Task1_Segmentation\masks\000790_segmentation.png,True,6682,4441,L,2,"0,255",True,21601516,29674762,0.7279423504727688,False,False,1,1.0,True,,OK
000791,D:\Biology-AI\data\Task1_Segmentation\masks\000791_segmentation.png,True,640,480,L,2,"0,255",True,69283,307200,0.22553059895833333,False,False,1,1.0,False,,OK
000792,D:\Biology-AI\data\Task1_Segmentation\masks\000792_segmentation.png,True,3072,2304,L,2,"0,255",True,3377877,7077888,0.47724363538953996,False,False,1,1.0,False,,OK
000793,D:\Biology-AI\data\Task1_Segmentation\masks\000793_segmentation.png,True,1024,768,L,2,"0,255",True,316193,786432,0.40206019083658856,False,False,1,1.0,False,,OK
000794,D:\Biology-AI\data\Task1_Segmentation\masks\000794_segmentation.png,True,1024,768,L,2,"0,255",True,235376,786432,0.2992960611979167,False,False,1,1.0,False,,OK
000795,D:\Biology-AI\data\Task1_Segmentation\masks\000795_segmentation.png,True,6662,4441,L,2,"0,255",True,9350292,29585942,0.31603834010084925,False,False,1,1.0,False,,OK
000796,D:\Biology-AI\data\Task1_Segmentation\masks\000796_segmentation.png,True,962,674,L,2,"0,255",True,318679,648388,0.4914942904557148,False,False,1,1.0,False,,OK
000797,D:\Biology-AI\data\Task1_Segmentation\masks\000797_segmentation.png,True,3008,2000,L,2,"0,255",True,252304,6016000,0.041938829787234046,False,False,1,1.0,False,,OK
000798,D:\Biology-AI\data\Task1_Segmentation\masks\000798_segmentation.png,True,1024,768,L,2,"0,255",True,162372,786432,0.2064666748046875,False,False,1,1.0,False,,OK
000799,D:\Biology-AI\data\Task1_Segmentation\masks\000799_segmentation.png,True,6641,4400,L,2,"0,255",True,3031728,29220400,0.10375381582729874,False,False,1,1.0,False,,OK
000800,D:\Biology-AI\data\Task1_Segmentation\masks\000800_segmentation.png,True,3072,2304,L,2,"0,255",True,1663814,7077888,0.23507210060402198,False,False,1,1.0,False,,OK
000801,D:\Biology-AI\data\Task1_Segmentation\masks\000801_segmentation.png,True,4288,2848,L,2,"0,255",True,3328448,12212224,0.27255051987254736,False,False,1,1.0,False,,OK
000802,D:\Biology-AI\data\Task1_Segmentation\masks\000802_segmentation.png,True,1024,768,L,2,"0,255",True,271674,786432,0.34545135498046875,False,False,1,1.0,False,,OK
000803,D:\Biology-AI\data\Task1_Segmentation\masks\000803_segmentation.png,True,1024,768,L,2,"0,255",True,68892,786432,0.0876007080078125,False,False,1,1.0,False,,OK
000804,D:\Biology-AI\data\Task1_Segmentation\masks\000804_segmentation.png,True,3072,2304,L,2,"0,255",True,2085686,7077888,0.2946763215241609,False,False,1,1.0,False,,OK
000805,D:\Biology-AI\data\Task1_Segmentation\masks\000805_segmentation.png,True,640,480,L,2,"0,255",True,24525,307200,0.079833984375,False,False,1,1.0,False,,OK
000806,D:\Biology-AI\data\Task1_Segmentation\masks\000806_segmentation.png,True,4288,2848,L,2,"0,255",True,1267793,12212224,0.10381344135187826,False,False,1,1.0,False,,OK
000807,D:\Biology-AI\data\Task1_Segmentation\masks\000807_segmentation.png,True,3008,2000,L,2,"0,255",True,493210,6016000,0.08198304521276596,False,False,1,1.0,False,,OK
000808,D:\Biology-AI\data\Task1_Segmentation\masks\000808_segmentation.png,True,767,576,L,2,"0,255",True,174351,441792,0.3946449913081269,False,False,1,1.0,False,,OK
000809,D:\Biology-AI\data\Task1_Segmentation\masks\000809_segmentation.png,True,640,480,L,2,"0,255",True,245501,307200,0.7991569010416667,False,False,1,1.0,True,,OK
000810,D:\Biology-AI\data\Task1_Segmentation\masks\000810_segmentation.png,True,963,629,L,2,"0,255",True,201985,605727,0.33345880239777986,False,False,1,1.0,False,,OK
000811,D:\Biology-AI\data\Task1_Segmentation\masks\000811_segmentation.png,True,2592,1936,L,2,"0,255",True,1937167,5018112,0.3860350267192123,False,False,1,1.0,False,,OK
000812,D:\Biology-AI\data\Task1_Segmentation\masks\000812_segmentation.png,True,1024,768,L,2,"0,255",True,185770,786432,0.2362187703450521,False,False,1,1.0,False,,OK
000813,D:\Biology-AI\data\Task1_Segmentation\masks\000813_segmentation.png,True,6661,4421,L,2,"0,255",True,6052987,29448281,0.2055463610931993,False,False,1,1.0,False,,OK
000814,D:\Biology-AI\data\Task1_Segmentation\masks\000814_segmentation.png,True,3008,2000,L,2,"0,255",True,162028,6016000,0.026932845744680852,False,False,1,1.0,False,,OK
000815,D:\Biology-AI\data\Task1_Segmentation\masks\000815_segmentation.png,True,3072,2304,L,2,"0,255",True,742379,7077888,0.10488707930953414,False,False,1,1.0,False,,OK
000816,D:\Biology-AI\data\Task1_Segmentation\masks\000816_segmentation.png,True,2592,1944,L,2,"0,255",True,460645,5038848,0.09141871316618402,False,False,1,1.0,False,,OK
000817,D:\Biology-AI\data\Task1_Segmentation\masks\000817_segmentation.png,True,3072,2304,L,2,"0,255",True,1878928,7077888,0.26546450014467593,False,False,1,1.0,False,,OK
000818,D:\Biology-AI\data\Task1_Segmentation\masks\000818_segmentation.png,True,3008,2000,L,2,"0,255",True,191414,6016000,0.03181748670212766,False,False,1,1.0,False,,OK
000819,D:\Biology-AI\data\Task1_Segmentation\masks\000819_segmentation.png,True,1504,1129,L,2,"0,255",True,1113674,1698016,0.655867789231668,False,False,1,1.0,False,,OK
000820,D:\Biology-AI\data\Task1_Segmentation\masks\000820_segmentation.png,True,3008,2000,L,2,"0,255",True,46639,6016000,0.00775249335106383,False,False,1,1.0,False,,OK
000821,D:\Biology-AI\data\Task1_Segmentation\masks\000821_segmentation.png,True,4288,2848,L,2,"0,255",True,571419,12212224,0.04679074016329868,False,False,1,1.0,False,,OK
000822,D:\Biology-AI\data\Task1_Segmentation\masks\000822_segmentation.png,True,1504,1129,L,2,"0,255",True,939662,1698016,0.5533881895105818,False,False,1,1.0,False,,OK
000823,D:\Biology-AI\data\Task1_Segmentation\masks\000823_segmentation.png,True,4288,2848,L,2,"0,255",True,523403,12212224,0.04285894199123763,False,False,1,1.0,False,,OK
000824,D:\Biology-AI\data\Task1_Segmentation\masks\000824_segmentation.png,True,3008,2000,L,2,"0,255",True,174310,6016000,0.02897440159574468,False,False,1,1.0,False,,OK
000825,D:\Biology-AI\data\Task1_Segmentation\masks\000825_segmentation.png,True,3008,2000,L,2,"0,255",True,211608,6016000,0.03517420212765957,False,False,1,1.0,False,,OK
000826,D:\Biology-AI\data\Task1_Segmentation\masks\000826_segmentation.png,True,3008,2000,L,2,"0,255",True,325531,6016000,0.0541108710106383,False,False,1,1.0,False,,OK
000827,D:\Biology-AI\data\Task1_Segmentation\masks\000827_segmentation.png,True,6642,4401,L,2,"0,255",True,4987394,29231442,0.1706174467889747,False,False,1,1.0,False,,OK
000828,D:\Biology-AI\data\Task1_Segmentation\masks\000828_segmentation.png,True,6668,4439,L,2,"0,255",True,2719418,29599252,0.09187455142447519,False,False,1,1.0,False,,OK
000829,D:\Biology-AI\data\Task1_Segmentation\masks\000829_segmentation.png,True,6628,4419,L,2,"0,255",True,16577784,29289132,0.5660046190511894,False,False,1,1.0,False,,OK
000830,D:\Biology-AI\data\Task1_Segmentation\masks\000830_segmentation.png,True,1022,767,L,2,"0,255",True,269618,783874,0.343955788812998,False,False,1,1.0,False,,OK
000831,D:\Biology-AI\data\Task1_Segmentation\masks\000831_segmentation.png,True,3072,2304,L,2,"0,255",True,1722998,7077888,0.24343391701027198,False,False,1,1.0,False,,OK
000832,D:\Biology-AI\data\Task1_Segmentation\masks\000832_segmentation.png,True,4288,2848,L,2,"0,255",True,178165,12212224,0.01458907075402482,False,False,1,1.0,False,,OK
000833,D:\Biology-AI\data\Task1_Segmentation\masks\000833_segmentation.png,True,640,480,L,2,"0,255",True,46445,307200,0.15118815104166666,False,False,1,1.0,False,,OK
000834,D:\Biology-AI\data\Task1_Segmentation\masks\000834_segmentation.png,True,3008,2000,L,2,"0,255",True,522515,6016000,0.08685422207446808,False,False,1,1.0,False,,OK
000835,D:\Biology-AI\data\Task1_Segmentation\masks\000835_segmentation.png,True,6648,4439,L,2,"0,255",True,16055075,29510472,0.5440467031499869,False,False,1,1.0,False,,OK
000836,D:\Biology-AI\data\Task1_Segmentation\masks\000836_segmentation.png,True,1007,711,L,2,"0,255",True,264717,715977,0.3697283571958317,False,False,1,1.0,False,,OK
000837,D:\Biology-AI\data\Task1_Segmentation\masks\000837_segmentation.png,True,3872,2592,L,2,"0,255",True,410668,10036224,0.040918576548311394,False,False,1,1.0,False,,OK
000838,D:\Biology-AI\data\Task1_Segmentation\masks\000838_segmentation.png,True,3008,2000,L,2,"0,255",True,344791,6016000,0.057312333776595746,False,False,1,1.0,False,,OK
000839,D:\Biology-AI\data\Task1_Segmentation\masks\000839_segmentation.png,True,6621,4420,L,2,"0,255",True,5121030,29264820,0.17498928747895937,False,False,1,1.0,False,,OK
000840,D:\Biology-AI\data\Task1_Segmentation\masks\000840_segmentation.png,True,4288,2848,L,2,"0,255",True,134655,12212224,0.01102624714384538,False,False,1,1.0,False,,OK
000841,D:\Biology-AI\data\Task1_Segmentation\masks\000841_segmentation.png,True,1024,768,L,2,"0,255",True,41481,786432,0.052745819091796875,False,False,1,1.0,False,,OK
000842,D:\Biology-AI\data\Task1_Segmentation\masks\000842_segmentation.png,True,4288,2848,L,2,"0,255",True,1025366,12212224,0.08396226600494718,False,False,1,1.0,False,,OK
000843,D:\Biology-AI\data\Task1_Segmentation\masks\000843_segmentation.png,True,4288,2848,L,2,"0,255",True,122487,12212224,0.010029868433464699,False,False,1,1.0,False,,OK
000844,D:\Biology-AI\data\Task1_Segmentation\masks\000844_segmentation.png,True,1024,768,L,2,"0,255",True,466330,786432,0.5929692586263021,False,False,1,1.0,False,,OK
000845,D:\Biology-AI\data\Task1_Segmentation\masks\000845_segmentation.png,True,4288,2848,L,2,"0,255",True,525860,12212224,0.043060133846218346,False,False,1,1.0,False,,OK
000846,D:\Biology-AI\data\Task1_Segmentation\masks\000846_segmentation.png,True,1028,753,L,2,"0,255",True,151457,774084,0.19565964417298382,False,False,1,1.0,False,,OK
000847,D:\Biology-AI\data\Task1_Segmentation\masks\000847_segmentation.png,True,4288,2848,L,2,"0,255",True,410772,12212224,0.03363613376236794,False,False,1,1.0,False,,OK
000848,D:\Biology-AI\data\Task1_Segmentation\masks\000848_segmentation.png,True,1024,768,L,2,"0,255",True,41675,786432,0.05299250284830729,False,False,1,1.0,False,,OK
000849,D:\Biology-AI\data\Task1_Segmentation\masks\000849_segmentation.png,True,4288,2848,L,2,"0,255",True,3425891,12212224,0.2805296561871122,False,False,1,1.0,False,,OK
000850,D:\Biology-AI\data\Task1_Segmentation\masks\000850_segmentation.png,True,1024,768,L,2,"0,255",True,663022,786432,0.8430760701497396,False,False,1,1.0,True,,OK
000851,D:\Biology-AI\data\Task1_Segmentation\masks\000851_segmentation.png,True,4288,2848,L,2,"0,255",True,2313211,12212224,0.18941766872274862,False,False,1,1.0,False,,OK
000852,D:\Biology-AI\data\Task1_Segmentation\masks\000852_segmentation.png,True,3024,2016,L,2,"0,255",True,571672,6096384,0.09377230830603847,False,False,1,1.0,False,,OK
000853,D:\Biology-AI\data\Task1_Segmentation\masks\000853_segmentation.png,True,919,802,L,2,"0,255",True,137146,737038,0.18607724432118833,False,False,1,1.0,False,,OK
000854,D:\Biology-AI\data\Task1_Segmentation\masks\000854_segmentation.png,True,3024,2016,L,2,"0,255",True,208243,6096384,0.03415844539976484,False,False,1,1.0,False,,OK
000855,D:\Biology-AI\data\Task1_Segmentation\masks\000855_segmentation.png,True,1024,768,L,2,"0,255",True,208959,786432,0.2657051086425781,False,False,1,1.0,False,,OK
000856,D:\Biology-AI\data\Task1_Segmentation\masks\000856_segmentation.png,True,4288,2848,L,2,"0,255",True,2658695,12212224,0.21770768371100957,False,False,1,1.0,False,,OK
000857,D:\Biology-AI\data\Task1_Segmentation\masks\000857_segmentation.png,True,3008,2000,L,2,"0,255",True,139853,6016000,0.023246841755319148,False,False,1,1.0,False,,OK
000858,D:\Biology-AI\data\Task1_Segmentation\masks\000858_segmentation.png,True,3008,2000,L,2,"0,255",True,857766,6016000,0.14258078457446807,False,False,1,1.0,False,,OK
000859,D:\Biology-AI\data\Task1_Segmentation\masks\000859_segmentation.png,True,1504,1129,L,2,"0,255",True,906051,1698016,0.5335939119537154,False,False,1,1.0,False,,OK
000860,D:\Biology-AI\data\Task1_Segmentation\masks\000860_segmentation.png,True,1024,768,L,2,"0,255",True,104619,786432,0.13302993774414062,False,False,1,1.0,False,,OK
000861,D:\Biology-AI\data\Task1_Segmentation\masks\000861_segmentation.png,True,6688,4439,L,2,"0,255",True,7564963,29688032,0.2548152400266882,False,False,1,1.0,False,,OK
000862,D:\Biology-AI\data\Task1_Segmentation\masks\000862_segmentation.png,True,1024,768,L,2,"0,255",True,47845,786432,0.06083806355794271,False,False,1,1.0,False,,OK
000863,D:\Biology-AI\data\Task1_Segmentation\masks\000863_segmentation.png,True,576,768,L,2,"0,255",True,43664,442368,0.09870515046296297,False,False,1,1.0,False,,OK
000864,D:\Biology-AI\data\Task1_Segmentation\masks\000864_segmentation.png,True,4288,2848,L,2,"0,255",True,380639,12212224,0.031168688029305718,False,False,1,1.0,False,,OK
000865,D:\Biology-AI\data\Task1_Segmentation\masks\000865_segmentation.png,True,3072,2304,L,2,"0,255",True,2343671,7077888,0.3311257538972078,False,False,1,1.0,True,,OK
000866,D:\Biology-AI\data\Task1_Segmentation\masks\000866_segmentation.png,True,3008,2000,L,2,"0,255",True,102351,6016000,0.01701313164893617,False,False,1,1.0,False,,OK
000867,D:\Biology-AI\data\Task1_Segmentation\masks\000867_segmentation.png,True,2304,1536,L,2,"0,255",True,306297,3538944,0.08655039469401042,False,False,1,1.0,False,,OK
000868,D:\Biology-AI\data\Task1_Segmentation\masks\000868_segmentation.png,True,6620,4380,L,2,"0,255",True,18259887,28995600,0.629746823656003,False,False,1,1.0,False,,OK
000869,D:\Biology-AI\data\Task1_Segmentation\masks\000869_segmentation.png,True,1502,1051,L,2,"0,255",True,1472000,1578602,0.9324706290755999,False,False,1,1.0,True,,OK
000870,D:\Biology-AI\data\Task1_Segmentation\masks\000870_segmentation.png,True,2592,1944,L,2,"0,255",True,1025172,5038848,0.20345364654778236,False,False,1,1.0,False,,OK
000871,D:\Biology-AI\data\Task1_Segmentation\masks\000871_segmentation.png,True,3072,2304,L,2,"0,255",True,342268,7077888,0.048357363100405094,False,False,1,1.0,False,,OK
000872,D:\Biology-AI\data\Task1_Segmentation\masks\000872_segmentation.png,True,1024,768,L,2,"0,255",True,511679,786432,0.6506334940592448,False,False,1,1.0,True,,OK
000873,D:\Biology-AI\data\Task1_Segmentation\masks\000873_segmentation.png,True,3008,2000,L,2,"0,255",True,95985,6016000,0.015954953457446807,False,False,1,1.0,False,,OK
000874,D:\Biology-AI\data\Task1_Segmentation\masks\000874_segmentation.png,True,3024,2016,L,2,"0,255",True,136852,6096384,0.02244806101452927,False,False,1,1.0,False,,OK
000875,D:\Biology-AI\data\Task1_Segmentation\masks\000875_segmentation.png,True,640,480,L,2,"0,255",True,168166,307200,0.5474153645833333,False,False,1,1.0,True,,OK
000876,D:\Biology-AI\data\Task1_Segmentation\masks\000876_segmentation.png,True,4288,2848,L,2,"0,255",True,466540,12212224,0.03820270574794567,False,False,1,1.0,False,,OK
000877,D:\Biology-AI\data\Task1_Segmentation\masks\000877_segmentation.png,True,3072,2304,L,2,"0,255",True,1226526,7077888,0.17328982883029515,False,False,1,1.0,False,,OK
000878,D:\Biology-AI\data\Task1_Segmentation\masks\000878_segmentation.png,True,919,802,L,2,"0,255",True,360466,737038,0.48907383337087096,False,False,1,1.0,False,,OK
000879,D:\Biology-AI\data\Task1_Segmentation\masks\000879_segmentation.png,True,3072,2304,L,2,"0,255",True,936343,7077888,0.1322912993254485,False,False,1,1.0,False,,OK
000880,D:\Biology-AI\data\Task1_Segmentation\masks\000880_segmentation.png,True,3008,2000,L,2,"0,255",True,70226,6016000,0.011673204787234043,False,False,1,1.0,False,,OK
000881,D:\Biology-AI\data\Task1_Segmentation\masks\000881_segmentation.png,True,3008,2000,L,2,"0,255",True,252977,6016000,0.04205069813829787,False,False,1,1.0,False,,OK
000882,D:\Biology-AI\data\Task1_Segmentation\masks\000882_segmentation.png,True,3008,2000,L,2,"0,255",True,1727149,6016000,0.2870925864361702,False,False,1,1.0,False,,OK
000883,D:\Biology-AI\data\Task1_Segmentation\masks\000883_segmentation.png,True,1011,713,L,2,"0,255",True,172439,720843,0.2392185260868178,False,False,1,1.0,False,,OK
000884,D:\Biology-AI\data\Task1_Segmentation\masks\000884_segmentation.png,True,640,480,L,2,"0,255",True,84124,307200,0.27384114583333335,False,False,1,1.0,False,,OK
000885,D:\Biology-AI\data\Task1_Segmentation\masks\000885_segmentation.png,True,3072,2304,L,2,"0,255",True,2495103,7077888,0.35252083672417533,False,False,1,1.0,False,,OK
000886,D:\Biology-AI\data\Task1_Segmentation\masks\000886_segmentation.png,True,1024,768,L,2,"0,255",True,138239,786432,0.17577997843424478,False,False,1,1.0,False,,OK
000887,D:\Biology-AI\data\Task1_Segmentation\masks\000887_segmentation.png,True,3872,2592,L,2,"0,255",True,691857,10036224,0.06893598628328743,False,False,1,1.0,False,,OK
000888,D:\Biology-AI\data\Task1_Segmentation\masks\000888_segmentation.png,True,3008,2000,L,2,"0,255",True,106220,6016000,0.01765625,False,False,1,1.0,False,,OK
000889,D:\Biology-AI\data\Task1_Segmentation\masks\000889_segmentation.png,True,3008,2000,L,2,"0,255",True,1009100,6016000,0.16773603723404254,False,False,1,1.0,False,,OK
000890,D:\Biology-AI\data\Task1_Segmentation\masks\000890_segmentation.png,True,3072,2304,L,2,"0,255",True,1805502,7077888,0.25509050157335067,False,False,1,1.0,False,,OK
000891,D:\Biology-AI\data\Task1_Segmentation\masks\000891_segmentation.png,True,4288,2848,L,2,"0,255",True,1301495,12212224,0.10657313524547207,False,False,1,1.0,False,,OK
000892,D:\Biology-AI\data\Task1_Segmentation\masks\000892_segmentation.png,True,767,576,L,2,"0,255",True,102718,441792,0.23250307837172243,False,False,1,1.0,False,,OK
000893,D:\Biology-AI\data\Task1_Segmentation\masks\000893_segmentation.png,True,3072,2304,L,2,"0,255",True,958376,7077888,0.1354042335792824,False,False,1,1.0,False,,OK
000894,D:\Biology-AI\data\Task1_Segmentation\masks\000894_segmentation.png,True,4288,2848,L,2,"0,255",True,778595,12212224,0.06375538149316619,False,False,1,1.0,False,,OK
000895,D:\Biology-AI\data\Task1_Segmentation\masks\000895_segmentation.png,True,6600,4401,L,2,"0,255",True,19911822,29046600,0.6855130032430646,False,False,1,1.0,True,,OK
000896,D:\Biology-AI\data\Task1_Segmentation\masks\000896_segmentation.png,True,1504,1129,L,2,"0,255",True,437113,1698016,0.2574257250815069,False,False,1,1.0,False,,OK
000897,D:\Biology-AI\data\Task1_Segmentation\masks\000897_segmentation.png,True,4288,2848,L,2,"0,255",True,958673,12212224,0.07850109857139863,False,False,1,1.0,False,,OK
000898,D:\Biology-AI\data\Task1_Segmentation\masks\000898_segmentation.png,True,1022,767,L,2,"0,255",True,102704,783874,0.13102105695558214,False,False,1,1.0,False,,OK
000899,D:\Biology-AI\data\Task1_Segmentation\masks\000899_segmentation.png,True,6601,4401,L,2,"0,255",True,20714347,29051001,0.7130338469232093,False,False,1,1.0,False,,OK
000900,D:\Biology-AI\data\Task1_Segmentation\masks\000900_segmentation.png,True,3072,2304,L,2,"0,255",True,1607637,7077888,0.22713512844509548,False,False,1,1.0,False,,OK
000901,D:\Biology-AI\data\Task1_Segmentation\masks\000901_segmentation.png,True,919,802,L,2,"0,255",True,171657,737038,0.23290115299346845,False,False,1,1.0,False,,OK
000902,D:\Biology-AI\data\Task1_Segmentation\masks\000902_segmentation.png,True,1504,1129,L,2,"0,255",True,478932,1698016,0.28205387935096016,False,False,1,1.0,False,,OK
000903,D:\Biology-AI\data\Task1_Segmentation\masks\000903_segmentation.png,True,3072,2304,L,2,"0,255",True,2066854,7077888,0.2920156408239294,False,False,1,1.0,False,,OK
000904,D:\Biology-AI\data\Task1_Segmentation\masks\000904_segmentation.png,True,1024,768,L,2,"0,255",True,393787,786432,0.500726064046224,False,False,1,1.0,False,,OK
000905,D:\Biology-AI\data\Task1_Segmentation\masks\000905_segmentation.png,True,6688,4439,L,2,"0,255",True,21918045,29688032,0.7382788121489494,False,False,1,1.0,False,,OK
000906,D:\Biology-AI\data\Task1_Segmentation\masks\000906_segmentation.png,True,3072,2304,L,2,"0,255",True,4629022,7077888,0.6540117617006656,False,False,1,1.0,False,,OK
000907,D:\Biology-AI\data\Task1_Segmentation\masks\000907_segmentation.png,True,4288,2848,L,2,"0,255",True,828051,12212224,0.06780509430550898,False,False,1,1.0,False,,OK
000908,D:\Biology-AI\data\Task1_Segmentation\masks\000908_segmentation.png,True,3072,2304,L,2,"0,255",True,3474309,7077888,0.4908680386013455,False,False,1,1.0,False,,OK
000909,D:\Biology-AI\data\Task1_Segmentation\masks\000909_segmentation.png,True,6642,4422,L,2,"0,255",True,6453559,29370924,0.2197261141665138,False,False,1,1.0,False,,OK
000910,D:\Biology-AI\data\Task1_Segmentation\masks\000910_segmentation.png,True,6708,4439,L,2,"0,255",True,11350301,29776812,0.3811791873488673,False,False,1,1.0,False,,OK
000911,D:\Biology-AI\data\Task1_Segmentation\masks\000911_segmentation.png,True,3072,2304,L,2,"0,255",True,601990,7077888,0.08505220766420718,False,False,1,1.0,False,,OK
000912,D:\Biology-AI\data\Task1_Segmentation\masks\000912_segmentation.png,True,3008,2000,L,2,"0,255",True,469095,6016000,0.07797456781914894,False,False,1,1.0,False,,OK
000913,D:\Biology-AI\data\Task1_Segmentation\masks\000913_segmentation.png,True,2048,1536,L,2,"0,255",True,692472,3145728,0.22013092041015625,False,False,1,1.0,False,,OK
000914,D:\Biology-AI\data\Task1_Segmentation\masks\000914_segmentation.png,True,1024,768,L,2,"0,255",True,772212,786432,0.9819183349609375,False,False,1,1.0,True,,very_large_lesion
000915,D:\Biology-AI\data\Task1_Segmentation\masks\000915_segmentation.png,True,1474,1028,L,2,"0,255",True,363971,1515272,0.24020175915611192,False,False,1,1.0,False,,OK
000916,D:\Biology-AI\data\Task1_Segmentation\masks\000916_segmentation.png,True,640,480,L,2,"0,255",True,49556,307200,0.16131510416666667,False,False,1,1.0,False,,OK
000917,D:\Biology-AI\data\Task1_Segmentation\masks\000917_segmentation.png,True,2048,1536,L,2,"0,255",True,703992,3145728,0.22379302978515625,False,False,1,1.0,False,,OK
000918,D:\Biology-AI\data\Task1_Segmentation\masks\000918_segmentation.png,True,1504,1129,L,2,"0,255",True,735276,1698016,0.43302065469347756,False,False,1,1.0,False,,OK
000919,D:\Biology-AI\data\Task1_Segmentation\masks\000919_segmentation.png,True,4288,2848,L,2,"0,255",True,338137,12212224,0.027688404667323495,False,False,1,1.0,False,,OK
000920,D:\Biology-AI\data\Task1_Segmentation\masks\000920_segmentation.png,True,1024,768,L,2,"0,255",True,329611,786432,0.41912206013997394,False,False,1,1.0,False,,OK
000921,D:\Biology-AI\data\Task1_Segmentation\masks\000921_segmentation.png,True,1024,768,L,2,"0,255",True,250748,786432,0.3188425699869792,False,False,1,1.0,False,,OK
000922,D:\Biology-AI\data\Task1_Segmentation\masks\000922_segmentation.png,True,3008,2000,L,2,"0,255",True,2625212,6016000,0.4363716755319149,False,False,1,1.0,False,,OK
000923,D:\Biology-AI\data\Task1_Segmentation\masks\000923_segmentation.png,True,2048,1536,L,2,"0,255",True,1629610,3145728,0.5180390675862631,False,False,1,1.0,False,,OK
000924,D:\Biology-AI\data\Task1_Segmentation\masks\000924_segmentation.png,True,6648,4439,L,2,"0,255",True,18277720,29510472,0.6193638651391276,False,False,1,1.0,True,,OK
000925,D:\Biology-AI\data\Task1_Segmentation\masks\000925_segmentation.png,True,640,480,L,2,"0,255",True,46778,307200,0.15227213541666668,False,False,1,1.0,False,,OK
000926,D:\Biology-AI\data\Task1_Segmentation\masks\000926_segmentation.png,True,6608,4419,L,2,"0,255",True,16019242,29200752,0.548590050009671,False,False,1,1.0,False,,OK
000927,D:\Biology-AI\data\Task1_Segmentation\masks\000927_segmentation.png,True,2592,1944,L,2,"0,255",True,983487,5038848,0.1951809223060509,False,False,1,1.0,False,,OK
000928,D:\Biology-AI\data\Task1_Segmentation\masks\000928_segmentation.png,True,640,480,L,2,"0,255",True,146861,307200,0.4780631510416667,False,False,1,1.0,False,,OK
000929,D:\Biology-AI\data\Task1_Segmentation\masks\000929_segmentation.png,True,640,480,L,2,"0,255",True,174916,307200,0.5693880208333333,False,False,1,1.0,True,,OK
000930,D:\Biology-AI\data\Task1_Segmentation\masks\000930_segmentation.png,True,4288,2848,L,2,"0,255",True,213975,12212224,0.017521378579364415,False,False,1,1.0,False,,OK
000931,D:\Biology-AI\data\Task1_Segmentation\masks\000931_segmentation.png,True,6622,4421,L,2,"0,255",True,7566630,29275862,0.25845968258765534,False,False,1,1.0,False,,OK
000932,D:\Biology-AI\data\Task1_Segmentation\masks\000932_segmentation.png,True,3024,2016,L,2,"0,255",True,452341,6096384,0.07419824604224406,False,False,1,1.0,False,,OK
000933,D:\Biology-AI\data\Task1_Segmentation\masks\000933_segmentation.png,True,6668,4459,L,2,"0,255",True,5525680,29732612,0.18584576424028942,False,False,1,1.0,False,,OK
000934,D:\Biology-AI\data\Task1_Segmentation\masks\000934_segmentation.png,True,640,480,L,2,"0,255",True,43667,307200,0.14214518229166667,False,False,1,1.0,False,,OK
000935,D:\Biology-AI\data\Task1_Segmentation\masks\000935_segmentation.png,True,1024,768,L,2,"0,255",True,347338,786432,0.44166310628255206,False,False,1,1.0,False,,OK
000936,D:\Biology-AI\data\Task1_Segmentation\masks\000936_segmentation.png,True,2048,1536,L,2,"0,255",True,143932,3145728,0.04575475056966146,False,False,1,1.0,False,,OK
000937,D:\Biology-AI\data\Task1_Segmentation\masks\000937_segmentation.png,True,824,719,L,2,"0,255",True,315054,592456,0.5317761994139649,False,False,1,1.0,True,,OK
000938,D:\Biology-AI\data\Task1_Segmentation\masks\000938_segmentation.png,True,6621,4411,L,2,"0,255",True,24979936,29205231,0.8553240342457828,False,False,1,1.0,False,,OK
000939,D:\Biology-AI\data\Task1_Segmentation\masks\000939_segmentation.png,True,1024,768,L,2,"0,255",True,49631,786432,0.0631090799967448,False,False,1,1.0,False,,OK
000940,D:\Biology-AI\data\Task1_Segmentation\masks\000940_segmentation.png,True,640,480,L,2,"0,255",True,56155,307200,0.18279622395833334,False,False,1,1.0,False,,OK
000941,D:\Biology-AI\data\Task1_Segmentation\masks\000941_segmentation.png,True,640,480,L,2,"0,255",True,100008,307200,0.325546875,False,False,1,1.0,False,,OK
000942,D:\Biology-AI\data\Task1_Segmentation\masks\000942_segmentation.png,True,3008,2000,L,2,"0,255",True,799573,6016000,0.1329077460106383,False,False,1,1.0,False,,OK
000943,D:\Biology-AI\data\Task1_Segmentation\masks\000943_segmentation.png,True,3024,2016,L,2,"0,255",True,1074487,6096384,0.1762498884584698,False,False,1,1.0,False,,OK
000944,D:\Biology-AI\data\Task1_Segmentation\masks\000944_segmentation.png,True,1024,768,L,2,"0,255",True,263669,786432,0.33527247111002606,False,False,1,1.0,False,,OK
000945,D:\Biology-AI\data\Task1_Segmentation\masks\000945_segmentation.png,True,6668,4439,L,2,"0,255",True,7875253,29599252,0.2660625680675985,False,False,1,1.0,False,,OK
000946,D:\Biology-AI\data\Task1_Segmentation\masks\000946_segmentation.png,True,6668,4459,L,2,"0,255",True,8387256,29732612,0.28208944441208195,False,False,1,1.0,False,,OK
000947,D:\Biology-AI\data\Task1_Segmentation\masks\000947_segmentation.png,True,6661,4441,L,2,"0,255",True,19988746,29581501,0.6757177737532656,False,False,1,1.0,False,,OK
000948,D:\Biology-AI\data\Task1_Segmentation\masks\000948_segmentation.png,True,6682,4401,L,2,"0,255",True,5566107,29407482,0.18927519874023896,False,False,1,1.0,False,,OK
000949,D:\Biology-AI\data\Task1_Segmentation\masks\000949_segmentation.png,True,3072,2304,L,2,"0,255",True,549719,7077888,0.07766709504304109,False,False,1,1.0,False,,OK
000950,D:\Biology-AI\data\Task1_Segmentation\masks\000950_segmentation.png,True,3072,2304,L,2,"0,255",True,209327,7077888,0.029574782760054978,False,False,1,1.0,False,,OK
000951,D:\Biology-AI\data\Task1_Segmentation\masks\000951_segmentation.png,True,2048,1536,L,2,"0,255",True,801828,3145728,0.2548942565917969,False,False,1,1.0,False,,OK
000952,D:\Biology-AI\data\Task1_Segmentation\masks\000952_segmentation.png,True,4288,2848,L,2,"0,255",True,505436,12212224,0.04138771119822237,False,False,1,1.0,False,,OK
000953,D:\Biology-AI\data\Task1_Segmentation\masks\000953_segmentation.png,True,1024,768,L,2,"0,255",True,97151,786432,0.1235338846842448,False,False,1,1.0,False,,OK
000954,D:\Biology-AI\data\Task1_Segmentation\masks\000954_segmentation.png,True,1901,1933,L,2,"0,255",True,2161507,3674633,0.5882239124288058,False,False,1,1.0,True,,OK
000955,D:\Biology-AI\data\Task1_Segmentation\masks\000955_segmentation.png,True,6607,4399,L,2,"0,255",True,4469506,29064193,0.1537804954708359,False,False,1,1.0,False,,OK
000956,D:\Biology-AI\data\Task1_Segmentation\masks\000956_segmentation.png,True,1227,1149,L,2,"0,255",True,292837,1409823,0.20771189007414406,False,False,1,1.0,False,,OK
000957,D:\Biology-AI\data\Task1_Segmentation\masks\000957_segmentation.png,True,4288,2848,L,2,"0,255",True,486435,12212224,0.039831811142671474,False,False,1,1.0,False,,OK
000958,D:\Biology-AI\data\Task1_Segmentation\masks\000958_segmentation.png,True,824,719,L,2,"0,255",True,302489,592456,0.5105678733948175,False,False,1,1.0,False,,OK
000959,D:\Biology-AI\data\Task1_Segmentation\masks\000959_segmentation.png,True,6668,4439,L,2,"0,255",True,5085465,29599252,0.17181059170008756,False,False,1,1.0,False,,OK
000960,D:\Biology-AI\data\Task1_Segmentation\masks\000960_segmentation.png,True,2592,1944,L,2,"0,255",True,1873057,5038848,0.371723258967129,False,False,1,1.0,False,,OK
000961,D:\Biology-AI\data\Task1_Segmentation\masks\000961_segmentation.png,True,4288,2848,L,2,"0,255",True,617793,12212224,0.050588082891371795,False,False,1,1.0,False,,OK
000962,D:\Biology-AI\data\Task1_Segmentation\masks\000962_segmentation.png,True,3008,2000,L,2,"0,255",True,792006,6016000,0.1316499335106383,False,False,1,1.0,False,,OK
000963,D:\Biology-AI\data\Task1_Segmentation\masks\000963_segmentation.png,True,3872,2592,L,2,"0,255",True,947779,10036224,0.09443581570120396,False,False,1,1.0,False,,OK
000964,D:\Biology-AI\data\Task1_Segmentation\masks\000964_segmentation.png,True,6668,4439,L,2,"0,255",True,3448242,29599252,0.11649760608815385,False,False,1,1.0,False,,OK
000965,D:\Biology-AI\data\Task1_Segmentation\masks\000965_segmentation.png,True,4288,2848,L,2,"0,255",True,6484055,12212224,0.5309479256194449,False,False,1,1.0,False,,OK
000966,D:\Biology-AI\data\Task1_Segmentation\masks\000966_segmentation.png,True,1024,768,L,2,"0,255",True,622070,786432,0.7910029093424479,False,False,1,1.0,True,,OK
000967,D:\Biology-AI\data\Task1_Segmentation\masks\000967_segmentation.png,True,640,480,L,2,"0,255",True,147354,307200,0.47966796875,False,False,1,1.0,False,,OK
000968,D:\Biology-AI\data\Task1_Segmentation\masks\000968_segmentation.png,True,1024,768,L,2,"0,255",True,192014,786432,0.2441584269205729,False,False,1,1.0,False,,OK
000969,D:\Biology-AI\data\Task1_Segmentation\masks\000969_segmentation.png,True,1024,768,L,2,"0,255",True,162649,786432,0.20681889851888022,False,False,1,1.0,False,,OK
000970,D:\Biology-AI\data\Task1_Segmentation\masks\000970_segmentation.png,True,4288,2848,L,2,"0,255",True,1731364,12212224,0.1417730300394097,False,False,1,1.0,False,,OK
000971,D:\Biology-AI\data\Task1_Segmentation\masks\000971_segmentation.png,True,1024,768,L,2,"0,255",True,41100,786432,0.0522613525390625,False,False,1,1.0,False,,OK
000972,D:\Biology-AI\data\Task1_Segmentation\masks\000972_segmentation.png,True,3072,2304,L,2,"0,255",True,454941,7077888,0.06427637736002605,False,False,1,1.0,False,,OK
000973,D:\Biology-AI\data\Task1_Segmentation\masks\000973_segmentation.png,True,1024,768,L,2,"0,255",True,233349,786432,0.2967185974121094,False,False,1,1.0,False,,OK
000974,D:\Biology-AI\data\Task1_Segmentation\masks\000974_segmentation.png,True,3008,2000,L,2,"0,255",True,205636,6016000,0.03418151595744681,False,False,1,1.0,False,,OK
000975,D:\Biology-AI\data\Task1_Segmentation\masks\000975_segmentation.png,True,1024,768,L,2,"0,255",True,93696,786432,0.119140625,False,False,1,1.0,False,,OK
000976,D:\Biology-AI\data\Task1_Segmentation\masks\000976_segmentation.png,True,1658,1440,L,2,"0,255",True,770348,2387520,0.3226561452888353,False,False,1,1.0,True,,OK
000977,D:\Biology-AI\data\Task1_Segmentation\masks\000977_segmentation.png,True,1024,768,L,2,"0,255",True,141014,786432,0.1793085734049479,False,False,1,1.0,False,,OK
000978,D:\Biology-AI\data\Task1_Segmentation\masks\000978_segmentation.png,True,3072,2304,L,2,"0,255",True,3792195,7077888,0.5357805887858073,False,False,1,1.0,False,,OK
000979,D:\Biology-AI\data\Task1_Segmentation\masks\000979_segmentation.png,True,3008,2000,L,2,"0,255",True,601882,6016000,0.100046875,False,False,1,1.0,False,,OK
000980,D:\Biology-AI\data\Task1_Segmentation\masks\000980_segmentation.png,True,640,480,L,2,"0,255",True,59414,307200,0.19340494791666665,False,False,1,1.0,False,,OK
000981,D:\Biology-AI\data\Task1_Segmentation\masks\000981_segmentation.png,True,4288,2848,L,2,"0,255",True,3894730,12212224,0.3189206159336743,False,False,1,1.0,False,,OK
000982,D:\Biology-AI\data\Task1_Segmentation\masks\000982_segmentation.png,True,6622,4421,L,2,"0,255",True,4795895,29275862,0.16381737965563575,False,False,1,1.0,False,,OK
000983,D:\Biology-AI\data\Task1_Segmentation\masks\000983_segmentation.png,True,4288,2848,L,2,"0,255",True,1400052,12212224,0.11464349163592151,False,False,1,1.0,False,,OK
000984,D:\Biology-AI\data\Task1_Segmentation\masks\000984_segmentation.png,True,640,480,L,2,"0,255",True,39601,307200,0.12890950520833333,False,False,1,1.0,False,,OK
000985,D:\Biology-AI\data\Task1_Segmentation\masks\000985_segmentation.png,True,3072,2304,L,2,"0,255",True,5082927,7077888,0.7181417677137587,False,False,1,1.0,True,,OK
000986,D:\Biology-AI\data\Task1_Segmentation\masks\000986_segmentation.png,True,640,480,L,2,"0,255",True,196489,307200,0.6396126302083334,False,False,1,1.0,True,,OK
000987,D:\Biology-AI\data\Task1_Segmentation\masks\000987_segmentation.png,True,640,480,L,2,"0,255",True,54847,307200,0.17853841145833332,False,False,1,1.0,False,,OK
000988,D:\Biology-AI\data\Task1_Segmentation\masks\000988_segmentation.png,True,1024,768,L,2,"0,255",True,84291,786432,0.10718154907226562,False,False,1,1.0,False,,OK
000989,D:\Biology-AI\data\Task1_Segmentation\masks\000989_segmentation.png,True,4288,2848,L,2,"0,255",True,738282,12212224,0.06045434476144558,False,False,1,1.0,False,,OK
000990,D:\Biology-AI\data\Task1_Segmentation\masks\000990_segmentation.png,True,919,802,L,2,"0,255",True,242156,737038,0.3285529375690263,False,False,1,1.0,False,,OK
000991,D:\Biology-AI\data\Task1_Segmentation\masks\000991_segmentation.png,True,1024,768,L,2,"0,255",True,309073,786432,0.3930066426595052,False,False,1,1.0,False,,OK
000992,D:\Biology-AI\data\Task1_Segmentation\masks\000992_segmentation.png,True,4288,2848,L,2,"0,255",True,327987,12212224,0.02685727022367097,False,False,1,1.0,False,,OK
000993,D:\Biology-AI\data\Task1_Segmentation\masks\000993_segmentation.png,True,3072,2304,L,2,"0,255",True,1315610,7077888,0.18587606924551506,False,False,1,1.0,False,,OK
000994,D:\Biology-AI\data\Task1_Segmentation\masks\000994_segmentation.png,True,3008,2000,L,2,"0,255",True,304167,6016000,0.05055967420212766,False,False,1,1.0,False,,OK
000995,D:\Biology-AI\data\Task1_Segmentation\masks\000995_segmentation.png,True,2048,1536,L,2,"0,255",True,446727,3145728,0.14201068878173828,False,False,1,1.0,False,,OK
000996,D:\Biology-AI\data\Task1_Segmentation\masks\000996_segmentation.png,True,1024,768,L,2,"0,255",True,64268,786432,0.08172098795572917,False,False,1,1.0,False,,OK
000997,D:\Biology-AI\data\Task1_Segmentation\masks\000997_segmentation.png,True,767,576,L,2,"0,255",True,167041,441792,0.3780987433000145,False,False,1,1.0,False,,OK
000998,D:\Biology-AI\data\Task1_Segmentation\masks\000998_segmentation.png,True,6661,4421,L,2,"0,255",True,16165503,29448281,0.548945556448609,False,False,1,1.0,True,,OK
000999,D:\Biology-AI\data\Task1_Segmentation\masks\000999_segmentation.png,True,4288,2848,L,2,"0,255",True,263354,12212224,0.021564786233858796,False,False,1,1.0,False,,OK
001000,D:\Biology-AI\data\Task1_Segmentation\masks\001000_segmentation.png,True,3872,2592,L,2,"0,255",True,1079576,10036224,0.10756794587287012,False,False,1,1.0,False,,OK
001001,D:\Biology-AI\data\Task1_Segmentation\masks\001001_segmentation.png,True,1024,768,L,2,"0,255",True,99510,786432,0.12653350830078125,False,False,1,1.0,False,,OK
001002,D:\Biology-AI\data\Task1_Segmentation\masks\001002_segmentation.png,True,4288,2848,L,2,"0,255",True,779377,12212224,0.06381941569365253,False,False,1,1.0,False,,OK
001003,D:\Biology-AI\data\Task1_Segmentation\masks\001003_segmentation.png,True,3024,2016,L,2,"0,255",True,305607,6096384,0.050129224143361045,False,False,1,1.0,False,,OK
001004,D:\Biology-AI\data\Task1_Segmentation\masks\001004_segmentation.png,True,1024,768,L,2,"0,255",True,127464,786432,0.162078857421875,False,False,1,1.0,False,,OK
001005,D:\Biology-AI\data\Task1_Segmentation\masks\001005_segmentation.png,True,919,802,L,2,"0,255",True,220822,737038,0.299607347246682,False,False,1,1.0,False,,OK
001006,D:\Biology-AI\data\Task1_Segmentation\masks\001006_segmentation.png,True,3872,2592,L,2,"0,255",True,111410,10036224,0.01110078850372411,False,False,1,1.0,False,,OK
001007,D:\Biology-AI\data\Task1_Segmentation\masks\001007_segmentation.png,True,3072,2304,L,2,"0,255",True,1450853,7077888,0.20498388784903068,False,False,1,1.0,False,,OK
001008,D:\Biology-AI\data\Task1_Segmentation\masks\001008_segmentation.png,True,6648,4439,L,2,"0,255",True,15480900,29510472,0.524590050609831,False,False,1,1.0,True,,OK
001009,D:\Biology-AI\data\Task1_Segmentation\masks\001009_segmentation.png,True,1024,768,L,2,"0,255",True,46337,786432,0.05892054239908854,False,False,1,1.0,False,,OK
001010,D:\Biology-AI\data\Task1_Segmentation\masks\001010_segmentation.png,True,1024,768,L,2,"0,255",True,476542,786432,0.6059544881184896,False,False,1,1.0,True,,OK
001011,D:\Biology-AI\data\Task1_Segmentation\masks\001011_segmentation.png,True,4288,2848,L,2,"0,255",True,507904,12212224,0.04158980379003857,False,False,1,1.0,False,,OK
001012,D:\Biology-AI\data\Task1_Segmentation\masks\001012_segmentation.png,True,2048,1536,L,2,"0,255",True,2428452,3145728,0.7719841003417969,False,False,1,1.0,True,,OK
001013,D:\Biology-AI\data\Task1_Segmentation\masks\001013_segmentation.png,True,1024,768,L,2,"0,255",True,147491,786432,0.18754450480143228,False,False,1,1.0,False,,OK
001014,D:\Biology-AI\data\Task1_Segmentation\masks\001014_segmentation.png,True,3072,2304,L,2,"0,255",True,246871,7077888,0.034879189950448496,False,False,1,1.0,False,,OK
001015,D:\Biology-AI\data\Task1_Segmentation\masks\001015_segmentation.png,True,3072,2304,L,2,"0,255",True,1980885,7077888,0.2798695034450955,False,False,1,1.0,False,,OK
001016,D:\Biology-AI\data\Task1_Segmentation\masks\001016_segmentation.png,True,3008,2000,L,2,"0,255",True,2400116,6016000,0.3989554521276596,False,False,1,1.0,False,,OK
001017,D:\Biology-AI\data\Task1_Segmentation\masks\001017_segmentation.png,True,3072,2304,L,2,"0,255",True,460293,7077888,0.06503253512912327,False,False,1,1.0,False,,OK
001018,D:\Biology-AI\data\Task1_Segmentation\masks\001018_segmentation.png,True,2592,1936,L,2,"0,255",True,811590,5018112,0.16173214149066423,False,False,1,1.0,False,,OK
001019,D:\Biology-AI\data\Task1_Segmentation\masks\001019_segmentation.png,True,3008,2000,L,2,"0,255",True,106736,6016000,0.017742021276595743,False,False,1,1.0,False,,OK
001020,D:\Biology-AI\data\Task1_Segmentation\masks\001020_segmentation.png,True,2048,1536,L,2,"0,255",True,1131768,3145728,0.35977935791015625,False,False,1,1.0,False,,OK
001021,D:\Biology-AI\data\Task1_Segmentation\masks\001021_segmentation.png,True,4288,2848,L,2,"0,255",True,467916,12212224,0.038315379737548214,False,False,1,1.0,False,,OK
001022,D:\Biology-AI\data\Task1_Segmentation\masks\001022_segmentation.png,True,4288,2848,L,2,"0,255",True,880200,12212224,0.07207532387221198,False,False,1,1.0,False,,OK
001023,D:\Biology-AI\data\Task1_Segmentation\masks\001023_segmentation.png,True,1024,768,L,2,"0,255",True,240519,786432,0.3058357238769531,False,False,1,1.0,True,,OK
001024,D:\Biology-AI\data\Task1_Segmentation\masks\001024_segmentation.png,True,4288,2848,L,2,"0,255",True,1567055,12212224,0.12831856015742915,False,False,1,1.0,False,,OK
001025,D:\Biology-AI\data\Task1_Segmentation\masks\001025_segmentation.png,True,2098,1340,L,2,"0,255",True,492632,2811320,0.17523156382055405,False,False,1,1.0,False,,OK
001026,D:\Biology-AI\data\Task1_Segmentation\masks\001026_segmentation.png,True,4288,2848,L,2,"0,255",True,4270380,12212224,0.3496807788655039,False,False,1,1.0,False,,OK
001027,D:\Biology-AI\data\Task1_Segmentation\masks\001027_segmentation.png,True,3872,2592,L,2,"0,255",True,4217238,10036224,0.4202016615013774,False,False,1,1.0,False,,OK
001028,D:\Biology-AI\data\Task1_Segmentation\masks\001028_segmentation.png,True,4288,2848,L,2,"0,255",True,1183370,12212224,0.09690044990986081,False,False,1,1.0,False,,OK
001029,D:\Biology-AI\data\Task1_Segmentation\masks\001029_segmentation.png,True,3072,2304,L,2,"0,255",True,3112666,7077888,0.4397732770001447,False,False,1,1.0,True,,OK
001030,D:\Biology-AI\data\Task1_Segmentation\masks\001030_segmentation.png,True,3008,2000,L,2,"0,255",True,107301,6016000,0.0178359375,False,False,1,1.0,False,,OK
001031,D:\Biology-AI\data\Task1_Segmentation\masks\001031_segmentation.png,True,1024,768,L,2,"0,255",True,174992,786432,0.22251383463541666,False,False,1,1.0,False,,OK
001032,D:\Biology-AI\data\Task1_Segmentation\masks\001032_segmentation.png,True,3072,2304,L,2,"0,255",True,3946133,7077888,0.5575297320330584,False,False,1,1.0,True,,OK
001033,D:\Biology-AI\data\Task1_Segmentation\masks\001033_segmentation.png,True,767,576,L,2,"0,255",True,61912,441792,0.14013834564682023,False,False,1,1.0,False,,OK
001034,D:\Biology-AI\data\Task1_Segmentation\masks\001034_segmentation.png,True,3072,2304,L,2,"0,255",True,606320,7077888,0.0856639720775463,False,False,1,1.0,False,,OK
001035,D:\Biology-AI\data\Task1_Segmentation\masks\001035_segmentation.png,True,949,626,L,2,"0,255",True,271970,594074,0.45780491992580047,False,False,1,1.0,False,,OK
001036,D:\Biology-AI\data\Task1_Segmentation\masks\001036_segmentation.png,True,4288,2848,L,2,"0,255",True,4563810,12212224,0.3737083433779138,False,False,1,1.0,False,,OK
001037,D:\Biology-AI\data\Task1_Segmentation\masks\001037_segmentation.png,True,3072,2304,L,2,"0,255",True,722519,7077888,0.10208115754304109,False,False,1,1.0,False,,OK
001038,D:\Biology-AI\data\Task1_Segmentation\masks\001038_segmentation.png,True,3072,2304,L,2,"0,255",True,950600,7077888,0.1343056007667824,False,False,1,1.0,False,,OK
001039,D:\Biology-AI\data\Task1_Segmentation\masks\001039_segmentation.png,True,640,480,L,2,"0,255",True,23634,307200,0.07693359375,False,False,1,1.0,False,,OK
001040,D:\Biology-AI\data\Task1_Segmentation\masks\001040_segmentation.png,True,1024,768,L,2,"0,255",True,175459,786432,0.22310765584309897,False,False,1,1.0,True,,OK
001041,D:\Biology-AI\data\Task1_Segmentation\masks\001041_segmentation.png,True,6662,4402,L,2,"0,255",True,8118746,29326124,0.2768434723934196,False,False,1,1.0,False,,OK
001042,D:\Biology-AI\data\Task1_Segmentation\masks\001042_segmentation.png,True,6622,4420,L,2,"0,255",True,14492588,29269240,0.49514739706258176,False,False,1,1.0,False,,OK
001043,D:\Biology-AI\data\Task1_Segmentation\masks\001043_segmentation.png,True,6620,4420,L,2,"0,255",True,4059840,29260400,0.13874861587674808,False,False,1,1.0,False,,OK
001044,D:\Biology-AI\data\Task1_Segmentation\masks\001044_segmentation.png,True,1024,768,L,2,"0,255",True,111441,786432,0.14170455932617188,False,False,1,1.0,False,,OK
001045,D:\Biology-AI\data\Task1_Segmentation\masks\001045_segmentation.png,True,1504,1129,L,2,"0,255",True,553757,1698016,0.32612001300341104,False,False,1,1.0,False,,OK
001046,D:\Biology-AI\data\Task1_Segmentation\masks\001046_segmentation.png,True,640,480,L,2,"0,255",True,133230,307200,0.43369140625,False,False,1,1.0,True,,OK
001047,D:\Biology-AI\data\Task1_Segmentation\masks\001047_segmentation.png,True,3024,2016,L,2,"0,255",True,306409,6096384,0.05026077753632317,False,False,1,1.0,False,,OK
001048,D:\Biology-AI\data\Task1_Segmentation\masks\001048_segmentation.png,True,1024,768,L,2,"0,255",True,83302,786432,0.10592397054036458,False,False,1,1.0,False,,OK
001049,D:\Biology-AI\data\Task1_Segmentation\masks\001049_segmentation.png,True,4288,2848,L,2,"0,255",True,71454,12212224,0.005851022712980044,False,False,1,1.0,False,,OK
001050,D:\Biology-AI\data\Task1_Segmentation\masks\001050_segmentation.png,True,1024,768,L,2,"0,255",True,263386,786432,0.33491261800130206,False,False,1,1.0,False,,OK
001051,D:\Biology-AI\data\Task1_Segmentation\masks\001051_segmentation.png,True,1024,768,L,2,"0,255",True,157133,786432,0.19980494181315103,False,False,1,1.0,False,,OK
001052,D:\Biology-AI\data\Task1_Segmentation\masks\001052_segmentation.png,True,919,802,L,2,"0,255",True,135183,737038,0.18341388096678868,False,False,1,1.0,False,,OK
001053,D:\Biology-AI\data\Task1_Segmentation\masks\001053_segmentation.png,True,4288,2848,L,2,"0,255",True,2274489,12212224,0.18624691129150595,False,False,1,1.0,False,,OK
001054,D:\Biology-AI\data\Task1_Segmentation\masks\001054_segmentation.png,True,1024,768,L,2,"0,255",True,433301,786432,0.550970713297526,False,False,1,1.0,True,,OK
001055,D:\Biology-AI\data\Task1_Segmentation\masks\001055_segmentation.png,True,4288,2848,L,2,"0,255",True,1010525,12212224,0.08274700824354352,False,False,1,1.0,False,,OK
001056,D:\Biology-AI\data\Task1_Segmentation\masks\001056_segmentation.png,True,6641,4420,L,2,"0,255",True,5512605,29353220,0.18780239442214516,False,False,1,1.0,False,,OK
001057,D:\Biology-AI\data\Task1_Segmentation\masks\001057_segmentation.png,True,4288,2848,L,2,"0,255",True,138478,12212224,0.01133929413676002,False,False,1,1.0,False,,OK
001058,D:\Biology-AI\data\Task1_Segmentation\masks\001058_segmentation.png,True,1024,768,L,2,"0,255",True,27122,786432,0.034487406412760414,False,False,1,1.0,False,,OK
001059,D:\Biology-AI\data\Task1_Segmentation\masks\001059_segmentation.png,True,4288,2848,L,2,"0,255",True,432452,12212224,0.035411404179942985,False,False,1,1.0,False,,OK
001060,D:\Biology-AI\data\Task1_Segmentation\masks\001060_segmentation.png,True,3008,2000,L,2,"0,255",True,143624,6016000,0.023873670212765957,False,False,1,1.0,False,,OK
001061,D:\Biology-AI\data\Task1_Segmentation\masks\001061_segmentation.png,True,3072,2304,L,2,"0,255",True,890561,7077888,0.1258229856137876,False,False,1,1.0,False,,OK
001062,D:\Biology-AI\data\Task1_Segmentation\masks\001062_segmentation.png,True,6642,4422,L,2,"0,255",True,19157808,29370924,0.6522712053594228,False,False,1,1.0,True,,OK
001063,D:\Biology-AI\data\Task1_Segmentation\masks\001063_segmentation.png,True,1504,1129,L,2,"0,255",True,431267,1698016,0.25398288355351184,False,False,1,1.0,False,,OK
001064,D:\Biology-AI\data\Task1_Segmentation\masks\001064_segmentation.png,True,4288,2848,L,2,"0,255",True,342242,12212224,0.02802454327729331,False,False,1,1.0,False,,OK
001065,D:\Biology-AI\data\Task1_Segmentation\masks\001065_segmentation.png,True,4288,2848,L,2,"0,255",True,1923288,12212224,0.15748875880429314,False,False,1,1.0,False,,OK
001066,D:\Biology-AI\data\Task1_Segmentation\masks\001066_segmentation.png,True,2592,1936,L,2,"0,255",True,233002,5018112,0.04643220398428732,False,False,1,1.0,False,,OK
001067,D:\Biology-AI\data\Task1_Segmentation\masks\001067_segmentation.png,True,1024,768,L,2,"0,255",True,446678,786432,0.5679804484049479,False,False,1,1.0,False,,OK
001068,D:\Biology-AI\data\Task1_Segmentation\masks\001068_segmentation.png,True,4288,2848,L,2,"0,255",True,5287615,12212224,0.43297723657869364,False,False,1,1.0,False,,OK
001069,D:\Biology-AI\data\Task1_Segmentation\masks\001069_segmentation.png,True,3008,2000,L,2,"0,255",True,443299,6016000,0.07368666888297873,False,False,1,1.0,False,,OK
001070,D:\Biology-AI\data\Task1_Segmentation\masks\001070_segmentation.png,True,3008,2000,L,2,"0,255",True,170250,6016000,0.028299534574468085,False,False,1,1.0,False,,OK
001071,D:\Biology-AI\data\Task1_Segmentation\masks\001071_segmentation.png,True,4288,2848,L,2,"0,255",True,789140,12212224,0.06461886057772934,False,False,1,1.0,False,,OK
001072,D:\Biology-AI\data\Task1_Segmentation\masks\001072_segmentation.png,True,3008,2000,L,2,"0,255",True,1018013,6016000,0.16921758643617021,False,False,1,1.0,False,,OK
001073,D:\Biology-AI\data\Task1_Segmentation\masks\001073_segmentation.png,True,2048,1536,L,2,"0,255",True,814134,3145728,0.2588062286376953,False,False,1,1.0,False,,OK
001074,D:\Biology-AI\data\Task1_Segmentation\masks\001074_segmentation.png,True,6728,4459,L,2,"0,255",True,4695487,30000152,0.15651544032176903,False,False,1,1.0,False,,OK
001075,D:\Biology-AI\data\Task1_Segmentation\masks\001075_segmentation.png,True,1456,1018,L,2,"0,255",True,750642,1482208,0.5064349942788057,False,False,1,1.0,True,,OK
001076,D:\Biology-AI\data\Task1_Segmentation\masks\001076_segmentation.png,True,2048,1536,L,2,"0,255",True,282699,3145728,0.08986759185791016,False,False,1,1.0,False,,OK
001077,D:\Biology-AI\data\Task1_Segmentation\masks\001077_segmentation.png,True,3872,2592,L,2,"0,255",True,994427,10036224,0.09908377891924293,False,False,1,1.0,False,,OK
001078,D:\Biology-AI\data\Task1_Segmentation\masks\001078_segmentation.png,True,3008,2000,L,2,"0,255",True,306004,6016000,0.05086502659574468,False,False,1,1.0,False,,OK
001079,D:\Biology-AI\data\Task1_Segmentation\masks\001079_segmentation.png,True,3024,2016,L,2,"0,255",True,384761,6096384,0.06311298632107164,False,False,1,1.0,False,,OK
001080,D:\Biology-AI\data\Task1_Segmentation\masks\001080_segmentation.png,True,3872,2592,L,2,"0,255",True,693656,10036224,0.06911523696561575,False,False,1,1.0,False,,OK
001081,D:\Biology-AI\data\Task1_Segmentation\masks\001081_segmentation.png,True,3072,2304,L,2,"0,255",True,142366,7077888,0.020114192256221065,False,False,1,1.0,False,,OK
001082,D:\Biology-AI\data\Task1_Segmentation\masks\001082_segmentation.png,True,4288,2848,L,2,"0,255",True,1470697,12212224,0.12042826924890994,False,False,1,1.0,False,,OK
001083,D:\Biology-AI\data\Task1_Segmentation\masks\001083_segmentation.png,True,3008,2000,L,2,"0,255",True,184733,6016000,0.03070694813829787,False,False,1,1.0,False,,OK
001084,D:\Biology-AI\data\Task1_Segmentation\masks\001084_segmentation.png,True,4288,2848,L,2,"0,255",True,473171,12212224,0.03874568628940969,False,False,1,1.0,False,,OK
001085,D:\Biology-AI\data\Task1_Segmentation\masks\001085_segmentation.png,True,4288,2848,L,2,"0,255",True,651139,12212224,0.053318625665562634,False,False,1,1.0,False,,OK
001086,D:\Biology-AI\data\Task1_Segmentation\masks\001086_segmentation.png,True,2592,1936,L,2,"0,255",True,1645955,5018112,0.32800284250331596,False,False,1,1.0,True,,OK
001087,D:\Biology-AI\data\Task1_Segmentation\masks\001087_segmentation.png,True,6668,4459,L,2,"0,255",True,5378219,29732612,0.1808861932480066,False,False,1,1.0,False,,OK
001088,D:\Biology-AI\data\Task1_Segmentation\masks\001088_segmentation.png,True,3872,2592,L,2,"0,255",True,3757599,10036224,0.37440366018135907,False,False,1,1.0,False,,OK
001089,D:\Biology-AI\data\Task1_Segmentation\masks\001089_segmentation.png,True,640,480,L,2,"0,255",True,107005,307200,0.34832356770833334,False,False,1,1.0,False,,OK
001090,D:\Biology-AI\data\Task1_Segmentation\masks\001090_segmentation.png,True,1024,768,L,2,"0,255",True,80011,786432,0.10173924763997395,False,False,1,1.0,False,,OK
001091,D:\Biology-AI\data\Task1_Segmentation\masks\001091_segmentation.png,True,640,480,L,2,"0,255",True,68698,307200,0.22362630208333334,False,False,1,1.0,False,,OK
001092,D:\Biology-AI\data\Task1_Segmentation\masks\001092_segmentation.png,True,4288,2848,L,2,"0,255",True,108573,12212224,0.008890518221742411,False,False,1,1.0,False,,OK
001093,D:\Biology-AI\data\Task1_Segmentation\masks\001093_segmentation.png,True,1936,1296,L,2,"0,255",True,1525097,2509056,0.6078369713549637,False,False,1,1.0,False,,OK
001094,D:\Biology-AI\data\Task1_Segmentation\masks\001094_segmentation.png,True,3072,2304,L,2,"0,255",True,3188981,7077888,0.45055544817889176,False,False,1,1.0,False,,OK
001095,D:\Biology-AI\data\Task1_Segmentation\masks\001095_segmentation.png,True,2048,1536,L,2,"0,255",True,2621230,3145728,0.8332665761311849,False,False,1,1.0,False,,OK
001096,D:\Biology-AI\data\Task1_Segmentation\masks\001096_segmentation.png,True,4288,2848,L,2,"0,255",True,608745,12212224,0.049847185901601546,False,False,1,1.0,False,,OK
001097,D:\Biology-AI\data\Task1_Segmentation\masks\001097_segmentation.png,True,3072,2304,L,2,"0,255",True,1083397,7077888,0.1530678360550492,False,False,1,1.0,False,,OK
001098,D:\Biology-AI\data\Task1_Segmentation\masks\001098_segmentation.png,True,3024,2016,L,2,"0,255",True,350173,6096384,0.0574394591941715,False,False,1,1.0,False,,OK
001099,D:\Biology-AI\data\Task1_Segmentation\masks\001099_segmentation.png,True,6648,4419,L,2,"0,255",True,10393544,29377512,0.35379251993838007,False,False,1,1.0,False,,OK
001100,D:\Biology-AI\data\Task1_Segmentation\masks\001100_segmentation.png,True,3008,2000,L,2,"0,255",True,245035,6016000,0.04073055186170213,False,False,1,1.0,False,,OK
001101,D:\Biology-AI\data\Task1_Segmentation\masks\001101_segmentation.png,True,4288,2848,L,2,"0,255",True,410111,12212224,0.03358200766707194,False,False,1,1.0,False,,OK
001102,D:\Biology-AI\data\Task1_Segmentation\masks\001102_segmentation.png,True,6708,4439,L,2,"0,255",True,5206636,29776812,0.1748553874739848,False,False,1,1.0,False,,OK
001103,D:\Biology-AI\data\Task1_Segmentation\masks\001103_segmentation.png,True,3072,2304,L,2,"0,255",True,3086497,7077888,0.4360759876392506,False,False,1,1.0,False,,OK
001104,D:\Biology-AI\data\Task1_Segmentation\masks\001104_segmentation.png,True,4288,2848,L,2,"0,255",True,1376523,12212224,0.11271681554481805,False,False,1,1.0,False,,OK
001105,D:\Biology-AI\data\Task1_Segmentation\masks\001105_segmentation.png,True,1024,768,L,2,"0,255",True,716395,786432,0.910943349202474,False,False,1,1.0,True,,OK
001106,D:\Biology-AI\data\Task1_Segmentation\masks\001106_segmentation.png,True,2592,1944,L,2,"0,255",True,2360460,5038848,0.4684523129096174,False,False,1,1.0,False,,OK
001107,D:\Biology-AI\data\Task1_Segmentation\masks\001107_segmentation.png,True,4288,2848,L,2,"0,255",True,2511022,12212224,0.20561545546495053,False,False,1,1.0,False,,OK
001108,D:\Biology-AI\data\Task1_Segmentation\masks\001108_segmentation.png,True,1024,768,L,2,"0,255",True,115885,786432,0.14735539754231772,False,False,1,1.0,False,,OK
001109,D:\Biology-AI\data\Task1_Segmentation\masks\001109_segmentation.png,True,2304,1536,L,2,"0,255",True,350352,3538944,0.0989990234375,False,False,1,1.0,False,,OK
001110,D:\Biology-AI\data\Task1_Segmentation\masks\001110_segmentation.png,True,4288,2848,L,2,"0,255",True,792114,12212224,0.06486238706397786,False,False,1,1.0,False,,OK
001111,D:\Biology-AI\data\Task1_Segmentation\masks\001111_segmentation.png,True,3072,2304,L,2,"0,255",True,4872689,7077888,0.6884382742422598,False,False,1,1.0,False,,OK
001112,D:\Biology-AI\data\Task1_Segmentation\masks\001112_segmentation.png,True,6668,4419,L,2,"0,255",True,1513462,29465892,0.05136318289634673,False,False,1,1.0,False,,OK
001113,D:\Biology-AI\data\Task1_Segmentation\masks\001113_segmentation.png,True,2592,1944,L,2,"0,255",True,272736,5038848,0.05412665752171925,False,False,1,1.0,False,,OK
001114,D:\Biology-AI\data\Task1_Segmentation\masks\001114_segmentation.png,True,3872,2592,L,2,"0,255",True,92593,10036224,0.009225880171666156,False,False,1,1.0,False,,OK
001115,D:\Biology-AI\data\Task1_Segmentation\masks\001115_segmentation.png,True,1024,768,L,2,"0,255",True,41474,786432,0.052736918131510414,False,False,1,1.0,False,,OK
001116,D:\Biology-AI\data\Task1_Segmentation\masks\001116_segmentation.png,True,3872,2592,L,2,"0,255",True,7469273,10036224,0.7442313961904398,False,False,1,1.0,True,,OK
001117,D:\Biology-AI\data\Task1_Segmentation\masks\001117_segmentation.png,True,640,480,L,2,"0,255",True,47192,307200,0.15361979166666667,False,False,1,1.0,False,,OK
001118,D:\Biology-AI\data\Task1_Segmentation\masks\001118_segmentation.png,True,4288,2848,L,2,"0,255",True,202791,12212224,0.016605574873176255,False,False,1,1.0,False,,OK
001119,D:\Biology-AI\data\Task1_Segmentation\masks\001119_segmentation.png,True,3024,2016,L,2,"0,255",True,346920,6096384,0.05690586419753087,False,False,1,1.0,False,,OK
001120,D:\Biology-AI\data\Task1_Segmentation\masks\001120_segmentation.png,True,6602,4361,L,2,"0,255",True,11007540,28791322,0.3823214508871805,False,False,1,1.0,False,,OK
001121,D:\Biology-AI\data\Task1_Segmentation\masks\001121_segmentation.png,True,6661,4421,L,2,"0,255",True,5765970,29448281,0.19579988387098046,False,False,1,1.0,False,,OK
001122,D:\Biology-AI\data\Task1_Segmentation\masks\001122_segmentation.png,True,4288,2848,L,2,"0,255",True,1246796,12212224,0.10209409850327017,False,False,1,1.0,False,,OK
001123,D:\Biology-AI\data\Task1_Segmentation\masks\001123_segmentation.png,True,640,480,L,2,"0,255",True,78844,307200,0.25665364583333333,False,False,1,1.0,False,,OK
001124,D:\Biology-AI\data\Task1_Segmentation\masks\001124_segmentation.png,True,1024,768,L,2,"0,255",True,102652,786432,0.13052876790364584,False,False,1,1.0,False,,OK
001125,D:\Biology-AI\data\Task1_Segmentation\masks\001125_segmentation.png,True,6688,4459,L,2,"0,255",True,14936596,29821792,0.5008617859047505,False,False,1,1.0,True,,OK
001126,D:\Biology-AI\data\Task1_Segmentation\masks\001126_segmentation.png,True,4288,2848,L,2,"0,255",True,281890,12212224,0.023082609686818717,False,False,1,1.0,False,,OK
001127,D:\Biology-AI\data\Task1_Segmentation\masks\001127_segmentation.png,True,3008,2000,L,2,"0,255",True,105436,6016000,0.01752593085106383,False,False,1,1.0,False,,OK
001128,D:\Biology-AI\data\Task1_Segmentation\masks\001128_segmentation.png,True,3024,2016,L,2,"0,255",True,523620,6096384,0.08589025888133031,False,False,1,1.0,False,,OK
001129,D:\Biology-AI\data\Task1_Segmentation\masks\001129_segmentation.png,True,1024,768,L,2,"0,255",True,17264,786432,0.021952311197916668,False,False,1,1.0,False,,OK
001130,D:\Biology-AI\data\Task1_Segmentation\masks\001130_segmentation.png,True,3072,2304,L,2,"0,255",True,3826165,7077888,0.5405800430862991,False,False,1,1.0,True,,OK
001131,D:\Biology-AI\data\Task1_Segmentation\masks\001131_segmentation.png,True,3024,2016,L,2,"0,255",True,454655,6096384,0.07457781530822205,False,False,1,1.0,False,,OK
001132,D:\Biology-AI\data\Task1_Segmentation\masks\001132_segmentation.png,True,3008,2000,L,2,"0,255",True,125272,6016000,0.02082313829787234,False,False,1,1.0,False,,OK
001133,D:\Biology-AI\data\Task1_Segmentation\masks\001133_segmentation.png,True,6621,4422,L,2,"0,255",True,10871950,29278062,0.3713343458320431,False,False,1,1.0,False,,OK
001134,D:\Biology-AI\data\Task1_Segmentation\masks\001134_segmentation.png,True,6648,4439,L,2,"0,255",True,14128655,29510472,0.47876750327815837,False,False,1,1.0,True,,OK
001135,D:\Biology-AI\data\Task1_Segmentation\masks\001135_segmentation.png,True,4288,2848,L,2,"0,255",True,328254,12212224,0.02687913356322321,False,False,1,1.0,False,,OK
001136,D:\Biology-AI\data\Task1_Segmentation\masks\001136_segmentation.png,True,6708,4439,L,2,"0,255",True,2015437,29776812,0.06768478103028625,False,False,1,1.0,False,,OK
001137,D:\Biology-AI\data\Task1_Segmentation\masks\001137_segmentation.png,True,1024,768,L,2,"0,255",True,216788,786432,0.2756601969401042,False,False,1,1.0,False,,OK
001138,D:\Biology-AI\data\Task1_Segmentation\masks\001138_segmentation.png,True,1024,768,L,2,"0,255",True,426110,786432,0.5418268839518229,False,False,1,1.0,True,,OK
001139,D:\Biology-AI\data\Task1_Segmentation\masks\001139_segmentation.png,True,640,480,L,2,"0,255",True,123175,307200,0.4009602864583333,False,False,1,1.0,False,,OK
001140,D:\Biology-AI\data\Task1_Segmentation\masks\001140_segmentation.png,True,640,480,L,2,"0,255",True,78594,307200,0.25583984375,False,False,1,1.0,False,,OK
001141,D:\Biology-AI\data\Task1_Segmentation\masks\001141_segmentation.png,True,6648,4439,L,2,"0,255",True,8167042,29510472,0.2767506395695738,False,False,1,1.0,False,,OK
001142,D:\Biology-AI\data\Task1_Segmentation\masks\001142_segmentation.png,True,640,480,L,2,"0,255",True,106548,307200,0.3468359375,False,False,1,1.0,False,,OK
001143,D:\Biology-AI\data\Task1_Segmentation\masks\001143_segmentation.png,True,3008,2000,L,2,"0,255",True,160896,6016000,0.02674468085106383,False,False,1,1.0,False,,OK
001144,D:\Biology-AI\data\Task1_Segmentation\masks\001144_segmentation.png,True,640,480,L,2,"0,255",True,119015,307200,0.38741861979166664,False,False,1,1.0,False,,OK
001145,D:\Biology-AI\data\Task1_Segmentation\masks\001145_segmentation.png,True,3072,2304,L,2,"0,255",True,2853792,7077888,0.4031982421875,False,False,1,1.0,False,,OK
001146,D:\Biology-AI\data\Task1_Segmentation\masks\001146_segmentation.png,True,3072,2304,L,2,"0,255",True,335027,7077888,0.04733431780779803,False,False,1,1.0,False,,OK
001147,D:\Biology-AI\data\Task1_Segmentation\masks\001147_segmentation.png,True,6602,4401,L,2,"0,255",True,7018776,29055402,0.2415652689988595,False,False,1,1.0,False,,OK
001148,D:\Biology-AI\data\Task1_Segmentation\masks\001148_segmentation.png,True,640,480,L,2,"0,255",True,195648,307200,0.636875,False,False,1,1.0,True,,OK
001149,D:\Biology-AI\data\Task1_Segmentation\masks\001149_segmentation.png,True,6600,4401,L,2,"0,255",True,1235997,29046600,0.042552209208650923,False,False,1,1.0,False,,OK
001150,D:\Biology-AI\data\Task1_Segmentation\masks\001150_segmentation.png,True,1024,768,L,2,"0,255",True,102818,786432,0.1307398478190104,False,False,1,1.0,False,,OK
001151,D:\Biology-AI\data\Task1_Segmentation\masks\001151_segmentation.png,True,1024,768,L,2,"0,255",True,102938,786432,0.1308924357096354,False,False,1,1.0,False,,OK
001152,D:\Biology-AI\data\Task1_Segmentation\masks\001152_segmentation.png,True,4288,2848,L,2,"0,255",True,183547,12212224,0.015029776722077812,False,False,1,1.0,False,,OK
001153,D:\Biology-AI\data\Task1_Segmentation\masks\001153_segmentation.png,True,3072,2304,L,2,"0,255",True,376063,7077888,0.053132092511212384,False,False,1,1.0,False,,OK
001154,D:\Biology-AI\data\Task1_Segmentation\masks\001154_segmentation.png,True,1024,768,L,2,"0,255",True,118783,786432,0.15104039510091147,False,False,1,1.0,False,,OK
001155,D:\Biology-AI\data\Task1_Segmentation\masks\001155_segmentation.png,True,767,576,L,2,"0,255",True,36257,441792,0.08206803201506592,False,False,1,1.0,False,,OK
001156,D:\Biology-AI\data\Task1_Segmentation\masks\001156_segmentation.png,True,3008,2000,L,2,"0,255",True,336130,6016000,0.05587267287234043,False,False,1,1.0,False,,OK
001157,D:\Biology-AI\data\Task1_Segmentation\masks\001157_segmentation.png,True,4288,2848,L,2,"0,255",True,584902,12212224,0.0478947978681033,False,False,1,1.0,False,,OK
001158,D:\Biology-AI\data\Task1_Segmentation\masks\001158_segmentation.png,True,640,480,L,2,"0,255",True,40743,307200,0.132626953125,False,False,1,1.0,False,,OK
001159,D:\Biology-AI\data\Task1_Segmentation\masks\001159_segmentation.png,True,4288,2848,L,2,"0,255",True,383106,12212224,0.031370698735955056,False,False,1,1.0,False,,OK
001160,D:\Biology-AI\data\Task1_Segmentation\masks\001160_segmentation.png,True,919,802,L,2,"0,255",True,178016,737038,0.24152893066571873,False,False,1,1.0,False,,OK
001161,D:\Biology-AI\data\Task1_Segmentation\masks\001161_segmentation.png,True,1024,768,L,2,"0,255",True,246172,786432,0.3130238850911458,False,False,1,1.0,False,,OK
001162,D:\Biology-AI\data\Task1_Segmentation\masks\001162_segmentation.png,True,6622,4441,L,2,"0,255",True,2448376,29408302,0.08325458572888704,False,False,1,1.0,False,,OK
001163,D:\Biology-AI\data\Task1_Segmentation\masks\001163_segmentation.png,True,3024,2016,L,2,"0,255",True,333134,6096384,0.05464452370454355,False,False,1,1.0,False,,OK
001164,D:\Biology-AI\data\Task1_Segmentation\masks\001164_segmentation.png,True,640,480,L,2,"0,255",True,100099,307200,0.32584309895833335,False,False,1,1.0,False,,OK
001165,D:\Biology-AI\data\Task1_Segmentation\masks\001165_segmentation.png,True,3072,2304,L,2,"0,255",True,1425349,7077888,0.20138055306893807,False,False,1,1.0,False,,OK
001166,D:\Biology-AI\data\Task1_Segmentation\masks\001166_segmentation.png,True,3008,2000,L,2,"0,255",True,179123,6016000,0.029774434840425534,False,False,1,1.0,False,,OK
001167,D:\Biology-AI\data\Task1_Segmentation\masks\001167_segmentation.png,True,640,480,L,2,"0,255",True,48596,307200,0.15819010416666668,False,False,1,1.0,False,,OK
001168,D:\Biology-AI\data\Task1_Segmentation\masks\001168_segmentation.png,True,1024,768,L,2,"0,255",True,56303,786432,0.0715929667154948,False,False,1,1.0,False,,OK
001169,D:\Biology-AI\data\Task1_Segmentation\masks\001169_segmentation.png,True,6642,4440,L,2,"0,255",True,7865441,29490480,0.2667111895092925,False,False,1,1.0,False,,OK
001170,D:\Biology-AI\data\Task1_Segmentation\masks\001170_segmentation.png,True,2592,1936,L,2,"0,255",True,180984,5018112,0.036066153963881235,False,False,1,1.0,False,,OK
001171,D:\Biology-AI\data\Task1_Segmentation\masks\001171_segmentation.png,True,3024,2016,L,2,"0,255",True,288506,6096384,0.04732411869068615,False,False,1,1.0,False,,OK
001172,D:\Biology-AI\data\Task1_Segmentation\masks\001172_segmentation.png,True,6681,4422,L,2,"0,255",True,8146205,29543382,0.2757370500100496,False,False,1,1.0,False,,OK
001173,D:\Biology-AI\data\Task1_Segmentation\masks\001173_segmentation.png,True,6708,4439,L,2,"0,255",True,14134347,29776812,0.47467630181498277,False,False,1,1.0,False,,OK
001174,D:\Biology-AI\data\Task1_Segmentation\masks\001174_segmentation.png,True,6648,4479,L,2,"0,255",True,2620513,29776392,0.08800639782012543,False,False,1,1.0,False,,OK
001175,D:\Biology-AI\data\Task1_Segmentation\masks\001175_segmentation.png,True,3008,2000,L,2,"0,255",True,76006,6016000,0.012633976063829787,False,False,1,1.0,False,,OK
001176,D:\Biology-AI\data\Task1_Segmentation\masks\001176_segmentation.png,True,1024,768,L,2,"0,255",True,128798,786432,0.1637751261393229,False,False,1,1.0,False,,OK
001177,D:\Biology-AI\data\Task1_Segmentation\masks\001177_segmentation.png,True,1024,768,L,2,"0,255",True,248997,786432,0.3166160583496094,False,False,1,1.0,False,,OK
001178,D:\Biology-AI\data\Task1_Segmentation\masks\001178_segmentation.png,True,1024,768,L,2,"0,255",True,331826,786432,0.42193857828776044,False,False,1,1.0,False,,OK
001179,D:\Biology-AI\data\Task1_Segmentation\masks\001179_segmentation.png,True,1504,1129,L,2,"0,255",True,887122,1698016,0.5224461960311328,False,False,1,1.0,False,,OK
001180,D:\Biology-AI\data\Task1_Segmentation\masks\001180_segmentation.png,True,1024,768,L,2,"0,255",True,224728,786432,0.2857564290364583,False,False,1,1.0,False,,OK
001181,D:\Biology-AI\data\Task1_Segmentation\masks\001181_segmentation.png,True,4288,2848,L,2,"0,255",True,324846,12212224,0.02660006891455643,False,False,1,1.0,False,,OK
001182,D:\Biology-AI\data\Task1_Segmentation\masks\001182_segmentation.png,True,1024,768,L,2,"0,255",True,501541,786432,0.6377423604329427,False,False,1,1.0,True,,OK
001183,D:\Biology-AI\data\Task1_Segmentation\masks\001183_segmentation.png,True,1751,1524,L,2,"0,255",True,466558,2668524,0.17483747569817623,False,False,1,1.0,False,,OK
001184,D:\Biology-AI\data\Task1_Segmentation\masks\001184_segmentation.png,True,3072,2304,L,2,"0,255",True,667050,7077888,0.0942442152235243,False,False,1,1.0,False,,OK
001185,D:\Biology-AI\data\Task1_Segmentation\masks\001185_segmentation.png,True,640,480,L,2,"0,255",True,44048,307200,0.14338541666666665,False,False,1,1.0,False,,OK
001186,D:\Biology-AI\data\Task1_Segmentation\masks\001186_segmentation.png,True,3072,2304,L,2,"0,255",True,3587131,7077888,0.5068081043384693,False,False,1,1.0,True,,OK
001187,D:\Biology-AI\data\Task1_Segmentation\masks\001187_segmentation.png,True,1024,768,L,2,"0,255",True,153954,786432,0.19576263427734375,False,False,1,1.0,False,,OK
001188,D:\Biology-AI\data\Task1_Segmentation\masks\001188_segmentation.png,True,4288,2848,L,2,"0,255",True,604656,12212224,0.04951235745430153,False,False,1,1.0,False,,OK
001189,D:\Biology-AI\data\Task1_Segmentation\masks\001189_segmentation.png,True,1024,768,L,2,"0,255",True,499885,786432,0.6356366475423177,False,False,1,1.0,True,,OK
001190,D:\Biology-AI\data\Task1_Segmentation\masks\001190_segmentation.png,True,4288,2848,L,2,"0,255",True,2268716,12212224,0.1857741882232098,False,False,1,1.0,False,,OK
001191,D:\Biology-AI\data\Task1_Segmentation\masks\001191_segmentation.png,True,4288,2848,L,2,"0,255",True,493733,12212224,0.04042940909043267,False,False,1,1.0,False,,OK
001192,D:\Biology-AI\data\Task1_Segmentation\masks\001192_segmentation.png,True,3872,2592,L,2,"0,255",True,212319,10036224,0.02115526716023875,False,False,1,1.0,False,,OK
001193,D:\Biology-AI\data\Task1_Segmentation\masks\001193_segmentation.png,True,640,480,L,2,"0,255",True,99042,307200,0.32240234375,False,False,1,1.0,False,,OK
001194,D:\Biology-AI\data\Task1_Segmentation\masks\001194_segmentation.png,True,3872,2592,L,2,"0,255",True,1062577,10036224,0.1058741813654219,False,False,1,1.0,False,,OK
001195,D:\Biology-AI\data\Task1_Segmentation\masks\001195_segmentation.png,True,767,576,L,2,"0,255",True,187677,441792,0.4248085071707953,False,False,1,1.0,True,,OK
001196,D:\Biology-AI\data\Task1_Segmentation\masks\001196_segmentation.png,True,640,480,L,2,"0,255",True,24914,307200,0.08110026041666667,False,False,1,1.0,False,,OK
001197,D:\Biology-AI\data\Task1_Segmentation\masks\001197_segmentation.png,True,640,480,L,2,"0,255",True,106926,307200,0.34806640625,False,False,1,1.0,False,,OK
001198,D:\Biology-AI\data\Task1_Segmentation\masks\001198_segmentation.png,True,1024,768,L,2,"0,255",True,15288,786432,0.019439697265625,False,False,1,1.0,False,,OK
001199,D:\Biology-AI\data\Task1_Segmentation\masks\001199_segmentation.png,True,640,480,L,2,"0,255",True,205160,307200,0.6678385416666667,False,False,1,1.0,True,,OK
001200,D:\Biology-AI\data\Task1_Segmentation\masks\001200_segmentation.png,True,6642,4422,L,2,"0,255",True,21759315,29370924,0.740845436119068,False,False,1,1.0,False,,OK
001201,D:\Biology-AI\data\Task1_Segmentation\masks\001201_segmentation.png,True,640,480,L,2,"0,255",True,38894,307200,0.12660807291666668,False,False,1,1.0,False,,OK
001202,D:\Biology-AI\data\Task1_Segmentation\masks\001202_segmentation.png,True,640,480,L,2,"0,255",True,106854,307200,0.34783203125,False,False,1,1.0,False,,OK
001203,D:\Biology-AI\data\Task1_Segmentation\masks\001203_segmentation.png,True,2048,1536,L,2,"0,255",True,433786,3145728,0.13789685567220053,False,False,1,1.0,False,,OK
001204,D:\Biology-AI\data\Task1_Segmentation\masks\001204_segmentation.png,True,4288,2848,L,2,"0,255",True,465492,12212224,0.03811689009307396,False,False,1,1.0,False,,OK
001205,D:\Biology-AI\data\Task1_Segmentation\masks\001205_segmentation.png,True,640,480,L,2,"0,255",True,19678,307200,0.06405598958333333,False,False,1,1.0,False,,OK
001206,D:\Biology-AI\data\Task1_Segmentation\masks\001206_segmentation.png,True,1024,768,L,2,"0,255",True,102218,786432,0.1299769083658854,False,False,1,1.0,False,,OK
001207,D:\Biology-AI\data\Task1_Segmentation\masks\001207_segmentation.png,True,919,802,L,2,"0,255",True,156284,737038,0.21204334104890113,False,False,1,1.0,False,,OK
001208,D:\Biology-AI\data\Task1_Segmentation\masks\001208_segmentation.png,True,767,576,L,2,"0,255",True,143236,441792,0.3242159206142257,False,False,1,1.0,False,,OK
001209,D:\Biology-AI\data\Task1_Segmentation\masks\001209_segmentation.png,True,1024,768,L,2,"0,255",True,88460,786432,0.11248270670572917,False,False,1,1.0,False,,OK
001210,D:\Biology-AI\data\Task1_Segmentation\masks\001210_segmentation.png,True,3008,2000,L,2,"0,255",True,57654,6016000,0.00958344414893617,False,False,1,1.0,False,,OK
001211,D:\Biology-AI\data\Task1_Segmentation\masks\001211_segmentation.png,True,4288,2848,L,2,"0,255",True,633494,12212224,0.05187376189627704,False,False,1,1.0,False,,OK
001212,D:\Biology-AI\data\Task1_Segmentation\masks\001212_segmentation.png,True,3872,2592,L,2,"0,255",True,257549,10036224,0.025661942180644833,False,False,1,1.0,False,,OK
001213,D:\Biology-AI\data\Task1_Segmentation\masks\001213_segmentation.png,True,1024,768,L,2,"0,255",True,250007,786432,0.3179003397623698,False,False,1,1.0,False,,OK
001214,D:\Biology-AI\data\Task1_Segmentation\masks\001214_segmentation.png,True,640,480,L,2,"0,255",True,60234,307200,0.19607421875,False,False,1,1.0,False,,OK
001215,D:\Biology-AI\data\Task1_Segmentation\masks\001215_segmentation.png,True,640,480,L,2,"0,255",True,66688,307200,0.21708333333333332,False,False,1,1.0,False,,OK
001216,D:\Biology-AI\data\Task1_Segmentation\masks\001216_segmentation.png,True,1024,768,L,2,"0,255",True,241444,786432,0.3070119222005208,False,False,1,1.0,False,,OK
001217,D:\Biology-AI\data\Task1_Segmentation\masks\001217_segmentation.png,True,6688,4439,L,2,"0,255",True,22310941,29688032,0.7515129665718495,False,False,1,1.0,True,,OK
001218,D:\Biology-AI\data\Task1_Segmentation\masks\001218_segmentation.png,True,3872,2592,L,2,"0,255",True,2197513,10036224,0.21895814601188654,False,False,1,1.0,False,,OK
001219,D:\Biology-AI\data\Task1_Segmentation\masks\001219_segmentation.png,True,3008,2000,L,2,"0,255",True,159509,6016000,0.0265141289893617,False,False,1,1.0,False,,OK
001220,D:\Biology-AI\data\Task1_Segmentation\masks\001220_segmentation.png,True,1024,768,L,2,"0,255",True,339138,786432,0.43123626708984375,False,False,1,1.0,False,,OK
001221,D:\Biology-AI\data\Task1_Segmentation\masks\001221_segmentation.png,True,3008,2000,L,2,"0,255",True,223970,6016000,0.03722905585106383,False,False,1,1.0,False,,OK
001222,D:\Biology-AI\data\Task1_Segmentation\masks\001222_segmentation.png,True,3008,2000,L,2,"0,255",True,108492,6016000,0.018033909574468085,False,False,1,1.0,False,,OK
001223,D:\Biology-AI\data\Task1_Segmentation\masks\001223_segmentation.png,True,3024,2016,L,2,"0,255",True,530766,6096384,0.08706242913832199,False,False,1,1.0,False,,OK
001224,D:\Biology-AI\data\Task1_Segmentation\masks\001224_segmentation.png,True,2304,3072,L,2,"0,255",True,2172891,7077888,0.30699708726671004,False,False,1,1.0,False,,OK
001225,D:\Biology-AI\data\Task1_Segmentation\masks\001225_segmentation.png,True,3008,2000,L,2,"0,255",True,424047,6016000,0.07048653590425531,False,False,1,1.0,False,,OK
001226,D:\Biology-AI\data\Task1_Segmentation\masks\001226_segmentation.png,True,6708,4439,L,2,"0,255",True,1624989,29776812,0.05457229605372126,False,False,1,1.0,False,,OK
001227,D:\Biology-AI\data\Task1_Segmentation\masks\001227_segmentation.png,True,4288,2848,L,2,"0,255",True,445324,12212224,0.036465430047794734,False,False,1,1.0,False,,OK
001228,D:\Biology-AI\data\Task1_Segmentation\masks\001228_segmentation.png,True,3072,2304,L,2,"0,255",True,402291,7077888,0.05683771769205729,False,False,1,1.0,False,,OK
001229,D:\Biology-AI\data\Task1_Segmentation\masks\001229_segmentation.png,True,2048,1536,L,2,"0,255",True,680824,3145728,0.2164281209309896,False,False,1,1.0,False,,OK
001230,D:\Biology-AI\data\Task1_Segmentation\masks\001230_segmentation.png,True,2592,3872,L,2,"0,255",True,2891482,10036224,0.2881045700056117,False,False,1,1.0,True,,OK
001231,D:\Biology-AI\data\Task1_Segmentation\masks\001231_segmentation.png,True,2272,1704,L,2,"0,255",True,1509448,3871488,0.38988833234146664,False,False,1,1.0,False,,OK
001232,D:\Biology-AI\data\Task1_Segmentation\masks\001232_segmentation.png,True,3872,2592,L,2,"0,255",True,390200,10036224,0.03887916411590654,False,False,1,1.0,False,,OK
001233,D:\Biology-AI\data\Task1_Segmentation\masks\001233_segmentation.png,True,1024,768,L,2,"0,255",True,297583,786432,0.37839635213216144,False,False,1,1.0,False,,OK
001234,D:\Biology-AI\data\Task1_Segmentation\masks\001234_segmentation.png,True,1024,768,L,2,"0,255",True,202375,786432,0.25733311971028644,False,False,1,1.0,False,,OK
001235,D:\Biology-AI\data\Task1_Segmentation\masks\001235_segmentation.png,True,6608,4399,L,2,"0,255",True,6666553,29068592,0.22933869655606298,False,False,1,1.0,False,,OK
001236,D:\Biology-AI\data\Task1_Segmentation\masks\001236_segmentation.png,True,3072,2304,L,2,"0,255",True,903574,7077888,0.12766152841073494,False,False,1,1.0,False,,OK
001237,D:\Biology-AI\data\Task1_Segmentation\masks\001237_segmentation.png,True,2592,1936,L,2,"0,255",True,176803,5018112,0.035232972081930415,False,False,1,1.0,False,,OK
001238,D:\Biology-AI\data\Task1_Segmentation\masks\001238_segmentation.png,True,1024,768,L,2,"0,255",True,226551,786432,0.2880744934082031,False,False,1,1.0,False,,OK
001239,D:\Biology-AI\data\Task1_Segmentation\masks\001239_segmentation.png,True,1504,1129,L,2,"0,255",True,545924,1698016,0.32150698226636265,False,False,1,1.0,False,,OK
001240,D:\Biology-AI\data\Task1_Segmentation\masks\001240_segmentation.png,True,640,480,L,2,"0,255",True,82477,307200,0.26847981770833335,False,False,1,1.0,False,,OK
001241,D:\Biology-AI\data\Task1_Segmentation\masks\001241_segmentation.png,True,3072,2304,L,2,"0,255",True,2644033,7077888,0.373562424271195,False,False,1,1.0,False,,OK
001242,D:\Biology-AI\data\Task1_Segmentation\masks\001242_segmentation.png,True,2592,1936,L,2,"0,255",True,118049,5018112,0.023524584544944393,False,False,1,1.0,False,,OK
001243,D:\Biology-AI\data\Task1_Segmentation\masks\001243_segmentation.png,True,640,480,L,2,"0,255",True,99858,307200,0.32505859375,False,False,1,1.0,False,,OK
001244,D:\Biology-AI\data\Task1_Segmentation\masks\001244_segmentation.png,True,1024,768,L,2,"0,255",True,123112,786432,0.15654500325520834,False,False,1,1.0,False,,OK
001245,D:\Biology-AI\data\Task1_Segmentation\masks\001245_segmentation.png,True,6688,4459,L,2,"0,255",True,13859869,29821792,0.4647564103458303,False,False,1,1.0,True,,OK
001246,D:\Biology-AI\data\Task1_Segmentation\masks\001246_segmentation.png,True,3008,2000,L,2,"0,255",True,673534,6016000,0.11195711436170212,False,False,1,1.0,False,,OK
001247,D:\Biology-AI\data\Task1_Segmentation\masks\001247_segmentation.png,True,2048,1536,L,2,"0,255",True,1117827,3145728,0.3553476333618164,False,False,1,1.0,False,,OK
001248,D:\Biology-AI\data\Task1_Segmentation\masks\001248_segmentation.png,True,6668,4459,L,2,"0,255",True,6478268,29732612,0.21788425450142088,False,False,1,1.0,False,,OK
001249,D:\Biology-AI\data\Task1_Segmentation\masks\001249_segmentation.png,True,3008,2000,L,2,"0,255",True,109831,6016000,0.01825648271276596,False,False,1,1.0,False,,OK
001250,D:\Biology-AI\data\Task1_Segmentation\masks\001250_segmentation.png,True,824,719,L,2,"0,255",True,232931,592456,0.3931616862686849,False,False,1,1.0,False,,OK
001251,D:\Biology-AI\data\Task1_Segmentation\masks\001251_segmentation.png,True,3872,2592,L,2,"0,255",True,488901,10036224,0.04871363971150903,False,False,1,1.0,False,,OK
001252,D:\Biology-AI\data\Task1_Segmentation\masks\001252_segmentation.png,True,4288,2848,L,2,"0,255",True,1701719,12212224,0.1393455442677763,False,False,1,1.0,False,,OK
001253,D:\Biology-AI\data\Task1_Segmentation\masks\001253_segmentation.png,True,1024,768,L,2,"0,255",True,487339,786432,0.619683583577474,False,False,1,1.0,True,,OK
001254,D:\Biology-AI\data\Task1_Segmentation\masks\001254_segmentation.png,True,1024,768,L,2,"0,255",True,159201,786432,0.20243453979492188,False,False,1,1.0,False,,OK
001255,D:\Biology-AI\data\Task1_Segmentation\masks\001255_segmentation.png,True,3008,2000,L,2,"0,255",True,243005,6016000,0.04039311835106383,False,False,1,1.0,False,,OK
001256,D:\Biology-AI\data\Task1_Segmentation\masks\001256_segmentation.png,True,3072,2304,L,2,"0,255",True,2430168,7077888,0.3433464898003472,False,False,1,1.0,False,,OK
001257,D:\Biology-AI\data\Task1_Segmentation\masks\001257_segmentation.png,True,6642,4421,L,2,"0,255",True,3483488,29364282,0.11863010987294019,False,False,1,1.0,False,,OK
001258,D:\Biology-AI\data\Task1_Segmentation\masks\001258_segmentation.png,True,4288,2848,L,2,"0,255",True,662042,12212224,0.054211419639862486,False,False,1,1.0,False,,OK
001259,D:\Biology-AI\data\Task1_Segmentation\masks\001259_segmentation.png,True,1024,768,L,2,"0,255",True,91375,786432,0.11618932088216145,False,False,1,1.0,False,,OK
001260,D:\Biology-AI\data\Task1_Segmentation\masks\001260_segmentation.png,True,6688,4439,L,2,"0,255",True,5823601,29688032,0.19615988692008954,False,False,1,1.0,False,,OK
001261,D:\Biology-AI\data\Task1_Segmentation\masks\001261_segmentation.png,True,3072,2304,L,2,"0,255",True,1442906,7077888,0.20386109528718172,False,False,1,1.0,False,,OK
001262,D:\Biology-AI\data\Task1_Segmentation\masks\001262_segmentation.png,True,640,480,L,2,"0,255",True,260314,307200,0.8473763020833334,False,False,1,1.0,True,,OK
001263,D:\Biology-AI\data\Task1_Segmentation\masks\001263_segmentation.png,True,3072,2304,L,2,"0,255",True,2149573,7077888,0.3037026016800492,False,False,1,1.0,False,,OK
001264,D:\Biology-AI\data\Task1_Segmentation\masks\001264_segmentation.png,True,919,802,L,2,"0,255",True,143045,737038,0.19408090220585641,False,False,1,1.0,False,,OK
001265,D:\Biology-AI\data\Task1_Segmentation\masks\001265_segmentation.png,True,3008,2000,L,2,"0,255",True,612230,6016000,0.10176695478723405,False,False,1,1.0,False,,OK
001266,D:\Biology-AI\data\Task1_Segmentation\masks\001266_segmentation.png,True,3008,2000,L,2,"0,255",True,169137,6016000,0.028114527925531915,False,False,1,1.0,False,,OK
001267,D:\Biology-AI\data\Task1_Segmentation\masks\001267_segmentation.png,True,640,480,L,2,"0,255",True,26073,307200,0.084873046875,False,False,1,1.0,False,,OK
001268,D:\Biology-AI\data\Task1_Segmentation\masks\001268_segmentation.png,True,3872,2592,L,2,"0,255",True,248035,10036224,0.024713976093000713,False,False,1,1.0,False,,OK
001269,D:\Biology-AI\data\Task1_Segmentation\masks\001269_segmentation.png,True,3024,2016,L,2,"0,255",True,217079,6096384,0.03560782916561686,False,False,1,1.0,False,,OK
001270,D:\Biology-AI\data\Task1_Segmentation\masks\001270_segmentation.png,True,1024,768,L,2,"0,255",True,278113,786432,0.3536389668782552,False,False,1,1.0,False,,OK
001271,D:\Biology-AI\data\Task1_Segmentation\masks\001271_segmentation.png,True,3872,2592,L,2,"0,255",True,1363960,10036224,0.13590370242832364,False,False,1,1.0,False,,OK
001272,D:\Biology-AI\data\Task1_Segmentation\masks\001272_segmentation.png,True,1024,768,L,2,"0,255",True,693360,786432,0.88165283203125,False,False,1,1.0,True,,OK
001273,D:\Biology-AI\data\Task1_Segmentation\masks\001273_segmentation.png,True,6688,4439,L,2,"0,255",True,21310672,29688032,0.7178202987655092,False,False,1,1.0,False,,OK
001274,D:\Biology-AI\data\Task1_Segmentation\masks\001274_segmentation.png,True,2816,2112,L,2,"0,255",True,1074586,5947392,0.1806818854381887,False,False,1,1.0,False,,OK
001275,D:\Biology-AI\data\Task1_Segmentation\masks\001275_segmentation.png,True,962,674,L,2,"0,255",True,242170,648388,0.37349549960825923,False,False,1,1.0,False,,OK
001276,D:\Biology-AI\data\Task1_Segmentation\masks\001276_segmentation.png,True,767,576,L,2,"0,255",True,60588,441792,0.13714146023468057,False,False,1,1.0,False,,OK
001277,D:\Biology-AI\data\Task1_Segmentation\masks\001277_segmentation.png,True,4288,2848,L,2,"0,255",True,414652,12212224,0.033953848209793726,False,False,1,1.0,False,,OK
001278,D:\Biology-AI\data\Task1_Segmentation\masks\001278_segmentation.png,True,3008,2000,L,2,"0,255",True,334569,6016000,0.055613198138297876,False,False,1,1.0,False,,OK
001279,D:\Biology-AI\data\Task1_Segmentation\masks\001279_segmentation.png,True,3024,2016,L,2,"0,255",True,317040,6096384,0.052004598135550514,False,False,1,1.0,False,,OK
001280,D:\Biology-AI\data\Task1_Segmentation\masks\001280_segmentation.png,True,1024,768,L,2,"0,255",True,336778,786432,0.42823537190755206,False,False,1,1.0,True,,OK
001281,D:\Biology-AI\data\Task1_Segmentation\masks\001281_segmentation.png,True,1024,768,L,2,"0,255",True,337754,786432,0.42947642008463544,False,False,1,1.0,False,,OK
001282,D:\Biology-AI\data\Task1_Segmentation\masks\001282_segmentation.png,True,4288,2848,L,2,"0,255",True,1518490,12212224,0.12434180702876069,False,False,1,1.0,False,,OK
001283,D:\Biology-AI\data\Task1_Segmentation\masks\001283_segmentation.png,True,3008,2000,L,2,"0,255",True,201526,6016000,0.033498337765957446,False,False,1,1.0,False,,OK
001284,D:\Biology-AI\data\Task1_Segmentation\masks\001284_segmentation.png,True,1024,768,L,2,"0,255",True,135869,786432,0.17276636759440103,False,False,1,1.0,False,,OK
001285,D:\Biology-AI\data\Task1_Segmentation\masks\001285_segmentation.png,True,640,480,L,2,"0,255",True,32461,307200,0.10566731770833333,False,False,1,1.0,False,,OK
001286,D:\Biology-AI\data\Task1_Segmentation\masks\001286_segmentation.png,True,1024,768,L,2,"0,255",True,262530,786432,0.33382415771484375,False,False,1,1.0,False,,OK
001287,D:\Biology-AI\data\Task1_Segmentation\masks\001287_segmentation.png,True,6681,4441,L,2,"0,255",True,8296078,29670321,0.2796086365226719,False,False,1,1.0,False,,OK
001288,D:\Biology-AI\data\Task1_Segmentation\masks\001288_segmentation.png,True,1024,768,L,2,"0,255",True,287840,786432,0.3660074869791667,False,False,1,1.0,False,,OK
001289,D:\Biology-AI\data\Task1_Segmentation\masks\001289_segmentation.png,True,2592,1944,L,2,"0,255",True,367805,5038848,0.07299386685210588,False,False,1,1.0,False,,OK
001290,D:\Biology-AI\data\Task1_Segmentation\masks\001290_segmentation.png,True,1024,768,L,2,"0,255",True,297060,786432,0.3777313232421875,False,False,1,1.0,False,,OK
001291,D:\Biology-AI\data\Task1_Segmentation\masks\001291_segmentation.png,True,2048,1536,L,2,"0,255",True,318840,3145728,0.10135650634765625,False,False,1,1.0,False,,OK
001292,D:\Biology-AI\data\Task1_Segmentation\masks\001292_segmentation.png,True,4288,2848,L,2,"0,255",True,747109,12212224,0.06117714512933926,False,False,1,1.0,False,,OK
001293,D:\Biology-AI\data\Task1_Segmentation\masks\001293_segmentation.png,True,4288,2848,L,2,"0,255",True,425047,12212224,0.03480504451932752,False,False,1,1.0,False,,OK
001294,D:\Biology-AI\data\Task1_Segmentation\masks\001294_segmentation.png,True,4288,2848,L,2,"0,255",True,3160924,12212224,0.25883278917910446,False,False,1,1.0,False,,OK
001295,D:\Biology-AI\data\Task1_Segmentation\masks\001295_segmentation.png,True,6601,4380,L,2,"0,255",True,7547247,28912380,0.2610385931562881,False,False,1,1.0,False,,OK
001296,D:\Biology-AI\data\Task1_Segmentation\masks\001296_segmentation.png,True,640,480,L,2,"0,255",True,139623,307200,0.454501953125,False,False,1,1.0,False,,OK
001297,D:\Biology-AI\data\Task1_Segmentation\masks\001297_segmentation.png,True,3072,2304,L,2,"0,255",True,3756601,7077888,0.5307516875090422,False,False,1,1.0,False,,OK
001298,D:\Biology-AI\data\Task1_Segmentation\masks\001298_segmentation.png,True,1024,768,L,2,"0,255",True,276556,786432,0.3516591389973958,False,False,1,1.0,False,,OK
001299,D:\Biology-AI\data\Task1_Segmentation\masks\001299_segmentation.png,True,4288,2848,L,2,"0,255",True,292177,12212224,0.023924962398331376,False,False,1,1.0,False,,OK
001300,D:\Biology-AI\data\Task1_Segmentation\masks\001300_segmentation.png,True,6708,4459,L,2,"0,255",True,13870294,29910972,0.4637192666289815,False,False,1,1.0,True,,OK
001301,D:\Biology-AI\data\Task1_Segmentation\masks\001301_segmentation.png,True,6601,4401,L,2,"0,255",True,8718417,29051001,0.3001072837386911,False,False,1,1.0,False,,OK
001302,D:\Biology-AI\data\Task1_Segmentation\masks\001302_segmentation.png,True,3072,2304,L,2,"0,255",True,722493,7077888,0.10207748413085938,False,False,1,1.0,False,,OK
001303,D:\Biology-AI\data\Task1_Segmentation\masks\001303_segmentation.png,True,959,638,L,2,"0,255",True,211373,611842,0.34546990889804885,False,False,1,1.0,False,,OK
001304,D:\Biology-AI\data\Task1_Segmentation\masks\001304_segmentation.png,True,1024,768,L,2,"0,255",True,214692,786432,0.2729949951171875,False,False,1,1.0,False,,OK
001305,D:\Biology-AI\data\Task1_Segmentation\masks\001305_segmentation.png,True,4288,2848,L,2,"0,255",True,364446,12212224,0.02984272152230421,False,False,1,1.0,False,,OK
001306,D:\Biology-AI\data\Task1_Segmentation\masks\001306_segmentation.png,True,6681,4401,L,2,"0,255",True,7626846,29403081,0.2593893476673414,False,False,1,1.0,False,,OK
001307,D:\Biology-AI\data\Task1_Segmentation\masks\001307_segmentation.png,True,3024,2016,L,2,"0,255",True,364723,6096384,0.05982611987696313,False,False,1,1.0,False,,OK
001308,D:\Biology-AI\data\Task1_Segmentation\masks\001308_segmentation.png,True,1024,768,L,2,"0,255",True,262588,786432,0.3338979085286458,False,False,1,1.0,False,,OK
001309,D:\Biology-AI\data\Task1_Segmentation\masks\001309_segmentation.png,True,4288,2848,L,2,"0,255",True,1224306,12212224,0.10025250110053664,False,False,1,1.0,False,,OK
001310,D:\Biology-AI\data\Task1_Segmentation\masks\001310_segmentation.png,True,3024,2016,L,2,"0,255",True,786048,6096384,0.12893675988914083,False,False,1,1.0,False,,OK
001311,D:\Biology-AI\data\Task1_Segmentation\masks\001311_segmentation.png,True,6715,4457,L,2,"0,255",True,3475779,29928755,0.11613510151023657,False,False,1,1.0,False,,OK
001312,D:\Biology-AI\data\Task1_Segmentation\masks\001312_segmentation.png,True,2048,1536,L,2,"0,255",True,570168,3145728,0.18125152587890625,False,False,1,1.0,False,,OK
001313,D:\Biology-AI\data\Task1_Segmentation\masks\001313_segmentation.png,True,1024,768,L,2,"0,255",True,23984,786432,0.030497233072916668,False,False,1,1.0,False,,OK
001314,D:\Biology-AI\data\Task1_Segmentation\masks\001314_segmentation.png,True,2592,1936,L,2,"0,255",True,822284,5018112,0.16386322186511582,False,False,1,1.0,False,,OK
001315,D:\Biology-AI\data\Task1_Segmentation\masks\001315_segmentation.png,True,3008,2000,L,2,"0,255",True,94707,6016000,0.01574251994680851,False,False,1,1.0,False,,OK
001316,D:\Biology-AI\data\Task1_Segmentation\masks\001316_segmentation.png,True,4288,2848,L,2,"0,255",True,2394418,12212224,0.19606731746813685,False,False,1,1.0,False,,OK
001317,D:\Biology-AI\data\Task1_Segmentation\masks\001317_segmentation.png,True,3072,2304,L,2,"0,255",True,1376983,7077888,0.1945471587004485,False,False,1,1.0,False,,OK
001318,D:\Biology-AI\data\Task1_Segmentation\masks\001318_segmentation.png,True,3008,2000,L,2,"0,255",True,187719,6016000,0.031203291223404254,False,False,1,1.0,False,,OK
001319,D:\Biology-AI\data\Task1_Segmentation\masks\001319_segmentation.png,True,1008,711,L,2,"0,255",True,96649,716688,0.13485505547741836,False,False,1,1.0,False,,OK
001320,D:\Biology-AI\data\Task1_Segmentation\masks\001320_segmentation.png,True,3072,2304,L,2,"0,255",True,1158807,7077888,0.16372214423285592,False,False,1,1.0,False,,OK
001321,D:\Biology-AI\data\Task1_Segmentation\masks\001321_segmentation.png,True,3008,2000,L,2,"0,255",True,106564,6016000,0.01771343085106383,False,False,1,1.0,False,,OK
001322,D:\Biology-AI\data\Task1_Segmentation\masks\001322_segmentation.png,True,3008,2000,L,2,"0,255",True,194666,6016000,0.03235804521276596,False,False,1,1.0,False,,OK
001323,D:\Biology-AI\data\Task1_Segmentation\masks\001323_segmentation.png,True,4288,2848,L,2,"0,255",True,89596,12212224,0.00733658341019621,False,False,1,1.0,False,,OK
001324,D:\Biology-AI\data\Task1_Segmentation\masks\001324_segmentation.png,True,3008,2000,L,2,"0,255",True,280947,6016000,0.04669996675531915,False,False,1,1.0,False,,OK
001325,D:\Biology-AI\data\Task1_Segmentation\masks\001325_segmentation.png,True,1504,1129,L,2,"0,255",True,139452,1698016,0.0821264346154571,False,False,1,1.0,False,,OK
001326,D:\Biology-AI\data\Task1_Segmentation\masks\001326_segmentation.png,True,3008,2000,L,2,"0,255",True,681182,6016000,0.11322839095744681,False,False,1,1.0,False,,OK
001327,D:\Biology-AI\data\Task1_Segmentation\masks\001327_segmentation.png,True,3072,2304,L,2,"0,255",True,194620,7077888,0.027496903030960647,False,False,1,1.0,False,,OK
001328,D:\Biology-AI\data\Task1_Segmentation\masks\001328_segmentation.png,True,1024,768,L,2,"0,255",True,28668,786432,0.0364532470703125,False,False,1,1.0,False,,OK
001329,D:\Biology-AI\data\Task1_Segmentation\masks\001329_segmentation.png,True,3072,2304,L,2,"0,255",True,3491546,7077888,0.4933033695927373,False,False,1,1.0,False,,OK
001330,D:\Biology-AI\data\Task1_Segmentation\masks\001330_segmentation.png,True,3008,2000,L,2,"0,255",True,287191,6016000,0.04773786569148936,False,False,1,1.0,False,,OK
001331,D:\Biology-AI\data\Task1_Segmentation\masks\001331_segmentation.png,True,2592,1936,L,2,"0,255",True,171235,5018112,0.03412339142689522,False,False,1,1.0,False,,OK
001332,D:\Biology-AI\data\Task1_Segmentation\masks\001332_segmentation.png,True,6641,4421,L,2,"0,255",True,17895906,29359861,0.6095364688545358,False,False,1,1.0,True,,OK
001333,D:\Biology-AI\data\Task1_Segmentation\masks\001333_segmentation.png,True,3008,2000,L,2,"0,255",True,312660,6016000,0.05197140957446809,False,False,1,1.0,False,,OK
001334,D:\Biology-AI\data\Task1_Segmentation\masks\001334_segmentation.png,True,3008,2000,L,2,"0,255",True,472383,6016000,0.07852111037234043,False,False,1,1.0,False,,OK
001335,D:\Biology-AI\data\Task1_Segmentation\masks\001335_segmentation.png,True,2313,1985,L,2,"0,255",True,794146,4591305,0.17296738073380008,False,False,1,1.0,False,,OK
001336,D:\Biology-AI\data\Task1_Segmentation\masks\001336_segmentation.png,True,4288,2848,L,2,"0,255",True,1576586,12212224,0.1290990076827939,False,False,1,1.0,False,,OK
001337,D:\Biology-AI\data\Task1_Segmentation\masks\001337_segmentation.png,True,3072,2304,L,2,"0,255",True,1845601,7077888,0.2607558921531395,False,False,1,1.0,False,,OK
001338,D:\Biology-AI\data\Task1_Segmentation\masks\001338_segmentation.png,True,640,480,L,2,"0,255",True,222306,307200,0.72365234375,False,False,1,1.0,True,,OK
001339,D:\Biology-AI\data\Task1_Segmentation\masks\001339_segmentation.png,True,1936,2592,L,2,"0,255",True,2505557,5018112,0.4993027258060402,False,False,1,1.0,False,,OK
001340,D:\Biology-AI\data\Task1_Segmentation\masks\001340_segmentation.png,True,3008,2000,L,2,"0,255",True,1929161,6016000,0.32067170877659573,False,False,1,1.0,False,,OK
001341,D:\Biology-AI\data\Task1_Segmentation\masks\001341_segmentation.png,True,640,480,L,2,"0,255",True,111317,307200,0.36236002604166667,False,False,1,1.0,False,,OK
001342,D:\Biology-AI\data\Task1_Segmentation\masks\001342_segmentation.png,True,6648,4399,L,2,"0,255",True,19956010,29244552,0.6823838505031639,False,False,1,1.0,True,,OK
001343,D:\Biology-AI\data\Task1_Segmentation\masks\001343_segmentation.png,True,640,480,L,2,"0,255",True,47436,307200,0.1544140625,False,False,1,1.0,False,,OK
001344,D:\Biology-AI\data\Task1_Segmentation\masks\001344_segmentation.png,True,4288,2848,L,2,"0,255",True,488462,12212224,0.03999779237590139,False,False,1,1.0,False,,OK
001345,D:\Biology-AI\data\Task1_Segmentation\masks\001345_segmentation.png,True,1024,768,L,2,"0,255",True,253855,786432,0.32279332478841144,False,False,1,1.0,False,,OK
001346,D:\Biology-AI\data\Task1_Segmentation\masks\001346_segmentation.png,True,3008,2000,L,2,"0,255",True,302163,6016000,0.0502265625,False,False,1,1.0,False,,OK
001347,D:\Biology-AI\data\Task1_Segmentation\masks\001347_segmentation.png,True,919,802,L,2,"0,255",True,100829,737038,0.13680298709157465,False,False,1,1.0,False,,OK
001348,D:\Biology-AI\data\Task1_Segmentation\masks\001348_segmentation.png,True,3024,2016,L,2,"0,255",True,818578,6096384,0.13427270985554715,False,False,1,1.0,False,,OK
001349,D:\Biology-AI\data\Task1_Segmentation\masks\001349_segmentation.png,True,3008,2000,L,2,"0,255",True,3327255,6016000,0.553067652925532,False,False,1,1.0,False,,OK
001350,D:\Biology-AI\data\Task1_Segmentation\masks\001350_segmentation.png,True,4288,2848,L,2,"0,255",True,10993085,12212224,0.9001705995566409,False,False,1,1.0,False,,OK
001351,D:\Biology-AI\data\Task1_Segmentation\masks\001351_segmentation.png,True,1024,768,L,2,"0,255",True,655557,786432,0.8335838317871094,False,False,1,1.0,True,,OK
001352,D:\Biology-AI\data\Task1_Segmentation\masks\001352_segmentation.png,True,1024,768,L,2,"0,255",True,102432,786432,0.1302490234375,False,False,1,1.0,False,,OK
001353,D:\Biology-AI\data\Task1_Segmentation\masks\001353_segmentation.png,True,3072,2304,L,2,"0,255",True,1085138,7077888,0.15331381338614006,False,False,1,1.0,False,,OK
001354,D:\Biology-AI\data\Task1_Segmentation\masks\001354_segmentation.png,True,1024,768,L,2,"0,255",True,81350,786432,0.10344187418619792,False,False,1,1.0,False,,OK
001355,D:\Biology-AI\data\Task1_Segmentation\masks\001355_segmentation.png,True,6648,4459,L,2,"0,255",True,23255117,29643432,0.7844947575570872,False,False,1,1.0,True,,OK
001356,D:\Biology-AI\data\Task1_Segmentation\masks\001356_segmentation.png,True,3072,2304,L,2,"0,255",True,3805013,7077888,0.5375915809913918,False,False,1,1.0,False,,OK
001357,D:\Biology-AI\data\Task1_Segmentation\masks\001357_segmentation.png,True,4288,2848,L,2,"0,255",True,387040,12212224,0.031692834982391414,False,False,1,1.0,False,,OK
001358,D:\Biology-AI\data\Task1_Segmentation\masks\001358_segmentation.png,True,4288,2848,L,2,"0,255",True,3982652,12212224,0.326120123574543,False,False,1,1.0,False,,OK
001359,D:\Biology-AI\data\Task1_Segmentation\masks\001359_segmentation.png,True,640,480,L,2,"0,255",True,166169,307200,0.5409147135416666,False,False,1,1.0,True,,OK
001360,D:\Biology-AI\data\Task1_Segmentation\masks\001360_segmentation.png,True,3872,2592,L,2,"0,255",True,244228,10036224,0.024334650163248647,False,False,1,1.0,False,,OK
001361,D:\Biology-AI\data\Task1_Segmentation\masks\001361_segmentation.png,True,3072,2304,L,2,"0,255",True,1959413,7077888,0.27683583012333624,False,False,1,1.0,False,,OK
001362,D:\Biology-AI\data\Task1_Segmentation\masks\001362_segmentation.png,True,3072,2304,L,2,"0,255",True,1303108,7077888,0.18410972312644677,False,False,1,1.0,False,,OK
001363,D:\Biology-AI\data\Task1_Segmentation\masks\001363_segmentation.png,True,6682,4441,L,2,"0,255",True,8950073,29674762,0.3016055528937351,False,False,1,1.0,False,,OK
001364,D:\Biology-AI\data\Task1_Segmentation\masks\001364_segmentation.png,True,640,480,L,2,"0,255",True,77963,307200,0.25378580729166667,False,False,1,1.0,False,,OK
001365,D:\Biology-AI\data\Task1_Segmentation\masks\001365_segmentation.png,True,3072,2304,L,2,"0,255",True,2683734,7077888,0.37917158338758683,False,False,1,1.0,False,,OK
001366,D:\Biology-AI\data\Task1_Segmentation\masks\001366_segmentation.png,True,3008,2000,L,2,"0,255",True,221207,6016000,0.03676978058510638,False,False,1,1.0,False,,OK
001367,D:\Biology-AI\data\Task1_Segmentation\masks\001367_segmentation.png,True,4288,2848,L,2,"0,255",True,1922558,12212224,0.15742898263248364,False,False,1,1.0,False,,OK
001368,D:\Biology-AI\data\Task1_Segmentation\masks\001368_segmentation.png,True,4288,2848,L,2,"0,255",True,874258,12212224,0.07158876221071608,False,False,1,1.0,False,,OK
001369,D:\Biology-AI\data\Task1_Segmentation\masks\001369_segmentation.png,True,2059,1732,L,2,"0,255",True,808234,3566188,0.22663807965255897,False,False,1,1.0,False,,OK
001370,D:\Biology-AI\data\Task1_Segmentation\masks\001370_segmentation.png,True,1024,768,L,2,"0,255",True,200568,786432,0.255035400390625,False,False,1,1.0,False,,OK
001371,D:\Biology-AI\data\Task1_Segmentation\masks\001371_segmentation.png,True,1024,768,L,2,"0,255",True,106303,786432,0.13517125447591147,False,False,1,1.0,False,,OK
001372,D:\Biology-AI\data\Task1_Segmentation\masks\001372_segmentation.png,True,6641,4440,L,2,"0,255",True,16115508,29486040,0.5465470439570725,False,False,1,1.0,False,,OK
001373,D:\Biology-AI\data\Task1_Segmentation\masks\001373_segmentation.png,True,4288,2848,L,2,"0,255",True,1884439,12212224,0.15430760195685897,False,False,1,1.0,False,,OK
001374,D:\Biology-AI\data\Task1_Segmentation\masks\001374_segmentation.png,True,640,480,L,2,"0,255",True,34561,307200,0.11250325520833333,False,False,1,1.0,False,,OK
001375,D:\Biology-AI\data\Task1_Segmentation\masks\001375_segmentation.png,True,3872,2592,L,2,"0,255",True,341703,10036224,0.034046968262167125,False,False,1,1.0,False,,OK
001376,D:\Biology-AI\data\Task1_Segmentation\masks\001376_segmentation.png,True,1024,768,L,2,"0,255",True,205961,786432,0.26189295450846356,False,False,1,1.0,False,,OK
001377,D:\Biology-AI\data\Task1_Segmentation\masks\001377_segmentation.png,True,1024,768,L,2,"0,255",True,617025,786432,0.7845878601074219,False,False,1,1.0,True,,OK
001378,D:\Biology-AI\data\Task1_Segmentation\masks\001378_segmentation.png,True,3872,2592,L,2,"0,255",True,127374,10036224,0.012691426576369758,False,False,1,1.0,False,,OK
001379,D:\Biology-AI\data\Task1_Segmentation\masks\001379_segmentation.png,True,4288,2848,L,2,"0,255",True,812871,12212224,0.06656207747253899,False,False,1,1.0,False,,OK
001380,D:\Biology-AI\data\Task1_Segmentation\masks\001380_segmentation.png,True,1024,768,L,2,"0,255",True,201680,786432,0.2564493815104167,False,False,1,1.0,True,,OK
001381,D:\Biology-AI\data\Task1_Segmentation\masks\001381_segmentation.png,True,1453,1241,L,2,"0,255",True,966048,1803173,0.5357489270302961,False,False,1,1.0,False,,OK
001382,D:\Biology-AI\data\Task1_Segmentation\masks\001382_segmentation.png,True,3072,2304,L,2,"0,255",True,793076,7077888,0.11204980920862269,False,False,1,1.0,False,,OK
001383,D:\Biology-AI\data\Task1_Segmentation\masks\001383_segmentation.png,True,4288,2848,L,2,"0,255",True,606072,12212224,0.04962830685057857,False,False,1,1.0,False,,OK
001384,D:\Biology-AI\data\Task1_Segmentation\masks\001384_segmentation.png,True,6622,4441,L,2,"0,255",True,3300432,29408302,0.11222790081521877,False,False,1,1.0,False,,OK
001385,D:\Biology-AI\data\Task1_Segmentation\masks\001385_segmentation.png,True,2592,1936,L,2,"0,255",True,496817,5018112,0.09900476513876134,False,False,1,1.0,False,,OK
001386,D:\Biology-AI\data\Task1_Segmentation\masks\001386_segmentation.png,True,640,480,L,2,"0,255",True,44418,307200,0.14458984375,False,False,1,1.0,False,,OK
001387,D:\Biology-AI\data\Task1_Segmentation\masks\001387_segmentation.png,True,1502,1051,L,2,"0,255",True,476865,1578602,0.30208057509112496,False,False,1,1.0,False,,OK
001388,D:\Biology-AI\data\Task1_Segmentation\masks\001388_segmentation.png,True,3008,2000,L,2,"0,255",True,440101,6016000,0.07315508643617022,False,False,1,1.0,False,,OK
001389,D:\Biology-AI\data\Task1_Segmentation\masks\001389_segmentation.png,True,767,576,L,2,"0,255",True,61383,441792,0.13894094958713601,False,False,1,1.0,False,,OK
001390,D:\Biology-AI\data\Task1_Segmentation\masks\001390_segmentation.png,True,1024,768,L,2,"0,255",True,127652,786432,0.16231791178385416,False,False,1,1.0,False,,OK
001391,D:\Biology-AI\data\Task1_Segmentation\masks\001391_segmentation.png,True,6688,4439,L,2,"0,255",True,21670398,29688032,0.729937167947003,False,False,1,1.0,True,,OK
001392,D:\Biology-AI\data\Task1_Segmentation\masks\001392_segmentation.png,True,640,480,L,2,"0,255",True,53686,307200,0.17475911458333335,False,False,1,1.0,False,,OK
001393,D:\Biology-AI\data\Task1_Segmentation\masks\001393_segmentation.png,True,6621,4402,L,2,"0,255",True,4396096,29145642,0.15083201804235433,False,False,1,1.0,False,,OK
001394,D:\Biology-AI\data\Task1_Segmentation\masks\001394_segmentation.png,True,3872,2592,L,2,"0,255",True,550493,10036224,0.054850609153402716,False,False,1,1.0,False,,OK
001395,D:\Biology-AI\data\Task1_Segmentation\masks\001395_segmentation.png,True,1024,768,L,2,"0,255",True,131386,786432,0.1670659383138021,False,False,1,1.0,False,,OK
001396,D:\Biology-AI\data\Task1_Segmentation\masks\001396_segmentation.png,True,3072,2304,L,2,"0,255",True,2869479,7077888,0.4054145812988281,False,False,1,1.0,True,,OK
001397,D:\Biology-AI\data\Task1_Segmentation\masks\001397_segmentation.png,True,4288,2848,L,2,"0,255",True,915609,12212224,0.07497479574563978,False,False,1,1.0,False,,OK
001398,D:\Biology-AI\data\Task1_Segmentation\masks\001398_segmentation.png,True,4288,2848,L,2,"0,255",True,315252,12212224,0.025814462623679355,False,False,1,1.0,False,,OK
001399,D:\Biology-AI\data\Task1_Segmentation\masks\001399_segmentation.png,True,4288,2848,L,2,"0,255",True,4309211,12212224,0.3528604617799346,False,False,1,1.0,False,,OK
001400,D:\Biology-AI\data\Task1_Segmentation\masks\001400_segmentation.png,True,6608,4419,L,2,"0,255",True,14490232,29200752,0.4962280423463067,False,False,1,1.0,True,,OK
001401,D:\Biology-AI\data\Task1_Segmentation\masks\001401_segmentation.png,True,6648,4439,L,2,"0,255",True,915074,29510472,0.031008450152881322,False,False,1,1.0,False,,OK
001402,D:\Biology-AI\data\Task1_Segmentation\masks\001402_segmentation.png,True,4288,2848,L,2,"0,255",True,1862206,12212224,0.15248704904200905,False,False,1,1.0,False,,OK
001403,D:\Biology-AI\data\Task1_Segmentation\masks\001403_segmentation.png,True,3072,2304,L,2,"0,255",True,2615486,7077888,0.3695291589807581,False,False,1,1.0,False,,OK
001404,D:\Biology-AI\data\Task1_Segmentation\masks\001404_segmentation.png,True,1024,768,L,2,"0,255",True,726665,786432,0.9240023295084635,False,False,1,1.0,True,,OK
001405,D:\Biology-AI\data\Task1_Segmentation\masks\001405_segmentation.png,True,2265,1965,L,2,"0,255",True,530343,4450725,0.1191587887366665,False,False,1,1.0,False,,OK
001406,D:\Biology-AI\data\Task1_Segmentation\masks\001406_segmentation.png,True,4288,2848,L,2,"0,255",True,442946,12212224,0.03627070712099614,False,False,1,1.0,False,,OK
001407,D:\Biology-AI\data\Task1_Segmentation\masks\001407_segmentation.png,True,3072,2304,L,2,"0,255",True,645194,7077888,0.09115628842954282,False,False,1,1.0,False,,OK
001408,D:\Biology-AI\data\Task1_Segmentation\masks\001408_segmentation.png,True,4288,2848,L,2,"0,255",True,1048838,12212224,0.0858842746415395,False,False,1,1.0,False,,OK
001409,D:\Biology-AI\data\Task1_Segmentation\masks\001409_segmentation.png,True,3024,2016,L,2,"0,255",True,165858,6096384,0.02720596340388007,False,False,1,1.0,False,,OK
001410,D:\Biology-AI\data\Task1_Segmentation\masks\001410_segmentation.png,True,1024,768,L,2,"0,255",True,694353,786432,0.8829154968261719,False,False,1,1.0,True,,OK
001411,D:\Biology-AI\data\Task1_Segmentation\masks\001411_segmentation.png,True,6642,4420,L,2,"0,255",True,5965749,29357640,0.2032094201032508,False,False,1,1.0,False,,OK
001412,D:\Biology-AI\data\Task1_Segmentation\masks\001412_segmentation.png,True,2048,1536,L,2,"0,255",True,1164950,3145728,0.370327631632487,False,False,1,1.0,False,,OK
001413,D:\Biology-AI\data\Task1_Segmentation\masks\001413_segmentation.png,True,4288,2848,L,2,"0,255",True,104867,12212224,0.008587051793350663,False,False,1,1.0,False,,OK
001414,D:\Biology-AI\data\Task1_Segmentation\masks\001414_segmentation.png,True,3008,2000,L,2,"0,255",True,73171,6016000,0.012162732712765958,False,False,1,1.0,False,,OK
001415,D:\Biology-AI\data\Task1_Segmentation\masks\001415_segmentation.png,True,1024,768,L,2,"0,255",True,188785,786432,0.24005254109700522,False,False,1,1.0,False,,OK
001416,D:\Biology-AI\data\Task1_Segmentation\masks\001416_segmentation.png,True,3072,2304,L,2,"0,255",True,214072,7077888,0.03024518048321759,False,False,1,1.0,False,,OK
001417,D:\Biology-AI\data\Task1_Segmentation\masks\001417_segmentation.png,True,962,670,L,2,"0,255",True,167958,644540,0.26058584416793373,False,False,1,1.0,False,,OK
001418,D:\Biology-AI\data\Task1_Segmentation\masks\001418_segmentation.png,True,3072,2304,L,2,"0,255",True,231785,7077888,0.032747763174551504,False,False,1,1.0,False,,OK
001419,D:\Biology-AI\data\Task1_Segmentation\masks\001419_segmentation.png,True,4288,2848,L,2,"0,255",True,3745294,12212224,0.30668402413843704,False,False,1,1.0,False,,OK
001420,D:\Biology-AI\data\Task1_Segmentation\masks\001420_segmentation.png,True,3872,2592,L,2,"0,255",True,10036148,10036224,0.9999924274308744,False,False,1,1.0,True,,very_large_lesion
001421,D:\Biology-AI\data\Task1_Segmentation\masks\001421_segmentation.png,True,4288,2848,L,2,"0,255",True,4271107,12212224,0.34974030938181283,False,False,1,1.0,False,,OK
001422,D:\Biology-AI\data\Task1_Segmentation\masks\001422_segmentation.png,True,767,576,L,2,"0,255",True,130596,441792,0.2956051716644937,False,False,1,1.0,False,,OK
001423,D:\Biology-AI\data\Task1_Segmentation\masks\001423_segmentation.png,True,1024,768,L,2,"0,255",True,112471,786432,0.14301427205403647,False,False,1,1.0,False,,OK
001424,D:\Biology-AI\data\Task1_Segmentation\masks\001424_segmentation.png,True,3072,2304,L,2,"0,255",True,2078946,7077888,0.29372406005859375,False,False,1,1.0,False,,OK
001425,D:\Biology-AI\data\Task1_Segmentation\masks\001425_segmentation.png,True,3008,2000,L,2,"0,255",True,420182,6016000,0.06984408244680851,False,False,1,1.0,False,,OK
001426,D:\Biology-AI\data\Task1_Segmentation\masks\001426_segmentation.png,True,3872,2592,L,2,"0,255",True,1231397,10036224,0.12269524873099684,False,False,1,1.0,False,,OK
001427,D:\Biology-AI\data\Task1_Segmentation\masks\001427_segmentation.png,True,3024,2016,L,2,"0,255",True,1141752,6096384,0.18728347820609725,False,False,1,1.0,False,,OK
001428,D:\Biology-AI\data\Task1_Segmentation\masks\001428_segmentation.png,True,3008,2000,L,2,"0,255",True,173115,6016000,0.028775764627659576,False,False,1,1.0,False,,OK
001429,D:\Biology-AI\data\Task1_Segmentation\masks\001429_segmentation.png,True,796,682,L,2,"0,255",True,34306,542872,0.06319353365065798,False,False,1,1.0,False,,OK
001430,D:\Biology-AI\data\Task1_Segmentation\masks\001430_segmentation.png,True,3872,2592,L,2,"0,255",True,371846,10036224,0.037050388672074275,False,False,1,1.0,False,,OK
001431,D:\Biology-AI\data\Task1_Segmentation\masks\001431_segmentation.png,True,3024,2016,L,2,"0,255",True,516925,6096384,0.08479206690392206,False,False,1,1.0,False,,OK
001432,D:\Biology-AI\data\Task1_Segmentation\masks\001432_segmentation.png,True,6648,4419,L,2,"0,255",True,17889681,29377512,0.6089583420134421,False,False,1,1.0,False,,OK
001433,D:\Biology-AI\data\Task1_Segmentation\masks\001433_segmentation.png,True,3072,2304,L,2,"0,255",True,783423,7077888,0.1106859842936198,False,False,1,1.0,False,,OK
001434,D:\Biology-AI\data\Task1_Segmentation\masks\001434_segmentation.png,True,1024,768,L,2,"0,255",True,32917,786432,0.04185612996419271,False,False,1,1.0,False,,OK
001435,D:\Biology-AI\data\Task1_Segmentation\masks\001435_segmentation.png,True,6708,4439,L,2,"0,255",True,5988825,29776812,0.20112378047723847,False,False,1,1.0,False,,OK
001436,D:\Biology-AI\data\Task1_Segmentation\masks\001436_segmentation.png,True,1024,768,L,2,"0,255",True,460942,786432,0.5861180623372396,False,False,1,1.0,True,,OK
001437,D:\Biology-AI\data\Task1_Segmentation\masks\001437_segmentation.png,True,3072,2304,L,2,"0,255",True,5767949,7077888,0.8149251584653501,False,False,1,1.0,False,,OK
001438,D:\Biology-AI\data\Task1_Segmentation\masks\001438_segmentation.png,True,6602,4382,L,2,"0,255",True,12062415,28929964,0.4169522990073545,False,False,1,1.0,False,,OK
001439,D:\Biology-AI\data\Task1_Segmentation\masks\001439_segmentation.png,True,1504,1129,L,2,"0,255",True,333218,1698016,0.19623961140531068,False,False,1,1.0,False,,OK
001440,D:\Biology-AI\data\Task1_Segmentation\masks\001440_segmentation.png,True,2592,1936,L,2,"0,255",True,1174432,5018112,0.23403861850831548,False,False,1,1.0,False,,OK
001441,D:\Biology-AI\data\Task1_Segmentation\masks\001441_segmentation.png,True,2048,1536,L,2,"0,255",True,561720,3145728,0.17856597900390625,False,False,1,1.0,False,,OK
001442,D:\Biology-AI\data\Task1_Segmentation\masks\001442_segmentation.png,True,4288,2848,L,2,"0,255",True,820604,12212224,0.06719529546788529,False,False,1,1.0,False,,OK
001443,D:\Biology-AI\data\Task1_Segmentation\masks\001443_segmentation.png,True,4288,2848,L,2,"0,255",True,622473,12212224,0.05097130547228744,False,False,1,1.0,False,,OK
001444,D:\Biology-AI\data\Task1_Segmentation\masks\001444_segmentation.png,True,4288,2848,L,2,"0,255",True,3356767,12212224,0.27486942591292135,False,False,1,1.0,False,,OK
001445,D:\Biology-AI\data\Task1_Segmentation\masks\001445_segmentation.png,True,3008,2000,L,2,"0,255",True,25323,6016000,0.004209275265957447,False,False,1,1.0,False,,very_small_lesion
001446,D:\Biology-AI\data\Task1_Segmentation\masks\001446_segmentation.png,True,3872,2592,L,2,"0,255",True,9526351,10036224,0.9491967297660953,False,False,1,1.0,True,,OK
001447,D:\Biology-AI\data\Task1_Segmentation\masks\001447_segmentation.png,True,3072,2304,L,2,"0,255",True,937642,7077888,0.13247482864945023,False,False,1,1.0,False,,OK
001448,D:\Biology-AI\data\Task1_Segmentation\masks\001448_segmentation.png,True,4288,2848,L,2,"0,255",True,1803775,12212224,0.14770241685707697,False,False,1,1.0,False,,OK
001449,D:\Biology-AI\data\Task1_Segmentation\masks\001449_segmentation.png,True,640,480,L,2,"0,255",True,202796,307200,0.6601432291666667,False,False,1,1.0,True,,OK
001450,D:\Biology-AI\data\Task1_Segmentation\masks\001450_segmentation.png,True,6662,4382,L,2,"0,255",True,19279189,29192884,0.6604071389452306,False,False,1,1.0,True,,OK
001451,D:\Biology-AI\data\Task1_Segmentation\masks\001451_segmentation.png,True,640,480,L,2,"0,255",True,78362,307200,0.25508463541666665,False,False,1,1.0,False,,OK
001452,D:\Biology-AI\data\Task1_Segmentation\masks\001452_segmentation.png,True,2592,1936,L,2,"0,255",True,2428527,5018112,0.4839523310759106,False,False,1,1.0,False,,OK
001453,D:\Biology-AI\data\Task1_Segmentation\masks\001453_segmentation.png,True,1024,768,L,2,"0,255",True,429471,786432,0.5461006164550781,False,False,1,1.0,False,,OK
001454,D:\Biology-AI\data\Task1_Segmentation\masks\001454_segmentation.png,True,3072,2304,L,2,"0,255",True,1023174,7077888,0.1445592244466146,False,False,1,1.0,False,,OK
001455,D:\Biology-AI\data\Task1_Segmentation\masks\001455_segmentation.png,True,4288,2848,L,2,"0,255",True,5051972,12212224,0.4136815702037565,False,False,1,1.0,False,,OK
001456,D:\Biology-AI\data\Task1_Segmentation\masks\001456_segmentation.png,True,767,576,L,2,"0,255",True,63533,441792,0.1438074931189338,False,False,1,1.0,False,,OK
001457,D:\Biology-AI\data\Task1_Segmentation\masks\001457_segmentation.png,True,6682,4422,L,2,"0,255",True,10163791,29547804,0.34397788072507857,False,False,1,1.0,True,,OK
001458,D:\Biology-AI\data\Task1_Segmentation\masks\001458_segmentation.png,True,1022,767,L,2,"0,255",True,70619,783874,0.09008973380926016,False,False,1,1.0,False,,OK
001459,D:\Biology-AI\data\Task1_Segmentation\masks\001459_segmentation.png,True,1024,768,L,2,"0,255",True,33416,786432,0.042490641276041664,False,False,1,1.0,False,,OK
001460,D:\Biology-AI\data\Task1_Segmentation\masks\001460_segmentation.png,True,3072,2304,L,2,"0,255",True,941361,7077888,0.13300026787651908,False,False,1,1.0,False,,OK
001461,D:\Biology-AI\data\Task1_Segmentation\masks\001461_segmentation.png,True,4288,2848,L,2,"0,255",True,1781270,12212224,0.14585959117684053,False,False,1,1.0,False,,OK
001462,D:\Biology-AI\data\Task1_Segmentation\masks\001462_segmentation.png,True,1024,768,L,2,"0,255",True,133958,786432,0.1703364054361979,False,False,1,1.0,False,,OK
001463,D:\Biology-AI\data\Task1_Segmentation\masks\001463_segmentation.png,True,640,480,L,2,"0,255",True,22290,307200,0.07255859375,False,False,1,1.0,False,,OK
001464,D:\Biology-AI\data\Task1_Segmentation\masks\001464_segmentation.png,True,4288,2848,L,2,"0,255",True,1757029,12212224,0.14387461284693107,False,False,1,1.0,False,,OK
001465,D:\Biology-AI\data\Task1_Segmentation\masks\001465_segmentation.png,True,2048,1536,L,2,"0,255",True,312451,3145728,0.09932549794514973,False,False,1,1.0,False,,OK
001466,D:\Biology-AI\data\Task1_Segmentation\masks\001466_segmentation.png,True,3008,2000,L,2,"0,255",True,526710,6016000,0.08755152925531914,False,False,1,1.0,False,,OK
001467,D:\Biology-AI\data\Task1_Segmentation\masks\001467_segmentation.png,True,1504,1129,L,2,"0,255",True,704081,1698016,0.41464921414168066,False,False,1,1.0,False,,OK
001468,D:\Biology-AI\data\Task1_Segmentation\masks\001468_segmentation.png,True,1024,768,L,2,"0,255",True,35984,786432,0.045756022135416664,False,False,1,1.0,False,,OK
001469,D:\Biology-AI\data\Task1_Segmentation\masks\001469_segmentation.png,True,3072,2304,L,2,"0,255",True,1045643,7077888,0.14773375899703414,False,False,1,1.0,False,,OK
001470,D:\Biology-AI\data\Task1_Segmentation\masks\001470_segmentation.png,True,1024,768,L,2,"0,255",True,55241,786432,0.07024256388346355,False,False,1,1.0,False,,OK
001471,D:\Biology-AI\data\Task1_Segmentation\masks\001471_segmentation.png,True,640,480,L,2,"0,255",True,35357,307200,0.11509440104166667,False,False,1,1.0,False,,OK
001472,D:\Biology-AI\data\Task1_Segmentation\masks\001472_segmentation.png,True,962,722,L,2,"0,255",True,191824,694564,0.2761790130211183,False,False,1,1.0,False,,OK
001473,D:\Biology-AI\data\Task1_Segmentation\masks\001473_segmentation.png,True,2314,2067,L,2,"0,255",True,1297758,4783038,0.2713250448773353,False,False,1,1.0,False,,OK
001474,D:\Biology-AI\data\Task1_Segmentation\masks\001474_segmentation.png,True,2048,1536,L,2,"0,255",True,1552268,3145728,0.4934527079264323,False,False,1,1.0,False,,OK
001475,D:\Biology-AI\data\Task1_Segmentation\masks\001475_segmentation.png,True,1024,768,L,2,"0,255",True,93668,786432,0.11910502115885417,False,False,1,1.0,False,,OK
001476,D:\Biology-AI\data\Task1_Segmentation\masks\001476_segmentation.png,True,6648,4419,L,2,"0,255",True,3488000,29377512,0.11873027232530788,False,False,1,1.0,False,,OK
001477,D:\Biology-AI\data\Task1_Segmentation\masks\001477_segmentation.png,True,1024,768,L,2,"0,255",True,401761,786432,0.5108655293782552,False,False,1,1.0,False,,OK
001478,D:\Biology-AI\data\Task1_Segmentation\masks\001478_segmentation.png,True,4288,2848,L,2,"0,255",True,412663,12212224,0.03379097861290458,False,False,1,1.0,False,,OK
001479,D:\Biology-AI\data\Task1_Segmentation\masks\001479_segmentation.png,True,3008,2000,L,2,"0,255",True,394040,6016000,0.06549867021276595,False,False,1,1.0,False,,OK
001480,D:\Biology-AI\data\Task1_Segmentation\masks\001480_segmentation.png,True,722,542,L,2,"0,255",True,110269,391324,0.28178440371661334,False,False,1,1.0,False,,OK
001481,D:\Biology-AI\data\Task1_Segmentation\masks\001481_segmentation.png,True,3072,2304,L,2,"0,255",True,1075026,7077888,0.15188513861762154,False,False,1,1.0,False,,OK
001482,D:\Biology-AI\data\Task1_Segmentation\masks\001482_segmentation.png,True,640,480,L,2,"0,255",True,66180,307200,0.2154296875,False,False,1,1.0,False,,OK
001483,D:\Biology-AI\data\Task1_Segmentation\masks\001483_segmentation.png,True,640,480,L,2,"0,255",True,133889,307200,0.4358365885416667,False,False,1,1.0,False,,OK
001484,D:\Biology-AI\data\Task1_Segmentation\masks\001484_segmentation.png,True,1024,768,L,2,"0,255",True,153414,786432,0.19507598876953125,False,False,1,1.0,False,,OK
001485,D:\Biology-AI\data\Task1_Segmentation\masks\001485_segmentation.png,True,4288,2848,L,2,"0,255",True,103950,12212224,0.008511963095337917,False,False,1,1.0,False,,OK
001486,D:\Biology-AI\data\Task1_Segmentation\masks\001486_segmentation.png,True,4288,2848,L,2,"0,255",True,457946,12212224,0.037498984623930906,False,False,1,1.0,False,,OK
001487,D:\Biology-AI\data\Task1_Segmentation\masks\001487_segmentation.png,True,6621,4401,L,2,"0,255",True,6212725,29139021,0.21320980550444713,False,False,1,1.0,False,,OK
001488,D:\Biology-AI\data\Task1_Segmentation\masks\001488_segmentation.png,True,1024,768,L,2,"0,255",True,175214,786432,0.2227961222330729,False,False,1,1.0,False,,OK
001489,D:\Biology-AI\data\Task1_Segmentation\masks\001489_segmentation.png,True,4288,2848,L,2,"0,255",True,283003,12212224,0.023173747877536476,False,False,1,1.0,False,,OK
001490,D:\Biology-AI\data\Task1_Segmentation\masks\001490_segmentation.png,True,4288,2848,L,2,"0,255",True,616209,12212224,0.05045837678706188,False,False,1,1.0,False,,OK
001491,D:\Biology-AI\data\Task1_Segmentation\masks\001491_segmentation.png,True,4288,2848,L,2,"0,255",True,1829363,12212224,0.14979769450674996,False,False,1,1.0,False,,OK
001492,D:\Biology-AI\data\Task1_Segmentation\masks\001492_segmentation.png,True,3072,2304,L,2,"0,255",True,917027,7077888,0.1295622366446036,False,False,1,1.0,False,,OK
001493,D:\Biology-AI\data\Task1_Segmentation\masks\001493_segmentation.png,True,1024,768,L,2,"0,255",True,112635,786432,0.14322280883789062,False,False,1,1.0,False,,OK
001494,D:\Biology-AI\data\Task1_Segmentation\masks\001494_segmentation.png,True,6668,4439,L,2,"0,255",True,10042574,29599252,0.3392847224652839,False,False,1,1.0,True,,OK
001495,D:\Biology-AI\data\Task1_Segmentation\masks\001495_segmentation.png,True,3872,2592,L,2,"0,255",True,9574031,10036224,0.9539475205017345,False,False,1,1.0,True,,very_large_lesion
001496,D:\Biology-AI\data\Task1_Segmentation\masks\001496_segmentation.png,True,2655,2292,L,2,"0,255",True,1431777,6085260,0.23528608473590282,False,False,1,1.0,False,,OK
001497,D:\Biology-AI\data\Task1_Segmentation\masks\001497_segmentation.png,True,4288,2848,L,2,"0,255",True,1423482,12212224,0.11656206109550561,False,False,1,1.0,False,,OK
001498,D:\Biology-AI\data\Task1_Segmentation\masks\001498_segmentation.png,True,3008,2000,L,2,"0,255",True,951859,6016000,0.15822124335106383,False,False,1,1.0,False,,OK
001499,D:\Biology-AI\data\Task1_Segmentation\masks\001499_segmentation.png,True,3072,2304,L,2,"0,255",True,6119632,7077888,0.8646127206307871,False,False,1,1.0,True,,OK
001500,D:\Biology-AI\data\Task1_Segmentation\masks\001500_segmentation.png,True,4288,2848,L,2,"0,255",True,764235,12212224,0.06257951049702332,False,False,1,1.0,False,,OK
001501,D:\Biology-AI\data\Task1_Segmentation\masks\001501_segmentation.png,True,3008,2000,L,2,"0,255",True,262023,6016000,0.04355435505319149,False,False,1,1.0,False,,OK
001502,D:\Biology-AI\data\Task1_Segmentation\masks\001502_segmentation.png,True,3008,2000,L,2,"0,255",True,103142,6016000,0.01714461436170213,False,False,1,1.0,False,,OK
001503,D:\Biology-AI\data\Task1_Segmentation\masks\001503_segmentation.png,True,1024,768,L,2,"0,255",True,85466,786432,0.10867563883463542,False,False,1,1.0,False,,OK
001504,D:\Biology-AI\data\Task1_Segmentation\masks\001504_segmentation.png,True,3024,2016,L,2,"0,255",True,397815,6096384,0.06525425563744017,False,False,1,1.0,False,,OK
001505,D:\Biology-AI\data\Task1_Segmentation\masks\001505_segmentation.png,True,640,480,L,2,"0,255",True,46870,307200,0.15257161458333332,False,False,1,1.0,False,,OK
001506,D:\Biology-AI\data\Task1_Segmentation\masks\001506_segmentation.png,True,4288,2848,L,2,"0,255",True,138846,12212224,0.011369427878165353,False,False,1,1.0,False,,OK
001507,D:\Biology-AI\data\Task1_Segmentation\masks\001507_segmentation.png,True,3872,2592,L,2,"0,255",True,259852,10036224,0.025891410952963982,False,False,1,1.0,False,,OK
001508,D:\Biology-AI\data\Task1_Segmentation\masks\001508_segmentation.png,True,4288,2848,L,2,"0,255",True,3376007,12212224,0.27644489652335236,False,False,1,1.0,False,,OK
001509,D:\Biology-AI\data\Task1_Segmentation\masks\001509_segmentation.png,True,4288,2848,L,2,"0,255",True,947177,12212224,0.07755974669314943,False,False,1,1.0,False,,OK
001510,D:\Biology-AI\data\Task1_Segmentation\masks\001510_segmentation.png,True,1024,768,L,2,"0,255",True,85172,786432,0.10830179850260417,False,False,1,1.0,False,,OK
001511,D:\Biology-AI\data\Task1_Segmentation\masks\001511_segmentation.png,True,3072,2304,L,2,"0,255",True,395076,7077888,0.05581834581163195,False,False,1,1.0,False,,OK
001512,D:\Biology-AI\data\Task1_Segmentation\masks\001512_segmentation.png,True,1502,1036,L,2,"0,255",True,909708,1556072,0.5846181924743842,False,False,1,1.0,True,,OK
001513,D:\Biology-AI\data\Task1_Segmentation\masks\001513_segmentation.png,True,640,480,L,2,"0,255",True,30359,307200,0.09882486979166667,False,False,1,1.0,False,,OK
001514,D:\Biology-AI\data\Task1_Segmentation\masks\001514_segmentation.png,True,1024,768,L,2,"0,255",True,310108,786432,0.3943227132161458,False,False,1,1.0,False,,OK
001515,D:\Biology-AI\data\Task1_Segmentation\masks\001515_segmentation.png,True,1024,768,L,2,"0,255",True,224432,786432,0.2853800455729167,False,False,1,1.0,False,,OK
001516,D:\Biology-AI\data\Task1_Segmentation\masks\001516_segmentation.png,True,4288,2848,L,2,"0,255",True,745876,12212224,0.06107618071859802,False,False,1,1.0,False,,OK
001517,D:\Biology-AI\data\Task1_Segmentation\masks\001517_segmentation.png,True,3872,2592,L,2,"0,255",True,241977,10036224,0.024110362622436488,False,False,1,1.0,False,,OK
001518,D:\Biology-AI\data\Task1_Segmentation\masks\001518_segmentation.png,True,640,480,L,2,"0,255",True,79181,307200,0.25775065104166667,False,False,1,1.0,False,,OK
001519,D:\Biology-AI\data\Task1_Segmentation\masks\001519_segmentation.png,True,640,480,L,2,"0,255",True,80805,307200,0.263037109375,False,False,1,1.0,False,,OK
001520,D:\Biology-AI\data\Task1_Segmentation\masks\001520_segmentation.png,True,1024,768,L,2,"0,255",True,195066,786432,0.24803924560546875,False,False,1,1.0,False,,OK
001521,D:\Biology-AI\data\Task1_Segmentation\masks\001521_segmentation.png,True,6695,4497,L,2,"0,255",True,5672621,30107415,0.18841275479811204,False,False,1,1.0,False,,OK
001522,D:\Biology-AI\data\Task1_Segmentation\masks\001522_segmentation.png,True,4288,2848,L,2,"0,255",True,2300854,12212224,0.18840581371583096,False,False,1,1.0,False,,OK
001523,D:\Biology-AI\data\Task1_Segmentation\masks\001523_segmentation.png,True,1024,768,L,2,"0,255",True,116619,786432,0.14828872680664062,False,False,1,1.0,False,,OK
001524,D:\Biology-AI\data\Task1_Segmentation\masks\001524_segmentation.png,True,4288,2848,L,2,"0,255",True,3963105,12212224,0.3245195142178853,False,False,1,1.0,False,,OK
001525,D:\Biology-AI\data\Task1_Segmentation\masks\001525_segmentation.png,True,4288,2848,L,2,"0,255",True,1167473,12212224,0.09559872141225055,False,False,1,1.0,False,,OK
001526,D:\Biology-AI\data\Task1_Segmentation\masks\001526_segmentation.png,True,1024,768,L,2,"0,255",True,246543,786432,0.3134956359863281,False,False,1,1.0,False,,OK
001527,D:\Biology-AI\data\Task1_Segmentation\masks\001527_segmentation.png,True,6648,4419,L,2,"0,255",True,10702205,29377512,0.36429922996882785,False,False,1,1.0,False,,OK
001528,D:\Biology-AI\data\Task1_Segmentation\masks\001528_segmentation.png,True,4288,2848,L,2,"0,255",True,1942305,12212224,0.15904596902251383,False,False,1,1.0,False,,OK
001529,D:\Biology-AI\data\Task1_Segmentation\masks\001529_segmentation.png,True,4288,2848,L,2,"0,255",True,195617,12212224,0.016018130686105986,False,False,1,1.0,False,,OK
001530,D:\Biology-AI\data\Task1_Segmentation\masks\001530_segmentation.png,True,640,480,L,2,"0,255",True,171006,307200,0.55666015625,False,False,1,1.0,False,,OK
001531,D:\Biology-AI\data\Task1_Segmentation\masks\001531_segmentation.png,True,3072,2304,L,2,"0,255",True,228680,7077888,0.03230907298900463,False,False,1,1.0,False,,OK
001532,D:\Biology-AI\data\Task1_Segmentation\masks\001532_segmentation.png,True,3072,2304,L,2,"0,255",True,827925,7077888,0.11697345309787327,False,False,1,1.0,False,,OK
001533,D:\Biology-AI\data\Task1_Segmentation\masks\001533_segmentation.png,True,919,802,L,2,"0,255",True,232226,737038,0.31508009085013255,False,False,1,1.0,False,,OK
001534,D:\Biology-AI\data\Task1_Segmentation\masks\001534_segmentation.png,True,2048,1536,L,2,"0,255",True,167736,3145728,0.05332183837890625,False,False,1,1.0,False,,OK
001535,D:\Biology-AI\data\Task1_Segmentation\masks\001535_segmentation.png,True,2592,1944,L,2,"0,255",True,933866,5038848,0.18533323489813544,False,False,1,1.0,False,,OK
001536,D:\Biology-AI\data\Task1_Segmentation\masks\001536_segmentation.png,True,6688,4439,L,2,"0,255",True,4414135,29688032,0.14868398821451015,False,False,1,1.0,False,,OK
001537,D:\Biology-AI\data\Task1_Segmentation\masks\001537_segmentation.png,True,3072,2304,L,2,"0,255",True,6930303,7077888,0.979148440890842,False,False,1,1.0,True,,very_large_lesion
001538,D:\Biology-AI\data\Task1_Segmentation\masks\001538_segmentation.png,True,640,480,L,2,"0,255",True,299453,307200,0.9747819010416666,False,False,1,1.0,False,,very_large_lesion
001539,D:\Biology-AI\data\Task1_Segmentation\masks\001539_segmentation.png,True,3072,2304,L,2,"0,255",True,5433912,7077888,0.767730712890625,False,False,1,1.0,True,,OK
001540,D:\Biology-AI\data\Task1_Segmentation\masks\001540_segmentation.png,True,4288,2848,L,2,"0,255",True,1027756,12212224,0.08415797155374811,False,False,1,1.0,False,,OK
001541,D:\Biology-AI\data\Task1_Segmentation\masks\001541_segmentation.png,True,4288,2848,L,2,"0,255",True,1932687,12212224,0.15825839748763207,False,False,1,1.0,False,,OK
001542,D:\Biology-AI\data\Task1_Segmentation\masks\001542_segmentation.png,True,3072,2304,L,2,"0,255",True,241383,7077888,0.03410381740993924,False,False,1,1.0,False,,OK
001543,D:\Biology-AI\data\Task1_Segmentation\masks\001543_segmentation.png,True,2048,1536,L,2,"0,255",True,187740,3145728,0.059680938720703125,False,False,1,1.0,False,,OK
001544,D:\Biology-AI\data\Task1_Segmentation\masks\001544_segmentation.png,True,2048,1536,L,2,"0,255",True,944760,3145728,0.30033111572265625,False,False,1,1.0,False,,OK
001545,D:\Biology-AI\data\Task1_Segmentation\masks\001545_segmentation.png,True,3008,2000,L,2,"0,255",True,210957,6016000,0.035065990691489364,False,False,1,1.0,False,,OK
001546,D:\Biology-AI\data\Task1_Segmentation\masks\001546_segmentation.png,True,919,802,L,2,"0,255",True,75417,737038,0.10232443917409957,False,False,1,1.0,False,,OK
001547,D:\Biology-AI\data\Task1_Segmentation\masks\001547_segmentation.png,True,4288,2848,L,2,"0,255",True,708141,12212224,0.05798624394704847,False,False,1,1.0,False,,OK
001548,D:\Biology-AI\data\Task1_Segmentation\masks\001548_segmentation.png,True,2048,1536,L,2,"0,255",True,358896,3145728,0.1140899658203125,False,False,1,1.0,False,,OK
001549,D:\Biology-AI\data\Task1_Segmentation\masks\001549_segmentation.png,True,640,480,L,2,"0,255",True,57825,307200,0.188232421875,False,False,1,1.0,False,,OK
001550,D:\Biology-AI\data\Task1_Segmentation\masks\001550_segmentation.png,True,3008,2000,L,2,"0,255",True,51363,6016000,0.008537732712765957,False,False,1,1.0,False,,OK
001551,D:\Biology-AI\data\Task1_Segmentation\masks\001551_segmentation.png,True,2048,1536,L,2,"0,255",True,1139816,3145728,0.36233774820963544,False,False,1,1.0,False,,OK
001552,D:\Biology-AI\data\Task1_Segmentation\masks\001552_segmentation.png,True,3072,2304,L,2,"0,255",True,3415461,7077888,0.48255369398328996,False,False,1,1.0,False,,OK
001553,D:\Biology-AI\data\Task1_Segmentation\masks\001553_segmentation.png,True,6602,4401,L,2,"0,255",True,8894689,29055402,0.3061285815284882,False,False,1,1.0,False,,OK
001554,D:\Biology-AI\data\Task1_Segmentation\masks\001554_segmentation.png,True,6661,4401,L,2,"0,255",True,9480673,29315061,0.3234062177117762,False,False,1,1.0,False,,OK
001555,D:\Biology-AI\data\Task1_Segmentation\masks\001555_segmentation.png,True,6688,4439,L,2,"0,255",True,5057169,29688032,0.17034369270418465,False,False,1,1.0,False,,OK
001556,D:\Biology-AI\data\Task1_Segmentation\masks\001556_segmentation.png,True,3008,2000,L,2,"0,255",True,103564,6016000,0.017214760638297872,False,False,1,1.0,False,,OK
001557,D:\Biology-AI\data\Task1_Segmentation\masks\001557_segmentation.png,True,6682,4401,L,2,"0,255",True,15115839,29407482,0.5140133725151986,False,False,1,1.0,False,,OK
001558,D:\Biology-AI\data\Task1_Segmentation\masks\001558_segmentation.png,True,3008,2000,L,2,"0,255",True,125176,6016000,0.02080718085106383,False,False,1,1.0,False,,OK
001559,D:\Biology-AI\data\Task1_Segmentation\masks\001559_segmentation.png,True,3072,2304,L,2,"0,255",True,788514,7077888,0.11140526665581597,False,False,1,1.0,False,,OK
001560,D:\Biology-AI\data\Task1_Segmentation\masks\001560_segmentation.png,True,3072,2304,L,2,"0,255",True,635127,7077888,0.08973397148980035,False,False,1,1.0,False,,OK
001561,D:\Biology-AI\data\Task1_Segmentation\masks\001561_segmentation.png,True,1024,768,L,2,"0,255",True,197855,786432,0.2515856424967448,False,False,1,1.0,False,,OK
001562,D:\Biology-AI\data\Task1_Segmentation\masks\001562_segmentation.png,True,6628,4399,L,2,"0,255",True,12860127,29156572,0.4410712960357617,False,False,1,1.0,False,,OK
001563,D:\Biology-AI\data\Task1_Segmentation\masks\001563_segmentation.png,True,640,480,L,2,"0,255",True,17452,307200,0.05680989583333333,False,False,1,1.0,False,,OK
001564,D:\Biology-AI\data\Task1_Segmentation\masks\001564_segmentation.png,True,2048,1536,L,2,"0,255",True,1254952,3145728,0.39893849690755206,False,False,1,1.0,False,,OK
001565,D:\Biology-AI\data\Task1_Segmentation\masks\001565_segmentation.png,True,767,576,L,2,"0,255",True,15446,441792,0.034962154135882946,False,False,1,1.0,False,,OK
001566,D:\Biology-AI\data\Task1_Segmentation\masks\001566_segmentation.png,True,1024,768,L,2,"0,255",True,230341,786432,0.2928937276204427,False,False,1,1.0,False,,OK
001567,D:\Biology-AI\data\Task1_Segmentation\masks\001567_segmentation.png,True,3872,2592,L,2,"0,255",True,79176,10036224,0.007889022803795531,False,False,1,1.0,False,,OK
001568,D:\Biology-AI\data\Task1_Segmentation\masks\001568_segmentation.png,True,6688,4439,L,2,"0,255",True,6602884,29688032,0.222408949168473,False,False,1,1.0,False,,OK
001569,D:\Biology-AI\data\Task1_Segmentation\masks\001569_segmentation.png,True,3008,2000,L,2,"0,255",True,232443,6016000,0.03863746675531915,False,False,1,1.0,False,,OK
001570,D:\Biology-AI\data\Task1_Segmentation\masks\001570_segmentation.png,True,962,674,L,2,"0,255",True,466764,648388,0.7198837732962362,False,False,1,1.0,False,,OK
001571,D:\Biology-AI\data\Task1_Segmentation\masks\001571_segmentation.png,True,4288,2848,L,2,"0,255",True,1082751,12212224,0.08866124630534127,False,False,1,1.0,False,,OK
001572,D:\Biology-AI\data\Task1_Segmentation\masks\001572_segmentation.png,True,3072,2304,L,2,"0,255",True,158780,7077888,0.02243324562355324,False,False,1,1.0,False,,OK
001573,D:\Biology-AI\data\Task1_Segmentation\masks\001573_segmentation.png,True,3872,2592,L,2,"0,255",True,53925,10036224,0.005373036711815121,False,False,1,1.0,False,,OK
001574,D:\Biology-AI\data\Task1_Segmentation\masks\001574_segmentation.png,True,3024,2016,L,2,"0,255",True,350402,6096384,0.05747702244478038,False,False,1,1.0,False,,OK
001575,D:\Biology-AI\data\Task1_Segmentation\masks\001575_segmentation.png,True,1024,768,L,2,"0,255",True,257589,786432,0.3275413513183594,False,False,1,1.0,False,,OK
001576,D:\Biology-AI\data\Task1_Segmentation\masks\001576_segmentation.png,True,640,480,L,2,"0,255",True,40481,307200,0.13177408854166667,False,False,1,1.0,False,,OK
001577,D:\Biology-AI\data\Task1_Segmentation\masks\001577_segmentation.png,True,3072,2304,L,2,"0,255",True,998130,7077888,0.14102088080512154,False,False,1,1.0,False,,OK
001578,D:\Biology-AI\data\Task1_Segmentation\masks\001578_segmentation.png,True,640,480,L,2,"0,255",True,133110,307200,0.43330078125,False,False,1,1.0,True,,OK
001579,D:\Biology-AI\data\Task1_Segmentation\masks\001579_segmentation.png,True,3008,2000,L,2,"0,255",True,357577,6016000,0.059437666223404254,False,False,1,1.0,False,,OK
001580,D:\Biology-AI\data\Task1_Segmentation\masks\001580_segmentation.png,True,6661,4420,L,2,"0,255",True,6405699,29441620,0.2175729120883973,False,False,1,1.0,False,,OK
001581,D:\Biology-AI\data\Task1_Segmentation\masks\001581_segmentation.png,True,1024,768,L,2,"0,255",True,342479,786432,0.4354845682779948,False,False,1,1.0,True,,OK
001582,D:\Biology-AI\data\Task1_Segmentation\masks\001582_segmentation.png,True,1024,768,L,2,"0,255",True,630546,786432,0.8017807006835938,False,False,1,1.0,True,,OK
001583,D:\Biology-AI\data\Task1_Segmentation\masks\001583_segmentation.png,True,4288,2848,L,2,"0,255",True,700338,12212224,0.0573472939900218,False,False,1,1.0,False,,OK
001584,D:\Biology-AI\data\Task1_Segmentation\masks\001584_segmentation.png,True,4288,2848,L,2,"0,255",True,2070550,12212224,0.16954733224677176,False,False,1,1.0,False,,OK
001585,D:\Biology-AI\data\Task1_Segmentation\masks\001585_segmentation.png,True,640,480,L,2,"0,255",True,102832,307200,0.3347395833333333,False,False,1,1.0,False,,OK
001586,D:\Biology-AI\data\Task1_Segmentation\masks\001586_segmentation.png,True,1024,768,L,2,"0,255",True,144161,786432,0.18331019083658853,False,False,1,1.0,False,,OK
001587,D:\Biology-AI\data\Task1_Segmentation\masks\001587_segmentation.png,True,6600,4411,L,2,"0,255",True,15237067,29112600,0.5233839299822071,False,False,1,1.0,False,,OK
001588,D:\Biology-AI\data\Task1_Segmentation\masks\001588_segmentation.png,True,1024,768,L,2,"0,255",True,91757,786432,0.11667505900065105,False,False,1,1.0,False,,OK
001589,D:\Biology-AI\data\Task1_Segmentation\masks\001589_segmentation.png,True,4288,2848,L,2,"0,255",True,1169170,12212224,0.0957376805404159,False,False,1,1.0,False,,OK
001590,D:\Biology-AI\data\Task1_Segmentation\masks\001590_segmentation.png,True,2592,1936,L,2,"0,255",True,509596,5018112,0.10155134042444648,False,False,1,1.0,False,,OK
001591,D:\Biology-AI\data\Task1_Segmentation\masks\001591_segmentation.png,True,5184,3456,L,2,"0,255",True,3994848,17915904,0.22297775205761317,False,False,1,1.0,False,,OK
001592,D:\Biology-AI\data\Task1_Segmentation\masks\001592_segmentation.png,True,1024,768,L,2,"0,255",True,169004,786432,0.21489969889322916,False,False,1,1.0,False,,OK
001593,D:\Biology-AI\data\Task1_Segmentation\masks\001593_segmentation.png,True,2592,1944,L,2,"0,255",True,1140869,5038848,0.22641464874511,False,False,1,1.0,False,,OK
001594,D:\Biology-AI\data\Task1_Segmentation\masks\001594_segmentation.png,True,6662,4440,L,2,"0,255",True,4892804,29579280,0.16541322168761377,False,False,1,1.0,False,,OK
001595,D:\Biology-AI\data\Task1_Segmentation\masks\001595_segmentation.png,True,3072,2304,L,2,"0,255",True,1072000,7077888,0.1514576099537037,False,False,1,1.0,False,,OK
001596,D:\Biology-AI\data\Task1_Segmentation\masks\001596_segmentation.png,True,1494,1036,L,2,"0,255",True,494876,1547784,0.31973195226207274,False,False,1,1.0,False,,OK
001597,D:\Biology-AI\data\Task1_Segmentation\masks\001597_segmentation.png,True,4288,2848,L,2,"0,255",True,698115,12212224,0.05716526326408687,False,False,1,1.0,False,,OK
001598,D:\Biology-AI\data\Task1_Segmentation\masks\001598_segmentation.png,True,2048,1536,L,2,"0,255",True,861469,3145728,0.2738536198933919,False,False,1,1.0,True,,OK
001599,D:\Biology-AI\data\Task1_Segmentation\masks\001599_segmentation.png,True,1213,1307,L,2,"0,255",True,449377,1585391,0.2834486886831072,False,False,1,1.0,False,,OK
001600,D:\Biology-AI\data\Task1_Segmentation\masks\001600_segmentation.png,True,1024,768,L,2,"0,255",True,665925,786432,0.8467674255371094,False,False,1,1.0,True,,OK
001601,D:\Biology-AI\data\Task1_Segmentation\masks\001601_segmentation.png,True,4288,2848,L,2,"0,255",True,1284659,12212224,0.1051945165761781,False,False,1,1.0,False,,OK
001602,D:\Biology-AI\data\Task1_Segmentation\masks\001602_segmentation.png,True,3024,2016,L,2,"0,255",True,286617,6096384,0.04701426288107836,False,False,1,1.0,False,,OK
001603,D:\Biology-AI\data\Task1_Segmentation\masks\001603_segmentation.png,True,1024,768,L,2,"0,255",True,81658,786432,0.10383351643880208,False,False,1,1.0,False,,OK
001604,D:\Biology-AI\data\Task1_Segmentation\masks\001604_segmentation.png,True,4288,2848,L,2,"0,255",True,108601,12212224,0.008892811006414557,False,False,1,1.0,False,,OK
001605,D:\Biology-AI\data\Task1_Segmentation\masks\001605_segmentation.png,True,1022,767,L,2,"0,255",True,270416,783874,0.3449738095663334,False,False,1,1.0,False,,OK
001606,D:\Biology-AI\data\Task1_Segmentation\masks\001606_segmentation.png,True,640,480,L,2,"0,255",True,28324,307200,0.09220052083333333,False,False,1,1.0,False,,OK
001607,D:\Biology-AI\data\Task1_Segmentation\masks\001607_segmentation.png,True,6628,4419,L,2,"0,255",True,10256407,29289132,0.35017790899368406,False,False,1,1.0,False,,OK
001608,D:\Biology-AI\data\Task1_Segmentation\masks\001608_segmentation.png,True,767,576,L,2,"0,255",True,74857,441792,0.1694394647254817,False,False,1,1.0,False,,OK
001609,D:\Biology-AI\data\Task1_Segmentation\masks\001609_segmentation.png,True,3872,2592,L,2,"0,255",True,577074,10036224,0.057499115205081115,False,False,1,1.0,False,,OK
001610,D:\Biology-AI\data\Task1_Segmentation\masks\001610_segmentation.png,True,640,480,L,2,"0,255",True,32223,307200,0.104892578125,False,False,1,1.0,False,,OK
001611,D:\Biology-AI\data\Task1_Segmentation\masks\001611_segmentation.png,True,3072,2304,L,2,"0,255",True,2302692,7077888,0.3253360324435764,False,False,1,1.0,False,,OK
001612,D:\Biology-AI\data\Task1_Segmentation\masks\001612_segmentation.png,True,1024,768,L,2,"0,255",True,286955,786432,0.3648821512858073,False,False,1,1.0,False,,OK
001613,D:\Biology-AI\data\Task1_Segmentation\masks\001613_segmentation.png,True,3008,2000,L,2,"0,255",True,248653,6016000,0.04133194813829787,False,False,1,1.0,False,,OK
001614,D:\Biology-AI\data\Task1_Segmentation\masks\001614_segmentation.png,True,640,480,L,2,"0,255",True,205621,307200,0.6693391927083333,False,False,1,1.0,False,,OK
001615,D:\Biology-AI\data\Task1_Segmentation\masks\001615_segmentation.png,True,1024,768,L,2,"0,255",True,78900,786432,0.1003265380859375,False,False,1,1.0,False,,OK
001616,D:\Biology-AI\data\Task1_Segmentation\masks\001616_segmentation.png,True,6608,4399,L,2,"0,255",True,17823439,29068592,0.6131510944871358,False,False,1,1.0,True,,OK
001617,D:\Biology-AI\data\Task1_Segmentation\masks\001617_segmentation.png,True,3872,2592,L,2,"0,255",True,7745140,10036224,0.771718526808489,False,False,1,1.0,False,,OK
001618,D:\Biology-AI\data\Task1_Segmentation\masks\001618_segmentation.png,True,6688,4459,L,2,"0,255",True,5117758,29821792,0.17161135051843968,False,False,1,1.0,False,,OK
001619,D:\Biology-AI\data\Task1_Segmentation\masks\001619_segmentation.png,True,2048,1536,L,2,"0,255",True,260664,3145728,0.08286285400390625,False,False,1,1.0,False,,OK
001620,D:\Biology-AI\data\Task1_Segmentation\masks\001620_segmentation.png,True,1024,768,L,2,"0,255",True,253496,786432,0.3223368326822917,False,False,1,1.0,False,,OK
001621,D:\Biology-AI\data\Task1_Segmentation\masks\001621_segmentation.png,True,3008,2000,L,2,"0,255",True,2982299,6016000,0.495727892287234,False,False,1,1.0,True,,OK
001622,D:\Biology-AI\data\Task1_Segmentation\masks\001622_segmentation.png,True,4288,2848,L,2,"0,255",True,341971,12212224,0.02800235239707362,False,False,1,1.0,False,,OK
001623,D:\Biology-AI\data\Task1_Segmentation\masks\001623_segmentation.png,True,1024,768,L,2,"0,255",True,166543,786432,0.21177037556966147,False,False,1,1.0,False,,OK
001624,D:\Biology-AI\data\Task1_Segmentation\masks\001624_segmentation.png,True,4288,2848,L,2,"0,255",True,414408,12212224,0.033933868229079324,False,False,1,1.0,False,,OK
001625,D:\Biology-AI\data\Task1_Segmentation\masks\001625_segmentation.png,True,2048,1536,L,2,"0,255",True,615438,3145728,0.19564247131347656,False,False,1,1.0,False,,OK
001626,D:\Biology-AI\data\Task1_Segmentation\masks\001626_segmentation.png,True,6641,4441,L,2,"0,255",True,18440673,29492681,0.6252626880547075,False,False,1,1.0,True,,OK
001627,D:\Biology-AI\data\Task1_Segmentation\masks\001627_segmentation.png,True,4288,2848,L,2,"0,255",True,488509,12212224,0.040001640978743924,False,False,1,1.0,False,,OK
001628,D:\Biology-AI\data\Task1_Segmentation\masks\001628_segmentation.png,True,4288,2848,L,2,"0,255",True,1345826,12212224,0.11020318657764548,False,False,1,1.0,False,,OK
001629,D:\Biology-AI\data\Task1_Segmentation\masks\001629_segmentation.png,True,6641,4441,L,2,"0,255",True,10208386,29492681,0.3461328591998808,False,False,1,1.0,False,,OK
001630,D:\Biology-AI\data\Task1_Segmentation\masks\001630_segmentation.png,True,4288,2848,L,2,"0,255",True,2563441,12212224,0.20990779402670637,False,False,1,1.0,False,,OK
001631,D:\Biology-AI\data\Task1_Segmentation\masks\001631_segmentation.png,True,576,768,L,2,"0,255",True,92658,442368,0.20945909288194445,False,False,1,1.0,False,,OK
001632,D:\Biology-AI\data\Task1_Segmentation\masks\001632_segmentation.png,True,640,480,L,2,"0,255",True,66510,307200,0.21650390625,False,False,1,1.0,False,,OK
001633,D:\Biology-AI\data\Task1_Segmentation\masks\001633_segmentation.png,True,3072,2304,L,2,"0,255",True,813657,7077888,0.11495759752061632,False,False,1,1.0,False,,OK
001634,D:\Biology-AI\data\Task1_Segmentation\masks\001634_segmentation.png,True,6688,4439,L,2,"0,255",True,17462907,29688032,0.5882136950000593,False,False,1,1.0,True,,OK
001635,D:\Biology-AI\data\Task1_Segmentation\masks\001635_segmentation.png,True,4288,2848,L,2,"0,255",True,3618088,12212224,0.29626773960254904,False,False,1,1.0,False,,OK
001636,D:\Biology-AI\data\Task1_Segmentation\masks\001636_segmentation.png,True,6648,4439,L,2,"0,255",True,4233860,29510472,0.14346974863702622,False,False,1,1.0,False,,OK
001637,D:\Biology-AI\data\Task1_Segmentation\masks\001637_segmentation.png,True,6621,4420,L,2,"0,255",True,24105401,29264820,0.8236989327116996,False,False,1,1.0,False,,OK
001638,D:\Biology-AI\data\Task1_Segmentation\masks\001638_segmentation.png,True,824,719,L,2,"0,255",True,101644,592456,0.17156379545485234,False,False,1,1.0,False,,OK
001639,D:\Biology-AI\data\Task1_Segmentation\masks\001639_segmentation.png,True,6662,4420,L,2,"0,255",True,2064620,29446040,0.07011537035200659,False,False,1,1.0,False,,OK
001640,D:\Biology-AI\data\Task1_Segmentation\masks\001640_segmentation.png,True,4288,2848,L,2,"0,255",True,850427,12212224,0.06963735679922019,False,False,1,1.0,False,,OK
001641,D:\Biology-AI\data\Task1_Segmentation\masks\001641_segmentation.png,True,1936,2592,L,2,"0,255",True,958443,5018112,0.19099673343281298,False,False,1,1.0,False,,OK
001642,D:\Biology-AI\data\Task1_Segmentation\masks\001642_segmentation.png,True,6688,4439,L,2,"0,255",True,4924016,29688032,0.16585861939248786,False,False,1,1.0,False,,OK
001643,D:\Biology-AI\data\Task1_Segmentation\masks\001643_segmentation.png,True,3008,2000,L,2,"0,255",True,256392,6016000,0.04261835106382979,False,False,1,1.0,False,,OK
001644,D:\Biology-AI\data\Task1_Segmentation\masks\001644_segmentation.png,True,6628,4419,L,2,"0,255",True,1920415,29289132,0.0655674944549398,False,False,1,1.0,False,,OK
001645,D:\Biology-AI\data\Task1_Segmentation\masks\001645_segmentation.png,True,3072,2304,L,2,"0,255",True,3418067,7077888,0.4829218829119647,False,False,1,1.0,True,,OK
001646,D:\Biology-AI\data\Task1_Segmentation\masks\001646_segmentation.png,True,3008,2000,L,2,"0,255",True,242019,6016000,0.040229222074468086,False,False,1,1.0,False,,OK
001647,D:\Biology-AI\data\Task1_Segmentation\masks\001647_segmentation.png,True,6682,4421,L,2,"0,255",True,4843773,29541122,0.16396713029383245,False,False,1,1.0,False,,OK
001648,D:\Biology-AI\data\Task1_Segmentation\masks\001648_segmentation.png,True,1241,1261,L,2,"0,255",True,529628,1564901,0.33844185670531235,False,False,1,1.0,False,,OK
001649,D:\Biology-AI\data\Task1_Segmentation\masks\001649_segmentation.png,True,3872,2592,L,2,"0,255",True,726765,10036224,0.07241418684955617,False,False,1,1.0,False,,OK
001650,D:\Biology-AI\data\Task1_Segmentation\masks\001650_segmentation.png,True,3008,2000,L,2,"0,255",True,65778,6016000,0.010933843085106382,False,False,1,1.0,False,,OK
001651,D:\Biology-AI\data\Task1_Segmentation\masks\001651_segmentation.png,True,4288,2848,L,2,"0,255",True,405672,12212224,0.033218519411370113,False,False,1,1.0,False,,OK
001652,D:\Biology-AI\data\Task1_Segmentation\masks\001652_segmentation.png,True,2592,1944,L,2,"0,255",True,1183945,5038848,0.2349634281486562,False,False,1,1.0,False,,OK
001653,D:\Biology-AI\data\Task1_Segmentation\masks\001653_segmentation.png,True,3008,2000,L,2,"0,255",True,1723505,6016000,0.28648686835106385,False,False,1,1.0,False,,OK
001654,D:\Biology-AI\data\Task1_Segmentation\masks\001654_segmentation.png,True,4288,2848,L,2,"0,255",True,547143,12212224,0.044802895852549054,False,False,1,1.0,False,,OK
001655,D:\Biology-AI\data\Task1_Segmentation\masks\001655_segmentation.png,True,3072,2304,L,2,"0,255",True,1299454,7077888,0.18359346742983218,False,False,1,1.0,False,,OK
001656,D:\Biology-AI\data\Task1_Segmentation\masks\001656_segmentation.png,True,1024,768,L,2,"0,255",True,246398,786432,0.31331125895182294,False,False,1,1.0,False,,OK
001657,D:\Biology-AI\data\Task1_Segmentation\masks\001657_segmentation.png,True,6681,4460,L,2,"0,255",True,2051757,29797260,0.06885723720905881,False,False,1,1.0,False,,OK
001658,D:\Biology-AI\data\Task1_Segmentation\masks\001658_segmentation.png,True,3872,2592,L,2,"0,255",True,196131,10036224,0.019542309936486073,False,False,1,1.0,False,,OK
001659,D:\Biology-AI\data\Task1_Segmentation\masks\001659_segmentation.png,True,959,634,L,2,"0,255",True,325883,608006,0.5359864869754575,False,False,1,1.0,False,,OK
001660,D:\Biology-AI\data\Task1_Segmentation\masks\001660_segmentation.png,True,3072,2304,L,2,"0,255",True,4363976,7077888,0.6165647153501157,False,False,1,1.0,True,,OK
001661,D:\Biology-AI\data\Task1_Segmentation\masks\001661_segmentation.png,True,1765,1648,L,2,"0,255",True,557538,2908720,0.19167812646112378,False,False,1,1.0,False,,OK
001662,D:\Biology-AI\data\Task1_Segmentation\masks\001662_segmentation.png,True,3024,2016,L,2,"0,255",True,416847,6096384,0.06837610622952885,False,False,1,1.0,False,,OK
001663,D:\Biology-AI\data\Task1_Segmentation\masks\001663_segmentation.png,True,1024,768,L,2,"0,255",True,348317,786432,0.44290796915690106,False,False,1,1.0,False,,OK
001664,D:\Biology-AI\data\Task1_Segmentation\masks\001664_segmentation.png,True,1064,702,L,2,"0,255",True,78628,746928,0.10526851316325,False,False,1,1.0,False,,OK
001665,D:\Biology-AI\data\Task1_Segmentation\masks\001665_segmentation.png,True,1024,768,L,2,"0,255",True,65215,786432,0.08292516072591145,False,False,1,1.0,False,,OK
001666,D:\Biology-AI\data\Task1_Segmentation\masks\001666_segmentation.png,True,4288,2848,L,2,"0,255",True,461062,12212224,0.03775413880387389,False,False,1,1.0,False,,OK
001667,D:\Biology-AI\data\Task1_Segmentation\masks\001667_segmentation.png,True,1024,768,L,2,"0,255",True,103615,786432,0.13175328572591147,False,False,1,1.0,False,,OK
001668,D:\Biology-AI\data\Task1_Segmentation\masks\001668_segmentation.png,True,3072,2304,L,2,"0,255",True,1110849,7077888,0.15694639417860243,False,False,1,1.0,False,,OK
001669,D:\Biology-AI\data\Task1_Segmentation\masks\001669_segmentation.png,True,1024,768,L,2,"0,255",True,658800,786432,0.83770751953125,False,False,1,1.0,True,,OK
001670,D:\Biology-AI\data\Task1_Segmentation\masks\001670_segmentation.png,True,2048,1536,L,2,"0,255",True,868625,3145728,0.27612845102945965,False,False,1,1.0,False,,OK
001671,D:\Biology-AI\data\Task1_Segmentation\masks\001671_segmentation.png,True,1024,768,L,2,"0,255",True,411526,786432,0.5232823689778646,False,False,1,1.0,False,,OK
001672,D:\Biology-AI\data\Task1_Segmentation\masks\001672_segmentation.png,True,1504,1129,L,2,"0,255",True,803772,1698016,0.47335949720143977,False,False,1,1.0,False,,OK
001673,D:\Biology-AI\data\Task1_Segmentation\masks\001673_segmentation.png,True,6601,4382,L,2,"0,255",True,10451755,28925582,0.3613325740515783,False,False,1,1.0,False,,OK
001674,D:\Biology-AI\data\Task1_Segmentation\masks\001674_segmentation.png,True,1024,768,L,2,"0,255",True,31611,786432,0.040195465087890625,False,False,1,1.0,False,,OK
001675,D:\Biology-AI\data\Task1_Segmentation\masks\001675_segmentation.png,True,4288,2848,L,2,"0,255",True,1701206,12212224,0.13930353717717592,False,False,1,1.0,False,,OK
001676,D:\Biology-AI\data\Task1_Segmentation\masks\001676_segmentation.png,True,3072,2304,L,2,"0,255",True,3206860,7077888,0.4530814841941551,False,False,1,1.0,False,,OK
001677,D:\Biology-AI\data\Task1_Segmentation\masks\001677_segmentation.png,True,3072,2304,L,2,"0,255",True,1922803,7077888,0.27166338320131656,False,False,1,1.0,False,,OK
001678,D:\Biology-AI\data\Task1_Segmentation\masks\001678_segmentation.png,True,3072,2304,L,2,"0,255",True,773047,7077888,0.10922001026294849,False,False,1,1.0,False,,OK
001679,D:\Biology-AI\data\Task1_Segmentation\masks\001679_segmentation.png,True,6661,4422,L,2,"0,255",True,7970924,29454942,0.27061414685522045,False,False,1,1.0,False,,OK
001680,D:\Biology-AI\data\Task1_Segmentation\masks\001680_segmentation.png,True,1024,768,L,2,"0,255",True,178916,786432,0.22750345865885416,False,False,1,1.0,False,,OK
001681,D:\Biology-AI\data\Task1_Segmentation\masks\001681_segmentation.png,True,6688,4459,L,2,"0,255",True,8951522,29821792,0.3001671395199859,False,False,1,1.0,False,,OK
001682,D:\Biology-AI\data\Task1_Segmentation\masks\001682_segmentation.png,True,4288,2848,L,2,"0,255",True,486015,12212224,0.0397974193725893,False,False,1,1.0,False,,OK
001683,D:\Biology-AI\data\Task1_Segmentation\masks\001683_segmentation.png,True,6621,4420,L,2,"0,255",True,25581869,29264820,0.8741509088386671,False,False,1,1.0,False,,OK
001684,D:\Biology-AI\data\Task1_Segmentation\masks\001684_segmentation.png,True,6602,4361,L,2,"0,255",True,9544498,28791322,0.3315060697803317,False,False,1,1.0,False,,OK
001685,D:\Biology-AI\data\Task1_Segmentation\masks\001685_segmentation.png,True,2625,2020,L,2,"0,255",True,1118135,5302500,0.21086940122583686,False,False,1,1.0,False,,OK
001686,D:\Biology-AI\data\Task1_Segmentation\masks\001686_segmentation.png,True,3872,2592,L,2,"0,255",True,179867,10036224,0.017921780143607794,False,False,1,1.0,False,,OK
001687,D:\Biology-AI\data\Task1_Segmentation\masks\001687_segmentation.png,True,2048,1536,L,2,"0,255",True,263160,3145728,0.08365631103515625,False,False,1,1.0,False,,OK
001688,D:\Biology-AI\data\Task1_Segmentation\masks\001688_segmentation.png,True,1024,768,L,2,"0,255",True,82575,786432,0.10499954223632812,False,False,1,1.0,False,,OK
001689,D:\Biology-AI\data\Task1_Segmentation\masks\001689_segmentation.png,True,3872,2592,L,2,"0,255",True,159886,10036224,0.01593089193704724,False,False,1,1.0,False,,OK
001690,D:\Biology-AI\data\Task1_Segmentation\masks\001690_segmentation.png,True,6627,4399,L,2,"0,255",True,13847919,29152173,0.4750218448552703,False,False,1,1.0,False,,OK
001691,D:\Biology-AI\data\Task1_Segmentation\masks\001691_segmentation.png,True,3072,2304,L,2,"0,255",True,3115086,7077888,0.44011518690321183,False,False,1,1.0,False,,OK
001692,D:\Biology-AI\data\Task1_Segmentation\masks\001692_segmentation.png,True,1024,768,L,2,"0,255",True,227210,786432,0.28891245524088544,False,False,1,1.0,False,,OK
001693,D:\Biology-AI\data\Task1_Segmentation\masks\001693_segmentation.png,True,640,480,L,2,"0,255",True,63418,307200,0.20643880208333334,False,False,1,1.0,False,,OK
001694,D:\Biology-AI\data\Task1_Segmentation\masks\001694_segmentation.png,True,4288,2848,L,2,"0,255",True,93590,12212224,0.007663632766644306,False,False,1,1.0,False,,OK
001695,D:\Biology-AI\data\Task1_Segmentation\masks\001695_segmentation.png,True,2048,1536,L,2,"0,255",True,721904,3145728,0.22948710123697916,False,False,1,1.0,False,,OK
001696,D:\Biology-AI\data\Task1_Segmentation\masks\001696_segmentation.png,True,3024,2016,L,2,"0,255",True,1247380,6096384,0.20460981460485428,False,False,1,1.0,False,,OK
001697,D:\Biology-AI\data\Task1_Segmentation\masks\001697_segmentation.png,True,3072,2304,L,2,"0,255",True,677302,7077888,0.09569266990379051,False,False,1,1.0,False,,OK
001698,D:\Biology-AI\data\Task1_Segmentation\masks\001698_segmentation.png,True,6688,4439,L,2,"0,255",True,14707154,29688032,0.4953899941902515,False,False,1,1.0,False,,OK
001699,D:\Biology-AI\data\Task1_Segmentation\masks\001699_segmentation.png,True,3072,2304,L,2,"0,255",True,1592000,7077888,0.22492585358796297,False,False,1,1.0,False,,OK
001700,D:\Biology-AI\data\Task1_Segmentation\masks\001700_segmentation.png,True,6688,4459,L,2,"0,255",True,19736160,29821792,0.6618032880116661,False,False,1,1.0,True,,OK
001701,D:\Biology-AI\data\Task1_Segmentation\masks\001701_segmentation.png,True,6708,4439,L,2,"0,255",True,7468215,29776812,0.2508063992881441,False,False,1,1.0,False,,OK
001702,D:\Biology-AI\data\Task1_Segmentation\masks\001702_segmentation.png,True,3072,2304,L,2,"0,255",True,1147937,7077888,0.16218637537073205,False,False,1,1.0,False,,OK
001703,D:\Biology-AI\data\Task1_Segmentation\masks\001703_segmentation.png,True,1024,768,L,2,"0,255",True,581480,786432,0.7393900553385416,False,False,1,1.0,True,,OK
001704,D:\Biology-AI\data\Task1_Segmentation\masks\001704_segmentation.png,True,1024,768,L,2,"0,255",True,220896,786432,0.2808837890625,False,False,1,1.0,False,,OK
001705,D:\Biology-AI\data\Task1_Segmentation\masks\001705_segmentation.png,True,3072,2304,L,2,"0,255",True,6707067,7077888,0.9476085238986545,False,False,1,1.0,True,,OK
001706,D:\Biology-AI\data\Task1_Segmentation\masks\001706_segmentation.png,True,6668,4459,L,2,"0,255",True,5344389,29732612,0.17974838537562726,False,False,1,1.0,False,,OK
001707,D:\Biology-AI\data\Task1_Segmentation\masks\001707_segmentation.png,True,3008,2000,L,2,"0,255",True,253385,6016000,0.04211851728723404,False,False,1,1.0,False,,OK
001708,D:\Biology-AI\data\Task1_Segmentation\masks\001708_segmentation.png,True,4288,2848,L,2,"0,255",True,431395,12212224,0.035324851558569514,False,False,1,1.0,False,,OK
001709,D:\Biology-AI\data\Task1_Segmentation\masks\001709_segmentation.png,True,6708,4439,L,2,"0,255",True,13981348,29776812,0.4695381090494174,False,False,1,1.0,True,,OK
001710,D:\Biology-AI\data\Task1_Segmentation\masks\001710_segmentation.png,True,4288,2848,L,2,"0,255",True,2743162,12212224,0.22462427810036895,False,False,1,1.0,False,,OK
001711,D:\Biology-AI\data\Task1_Segmentation\masks\001711_segmentation.png,True,2573,2248,L,2,"0,255",True,585092,5784104,0.10115516595137293,False,False,1,1.0,False,,OK
001712,D:\Biology-AI\data\Task1_Segmentation\masks\001712_segmentation.png,True,640,480,L,2,"0,255",True,24116,307200,0.07850260416666667,False,False,1,1.0,False,,OK
001713,D:\Biology-AI\data\Task1_Segmentation\masks\001713_segmentation.png,True,4288,2848,L,2,"0,255",True,189241,12212224,0.01549603086219185,False,False,1,1.0,False,,OK
001714,D:\Biology-AI\data\Task1_Segmentation\masks\001714_segmentation.png,True,1024,768,L,2,"0,255",True,50672,786432,0.06443277994791667,False,False,1,1.0,False,,OK
001715,D:\Biology-AI\data\Task1_Segmentation\masks\001715_segmentation.png,True,640,480,L,2,"0,255",True,51451,307200,0.16748372395833333,False,False,1,1.0,False,,OK
001716,D:\Biology-AI\data\Task1_Segmentation\masks\001716_segmentation.png,True,3072,2304,L,2,"0,255",True,2023221,7077888,0.2858509487575955,False,False,1,1.0,False,,OK
001717,D:\Biology-AI\data\Task1_Segmentation\masks\001717_segmentation.png,True,4288,2848,L,2,"0,255",True,1585850,12212224,0.1298575918686064,False,False,1,1.0,False,,OK
001718,D:\Biology-AI\data\Task1_Segmentation\masks\001718_segmentation.png,True,4288,2848,L,2,"0,255",True,2899569,12212224,0.23743169139380346,False,False,1,1.0,False,,OK
001719,D:\Biology-AI\data\Task1_Segmentation\masks\001719_segmentation.png,True,3872,2592,L,2,"0,255",True,636992,10036224,0.06346928884807673,False,False,1,1.0,False,,OK
001720,D:\Biology-AI\data\Task1_Segmentation\masks\001720_segmentation.png,True,3072,2304,L,2,"0,255",True,5722504,7077888,0.8085044578269676,False,False,1,1.0,False,,OK
001721,D:\Biology-AI\data\Task1_Segmentation\masks\001721_segmentation.png,True,6828,4479,L,2,"0,255",True,9918239,30582612,0.32430974175783284,False,False,1,1.0,False,,OK
001722,D:\Biology-AI\data\Task1_Segmentation\masks\001722_segmentation.png,True,6608,4379,L,2,"0,255",True,3193093,28936432,0.11034853917027504,False,False,1,1.0,False,,OK
001723,D:\Biology-AI\data\Task1_Segmentation\masks\001723_segmentation.png,True,4288,2848,L,2,"0,255",True,594587,12212224,0.04868785570916485,False,False,1,1.0,False,,OK
001724,D:\Biology-AI\data\Task1_Segmentation\masks\001724_segmentation.png,True,1024,768,L,2,"0,255",True,284384,786432,0.3616129557291667,False,False,1,1.0,True,,OK
001725,D:\Biology-AI\data\Task1_Segmentation\masks\001725_segmentation.png,True,4288,2848,L,2,"0,255",True,294458,12212224,0.024111742463944322,False,False,1,1.0,False,,OK
001726,D:\Biology-AI\data\Task1_Segmentation\masks\001726_segmentation.png,True,6668,4439,L,2,"0,255",True,3611136,29599252,0.12200092083408054,False,False,1,1.0,False,,OK
001727,D:\Biology-AI\data\Task1_Segmentation\masks\001727_segmentation.png,True,2592,1936,L,2,"0,255",True,1112212,5018112,0.22163953295582084,False,False,1,1.0,False,,OK
001728,D:\Biology-AI\data\Task1_Segmentation\masks\001728_segmentation.png,True,4288,2848,L,2,"0,255",True,758648,12212224,0.06212201806976354,False,False,1,1.0,False,,OK
001729,D:\Biology-AI\data\Task1_Segmentation\masks\001729_segmentation.png,True,4288,2848,L,2,"0,255",True,1108091,12212224,0.0907362164336324,False,False,1,1.0,False,,OK
001730,D:\Biology-AI\data\Task1_Segmentation\masks\001730_segmentation.png,True,1024,768,L,2,"0,255",True,124178,786432,0.1579004923502604,False,False,1,1.0,False,,OK
001731,D:\Biology-AI\data\Task1_Segmentation\masks\001731_segmentation.png,True,4288,2848,L,2,"0,255",True,1295324,12212224,0.10606782188076472,False,False,1,1.0,False,,OK
001732,D:\Biology-AI\data\Task1_Segmentation\masks\001732_segmentation.png,True,3008,2000,L,2,"0,255",True,172215,6016000,0.028626163563829788,False,False,1,1.0,False,,OK
001733,D:\Biology-AI\data\Task1_Segmentation\masks\001733_segmentation.png,True,3008,2000,L,2,"0,255",True,70884,6016000,0.011782579787234043,False,False,1,1.0,False,,OK
001734,D:\Biology-AI\data\Task1_Segmentation\masks\001734_segmentation.png,True,1024,768,L,2,"0,255",True,273343,786432,0.34757359822591144,False,False,1,1.0,False,,OK
001735,D:\Biology-AI\data\Task1_Segmentation\masks\001735_segmentation.png,True,1024,768,L,2,"0,255",True,157931,786432,0.20081965128580728,False,False,1,1.0,False,,OK
001736,D:\Biology-AI\data\Task1_Segmentation\masks\001736_segmentation.png,True,6601,4401,L,2,"0,255",True,15179379,29051001,0.5225079507587364,False,False,1,1.0,False,,OK
001737,D:\Biology-AI\data\Task1_Segmentation\masks\001737_segmentation.png,True,640,480,L,2,"0,255",True,148054,307200,0.4819466145833333,False,False,1,1.0,True,,OK
001738,D:\Biology-AI\data\Task1_Segmentation\masks\001738_segmentation.png,True,3872,2592,L,2,"0,255",True,3851150,10036224,0.3837249945796347,False,False,1,1.0,False,,OK
001739,D:\Biology-AI\data\Task1_Segmentation\masks\001739_segmentation.png,True,2565,2000,L,2,"0,255",True,1675956,5130000,0.3266970760233918,False,False,1,1.0,False,,OK
001740,D:\Biology-AI\data\Task1_Segmentation\masks\001740_segmentation.png,True,3072,2304,L,2,"0,255",True,1430302,7077888,0.2020803380895544,False,False,1,1.0,False,,OK
001741,D:\Biology-AI\data\Task1_Segmentation\masks\001741_segmentation.png,True,4288,2848,L,2,"0,255",True,6224265,12212224,0.5096749781202834,False,False,1,1.0,True,,OK
001742,D:\Biology-AI\data\Task1_Segmentation\masks\001742_segmentation.png,True,3872,2592,L,2,"0,255",True,252966,10036224,0.0252052963345577,False,False,1,1.0,False,,OK
001743,D:\Biology-AI\data\Task1_Segmentation\masks\001743_segmentation.png,True,3008,2000,L,2,"0,255",True,2455747,6016000,0.4082026263297872,False,False,1,1.0,False,,OK
001744,D:\Biology-AI\data\Task1_Segmentation\masks\001744_segmentation.png,True,3008,2000,L,2,"0,255",True,196332,6016000,0.03263497340425532,False,False,1,1.0,False,,OK
001745,D:\Biology-AI\data\Task1_Segmentation\masks\001745_segmentation.png,True,6688,4459,L,2,"0,255",True,12111377,29821792,0.4061250578100739,False,False,1,1.0,False,,OK
001746,D:\Biology-AI\data\Task1_Segmentation\masks\001746_segmentation.png,True,1024,768,L,2,"0,255",True,26240,786432,0.033365885416666664,False,False,1,1.0,False,,OK
001747,D:\Biology-AI\data\Task1_Segmentation\masks\001747_segmentation.png,True,767,576,L,2,"0,255",True,30213,441792,0.06838738591916559,False,False,1,1.0,False,,OK
001748,D:\Biology-AI\data\Task1_Segmentation\masks\001748_segmentation.png,True,3008,2000,L,2,"0,255",True,247847,6016000,0.041197972074468084,False,False,1,1.0,False,,OK
001749,D:\Biology-AI\data\Task1_Segmentation\masks\001749_segmentation.png,True,640,480,L,2,"0,255",True,17651,307200,0.057457682291666666,False,False,1,1.0,False,,OK
001750,D:\Biology-AI\data\Task1_Segmentation\masks\001750_segmentation.png,True,767,576,L,2,"0,255",True,337188,441792,0.7632279443720121,False,False,1,1.0,False,,OK
001751,D:\Biology-AI\data\Task1_Segmentation\masks\001751_segmentation.png,True,640,480,L,2,"0,255",True,61436,307200,0.19998697916666666,False,False,1,1.0,False,,OK
001752,D:\Biology-AI\data\Task1_Segmentation\masks\001752_segmentation.png,True,3008,2000,L,2,"0,255",True,770101,6016000,0.12800880984042554,False,False,1,1.0,False,,OK
001753,D:\Biology-AI\data\Task1_Segmentation\masks\001753_segmentation.png,True,1024,768,L,2,"0,255",True,676132,786432,0.8597462972005209,False,False,1,1.0,True,,OK
001754,D:\Biology-AI\data\Task1_Segmentation\masks\001754_segmentation.png,True,640,480,L,2,"0,255",True,96453,307200,0.313974609375,False,False,1,1.0,False,,OK
001755,D:\Biology-AI\data\Task1_Segmentation\masks\001755_segmentation.png,True,3072,2304,L,2,"0,255",True,1037008,7077888,0.1465137622974537,False,False,1,1.0,False,,OK
001756,D:\Biology-AI\data\Task1_Segmentation\masks\001756_segmentation.png,True,4288,2848,L,2,"0,255",True,455229,12212224,0.03727650262556599,False,False,1,1.0,False,,OK
001757,D:\Biology-AI\data\Task1_Segmentation\masks\001757_segmentation.png,True,3072,2304,L,2,"0,255",True,1103095,7077888,0.1558508696379485,False,False,1,1.0,False,,OK
001758,D:\Biology-AI\data\Task1_Segmentation\masks\001758_segmentation.png,True,3872,2592,L,2,"0,255",True,1062487,10036224,0.1058652138493521,False,False,1,1.0,False,,OK
001759,D:\Biology-AI\data\Task1_Segmentation\masks\001759_segmentation.png,True,3072,2304,L,2,"0,255",True,200036,7077888,0.02826210304542824,False,False,1,1.0,False,,OK
001760,D:\Biology-AI\data\Task1_Segmentation\masks\001760_segmentation.png,True,3008,2000,L,2,"0,255",True,665366,6016000,0.11059940159574468,False,False,1,1.0,False,,OK
001761,D:\Biology-AI\data\Task1_Segmentation\masks\001761_segmentation.png,True,4288,2848,L,2,"0,255",True,614846,12212224,0.050346767304628545,False,False,1,1.0,False,,OK
001762,D:\Biology-AI\data\Task1_Segmentation\masks\001762_segmentation.png,True,3072,2304,L,2,"0,255",True,759235,7077888,0.10726858068395544,False,False,1,1.0,False,,OK
001763,D:\Biology-AI\data\Task1_Segmentation\masks\001763_segmentation.png,True,4288,2848,L,2,"0,255",True,421412,12212224,0.034507391937782995,False,False,1,1.0,False,,OK
001764,D:\Biology-AI\data\Task1_Segmentation\masks\001764_segmentation.png,True,6641,4420,L,2,"0,255",True,25954350,29353220,0.8842079335759416,False,False,1,1.0,False,,OK
001765,D:\Biology-AI\data\Task1_Segmentation\masks\001765_segmentation.png,True,4288,2848,L,2,"0,255",True,531795,12212224,0.0435461223115462,False,False,1,1.0,False,,OK
001766,D:\Biology-AI\data\Task1_Segmentation\masks\001766_segmentation.png,True,3072,2304,L,2,"0,255",True,1570779,7077888,0.22192764282226562,False,False,1,1.0,False,,OK
001767,D:\Biology-AI\data\Task1_Segmentation\masks\001767_segmentation.png,True,3072,2304,L,2,"0,255",True,287295,7077888,0.04059049818250868,False,False,1,1.0,False,,OK
001768,D:\Biology-AI\data\Task1_Segmentation\masks\001768_segmentation.png,True,6621,4401,L,2,"0,255",True,9769837,29139021,0.33528363907627506,False,False,1,1.0,False,,OK
001769,D:\Biology-AI\data\Task1_Segmentation\masks\001769_segmentation.png,True,3872,2592,L,2,"0,255",True,1950436,10036224,0.19433962414549535,False,False,1,1.0,False,,OK
001770,D:\Biology-AI\data\Task1_Segmentation\masks\001770_segmentation.png,True,919,802,L,2,"0,255",True,451527,737038,0.6126237724513526,False,False,1,1.0,True,,OK
001771,D:\Biology-AI\data\Task1_Segmentation\masks\001771_segmentation.png,True,2048,1536,L,2,"0,255",True,2082564,3145728,0.6620292663574219,False,False,1,1.0,True,,OK
001772,D:\Biology-AI\data\Task1_Segmentation\masks\001772_segmentation.png,True,3008,2000,L,2,"0,255",True,257540,6016000,0.04280917553191489,False,False,1,1.0,False,,OK
001773,D:\Biology-AI\data\Task1_Segmentation\masks\001773_segmentation.png,True,1024,768,L,2,"0,255",True,102532,786432,0.13037618001302084,False,False,1,1.0,False,,OK
001774,D:\Biology-AI\data\Task1_Segmentation\masks\001774_segmentation.png,True,3072,2304,L,2,"0,255",True,7077177,7077888,0.9998995463053385,False,False,1,1.0,True,,very_large_lesion
001775,D:\Biology-AI\data\Task1_Segmentation\masks\001775_segmentation.png,True,640,480,L,2,"0,255",True,43617,307200,0.141982421875,False,False,1,1.0,False,,OK
001776,D:\Biology-AI\data\Task1_Segmentation\masks\001776_segmentation.png,True,3072,2304,L,2,"0,255",True,3744961,7077888,0.5291071291323062,False,False,1,1.0,False,,OK
001777,D:\Biology-AI\data\Task1_Segmentation\masks\001777_segmentation.png,True,1024,768,L,2,"0,255",True,423655,786432,0.5387051900227865,False,False,1,1.0,True,,OK
001778,D:\Biology-AI\data\Task1_Segmentation\masks\001778_segmentation.png,True,1504,1129,L,2,"0,255",True,117643,1698016,0.06928262160073874,False,False,1,1.0,False,,OK
001779,D:\Biology-AI\data\Task1_Segmentation\masks\001779_segmentation.png,True,6621,4401,L,2,"0,255",True,4976252,29139021,0.17077622477433269,False,False,1,1.0,False,,OK
001780,D:\Biology-AI\data\Task1_Segmentation\masks\001780_segmentation.png,True,1024,768,L,2,"0,255",True,115655,786432,0.14706293741861978,False,False,1,1.0,False,,OK
001781,D:\Biology-AI\data\Task1_Segmentation\masks\001781_segmentation.png,True,3072,2304,L,2,"0,255",True,1462595,7077888,0.2066428573043258,False,False,1,1.0,False,,OK
001782,D:\Biology-AI\data\Task1_Segmentation\masks\001782_segmentation.png,True,3008,2000,L,2,"0,255",True,247925,6016000,0.0412109375,False,False,1,1.0,False,,OK
001783,D:\Biology-AI\data\Task1_Segmentation\masks\001783_segmentation.png,True,6642,4420,L,2,"0,255",True,3682166,29357640,0.12542445509925185,False,False,1,1.0,False,,OK
001784,D:\Biology-AI\data\Task1_Segmentation\masks\001784_segmentation.png,True,722,542,L,2,"0,255",True,268981,391324,0.6873613680735146,False,False,1,1.0,True,,OK
001785,D:\Biology-AI\data\Task1_Segmentation\masks\001785_segmentation.png,True,3072,2304,L,2,"0,255",True,5508164,7077888,0.7782214129412616,False,False,1,1.0,False,,OK
001786,D:\Biology-AI\data\Task1_Segmentation\masks\001786_segmentation.png,True,3008,2000,L,2,"0,255",True,3622781,6016000,0.6021909906914894,False,False,1,1.0,False,,OK
001787,D:\Biology-AI\data\Task1_Segmentation\masks\001787_segmentation.png,True,4288,2848,L,2,"0,255",True,534660,12212224,0.043780723314606744,False,False,1,1.0,False,,OK
001788,D:\Biology-AI\data\Task1_Segmentation\masks\001788_segmentation.png,True,1979,1321,L,2,"0,255",True,279053,2614259,0.10674267545794047,False,False,1,1.0,False,,OK
001789,D:\Biology-AI\data\Task1_Segmentation\masks\001789_segmentation.png,True,3872,2592,L,2,"0,255",True,309128,10036224,0.030801225640240792,False,False,1,1.0,False,,OK
001790,D:\Biology-AI\data\Task1_Segmentation\masks\001790_segmentation.png,True,3072,2304,L,2,"0,255",True,731059,7077888,0.10328773215964988,False,False,1,1.0,False,,OK
001791,D:\Biology-AI\data\Task1_Segmentation\masks\001791_segmentation.png,True,767,576,L,2,"0,255",True,296705,441792,0.6715943249311893,False,False,1,1.0,False,,OK
001792,D:\Biology-AI\data\Task1_Segmentation\masks\001792_segmentation.png,True,4288,2848,L,2,"0,255",True,54864,12212224,0.004492547794734194,False,False,1,1.0,False,,very_small_lesion
001793,D:\Biology-AI\data\Task1_Segmentation\masks\001793_segmentation.png,True,1024,768,L,2,"0,255",True,311187,786432,0.3956947326660156,False,False,1,1.0,False,,OK
001794,D:\Biology-AI\data\Task1_Segmentation\masks\001794_segmentation.png,True,6621,4441,L,2,"0,255",True,10994570,29403861,0.3739158609136399,False,False,1,1.0,False,,OK
001795,D:\Biology-AI\data\Task1_Segmentation\masks\001795_segmentation.png,True,4288,2848,L,2,"0,255",True,887807,12212224,0.07269822433653363,False,False,1,1.0,False,,OK
001796,D:\Biology-AI\data\Task1_Segmentation\masks\001796_segmentation.png,True,1024,768,L,2,"0,255",True,118600,786432,0.15080769856770834,False,False,1,1.0,False,,OK
001797,D:\Biology-AI\data\Task1_Segmentation\masks\001797_segmentation.png,True,640,480,L,2,"0,255",True,45095,307200,0.14679361979166666,False,False,1,1.0,False,,OK
001798,D:\Biology-AI\data\Task1_Segmentation\masks\001798_segmentation.png,True,3072,2304,L,2,"0,255",True,1089272,7077888,0.1538978859230324,False,False,1,1.0,False,,OK
001799,D:\Biology-AI\data\Task1_Segmentation\masks\001799_segmentation.png,True,1502,1051,L,2,"0,255",True,833214,1578602,0.5278176513142642,False,False,1,1.0,False,,OK
001800,D:\Biology-AI\data\Task1_Segmentation\masks\001800_segmentation.png,True,3872,2592,L,2,"0,255",True,2765616,10036224,0.2755633991429446,False,False,1,1.0,False,,OK
001801,D:\Biology-AI\data\Task1_Segmentation\masks\001801_segmentation.png,True,4288,2848,L,2,"0,255",True,7018402,12212224,0.5747030188768237,False,False,1,1.0,False,,OK
001802,D:\Biology-AI\data\Task1_Segmentation\masks\001802_segmentation.png,True,4288,2848,L,2,"0,255",True,317067,12212224,0.025963084201534464,False,False,1,1.0,False,,OK
001803,D:\Biology-AI\data\Task1_Segmentation\masks\001803_segmentation.png,True,1024,768,L,2,"0,255",True,34519,786432,0.04389317830403646,False,False,1,1.0,False,,OK
001804,D:\Biology-AI\data\Task1_Segmentation\masks\001804_segmentation.png,True,1213,1307,L,2,"0,255",True,447345,1585391,0.2821669859359615,False,False,1,1.0,False,,OK
001805,D:\Biology-AI\data\Task1_Segmentation\masks\001805_segmentation.png,True,3872,2592,L,2,"0,255",True,251857,10036224,0.025094796608764413,False,False,1,1.0,False,,OK
001806,D:\Biology-AI\data\Task1_Segmentation\masks\001806_segmentation.png,True,6688,4439,L,2,"0,255",True,1551024,29688032,0.05224408273340584,False,False,1,1.0,False,,OK
001807,D:\Biology-AI\data\Task1_Segmentation\masks\001807_segmentation.png,True,4288,2848,L,2,"0,255",True,7815022,12212224,0.6399343805026833,False,False,1,1.0,True,,OK
001808,D:\Biology-AI\data\Task1_Segmentation\masks\001808_segmentation.png,True,1024,768,L,2,"0,255",True,313748,786432,0.3989512125651042,False,False,1,1.0,False,,OK
001809,D:\Biology-AI\data\Task1_Segmentation\masks\001809_segmentation.png,True,767,576,L,2,"0,255",True,237695,441792,0.5380246812979864,False,False,1,1.0,False,,OK
001810,D:\Biology-AI\data\Task1_Segmentation\masks\001810_segmentation.png,True,6688,4439,L,2,"0,255",True,5426430,29688032,0.1827817350776232,False,False,1,1.0,False,,OK
001811,D:\Biology-AI\data\Task1_Segmentation\masks\001811_segmentation.png,True,3008,2000,L,2,"0,255",True,328058,6016000,0.05453091755319149,False,False,1,1.0,False,,OK
001812,D:\Biology-AI\data\Task1_Segmentation\masks\001812_segmentation.png,True,1045,705,L,2,"0,255",True,205518,736725,0.2789616206861448,False,False,1,1.0,False,,OK
001813,D:\Biology-AI\data\Task1_Segmentation\masks\001813_segmentation.png,True,4288,2848,L,2,"0,255",True,112672,12212224,0.009226165520711052,False,False,1,1.0,False,,OK
001814,D:\Biology-AI\data\Task1_Segmentation\masks\001814_segmentation.png,True,4288,2848,L,2,"0,255",True,350005,12212224,0.02866021782764548,False,False,1,1.0,False,,OK
001815,D:\Biology-AI\data\Task1_Segmentation\masks\001815_segmentation.png,True,4288,2848,L,2,"0,255",True,1203385,12212224,0.0985393815246101,False,False,1,1.0,False,,OK
001816,D:\Biology-AI\data\Task1_Segmentation\masks\001816_segmentation.png,True,4288,2848,L,2,"0,255",True,652482,12212224,0.05342859744465873,False,False,1,1.0,False,,OK
001817,D:\Biology-AI\data\Task1_Segmentation\masks\001817_segmentation.png,True,3072,2304,L,2,"0,255",True,2963693,7077888,0.41872561419451676,False,False,1,1.0,False,,OK
001818,D:\Biology-AI\data\Task1_Segmentation\masks\001818_segmentation.png,True,3872,2592,L,2,"0,255",True,164745,10036224,0.016415038165748394,False,False,1,1.0,False,,OK
001819,D:\Biology-AI\data\Task1_Segmentation\masks\001819_segmentation.png,True,6661,4461,L,2,"0,255",True,2109231,29714721,0.07098269574868295,False,False,1,1.0,False,,OK
001820,D:\Biology-AI\data\Task1_Segmentation\masks\001820_segmentation.png,True,6642,4401,L,2,"0,255",True,18762099,29231442,0.6418465089748224,False,False,1,1.0,False,,OK
001821,D:\Biology-AI\data\Task1_Segmentation\masks\001821_segmentation.png,True,6688,4439,L,2,"0,255",True,7796136,29688032,0.26260198048829914,False,False,1,1.0,False,,OK
001822,D:\Biology-AI\data\Task1_Segmentation\masks\001822_segmentation.png,True,3072,2304,L,2,"0,255",True,849947,7077888,0.12008483321578414,False,False,1,1.0,False,,OK
001823,D:\Biology-AI\data\Task1_Segmentation\masks\001823_segmentation.png,True,3872,2592,L,2,"0,255",True,6993153,10036224,0.6967912433999082,False,False,1,1.0,False,,OK
001824,D:\Biology-AI\data\Task1_Segmentation\masks\001824_segmentation.png,True,6621,4401,L,2,"0,255",True,7831897,29139021,0.2687769434669751,False,False,1,1.0,False,,OK
001825,D:\Biology-AI\data\Task1_Segmentation\masks\001825_segmentation.png,True,958,642,L,2,"0,255",True,153199,615036,0.24908948419279522,False,False,1,1.0,False,,OK
001826,D:\Biology-AI\data\Task1_Segmentation\masks\001826_segmentation.png,True,1024,768,L,2,"0,255",True,85625,786432,0.10887781778971355,False,False,1,1.0,False,,OK
001827,D:\Biology-AI\data\Task1_Segmentation\masks\001827_segmentation.png,True,6688,4439,L,2,"0,255",True,4352368,29688032,0.14660345286612464,False,False,1,1.0,False,,OK
001828,D:\Biology-AI\data\Task1_Segmentation\masks\001828_segmentation.png,True,1024,768,L,2,"0,255",True,19190,786432,0.024401346842447918,False,False,1,1.0,False,,OK
001829,D:\Biology-AI\data\Task1_Segmentation\masks\001829_segmentation.png,True,4288,2848,L,2,"0,255",True,643702,12212224,0.05270964567960758,False,False,1,1.0,False,,OK
001830,D:\Biology-AI\data\Task1_Segmentation\masks\001830_segmentation.png,True,6681,4422,L,2,"0,255",True,7572971,29543382,0.25633392277160416,False,False,1,1.0,False,,OK
001831,D:\Biology-AI\data\Task1_Segmentation\masks\001831_segmentation.png,True,6708,4439,L,2,"0,255",True,12167884,29776812,0.40863622338079714,False,False,1,1.0,False,,OK
001832,D:\Biology-AI\data\Task1_Segmentation\masks\001832_segmentation.png,True,6688,4419,L,2,"0,255",True,3037277,29554272,0.10276947440965556,False,False,1,1.0,False,,OK
001833,D:\Biology-AI\data\Task1_Segmentation\masks\001833_segmentation.png,True,4288,2848,L,2,"0,255",True,455879,12212224,0.0373297279840265,False,False,1,1.0,False,,OK
001834,D:\Biology-AI\data\Task1_Segmentation\masks\001834_segmentation.png,True,3008,2000,L,2,"0,255",True,980396,6016000,0.16296476063829787,False,False,1,1.0,False,,OK
001835,D:\Biology-AI\data\Task1_Segmentation\masks\001835_segmentation.png,True,1024,768,L,2,"0,255",True,58382,786432,0.07423655192057292,False,False,1,1.0,False,,OK
001836,D:\Biology-AI\data\Task1_Segmentation\masks\001836_segmentation.png,True,3008,2000,L,2,"0,255",True,364970,6016000,0.06066655585106383,False,False,1,1.0,False,,OK
001837,D:\Biology-AI\data\Task1_Segmentation\masks\001837_segmentation.png,True,1024,768,L,2,"0,255",True,263973,786432,0.3356590270996094,False,False,1,1.0,False,,OK
001838,D:\Biology-AI\data\Task1_Segmentation\masks\001838_segmentation.png,True,1024,768,L,2,"0,255",True,229257,786432,0.2915153503417969,False,False,1,1.0,False,,OK
001839,D:\Biology-AI\data\Task1_Segmentation\masks\001839_segmentation.png,True,4288,2848,L,2,"0,255",True,722707,12212224,0.05917898328756498,False,False,1,1.0,False,,OK
001840,D:\Biology-AI\data\Task1_Segmentation\masks\001840_segmentation.png,True,1024,768,L,2,"0,255",True,150869,786432,0.19183985392252603,False,False,1,1.0,False,,OK
001841,D:\Biology-AI\data\Task1_Segmentation\masks\001841_segmentation.png,True,1024,768,L,2,"0,255",True,440411,786432,0.5600115458170573,False,False,1,1.0,True,,OK
001842,D:\Biology-AI\data\Task1_Segmentation\masks\001842_segmentation.png,True,2155,1958,L,2,"0,255",True,1721462,4219490,0.4079786893676724,False,False,1,1.0,False,,OK
001843,D:\Biology-AI\data\Task1_Segmentation\masks\001843_segmentation.png,True,3008,2000,L,2,"0,255",True,89911,6016000,0.0149453125,False,False,1,1.0,False,,OK
001844,D:\Biology-AI\data\Task1_Segmentation\masks\001844_segmentation.png,True,1024,768,L,2,"0,255",True,95195,786432,0.1210467020670573,False,False,1,1.0,False,,OK
001845,D:\Biology-AI\data\Task1_Segmentation\masks\001845_segmentation.png,True,4288,2848,L,2,"0,255",True,2948083,12212224,0.24140426837896192,False,False,1,1.0,True,,OK
001846,D:\Biology-AI\data\Task1_Segmentation\masks\001846_segmentation.png,True,3072,2304,L,2,"0,255",True,1157801,7077888,0.1635800114384404,False,False,1,1.0,False,,OK
001847,D:\Biology-AI\data\Task1_Segmentation\masks\001847_segmentation.png,True,640,480,L,2,"0,255",True,30548,307200,0.09944010416666667,False,False,1,1.0,False,,OK
001848,D:\Biology-AI\data\Task1_Segmentation\masks\001848_segmentation.png,True,3872,2592,L,2,"0,255",True,359734,10036224,0.03584356028721559,False,False,1,1.0,False,,OK
001849,D:\Biology-AI\data\Task1_Segmentation\masks\001849_segmentation.png,True,3024,2016,L,2,"0,255",True,319036,6096384,0.052332005332997394,False,False,1,1.0,False,,OK
001850,D:\Biology-AI\data\Task1_Segmentation\masks\001850_segmentation.png,True,3072,2304,L,2,"0,255",True,2980452,7077888,0.4210934109157986,False,False,1,1.0,False,,OK
001851,D:\Biology-AI\data\Task1_Segmentation\masks\001851_segmentation.png,True,3072,2304,L,2,"0,255",True,1258165,7077888,0.17775994760018807,False,False,1,1.0,False,,OK
001852,D:\Biology-AI\data\Task1_Segmentation\masks\001852_segmentation.png,True,4288,2848,L,2,"0,255",True,688716,12212224,0.05639562458074795,False,False,1,1.0,False,,OK
001853,D:\Biology-AI\data\Task1_Segmentation\masks\001853_segmentation.png,True,3008,2000,L,2,"0,255",True,416553,6016000,0.06924085771276596,False,False,1,1.0,False,,OK
001854,D:\Biology-AI\data\Task1_Segmentation\masks\001854_segmentation.png,True,1502,1051,L,2,"0,255",True,206529,1578602,0.13083031695132782,False,False,1,1.0,False,,OK
001855,D:\Biology-AI\data\Task1_Segmentation\masks\001855_segmentation.png,True,3872,2592,L,2,"0,255",True,693167,10036224,0.06906651346163657,False,False,1,1.0,False,,OK
001856,D:\Biology-AI\data\Task1_Segmentation\masks\001856_segmentation.png,True,1024,768,L,2,"0,255",True,394433,786432,0.5015474955240885,False,False,1,1.0,False,,OK
001857,D:\Biology-AI\data\Task1_Segmentation\masks\001857_segmentation.png,True,4288,2848,L,2,"0,255",True,435153,12212224,0.0356325760156381,False,False,1,1.0,False,,OK
001858,D:\Biology-AI\data\Task1_Segmentation\masks\001858_segmentation.png,True,4288,2848,L,2,"0,255",True,586840,12212224,0.048053491321482476,False,False,1,1.0,False,,OK
001859,D:\Biology-AI\data\Task1_Segmentation\masks\001859_segmentation.png,True,4288,2848,L,2,"0,255",True,512197,12212224,0.0419413368113785,False,False,1,1.0,False,,OK
001860,D:\Biology-AI\data\Task1_Segmentation\masks\001860_segmentation.png,True,6641,4441,L,2,"0,255",True,19195003,29492681,0.6508395421901454,False,False,1,1.0,True,,OK
001861,D:\Biology-AI\data\Task1_Segmentation\masks\001861_segmentation.png,True,1024,768,L,2,"0,255",True,109063,786432,0.13868077596028647,False,False,1,1.0,False,,OK
001862,D:\Biology-AI\data\Task1_Segmentation\masks\001862_segmentation.png,True,2816,2112,L,2,"0,255",True,1592409,5947392,0.2677491243220558,False,False,1,1.0,False,,OK
001863,D:\Biology-AI\data\Task1_Segmentation\masks\001863_segmentation.png,True,6688,4459,L,2,"0,255",True,11115085,29821792,0.37271687093786987,False,False,1,1.0,False,,OK
001864,D:\Biology-AI\data\Task1_Segmentation\masks\001864_segmentation.png,True,6681,4461,L,2,"0,255",True,12815329,29803941,0.4299877321593141,False,False,1,1.0,False,,OK
001865,D:\Biology-AI\data\Task1_Segmentation\masks\001865_segmentation.png,True,6621,4401,L,2,"0,255",True,13794423,29139021,0.473400358920775,False,False,1,1.0,False,,OK
001866,D:\Biology-AI\data\Task1_Segmentation\masks\001866_segmentation.png,True,3072,2304,L,2,"0,255",True,386432,7077888,0.054597077546296294,False,False,1,1.0,False,,OK
001867,D:\Biology-AI\data\Task1_Segmentation\masks\001867_segmentation.png,True,3072,2304,L,2,"0,255",True,2359312,7077888,0.33333559389467593,False,False,1,1.0,False,,OK
001868,D:\Biology-AI\data\Task1_Segmentation\masks\001868_segmentation.png,True,919,802,L,2,"0,255",True,339915,737038,0.4611906034695633,False,False,1,1.0,False,,OK
001869,D:\Biology-AI\data\Task1_Segmentation\masks\001869_segmentation.png,True,4288,2848,L,2,"0,255",True,278374,12212224,0.022794701440130807,False,False,1,1.0,False,,OK
001870,D:\Biology-AI\data\Task1_Segmentation\masks\001870_segmentation.png,True,640,480,L,2,"0,255",True,82377,307200,0.268154296875,False,False,1,1.0,False,,OK
001871,D:\Biology-AI\data\Task1_Segmentation\masks\001871_segmentation.png,True,4288,2848,L,2,"0,255",True,495117,12212224,0.040542738161370113,False,False,1,1.0,False,,OK
001872,D:\Biology-AI\data\Task1_Segmentation\masks\001872_segmentation.png,True,3008,2000,L,2,"0,255",True,391432,6016000,0.06506515957446808,False,False,1,1.0,False,,OK
001873,D:\Biology-AI\data\Task1_Segmentation\masks\001873_segmentation.png,True,1024,768,L,2,"0,255",True,243031,786432,0.30902989705403644,False,False,1,1.0,False,,OK
001874,D:\Biology-AI\data\Task1_Segmentation\masks\001874_segmentation.png,True,3872,2592,L,2,"0,255",True,1031917,10036224,0.10281924755764718,False,False,1,1.0,False,,OK
001875,D:\Biology-AI\data\Task1_Segmentation\masks\001875_segmentation.png,True,4288,2848,L,2,"0,255",True,3872799,12212224,0.3171247923392168,False,False,1,1.0,False,,OK
001876,D:\Biology-AI\data\Task1_Segmentation\masks\001876_segmentation.png,True,2592,1944,L,2,"0,255",True,155059,5038848,0.030772708365086623,False,False,1,1.0,False,,OK
001877,D:\Biology-AI\data\Task1_Segmentation\masks\001877_segmentation.png,True,6601,4380,L,2,"0,255",True,6815686,28912380,0.23573590275169323,False,False,1,1.0,False,,OK
001878,D:\Biology-AI\data\Task1_Segmentation\masks\001878_segmentation.png,True,3072,2304,L,2,"0,255",True,1325563,7077888,0.18728227968569156,False,False,1,1.0,False,,OK
001879,D:\Biology-AI\data\Task1_Segmentation\masks\001879_segmentation.png,True,3008,2000,L,2,"0,255",True,293037,6016000,0.04870960771276596,False,False,1,1.0,False,,OK
001880,D:\Biology-AI\data\Task1_Segmentation\masks\001880_segmentation.png,True,640,480,L,2,"0,255",True,120934,307200,0.39366536458333334,False,False,1,1.0,False,,OK
001881,D:\Biology-AI\data\Task1_Segmentation\masks\001881_segmentation.png,True,3072,2304,L,2,"0,255",True,1014610,7077888,0.1433492589879919,False,False,1,1.0,False,,OK
001882,D:\Biology-AI\data\Task1_Segmentation\masks\001882_segmentation.png,True,1024,768,L,2,"0,255",True,127396,786432,0.16199239095052084,False,False,1,1.0,False,,OK
001883,D:\Biology-AI\data\Task1_Segmentation\masks\001883_segmentation.png,True,3008,2000,L,2,"0,255",True,195511,6016000,0.0324985039893617,False,False,1,1.0,False,,OK
001884,D:\Biology-AI\data\Task1_Segmentation\masks\001884_segmentation.png,True,4288,2848,L,2,"0,255",True,854498,12212224,0.06997071131351669,False,False,1,1.0,False,,OK
001885,D:\Biology-AI\data\Task1_Segmentation\masks\001885_segmentation.png,True,1502,1026,L,2,"0,255",True,1052067,1541052,0.6826940297926352,False,False,1,1.0,False,,OK
001886,D:\Biology-AI\data\Task1_Segmentation\masks\001886_segmentation.png,True,2721,2157,L,2,"0,255",True,3068187,5869197,0.5227609500924913,False,False,1,1.0,True,,OK
001887,D:\Biology-AI\data\Task1_Segmentation\masks\001887_segmentation.png,True,4288,2848,L,2,"0,255",True,193228,12212224,0.01582250702247191,False,False,1,1.0,False,,OK
001888,D:\Biology-AI\data\Task1_Segmentation\masks\001888_segmentation.png,True,3872,2592,L,2,"0,255",True,154681,10036224,0.01541227059101112,False,False,1,1.0,False,,OK
001889,D:\Biology-AI\data\Task1_Segmentation\masks\001889_segmentation.png,True,722,545,L,2,"0,255",True,132036,393490,0.33555109405575745,False,False,1,1.0,False,,OK
001890,D:\Biology-AI\data\Task1_Segmentation\masks\001890_segmentation.png,True,3024,2016,L,2,"0,255",True,1003497,6096384,0.16460528076971528,False,False,1,1.0,False,,OK
001891,D:\Biology-AI\data\Task1_Segmentation\masks\001891_segmentation.png,True,4288,2848,L,2,"0,255",True,1514104,12212224,0.12398265868690257,False,False,1,1.0,False,,OK
001892,D:\Biology-AI\data\Task1_Segmentation\masks\001892_segmentation.png,True,1024,768,L,2,"0,255",True,100448,786432,0.12772623697916666,False,False,1,1.0,False,,OK
001893,D:\Biology-AI\data\Task1_Segmentation\masks\001893_segmentation.png,True,2048,1536,L,2,"0,255",True,477328,3145728,0.15173848470052084,False,False,1,1.0,False,,OK
001894,D:\Biology-AI\data\Task1_Segmentation\masks\001894_segmentation.png,True,2048,1536,L,2,"0,255",True,405093,3145728,0.12877559661865234,False,False,1,1.0,False,,OK
001895,D:\Biology-AI\data\Task1_Segmentation\masks\001895_segmentation.png,True,1024,768,L,2,"0,255",True,321273,786432,0.4085197448730469,False,False,1,1.0,False,,OK
001896,D:\Biology-AI\data\Task1_Segmentation\masks\001896_segmentation.png,True,1024,768,L,2,"0,255",True,107430,786432,0.13660430908203125,False,False,1,1.0,False,,OK
001897,D:\Biology-AI\data\Task1_Segmentation\masks\001897_segmentation.png,True,4288,2848,L,2,"0,255",True,1185592,12212224,0.09708239875062888,False,False,1,1.0,False,,OK
001898,D:\Biology-AI\data\Task1_Segmentation\masks\001898_segmentation.png,True,6688,4459,L,2,"0,255",True,25493862,29821792,0.8548735770137489,False,False,1,1.0,False,,OK
001899,D:\Biology-AI\data\Task1_Segmentation\masks\001899_segmentation.png,True,1024,768,L,2,"0,255",True,24777,786432,0.031505584716796875,False,False,1,1.0,False,,OK
001900,D:\Biology-AI\data\Task1_Segmentation\masks\001900_segmentation.png,True,640,480,L,2,"0,255",True,68344,307200,0.22247395833333333,False,False,1,1.0,False,,OK
001901,D:\Biology-AI\data\Task1_Segmentation\masks\001901_segmentation.png,True,2048,1536,L,2,"0,255",True,1350688,3145728,0.4293721516927083,False,False,1,1.0,False,,OK
001902,D:\Biology-AI\data\Task1_Segmentation\masks\001902_segmentation.png,True,6602,4380,L,2,"0,255",True,9122481,28916760,0.31547382901818877,False,False,1,1.0,False,,OK
001903,D:\Biology-AI\data\Task1_Segmentation\masks\001903_segmentation.png,True,3024,2016,L,2,"0,255",True,344889,6096384,0.05657271589191232,False,False,1,1.0,False,,OK
001904,D:\Biology-AI\data\Task1_Segmentation\masks\001904_segmentation.png,True,3872,2592,L,2,"0,255",True,8514936,10036224,0.848420282369146,False,False,1,1.0,True,,OK
001905,D:\Biology-AI\data\Task1_Segmentation\masks\001905_segmentation.png,True,3024,2016,L,2,"0,255",True,582551,6096384,0.09555680875745359,False,False,1,1.0,False,,OK
001906,D:\Biology-AI\data\Task1_Segmentation\masks\001906_segmentation.png,True,4288,2848,L,2,"0,255",True,100679,12212224,0.008244116714531275,False,False,1,1.0,False,,OK
001907,D:\Biology-AI\data\Task1_Segmentation\masks\001907_segmentation.png,True,1024,768,L,2,"0,255",True,203205,786432,0.2583885192871094,False,False,1,1.0,False,,OK
001908,D:\Biology-AI\data\Task1_Segmentation\masks\001908_segmentation.png,True,640,480,L,2,"0,255",True,69985,307200,0.22781575520833333,False,False,1,1.0,False,,OK
001909,D:\Biology-AI\data\Task1_Segmentation\masks\001909_segmentation.png,True,2592,1944,L,2,"0,255",True,1406970,5038848,0.27922453703703703,False,False,1,1.0,False,,OK
001910,D:\Biology-AI\data\Task1_Segmentation\masks\001910_segmentation.png,True,1024,768,L,2,"0,255",True,227802,786432,0.28966522216796875,False,False,1,1.0,False,,OK
001911,D:\Biology-AI\data\Task1_Segmentation\masks\001911_segmentation.png,True,767,576,L,2,"0,255",True,300348,441792,0.6798402868318123,False,False,1,1.0,False,,OK
001912,D:\Biology-AI\data\Task1_Segmentation\masks\001912_segmentation.png,True,6662,4422,L,2,"0,255",True,5865457,29459364,0.19910331397514217,False,False,1,1.0,False,,OK
001913,D:\Biology-AI\data\Task1_Segmentation\masks\001913_segmentation.png,True,640,480,L,2,"0,255",True,48754,307200,0.15870442708333332,False,False,1,1.0,False,,OK
001914,D:\Biology-AI\data\Task1_Segmentation\masks\001914_segmentation.png,True,3008,2000,L,2,"0,255",True,502669,6016000,0.08355535239361703,False,False,1,1.0,False,,OK
001915,D:\Biology-AI\data\Task1_Segmentation\masks\001915_segmentation.png,True,3072,2304,L,2,"0,255",True,2750282,7077888,0.38857382315176503,False,False,1,1.0,False,,OK
001916,D:\Biology-AI\data\Task1_Segmentation\masks\001916_segmentation.png,True,640,480,L,2,"0,255",True,54855,307200,0.178564453125,False,False,1,1.0,False,,OK
001917,D:\Biology-AI\data\Task1_Segmentation\masks\001917_segmentation.png,True,3008,2000,L,2,"0,255",True,422710,6016000,0.07026429521276596,False,False,1,1.0,False,,OK
001918,D:\Biology-AI\data\Task1_Segmentation\masks\001918_segmentation.png,True,4288,2848,L,2,"0,255",True,1597028,12212224,0.1307729042637934,False,False,1,1.0,False,,OK
001919,D:\Biology-AI\data\Task1_Segmentation\masks\001919_segmentation.png,True,1024,768,L,2,"0,255",True,204411,786432,0.2599220275878906,False,False,1,1.0,False,,OK
001920,D:\Biology-AI\data\Task1_Segmentation\masks\001920_segmentation.png,True,4288,2848,L,2,"0,255",True,1403040,12212224,0.11488816451450612,False,False,1,1.0,False,,OK
001921,D:\Biology-AI\data\Task1_Segmentation\masks\001921_segmentation.png,True,640,480,L,2,"0,255",True,26721,307200,0.086982421875,False,False,1,1.0,False,,OK
001922,D:\Biology-AI\data\Task1_Segmentation\masks\001922_segmentation.png,True,6622,4420,L,2,"0,255",True,4315316,29269240,0.14743519134764005,False,False,1,1.0,False,,OK
001923,D:\Biology-AI\data\Task1_Segmentation\masks\001923_segmentation.png,True,1024,768,L,2,"0,255",True,14868,786432,0.0189056396484375,False,False,1,1.0,False,,OK
001924,D:\Biology-AI\data\Task1_Segmentation\masks\001924_segmentation.png,True,3008,2000,L,2,"0,255",True,1124326,6016000,0.18688929521276595,False,False,1,1.0,False,,OK
001925,D:\Biology-AI\data\Task1_Segmentation\masks\001925_segmentation.png,True,4288,2848,L,2,"0,255",True,5616173,12212224,0.45988126323264295,False,False,1,1.0,False,,OK
001926,D:\Biology-AI\data\Task1_Segmentation\masks\001926_segmentation.png,True,3072,2304,L,2,"0,255",True,2043607,7077888,0.28873118647822626,False,False,1,1.0,False,,OK
001927,D:\Biology-AI\data\Task1_Segmentation\masks\001927_segmentation.png,True,4288,2848,L,2,"0,255",True,1131607,12212224,0.09266182801756666,False,False,1,1.0,False,,OK
001928,D:\Biology-AI\data\Task1_Segmentation\masks\001928_segmentation.png,True,1024,768,L,2,"0,255",True,96448,786432,0.12263997395833333,False,False,1,1.0,False,,OK
001929,D:\Biology-AI\data\Task1_Segmentation\masks\001929_segmentation.png,True,1024,768,L,2,"0,255",True,206813,786432,0.26297632853190106,False,False,1,1.0,False,,OK
001930,D:\Biology-AI\data\Task1_Segmentation\masks\001930_segmentation.png,True,3072,2304,L,2,"0,255",True,365273,7077888,0.051607626455801504,False,False,1,1.0,False,,OK
001931,D:\Biology-AI\data\Task1_Segmentation\masks\001931_segmentation.png,True,4288,2848,L,2,"0,255",True,660908,12212224,0.05411856186064062,False,False,1,1.0,False,,OK
001932,D:\Biology-AI\data\Task1_Segmentation\masks\001932_segmentation.png,True,3072,2304,L,2,"0,255",True,545065,7077888,0.07700955426251446,False,False,1,1.0,False,,OK
001933,D:\Biology-AI\data\Task1_Segmentation\masks\001933_segmentation.png,True,722,542,L,2,"0,255",True,150747,391324,0.38522298657889625,False,False,1,1.0,False,,OK
001934,D:\Biology-AI\data\Task1_Segmentation\masks\001934_segmentation.png,True,4288,2848,L,2,"0,255",True,394035,12212224,0.032265621724593324,False,False,1,1.0,False,,OK
001935,D:\Biology-AI\data\Task1_Segmentation\masks\001935_segmentation.png,True,3072,2304,L,2,"0,255",True,354465,7077888,0.05008061726888021,False,False,1,1.0,False,,OK
001936,D:\Biology-AI\data\Task1_Segmentation\masks\001936_segmentation.png,True,3072,2304,L,2,"0,255",True,661167,7077888,0.0934130350748698,False,False,1,1.0,False,,OK
001937,D:\Biology-AI\data\Task1_Segmentation\masks\001937_segmentation.png,True,767,576,L,2,"0,255",True,207647,441792,0.47001077430102856,False,False,1,1.0,False,,OK
001938,D:\Biology-AI\data\Task1_Segmentation\masks\001938_segmentation.png,True,4288,2848,L,2,"0,255",True,451455,12212224,0.036967468005827606,False,False,1,1.0,False,,OK
001939,D:\Biology-AI\data\Task1_Segmentation\masks\001939_segmentation.png,True,3072,2304,L,2,"0,255",True,3009326,7077888,0.4251728764286748,False,False,1,1.0,False,,OK
001940,D:\Biology-AI\data\Task1_Segmentation\masks\001940_segmentation.png,True,1019,717,L,2,"0,255",True,180986,730623,0.2477146216311285,False,False,1,1.0,False,,OK
001941,D:\Biology-AI\data\Task1_Segmentation\masks\001941_segmentation.png,True,3024,2016,L,2,"0,255",True,540363,6096384,0.08863664099899218,False,False,1,1.0,False,,OK
001942,D:\Biology-AI\data\Task1_Segmentation\masks\001942_segmentation.png,True,767,576,L,2,"0,255",True,92828,441792,0.2101169781254527,False,False,1,1.0,False,,OK
001943,D:\Biology-AI\data\Task1_Segmentation\masks\001943_segmentation.png,True,6642,4401,L,2,"0,255",True,2795097,29231442,0.09561953871451159,False,False,1,1.0,False,,OK
001944,D:\Biology-AI\data\Task1_Segmentation\masks\001944_segmentation.png,True,4288,2848,L,2,"0,255",True,366485,12212224,0.030009685377536476,False,False,1,1.0,False,,OK
001945,D:\Biology-AI\data\Task1_Segmentation\masks\001945_segmentation.png,True,4288,2848,L,2,"0,255",True,221387,12212224,0.01812831143614791,False,False,1,1.0,False,,OK
001946,D:\Biology-AI\data\Task1_Segmentation\masks\001946_segmentation.png,True,640,480,L,2,"0,255",True,94413,307200,0.307333984375,False,False,1,1.0,False,,OK
001947,D:\Biology-AI\data\Task1_Segmentation\masks\001947_segmentation.png,True,4288,2848,L,2,"0,255",True,573651,12212224,0.04697350785573537,False,False,1,1.0,False,,OK
001948,D:\Biology-AI\data\Task1_Segmentation\masks\001948_segmentation.png,True,2304,1536,L,2,"0,255",True,166356,3538944,0.047007242838541664,False,False,1,1.0,False,,OK
001949,D:\Biology-AI\data\Task1_Segmentation\masks\001949_segmentation.png,True,3008,2000,L,2,"0,255",True,296734,6016000,0.04932413563829787,False,False,1,1.0,False,,OK
001950,D:\Biology-AI\data\Task1_Segmentation\masks\001950_segmentation.png,True,6668,4439,L,2,"0,255",True,23591165,29599252,0.7970189584520582,False,False,1,1.0,True,,OK
001951,D:\Biology-AI\data\Task1_Segmentation\masks\001951_segmentation.png,True,1024,768,L,2,"0,255",True,51471,786432,0.06544876098632812,False,False,1,1.0,False,,OK
001952,D:\Biology-AI\data\Task1_Segmentation\masks\001952_segmentation.png,True,3008,2000,L,2,"0,255",True,582573,6016000,0.09683726728723405,False,False,1,1.0,False,,OK
001953,D:\Biology-AI\data\Task1_Segmentation\masks\001953_segmentation.png,True,3008,2000,L,2,"0,255",True,1454416,6016000,0.24175797872340427,False,False,1,1.0,False,,OK
001954,D:\Biology-AI\data\Task1_Segmentation\masks\001954_segmentation.png,True,6602,4382,L,2,"0,255",True,5782047,28929964,0.19986360854095775,False,False,1,1.0,False,,OK
001955,D:\Biology-AI\data\Task1_Segmentation\masks\001955_segmentation.png,True,6668,4439,L,2,"0,255",True,3097726,29599252,0.1046555500794412,False,False,1,1.0,False,,OK
001956,D:\Biology-AI\data\Task1_Segmentation\masks\001956_segmentation.png,True,640,480,L,2,"0,255",True,17486,307200,0.05692057291666667,False,False,1,1.0,False,,OK
001957,D:\Biology-AI\data\Task1_Segmentation\masks\001957_segmentation.png,True,1024,768,L,2,"0,255",True,703222,786432,0.8941930135091146,False,False,1,1.0,True,,OK
001958,D:\Biology-AI\data\Task1_Segmentation\masks\001958_segmentation.png,True,4288,2848,L,2,"0,255",True,5936063,12212224,0.48607550926022974,False,False,1,1.0,True,,OK
001959,D:\Biology-AI\data\Task1_Segmentation\masks\001959_segmentation.png,True,6621,4420,L,2,"0,255",True,7807341,29264820,0.26678247124021265,False,False,1,1.0,False,,OK
001960,D:\Biology-AI\data\Task1_Segmentation\masks\001960_segmentation.png,True,2048,1536,L,2,"0,255",True,492984,3145728,0.15671539306640625,False,False,1,1.0,False,,OK
001961,D:\Biology-AI\data\Task1_Segmentation\masks\001961_segmentation.png,True,2601,1909,L,2,"0,255",True,444004,4965309,0.08942122232473347,False,False,1,1.0,False,,OK
001962,D:\Biology-AI\data\Task1_Segmentation\masks\001962_segmentation.png,True,640,480,L,2,"0,255",True,44734,307200,0.14561848958333334,False,False,1,1.0,False,,OK
001963,D:\Biology-AI\data\Task1_Segmentation\masks\001963_segmentation.png,True,1024,768,L,2,"0,255",True,120885,786432,0.15371322631835938,False,False,1,1.0,False,,OK
001964,D:\Biology-AI\data\Task1_Segmentation\masks\001964_segmentation.png,True,824,719,L,2,"0,255",True,221473,592456,0.3738218534372173,False,False,1,1.0,False,,OK
001965,D:\Biology-AI\data\Task1_Segmentation\masks\001965_segmentation.png,True,640,480,L,2,"0,255",True,117773,307200,0.38337565104166665,False,False,1,1.0,False,,OK
001966,D:\Biology-AI\data\Task1_Segmentation\masks\001966_segmentation.png,True,3872,2592,L,2,"0,255",True,359336,10036224,0.035803903938373634,False,False,1,1.0,False,,OK
001967,D:\Biology-AI\data\Task1_Segmentation\masks\001967_segmentation.png,True,4288,2848,L,2,"0,255",True,634587,12212224,0.05196326238365755,False,False,1,1.0,False,,OK
001968,D:\Biology-AI\data\Task1_Segmentation\masks\001968_segmentation.png,True,4288,2848,L,2,"0,255",True,883368,12212224,0.0723347360808318,False,False,1,1.0,False,,OK
001969,D:\Biology-AI\data\Task1_Segmentation\masks\001969_segmentation.png,True,4288,2848,L,2,"0,255",True,1304768,12212224,0.10684114539661245,False,False,1,1.0,False,,OK
001970,D:\Biology-AI\data\Task1_Segmentation\masks\001970_segmentation.png,True,6668,4439,L,2,"0,255",True,1186013,29599252,0.04006901931170423,False,False,1,1.0,False,,OK
001971,D:\Biology-AI\data\Task1_Segmentation\masks\001971_segmentation.png,True,6641,4402,L,2,"0,255",True,14143059,29233682,0.48379328337771477,False,False,1,1.0,False,,OK
001972,D:\Biology-AI\data\Task1_Segmentation\masks\001972_segmentation.png,True,1024,768,L,2,"0,255",True,33357,786432,0.042415618896484375,False,False,1,1.0,False,,OK
001973,D:\Biology-AI\data\Task1_Segmentation\masks\001973_segmentation.png,True,3008,2000,L,2,"0,255",True,171424,6016000,0.02849468085106383,False,False,1,1.0,False,,OK
001974,D:\Biology-AI\data\Task1_Segmentation\masks\001974_segmentation.png,True,640,480,L,2,"0,255",True,188811,307200,0.614619140625,False,False,1,1.0,False,,OK
001975,D:\Biology-AI\data\Task1_Segmentation\masks\001975_segmentation.png,True,3024,2016,L,2,"0,255",True,378768,6096384,0.06212994457042076,False,False,1,1.0,False,,OK
001976,D:\Biology-AI\data\Task1_Segmentation\masks\001976_segmentation.png,True,1024,768,L,2,"0,255",True,324878,786432,0.41310373942057294,False,False,1,1.0,False,,OK
001977,D:\Biology-AI\data\Task1_Segmentation\masks\001977_segmentation.png,True,3072,2304,L,2,"0,255",True,211993,7077888,0.029951448793764466,False,False,1,1.0,False,,OK
001978,D:\Biology-AI\data\Task1_Segmentation\masks\001978_segmentation.png,True,1024,768,L,2,"0,255",True,397444,786432,0.5053761800130209,False,False,1,1.0,False,,OK
001979,D:\Biology-AI\data\Task1_Segmentation\masks\001979_segmentation.png,True,3072,2304,L,2,"0,255",True,1329029,7077888,0.18777197378653068,False,False,1,1.0,False,,OK
001980,D:\Biology-AI\data\Task1_Segmentation\masks\001980_segmentation.png,True,1024,768,L,2,"0,255",True,195989,786432,0.24921290079752603,False,False,1,1.0,False,,OK
001981,D:\Biology-AI\data\Task1_Segmentation\masks\001981_segmentation.png,True,640,480,L,2,"0,255",True,62772,307200,0.2043359375,False,False,1,1.0,False,,OK
001982,D:\Biology-AI\data\Task1_Segmentation\masks\001982_segmentation.png,True,3008,2000,L,2,"0,255",True,546054,6016000,0.09076695478723404,False,False,1,1.0,False,,OK
001983,D:\Biology-AI\data\Task1_Segmentation\masks\001983_segmentation.png,True,6628,4399,L,2,"0,255",True,12033368,29156572,0.4127154591424534,False,False,1,1.0,False,,OK
001984,D:\Biology-AI\data\Task1_Segmentation\masks\001984_segmentation.png,True,6621,4420,L,2,"0,255",True,2191925,29264820,0.0748996576777168,False,False,1,1.0,False,,OK
001985,D:\Biology-AI\data\Task1_Segmentation\masks\001985_segmentation.png,True,3072,2304,L,2,"0,255",True,309362,7077888,0.0437082361291956,False,False,1,1.0,False,,OK
001986,D:\Biology-AI\data\Task1_Segmentation\masks\001986_segmentation.png,True,4288,2848,L,2,"0,255",True,6453597,12212224,0.5284538672071525,False,False,1,1.0,False,,OK
001987,D:\Biology-AI\data\Task1_Segmentation\masks\001987_segmentation.png,True,640,480,L,2,"0,255",True,113867,307200,0.37066080729166667,False,False,1,1.0,False,,OK
001988,D:\Biology-AI\data\Task1_Segmentation\masks\001988_segmentation.png,True,3072,2304,L,2,"0,255",True,2325885,7077888,0.32861285739474827,False,False,1,1.0,False,,OK
001989,D:\Biology-AI\data\Task1_Segmentation\masks\001989_segmentation.png,True,3072,2304,L,2,"0,255",True,1454922,7077888,0.20555877685546875,False,False,1,1.0,False,,OK
001990,D:\Biology-AI\data\Task1_Segmentation\masks\001990_segmentation.png,True,4288,2848,L,2,"0,255",True,3844586,12212224,0.31481456612653025,False,False,1,1.0,False,,OK
001991,D:\Biology-AI\data\Task1_Segmentation\masks\001991_segmentation.png,True,1504,1129,L,2,"0,255",True,646256,1698016,0.3805947647136423,False,False,1,1.0,False,,OK
001992,D:\Biology-AI\data\Task1_Segmentation\masks\001992_segmentation.png,True,1024,768,L,2,"0,255",True,149156,786432,0.18966166178385416,False,False,1,1.0,False,,OK
001993,D:\Biology-AI\data\Task1_Segmentation\masks\001993_segmentation.png,True,1024,768,L,2,"0,255",True,66280,786432,0.08427937825520833,False,False,1,1.0,False,,OK
001994,D:\Biology-AI\data\Task1_Segmentation\masks\001994_segmentation.png,True,4288,2848,L,2,"0,255",True,185820,12212224,0.015215901706355861,False,False,1,1.0,False,,OK
001995,D:\Biology-AI\data\Task1_Segmentation\masks\001995_segmentation.png,True,1024,768,L,2,"0,255",True,43351,786432,0.05512364705403646,False,False,1,1.0,False,,OK
001996,D:\Biology-AI\data\Task1_Segmentation\masks\001996_segmentation.png,True,4288,2848,L,2,"0,255",True,1368055,12212224,0.11202341195182794,False,False,1,1.0,False,,OK
001997,D:\Biology-AI\data\Task1_Segmentation\masks\001997_segmentation.png,True,3072,2304,L,2,"0,255",True,912627,7077888,0.12894058227539062,False,False,1,1.0,False,,OK
001998,D:\Biology-AI\data\Task1_Segmentation\masks\001998_segmentation.png,True,1024,768,L,2,"0,255",True,302353,786432,0.3844617207845052,False,False,1,1.0,False,,OK
001999,D:\Biology-AI\data\Task1_Segmentation\masks\001999_segmentation.png,True,3008,2000,L,2,"0,255",True,178521,6016000,0.02967436835106383,False,False,1,1.0,False,,OK
002000,D:\Biology-AI\data\Task1_Segmentation\masks\002000_segmentation.png,True,1024,768,L,2,"0,255",True,684596,786432,0.8705088297526041,False,False,1,1.0,True,,OK
002001,D:\Biology-AI\data\Task1_Segmentation\masks\002001_segmentation.png,True,6648,4439,L,2,"0,255",True,2675225,29510472,0.09065341279529518,False,False,1,1.0,False,,OK
002002,D:\Biology-AI\data\Task1_Segmentation\masks\002002_segmentation.png,True,4288,2848,L,2,"0,255",True,200192,12212224,0.01639275532450109,False,False,1,1.0,False,,OK
002003,D:\Biology-AI\data\Task1_Segmentation\masks\002003_segmentation.png,True,3872,2592,L,2,"0,255",True,2390567,10036224,0.2381938665378533,False,False,1,1.0,False,,OK
002004,D:\Biology-AI\data\Task1_Segmentation\masks\002004_segmentation.png,True,944,1127,L,2,"0,255",True,181374,1063888,0.17048223121230807,False,False,1,1.0,False,,OK
002005,D:\Biology-AI\data\Task1_Segmentation\masks\002005_segmentation.png,True,4288,2848,L,2,"0,255",True,3710908,12212224,0.30386832079070936,False,False,1,1.0,False,,OK
002006,D:\Biology-AI\data\Task1_Segmentation\masks\002006_segmentation.png,True,1024,768,L,2,"0,255",True,36562,786432,0.046490987141927086,False,False,1,1.0,False,,OK
002007,D:\Biology-AI\data\Task1_Segmentation\masks\002007_segmentation.png,True,6681,4422,L,2,"0,255",True,14624997,29543382,0.49503462399802434,False,False,1,1.0,False,,OK
002008,D:\Biology-AI\data\Task1_Segmentation\masks\002008_segmentation.png,True,1024,768,L,2,"0,255",True,77698,786432,0.09879811604817708,False,False,1,1.0,False,,OK
002009,D:\Biology-AI\data\Task1_Segmentation\masks\002009_segmentation.png,True,2219,2252,L,2,"0,255",True,2393195,4997188,0.4789083380493189,False,False,1,1.0,False,,OK
002010,D:\Biology-AI\data\Task1_Segmentation\masks\002010_segmentation.png,True,640,480,L,2,"0,255",True,153396,307200,0.4993359375,False,False,1,1.0,True,,OK
002011,D:\Biology-AI\data\Task1_Segmentation\masks\002011_segmentation.png,True,6627,4459,L,2,"0,255",True,13919429,29549793,0.4710499664075481,False,False,1,1.0,True,,OK
002012,D:\Biology-AI\data\Task1_Segmentation\masks\002012_segmentation.png,True,1024,768,L,2,"0,255",True,88630,786432,0.11269887288411458,False,False,1,1.0,False,,OK
002013,D:\Biology-AI\data\Task1_Segmentation\masks\002013_segmentation.png,True,6641,4420,L,2,"0,255",True,13977416,29353220,0.47617998979328335,False,False,1,1.0,True,,OK
002014,D:\Biology-AI\data\Task1_Segmentation\masks\002014_segmentation.png,True,2355,2028,L,2,"0,255",True,1248761,4775940,0.2614691558101651,False,False,1,1.0,True,,OK
002015,D:\Biology-AI\data\Task1_Segmentation\masks\002015_segmentation.png,True,4288,2848,L,2,"0,255",True,4086079,12212224,0.3345892607276119,False,False,1,1.0,False,,OK
002016,D:\Biology-AI\data\Task1_Segmentation\masks\002016_segmentation.png,True,3008,2000,L,2,"0,255",True,267337,6016000,0.044437666223404254,False,False,1,1.0,False,,OK
002017,D:\Biology-AI\data\Task1_Segmentation\masks\002017_segmentation.png,True,4288,2848,L,2,"0,255",True,299826,12212224,0.024551302039661244,False,False,1,1.0,False,,OK
002018,D:\Biology-AI\data\Task1_Segmentation\masks\002018_segmentation.png,True,1024,768,L,2,"0,255",True,651974,786432,0.8290278116861979,False,False,1,1.0,True,,OK
002019,D:\Biology-AI\data\Task1_Segmentation\masks\002019_segmentation.png,True,6661,4441,L,2,"0,255",True,10205372,29581501,0.3449916892317263,False,False,1,1.0,False,,OK
002020,D:\Biology-AI\data\Task1_Segmentation\masks\002020_segmentation.png,True,6641,4420,L,2,"0,255",True,11188949,29353220,0.381183018421829,False,False,1,1.0,False,,OK
002021,D:\Biology-AI\data\Task1_Segmentation\masks\002021_segmentation.png,True,6688,4439,L,2,"0,255",True,21481082,29688032,0.7235603222200785,False,False,1,1.0,True,,OK
002022,D:\Biology-AI\data\Task1_Segmentation\masks\002022_segmentation.png,True,1024,768,L,2,"0,255",True,306684,786432,0.3899688720703125,False,False,1,1.0,False,,OK
002023,D:\Biology-AI\data\Task1_Segmentation\masks\002023_segmentation.png,True,6581,4382,L,2,"0,255",True,4301234,28837942,0.14915190550005267,False,False,1,1.0,False,,OK
002024,D:\Biology-AI\data\Task1_Segmentation\masks\002024_segmentation.png,True,767,576,L,2,"0,255",True,401588,441792,0.9089978994640011,False,False,1,1.0,True,,OK
002025,D:\Biology-AI\data\Task1_Segmentation\masks\002025_segmentation.png,True,3072,2304,L,2,"0,255",True,4065978,7077888,0.5744620429144965,False,False,1,1.0,False,,OK
002026,D:\Biology-AI\data\Task1_Segmentation\masks\002026_segmentation.png,True,2592,1936,L,2,"0,255",True,312692,5018112,0.06231267855320886,False,False,1,1.0,False,,OK
002027,D:\Biology-AI\data\Task1_Segmentation\masks\002027_segmentation.png,True,3072,2304,L,2,"0,255",True,1335494,7077888,0.18868538185402198,False,False,1,1.0,False,,OK
002028,D:\Biology-AI\data\Task1_Segmentation\masks\002028_segmentation.png,True,3872,2592,L,2,"0,255",True,3736734,10036224,0.3723246910391797,False,False,1,1.0,True,,OK
002029,D:\Biology-AI\data\Task1_Segmentation\masks\002029_segmentation.png,True,4288,2848,L,2,"0,255",True,2670293,12212224,0.21865738787627872,False,False,1,1.0,False,,OK
002030,D:\Biology-AI\data\Task1_Segmentation\masks\002030_segmentation.png,True,6622,4422,L,2,"0,255",True,19908500,29282484,0.6798774311632851,False,False,1,1.0,True,,OK
002031,D:\Biology-AI\data\Task1_Segmentation\masks\002031_segmentation.png,True,1024,768,L,2,"0,255",True,160884,786432,0.2045745849609375,False,False,1,1.0,False,,OK
002032,D:\Biology-AI\data\Task1_Segmentation\masks\002032_segmentation.png,True,6640,4420,L,2,"0,255",True,13375359,29348800,0.45573784958839886,False,False,1,1.0,False,,OK
002033,D:\Biology-AI\data\Task1_Segmentation\masks\002033_segmentation.png,True,3024,2016,L,2,"0,255",True,533761,6096384,0.08755370396615436,False,False,1,1.0,False,,OK
002034,D:\Biology-AI\data\Task1_Segmentation\masks\002034_segmentation.png,True,3008,2000,L,2,"0,255",True,118456,6016000,0.019690159574468086,False,False,1,1.0,False,,OK
002035,D:\Biology-AI\data\Task1_Segmentation\masks\002035_segmentation.png,True,6668,4459,L,2,"0,255",True,4614508,29732612,0.155200222570422,False,False,1,1.0,False,,OK
002036,D:\Biology-AI\data\Task1_Segmentation\masks\002036_segmentation.png,True,6668,4439,L,2,"0,255",True,8041019,29599252,0.2716629122925133,False,False,1,1.0,False,,OK
002037,D:\Biology-AI\data\Task1_Segmentation\masks\002037_segmentation.png,True,640,480,L,2,"0,255",True,49073,307200,0.15974283854166665,False,False,1,1.0,False,,OK
002038,D:\Biology-AI\data\Task1_Segmentation\masks\002038_segmentation.png,True,1080,1920,L,2,"0,255",True,719215,2073600,0.34684365354938274,False,False,1,1.0,True,,OK
002039,D:\Biology-AI\data\Task1_Segmentation\masks\002039_segmentation.png,True,2560,2278,L,2,"0,255",True,2714641,5831680,0.46549896427787535,False,False,1,1.0,True,,OK
002040,D:\Biology-AI\data\Task1_Segmentation\masks\002040_segmentation.png,True,2355,2028,L,2,"0,255",True,1300160,4775940,0.2722312256854148,False,False,1,1.0,False,,OK
002041,D:\Biology-AI\data\Task1_Segmentation\masks\002041_segmentation.png,True,1504,1129,L,2,"0,255",True,400005,1698016,0.23557198518741873,False,False,1,1.0,False,,OK
002042,D:\Biology-AI\data\Task1_Segmentation\masks\002042_segmentation.png,True,2048,1536,L,2,"0,255",True,758493,3145728,0.2411184310913086,False,False,1,1.0,False,,OK
002043,D:\Biology-AI\data\Task1_Segmentation\masks\002043_segmentation.png,True,4288,2848,L,2,"0,255",True,2203574,12212224,0.1804400246834647,False,False,1,1.0,False,,OK
002044,D:\Biology-AI\data\Task1_Segmentation\masks\002044_segmentation.png,True,4288,2848,L,2,"0,255",True,1514772,12212224,0.1240373579783666,False,False,1,1.0,False,,OK
002045,D:\Biology-AI\data\Task1_Segmentation\masks\002045_segmentation.png,True,1024,768,L,2,"0,255",True,113920,786432,0.14485677083333334,False,False,1,1.0,False,,OK
002046,D:\Biology-AI\data\Task1_Segmentation\masks\002046_segmentation.png,True,771,750,L,2,"0,255",True,129206,578250,0.22344314742758323,False,False,1,1.0,False,,OK
002047,D:\Biology-AI\data\Task1_Segmentation\masks\002047_segmentation.png,True,2048,1536,L,2,"0,255",True,88639,3145728,0.028177579243977863,False,False,1,1.0,False,,OK
002048,D:\Biology-AI\data\Task1_Segmentation\masks\002048_segmentation.png,True,3008,2000,L,2,"0,255",True,330989,6016000,0.05501811835106383,False,False,1,1.0,False,,OK
002049,D:\Biology-AI\data\Task1_Segmentation\masks\002049_segmentation.png,True,3072,2304,L,2,"0,255",True,2668117,7077888,0.3769651342321325,False,False,1,1.0,False,,OK
002050,D:\Biology-AI\data\Task1_Segmentation\masks\002050_segmentation.png,True,1024,768,L,2,"0,255",True,601748,786432,0.7651621500651041,False,False,1,1.0,True,,OK
002051,D:\Biology-AI\data\Task1_Segmentation\masks\002051_segmentation.png,True,679,566,L,2,"0,255",True,212146,384314,0.5520121567260105,False,False,1,1.0,False,,OK
002052,D:\Biology-AI\data\Task1_Segmentation\masks\002052_segmentation.png,True,640,480,L,2,"0,255",True,73540,307200,0.23938802083333333,False,False,1,1.0,False,,OK
002053,D:\Biology-AI\data\Task1_Segmentation\masks\002053_segmentation.png,True,6688,4419,L,2,"0,255",True,18584860,29554272,0.628838362183308,False,False,1,1.0,True,,OK
002054,D:\Biology-AI\data\Task1_Segmentation\masks\002054_segmentation.png,True,3872,2592,L,2,"0,255",True,5993452,10036224,0.5971819680389756,False,False,1,1.0,False,,OK
002055,D:\Biology-AI\data\Task1_Segmentation\masks\002055_segmentation.png,True,1024,768,L,2,"0,255",True,141841,786432,0.18036015828450522,False,False,1,1.0,False,,OK
002056,D:\Biology-AI\data\Task1_Segmentation\masks\002056_segmentation.png,True,1024,768,L,2,"0,255",True,319368,786432,0.406097412109375,False,False,1,1.0,True,,OK
002057,D:\Biology-AI\data\Task1_Segmentation\masks\002057_segmentation.png,True,3008,2000,L,2,"0,255",True,32944,6016000,0.005476063829787234,False,False,1,1.0,False,,OK
002058,D:\Biology-AI\data\Task1_Segmentation\masks\002058_segmentation.png,True,6641,4420,L,2,"0,255",True,6342980,29353220,0.21609145436173613,False,False,1,1.0,True,,OK
002059,D:\Biology-AI\data\Task1_Segmentation\masks\002059_segmentation.png,True,640,480,L,2,"0,255",True,38052,307200,0.1238671875,False,False,1,1.0,False,,OK
002060,D:\Biology-AI\data\Task1_Segmentation\masks\002060_segmentation.png,True,4288,2848,L,2,"0,255",True,818872,12212224,0.06705347035887976,False,False,1,1.0,False,,OK
002061,D:\Biology-AI\data\Task1_Segmentation\masks\002061_segmentation.png,True,4288,2848,L,2,"0,255",True,1044183,12212224,0.0855030991897954,False,False,1,1.0,False,,OK
002062,D:\Biology-AI\data\Task1_Segmentation\masks\002062_segmentation.png,True,1024,768,L,2,"0,255",True,102788,786432,0.13070170084635416,False,False,1,1.0,False,,OK
002063,D:\Biology-AI\data\Task1_Segmentation\masks\002063_segmentation.png,True,3072,2304,L,2,"0,255",True,3044676,7077888,0.4301673041449653,False,False,1,1.0,False,,OK
002064,D:\Biology-AI\data\Task1_Segmentation\masks\002064_segmentation.png,True,957,640,L,2,"0,255",True,376330,612480,0.6144363897596656,False,False,1,1.0,True,,OK
002065,D:\Biology-AI\data\Task1_Segmentation\masks\002065_segmentation.png,True,2592,1936,L,2,"0,255",True,128323,5018112,0.02557196810274462,False,False,1,1.0,False,,OK
002066,D:\Biology-AI\data\Task1_Segmentation\masks\002066_segmentation.png,True,4288,2848,L,2,"0,255",True,734607,12212224,0.06015341677322656,False,False,1,1.0,False,,OK
002067,D:\Biology-AI\data\Task1_Segmentation\masks\002067_segmentation.png,True,1024,768,L,2,"0,255",True,386032,786432,0.4908650716145833,False,False,1,1.0,False,,OK
002068,D:\Biology-AI\data\Task1_Segmentation\masks\002068_segmentation.png,True,640,480,L,2,"0,255",True,40140,307200,0.1306640625,False,False,1,1.0,False,,OK
002069,D:\Biology-AI\data\Task1_Segmentation\masks\002069_segmentation.png,True,3008,2000,L,2,"0,255",True,419743,6016000,0.06977111037234042,False,False,1,1.0,False,,OK
002070,D:\Biology-AI\data\Task1_Segmentation\masks\002070_segmentation.png,True,2048,1536,L,2,"0,255",True,1541376,3145728,0.489990234375,False,False,1,1.0,True,,OK
002071,D:\Biology-AI\data\Task1_Segmentation\masks\002071_segmentation.png,True,3872,2592,L,2,"0,255",True,373325,10036224,0.03719775485282114,False,False,1,1.0,False,,OK
002072,D:\Biology-AI\data\Task1_Segmentation\masks\002072_segmentation.png,True,3872,2592,L,2,"0,255",True,2913002,10036224,0.2902488027369656,False,False,1,1.0,False,,OK
002073,D:\Biology-AI\data\Task1_Segmentation\masks\002073_segmentation.png,True,3008,2000,L,2,"0,255",True,366600,6016000,0.0609375,False,False,1,1.0,False,,OK
002074,D:\Biology-AI\data\Task1_Segmentation\masks\002074_segmentation.png,True,6642,4422,L,2,"0,255",True,12488709,29370924,0.42520654099952726,False,False,1,1.0,False,,OK
002075,D:\Biology-AI\data\Task1_Segmentation\masks\002075_segmentation.png,True,3008,2000,L,2,"0,255",True,3238871,6016000,0.5383761635638298,False,False,1,1.0,True,,OK
002076,D:\Biology-AI\data\Task1_Segmentation\masks\002076_segmentation.png,True,3008,2000,L,2,"0,255",True,940637,6016000,0.15635588430851063,False,False,1,1.0,False,,OK
002077,D:\Biology-AI\data\Task1_Segmentation\masks\002077_segmentation.png,True,2556,2115,L,2,"0,255",True,446612,5405940,0.08261504937161715,False,False,1,1.0,False,,OK
002078,D:\Biology-AI\data\Task1_Segmentation\masks\002078_segmentation.png,True,3008,2000,L,2,"0,255",True,233306,6016000,0.03878091755319149,False,False,1,1.0,False,,OK
002079,D:\Biology-AI\data\Task1_Segmentation\masks\002079_segmentation.png,True,2048,1536,L,2,"0,255",True,565102,3145728,0.1796410878499349,False,False,1,1.0,False,,OK
002080,D:\Biology-AI\data\Task1_Segmentation\masks\002080_segmentation.png,True,4288,2848,L,2,"0,255",True,94800,12212224,0.007762713818547711,False,False,1,1.0,False,,OK
002081,D:\Biology-AI\data\Task1_Segmentation\masks\002081_segmentation.png,True,3072,2304,L,2,"0,255",True,1287896,7077888,0.18196049442997686,False,False,1,1.0,False,,OK
002082,D:\Biology-AI\data\Task1_Segmentation\masks\002082_segmentation.png,True,1024,768,L,2,"0,255",True,423104,786432,0.5380045572916666,False,False,1,1.0,False,,OK
002083,D:\Biology-AI\data\Task1_Segmentation\masks\002083_segmentation.png,True,4288,2848,L,2,"0,255",True,273238,12212224,0.022374139223125943,False,False,1,1.0,False,,OK
002084,D:\Biology-AI\data\Task1_Segmentation\masks\002084_segmentation.png,True,1028,753,L,2,"0,255",True,188768,774084,0.24385983950062268,False,False,1,1.0,False,,OK
002085,D:\Biology-AI\data\Task1_Segmentation\masks\002085_segmentation.png,True,1504,1129,L,2,"0,255",True,407653,1698016,0.24007606524320146,False,False,1,1.0,False,,OK
002086,D:\Biology-AI\data\Task1_Segmentation\masks\002086_segmentation.png,True,3008,2000,L,2,"0,255",True,173664,6016000,0.028867021276595746,False,False,1,1.0,False,,OK
002087,D:\Biology-AI\data\Task1_Segmentation\masks\002087_segmentation.png,True,3008,2000,L,2,"0,255",True,721958,6016000,0.1200063164893617,False,False,1,1.0,False,,OK
002088,D:\Biology-AI\data\Task1_Segmentation\masks\002088_segmentation.png,True,3072,2304,L,2,"0,255",True,912603,7077888,0.12893719143337673,False,False,1,1.0,False,,OK
002089,D:\Biology-AI\data\Task1_Segmentation\masks\002089_segmentation.png,True,6641,4422,L,2,"0,255",True,13562636,29366502,0.46184036491646163,False,False,1,1.0,False,,OK
002090,D:\Biology-AI\data\Task1_Segmentation\masks\002090_segmentation.png,True,1024,768,L,2,"0,255",True,222690,786432,0.28316497802734375,False,False,1,1.0,False,,OK
002091,D:\Biology-AI\data\Task1_Segmentation\masks\002091_segmentation.png,True,6628,4439,L,2,"0,255",True,16913343,29421692,0.5748596307785426,False,False,1,1.0,False,,OK
002092,D:\Biology-AI\data\Task1_Segmentation\masks\002092_segmentation.png,True,1024,768,L,2,"0,255",True,79402,786432,0.10096486409505208,False,False,1,1.0,False,,OK
002093,D:\Biology-AI\data\Task1_Segmentation\masks\002093_segmentation.png,True,2048,1536,L,2,"0,255",True,533631,3145728,0.16963672637939453,False,False,1,1.0,False,,OK
002094,D:\Biology-AI\data\Task1_Segmentation\masks\002094_segmentation.png,True,3008,2000,L,2,"0,255",True,427909,6016000,0.07112849069148937,False,False,1,1.0,False,,OK
002095,D:\Biology-AI\data\Task1_Segmentation\masks\002095_segmentation.png,True,1024,768,L,2,"0,255",True,540348,786432,0.6870880126953125,False,False,1,1.0,True,,OK
002096,D:\Biology-AI\data\Task1_Segmentation\masks\002096_segmentation.png,True,3072,2304,L,2,"0,255",True,6861116,7077888,0.9693733497902199,False,False,1,1.0,True,,very_large_lesion
002097,D:\Biology-AI\data\Task1_Segmentation\masks\002097_segmentation.png,True,4288,2848,L,2,"0,255",True,105240,12212224,0.008617594960590306,False,False,1,1.0,False,,OK
002098,D:\Biology-AI\data\Task1_Segmentation\masks\002098_segmentation.png,True,3872,2592,L,2,"0,255",True,410670,10036224,0.040918775826446284,False,False,1,1.0,False,,OK
002099,D:\Biology-AI\data\Task1_Segmentation\masks\002099_segmentation.png,True,3872,2592,L,2,"0,255",True,111545,10036224,0.011114239777828792,False,False,1,1.0,False,,OK
002100,D:\Biology-AI\data\Task1_Segmentation\masks\002100_segmentation.png,True,2048,1536,L,2,"0,255",True,1249464,3145728,0.39719390869140625,False,False,1,1.0,False,,OK
002101,D:\Biology-AI\data\Task1_Segmentation\masks\002101_segmentation.png,True,640,480,L,2,"0,255",True,27340,307200,0.08899739583333334,False,False,1,1.0,False,,OK
002102,D:\Biology-AI\data\Task1_Segmentation\masks\002102_segmentation.png,True,4288,2848,L,2,"0,255",True,1518535,12212224,0.12434549186126949,False,False,1,1.0,False,,OK
002103,D:\Biology-AI\data\Task1_Segmentation\masks\002103_segmentation.png,True,3072,2304,L,2,"0,255",True,135463,7077888,0.019138901321976272,False,False,1,1.0,False,,OK
002104,D:\Biology-AI\data\Task1_Segmentation\masks\002104_segmentation.png,True,1024,768,L,2,"0,255",True,438947,786432,0.5581499735514323,False,False,1,1.0,False,,OK
002105,D:\Biology-AI\data\Task1_Segmentation\masks\002105_segmentation.png,True,2592,1936,L,2,"0,255",True,97563,5018112,0.019442172673706765,False,False,1,1.0,False,,OK
002106,D:\Biology-AI\data\Task1_Segmentation\masks\002106_segmentation.png,True,3072,2304,L,2,"0,255",True,410625,7077888,0.05801518758138021,False,False,1,1.0,False,,OK
002107,D:\Biology-AI\data\Task1_Segmentation\masks\002107_segmentation.png,True,640,480,L,2,"0,255",True,20182,307200,0.06569661458333333,False,False,1,1.0,False,,OK
002108,D:\Biology-AI\data\Task1_Segmentation\masks\002108_segmentation.png,True,4288,2848,L,2,"0,255",True,672977,12212224,0.05510683393950193,False,False,1,1.0,False,,OK
002109,D:\Biology-AI\data\Task1_Segmentation\masks\002109_segmentation.png,True,6668,4459,L,2,"0,255",True,28600789,29732612,0.9619332805338461,False,False,1,1.0,False,,very_large_lesion
002110,D:\Biology-AI\data\Task1_Segmentation\masks\002110_segmentation.png,True,2048,1536,L,2,"0,255",True,850488,3145728,0.27036285400390625,False,False,1,1.0,False,,OK
002111,D:\Biology-AI\data\Task1_Segmentation\masks\002111_segmentation.png,True,640,480,L,2,"0,255",True,182484,307200,0.5940234375,False,False,1,1.0,True,,OK
002112,D:\Biology-AI\data\Task1_Segmentation\masks\002112_segmentation.png,True,3072,2304,L,2,"0,255",True,940668,7077888,0.13290235731336805,False,False,1,1.0,False,,OK
002113,D:\Biology-AI\data\Task1_Segmentation\masks\002113_segmentation.png,True,6708,4439,L,2,"0,255",True,1419736,29776812,0.047679247865755406,False,False,1,1.0,False,,OK
002114,D:\Biology-AI\data\Task1_Segmentation\masks\002114_segmentation.png,True,6648,4439,L,2,"0,255",True,15009025,29510472,0.5085999641076564,False,False,1,1.0,True,,OK
002115,D:\Biology-AI\data\Task1_Segmentation\masks\002115_segmentation.png,True,3008,2000,L,2,"0,255",True,410521,6016000,0.06823819813829787,False,False,1,1.0,False,,OK
002116,D:\Biology-AI\data\Task1_Segmentation\masks\002116_segmentation.png,True,1024,768,L,2,"0,255",True,333679,786432,0.42429478963216144,False,False,1,1.0,False,,OK
002117,D:\Biology-AI\data\Task1_Segmentation\masks\002117_segmentation.png,True,6808,4519,L,2,"0,255",True,8470437,30765352,0.27532390983207344,False,False,1,1.0,False,,OK
002118,D:\Biology-AI\data\Task1_Segmentation\masks\002118_segmentation.png,True,3008,2000,L,2,"0,255",True,147689,6016000,0.02454936835106383,False,False,1,1.0,False,,OK
002119,D:\Biology-AI\data\Task1_Segmentation\masks\002119_segmentation.png,True,919,802,L,2,"0,255",True,299143,737038,0.4058718817754308,False,False,1,1.0,False,,OK
002120,D:\Biology-AI\data\Task1_Segmentation\masks\002120_segmentation.png,True,4288,2848,L,2,"0,255",True,212333,12212224,0.01738692313537649,False,False,1,1.0,False,,OK
002121,D:\Biology-AI\data\Task1_Segmentation\masks\002121_segmentation.png,True,6681,4440,L,2,"0,255",True,3102740,29663640,0.10459741285964905,False,False,1,1.0,False,,OK
002122,D:\Biology-AI\data\Task1_Segmentation\masks\002122_segmentation.png,True,3072,2304,L,2,"0,255",True,936235,7077888,0.132276040536386,False,False,1,1.0,False,,OK
002123,D:\Biology-AI\data\Task1_Segmentation\masks\002123_segmentation.png,True,3008,2000,L,2,"0,255",True,492124,6016000,0.08180252659574468,False,False,1,1.0,False,,OK
002124,D:\Biology-AI\data\Task1_Segmentation\masks\002124_segmentation.png,True,767,576,L,2,"0,255",True,69425,441792,0.15714408590467913,False,False,1,1.0,False,,OK
002125,D:\Biology-AI\data\Task1_Segmentation\masks\002125_segmentation.png,True,4288,2848,L,2,"0,255",True,222473,12212224,0.018217238727360387,False,False,1,1.0,False,,OK
002126,D:\Biology-AI\data\Task1_Segmentation\masks\002126_segmentation.png,True,640,480,L,2,"0,255",True,109574,307200,0.35668619791666667,False,False,1,1.0,False,,OK
002127,D:\Biology-AI\data\Task1_Segmentation\masks\002127_segmentation.png,True,3872,2592,L,2,"0,255",True,257694,10036224,0.025676389845423937,False,False,1,1.0,False,,OK
002128,D:\Biology-AI\data\Task1_Segmentation\masks\002128_segmentation.png,True,1024,768,L,2,"0,255",True,739831,786432,0.9407437642415365,False,False,1,1.0,True,,OK
002129,D:\Biology-AI\data\Task1_Segmentation\masks\002129_segmentation.png,True,6668,4439,L,2,"0,255",True,16328687,29599252,0.5516587716473376,False,False,1,1.0,True,,OK
002130,D:\Biology-AI\data\Task1_Segmentation\masks\002130_segmentation.png,True,4288,2848,L,2,"0,255",True,144377,12212224,0.011822334736080832,False,False,1,1.0,False,,OK
002131,D:\Biology-AI\data\Task1_Segmentation\masks\002131_segmentation.png,True,4288,2848,L,2,"0,255",True,1675182,12212224,0.13717255759475097,False,False,1,1.0,False,,OK
002132,D:\Biology-AI\data\Task1_Segmentation\masks\002132_segmentation.png,True,919,802,L,2,"0,255",True,507784,737038,0.6889522656905072,False,False,1,1.0,True,,OK
002133,D:\Biology-AI\data\Task1_Segmentation\masks\002133_segmentation.png,True,640,480,L,2,"0,255",True,58902,307200,0.19173828125,False,False,1,1.0,False,,OK
002134,D:\Biology-AI\data\Task1_Segmentation\masks\002134_segmentation.png,True,4288,2848,L,2,"0,255",True,400545,12212224,0.03279869416086701,False,False,1,1.0,False,,OK
002135,D:\Biology-AI\data\Task1_Segmentation\masks\002135_segmentation.png,True,3072,2304,L,2,"0,255",True,3057539,7077888,0.4319846541793258,False,False,1,1.0,True,,OK
002136,D:\Biology-AI\data\Task1_Segmentation\masks\002136_segmentation.png,True,3008,2000,L,2,"0,255",True,1426085,6016000,0.2370487034574468,False,False,1,1.0,False,,OK
002137,D:\Biology-AI\data\Task1_Segmentation\masks\002137_segmentation.png,True,3008,2000,L,2,"0,255",True,480247,6016000,0.07982829122340425,False,False,1,1.0,False,,OK
002138,D:\Biology-AI\data\Task1_Segmentation\masks\002138_segmentation.png,True,1024,768,L,2,"0,255",True,65791,786432,0.08365758260091145,False,False,1,1.0,False,,OK
002139,D:\Biology-AI\data\Task1_Segmentation\masks\002139_segmentation.png,True,3072,2304,L,2,"0,255",True,533745,7077888,0.0754102071126302,False,False,1,1.0,False,,OK
002140,D:\Biology-AI\data\Task1_Segmentation\masks\002140_segmentation.png,True,4288,2848,L,2,"0,255",True,141094,12212224,0.011553505733271843,False,False,1,1.0,False,,OK
002141,D:\Biology-AI\data\Task1_Segmentation\masks\002141_segmentation.png,True,1024,768,L,2,"0,255",True,715379,786432,0.9096514383951823,False,False,1,1.0,True,,OK
002142,D:\Biology-AI\data\Task1_Segmentation\masks\002142_segmentation.png,True,640,480,L,2,"0,255",True,127266,307200,0.41427734375,False,False,1,1.0,False,,OK
002143,D:\Biology-AI\data\Task1_Segmentation\masks\002143_segmentation.png,True,3072,2304,L,2,"0,255",True,2194305,7077888,0.31002256605360246,False,False,1,1.0,False,,OK
002144,D:\Biology-AI\data\Task1_Segmentation\masks\002144_segmentation.png,True,3008,2000,L,2,"0,255",True,647151,6016000,0.10757164228723404,False,False,1,1.0,False,,OK
002145,D:\Biology-AI\data\Task1_Segmentation\masks\002145_segmentation.png,True,1707,1222,L,2,"0,255",True,180461,2085954,0.08651245425354538,False,False,1,1.0,False,,OK
002146,D:\Biology-AI\data\Task1_Segmentation\masks\002146_segmentation.png,True,6748,4499,L,2,"0,255",True,2499832,30359252,0.08234168615221482,False,False,1,1.0,False,,OK
002147,D:\Biology-AI\data\Task1_Segmentation\masks\002147_segmentation.png,True,3008,2000,L,2,"0,255",True,233887,6016000,0.03887749335106383,False,False,1,1.0,False,,OK
002148,D:\Biology-AI\data\Task1_Segmentation\masks\002148_segmentation.png,True,3072,2304,L,2,"0,255",True,798961,7077888,0.11288127192744503,False,False,1,1.0,False,,OK
002149,D:\Biology-AI\data\Task1_Segmentation\masks\002149_segmentation.png,True,6688,4419,L,2,"0,255",True,3759278,29554272,0.12719914061831739,False,False,1,1.0,False,,OK
002150,D:\Biology-AI\data\Task1_Segmentation\masks\002150_segmentation.png,True,2048,1536,L,2,"0,255",True,740280,3145728,0.23532867431640625,False,False,1,1.0,False,,OK
002151,D:\Biology-AI\data\Task1_Segmentation\masks\002151_segmentation.png,True,3024,2016,L,2,"0,255",True,669620,6096384,0.10983888154027042,False,False,1,1.0,False,,OK
002152,D:\Biology-AI\data\Task1_Segmentation\masks\002152_segmentation.png,True,767,576,L,2,"0,255",True,100570,441792,0.22764106185716354,False,False,1,1.0,False,,OK
002153,D:\Biology-AI\data\Task1_Segmentation\masks\002153_segmentation.png,True,3024,2016,L,2,"0,255",True,184764,6096384,0.030307146006550767,False,False,1,1.0,False,,OK
002154,D:\Biology-AI\data\Task1_Segmentation\masks\002154_segmentation.png,True,640,480,L,2,"0,255",True,180239,307200,0.5867154947916666,False,False,1,1.0,False,,OK
002155,D:\Biology-AI\data\Task1_Segmentation\masks\002155_segmentation.png,True,2621,2060,L,2,"0,255",True,166826,5399260,0.030897937865559354,False,False,1,1.0,False,,OK
002156,D:\Biology-AI\data\Task1_Segmentation\masks\002156_segmentation.png,True,767,576,L,2,"0,255",True,84326,441792,0.19087262784296682,False,False,1,1.0,False,,OK
002157,D:\Biology-AI\data\Task1_Segmentation\masks\002157_segmentation.png,True,6694,4477,L,2,"0,255",True,5828900,29969038,0.19449740095094142,False,False,1,1.0,False,,OK
002158,D:\Biology-AI\data\Task1_Segmentation\masks\002158_segmentation.png,True,4288,2848,L,2,"0,255",True,82856,12212224,0.006784677385544189,False,False,1,1.0,False,,OK
002159,D:\Biology-AI\data\Task1_Segmentation\masks\002159_segmentation.png,True,640,480,L,2,"0,255",True,142580,307200,0.46412760416666665,False,False,1,1.0,False,,OK
002160,D:\Biology-AI\data\Task1_Segmentation\masks\002160_segmentation.png,True,4288,2848,L,2,"0,255",True,592621,12212224,0.04852686947111353,False,False,1,1.0,False,,OK
002161,D:\Biology-AI\data\Task1_Segmentation\masks\002161_segmentation.png,True,4288,2848,L,2,"0,255",True,619947,12212224,0.050764463540793225,False,False,1,1.0,False,,OK
002162,D:\Biology-AI\data\Task1_Segmentation\masks\002162_segmentation.png,True,4288,2848,L,2,"0,255",True,320244,12212224,0.026223233376656045,False,False,1,1.0,False,,OK
002163,D:\Biology-AI\data\Task1_Segmentation\masks\002163_segmentation.png,True,2448,2448,L,2,"0,255",True,3082787,5992704,0.5144233721538725,False,False,1,1.0,False,,OK
002164,D:\Biology-AI\data\Task1_Segmentation\masks\002164_segmentation.png,True,640,480,L,2,"0,255",True,58867,307200,0.19162434895833333,False,False,1,1.0,False,,OK
002165,D:\Biology-AI\data\Task1_Segmentation\masks\002165_segmentation.png,True,4288,2848,L,2,"0,255",True,1146776,12212224,0.09390394411370116,False,False,1,1.0,False,,OK
002166,D:\Biology-AI\data\Task1_Segmentation\masks\002166_segmentation.png,True,640,480,L,2,"0,255",True,36664,307200,0.11934895833333334,False,False,1,1.0,False,,OK
002167,D:\Biology-AI\data\Task1_Segmentation\masks\002167_segmentation.png,True,640,480,L,2,"0,255",True,18276,307200,0.0594921875,False,False,1,1.0,False,,OK
002168,D:\Biology-AI\data\Task1_Segmentation\masks\002168_segmentation.png,True,3072,2304,L,2,"0,255",True,681053,7077888,0.09622263025354456,False,False,1,1.0,False,,OK
002169,D:\Biology-AI\data\Task1_Segmentation\masks\002169_segmentation.png,True,6602,4361,L,2,"0,255",True,6276644,28791322,0.21800471683794165,False,False,1,1.0,False,,OK
002170,D:\Biology-AI\data\Task1_Segmentation\masks\002170_segmentation.png,True,2592,1936,L,2,"0,255",True,90512,5018112,0.018037062544638303,False,False,1,1.0,False,,OK
002171,D:\Biology-AI\data\Task1_Segmentation\masks\002171_segmentation.png,True,4288,2848,L,2,"0,255",True,253488,12212224,0.02075690717759517,False,False,1,1.0,False,,OK
002172,D:\Biology-AI\data\Task1_Segmentation\masks\002172_segmentation.png,True,853,680,L,2,"0,255",True,166945,580040,0.2878163574925867,False,False,1,1.0,False,,OK
002173,D:\Biology-AI\data\Task1_Segmentation\masks\002173_segmentation.png,True,6668,4439,L,2,"0,255",True,10679992,29599252,0.3608196585508309,False,False,1,1.0,False,,OK
002174,D:\Biology-AI\data\Task1_Segmentation\masks\002174_segmentation.png,True,3072,2304,L,2,"0,255",True,322496,7077888,0.045563874421296294,False,False,1,1.0,False,,OK
002175,D:\Biology-AI\data\Task1_Segmentation\masks\002175_segmentation.png,True,3872,2592,L,2,"0,255",True,228391,10036224,0.022756666252168146,False,False,1,1.0,False,,OK
002176,D:\Biology-AI\data\Task1_Segmentation\masks\002176_segmentation.png,True,6621,4401,L,2,"0,255",True,12342939,29139021,0.423587978470519,False,False,1,1.0,False,,OK
002177,D:\Biology-AI\data\Task1_Segmentation\masks\002177_segmentation.png,True,3072,2304,L,2,"0,255",True,1272609,7077888,0.17980066935221353,False,False,1,1.0,False,,OK
002178,D:\Biology-AI\data\Task1_Segmentation\masks\002178_segmentation.png,True,3872,2592,L,2,"0,255",True,2490021,10036224,0.24810337035123967,False,False,1,1.0,False,,OK
002179,D:\Biology-AI\data\Task1_Segmentation\masks\002179_segmentation.png,True,3072,2304,L,2,"0,255",True,1271992,7077888,0.17971349645543983,False,False,1,1.0,False,,OK
002180,D:\Biology-AI\data\Task1_Segmentation\masks\002180_segmentation.png,True,3872,2592,L,2,"0,255",True,1280206,10036224,0.1275585319737782,False,False,1,1.0,False,,OK
002181,D:\Biology-AI\data\Task1_Segmentation\masks\002181_segmentation.png,True,3024,2016,L,2,"0,255",True,314630,6096384,0.05160928183001596,False,False,1,1.0,False,,OK
002182,D:\Biology-AI\data\Task1_Segmentation\masks\002182_segmentation.png,True,724,542,L,2,"0,255",True,254385,392408,0.6482666000693156,False,False,1,1.0,False,,OK
002183,D:\Biology-AI\data\Task1_Segmentation\masks\002183_segmentation.png,True,2592,1944,L,2,"0,255",True,648823,5038848,0.12876415402885738,False,False,1,1.0,False,,OK
002184,D:\Biology-AI\data\Task1_Segmentation\masks\002184_segmentation.png,True,1024,768,L,2,"0,255",True,300056,786432,0.3815409342447917,False,False,1,1.0,False,,OK
002185,D:\Biology-AI\data\Task1_Segmentation\masks\002185_segmentation.png,True,962,722,L,2,"0,255",True,252687,694564,0.36380664704764426,False,False,1,1.0,False,,OK
002186,D:\Biology-AI\data\Task1_Segmentation\masks\002186_segmentation.png,True,4288,2848,L,2,"0,255",True,1183544,12212224,0.09691469792889486,False,False,1,1.0,False,,OK
002187,D:\Biology-AI\data\Task1_Segmentation\masks\002187_segmentation.png,True,3072,2304,L,2,"0,255",True,2681041,7077888,0.3787911026566117,False,False,1,1.0,False,,OK
002188,D:\Biology-AI\data\Task1_Segmentation\masks\002188_segmentation.png,True,3872,2592,L,2,"0,255",True,120046,10036224,0.011961271490154066,False,False,1,1.0,False,,OK
002189,D:\Biology-AI\data\Task1_Segmentation\masks\002189_segmentation.png,True,3872,2592,L,2,"0,255",True,7560941,10036224,0.753365110224722,False,False,1,1.0,False,,OK
002190,D:\Biology-AI\data\Task1_Segmentation\masks\002190_segmentation.png,True,4288,2848,L,2,"0,255",True,490530,12212224,0.04016713090097267,False,False,1,1.0,False,,OK
002191,D:\Biology-AI\data\Task1_Segmentation\masks\002191_segmentation.png,True,3008,2000,L,2,"0,255",True,468679,6016000,0.07790541888297872,False,False,1,1.0,False,,OK
002192,D:\Biology-AI\data\Task1_Segmentation\masks\002192_segmentation.png,True,824,719,L,2,"0,255",True,304696,592456,0.514293044546768,False,False,1,1.0,False,,OK
002193,D:\Biology-AI\data\Task1_Segmentation\masks\002193_segmentation.png,True,1024,768,L,2,"0,255",True,533677,786432,0.6786053975423177,False,False,1,1.0,True,,OK
002194,D:\Biology-AI\data\Task1_Segmentation\masks\002194_segmentation.png,True,6622,4402,L,2,"0,255",True,6698158,29150044,0.2297820888366412,False,False,1,1.0,False,,OK
002195,D:\Biology-AI\data\Task1_Segmentation\masks\002195_segmentation.png,True,4288,2848,L,2,"0,255",True,1573906,12212224,0.1288795554356029,False,False,1,1.0,False,,OK
002196,D:\Biology-AI\data\Task1_Segmentation\masks\002196_segmentation.png,True,3072,2304,L,2,"0,255",True,316455,7077888,0.04471037122938368,False,False,1,1.0,False,,OK
002197,D:\Biology-AI\data\Task1_Segmentation\masks\002197_segmentation.png,True,640,480,L,2,"0,255",True,133746,307200,0.43537109375,False,False,1,1.0,True,,OK
002198,D:\Biology-AI\data\Task1_Segmentation\masks\002198_segmentation.png,True,1022,767,L,2,"0,255",True,219922,783874,0.28055784475566226,False,False,1,1.0,False,,OK
002199,D:\Biology-AI\data\Task1_Segmentation\masks\002199_segmentation.png,True,640,480,L,2,"0,255",True,86825,307200,0.2826334635416667,False,False,1,1.0,False,,OK
002200,D:\Biology-AI\data\Task1_Segmentation\masks\002200_segmentation.png,True,6642,4441,L,2,"0,255",True,5298083,29497122,0.1796135568751419,False,False,1,1.0,False,,OK
002201,D:\Biology-AI\data\Task1_Segmentation\masks\002201_segmentation.png,True,1024,768,L,2,"0,255",True,638671,786432,0.8121121724446615,False,False,1,1.0,True,,OK
002202,D:\Biology-AI\data\Task1_Segmentation\masks\002202_segmentation.png,True,1024,768,L,2,"0,255",True,274780,786432,0.3494008382161458,False,False,1,1.0,False,,OK
002203,D:\Biology-AI\data\Task1_Segmentation\masks\002203_segmentation.png,True,1024,768,L,2,"0,255",True,148720,786432,0.18910725911458334,False,False,1,1.0,False,,OK
002204,D:\Biology-AI\data\Task1_Segmentation\masks\002204_segmentation.png,True,3072,2304,L,2,"0,255",True,239554,7077888,0.03384540699146412,False,False,1,1.0,False,,OK
002205,D:\Biology-AI\data\Task1_Segmentation\masks\002205_segmentation.png,True,1024,768,L,2,"0,255",True,91243,786432,0.11602147420247395,False,False,1,1.0,False,,OK
002206,D:\Biology-AI\data\Task1_Segmentation\masks\002206_segmentation.png,True,3072,2304,L,2,"0,255",True,3509846,7077888,0.49588888662832753,False,False,1,1.0,True,,OK
002207,D:\Biology-AI\data\Task1_Segmentation\masks\002207_segmentation.png,True,1024,768,L,2,"0,255",True,37609,786432,0.04782231648763021,False,False,1,1.0,False,,OK
002208,D:\Biology-AI\data\Task1_Segmentation\masks\002208_segmentation.png,True,3072,2304,L,2,"0,255",True,110838,7077888,0.015659756130642362,False,False,1,1.0,False,,OK
002209,D:\Biology-AI\data\Task1_Segmentation\masks\002209_segmentation.png,True,3872,2592,L,2,"0,255",True,8187120,10036224,0.8157570018365473,False,False,1,1.0,True,,OK
002210,D:\Biology-AI\data\Task1_Segmentation\masks\002210_segmentation.png,True,2048,1536,L,2,"0,255",True,866202,3145728,0.2753582000732422,False,False,1,1.0,False,,OK
002211,D:\Biology-AI\data\Task1_Segmentation\masks\002211_segmentation.png,True,3072,2304,L,2,"0,255",True,142368,7077888,0.020114474826388888,False,False,1,1.0,False,,OK
002212,D:\Biology-AI\data\Task1_Segmentation\masks\002212_segmentation.png,True,919,802,L,2,"0,255",True,130152,737038,0.17658790998564525,False,False,1,1.0,False,,OK
002213,D:\Biology-AI\data\Task1_Segmentation\masks\002213_segmentation.png,True,6668,4439,L,2,"0,255",True,10347983,29599252,0.3496028548288991,False,False,1,1.0,True,,OK
002214,D:\Biology-AI\data\Task1_Segmentation\masks\002214_segmentation.png,True,3024,2016,L,2,"0,255",True,383927,6096384,0.06297618391492399,False,False,1,1.0,False,,OK
002215,D:\Biology-AI\data\Task1_Segmentation\masks\002215_segmentation.png,True,2448,2448,L,2,"0,255",True,111300,5992704,0.018572584262463155,False,False,1,1.0,False,,OK
002216,D:\Biology-AI\data\Task1_Segmentation\masks\002216_segmentation.png,True,1024,768,L,2,"0,255",True,158960,786432,0.20212809244791666,False,False,1,1.0,False,,OK
002217,D:\Biology-AI\data\Task1_Segmentation\masks\002217_segmentation.png,True,4288,2848,L,2,"0,255",True,92653,12212224,0.007586906365294315,False,False,1,1.0,False,,OK
002218,D:\Biology-AI\data\Task1_Segmentation\masks\002218_segmentation.png,True,3872,2592,L,2,"0,255",True,1847057,10036224,0.18403903699239874,False,False,1,1.0,False,,OK
002219,D:\Biology-AI\data\Task1_Segmentation\masks\002219_segmentation.png,True,3872,2592,L,2,"0,255",True,108522,10036224,0.010813030876951332,False,False,1,1.0,False,,OK
002220,D:\Biology-AI\data\Task1_Segmentation\masks\002220_segmentation.png,True,3872,2592,L,2,"0,255",True,142368,10036224,0.014185414753596571,False,False,1,1.0,False,,OK
002221,D:\Biology-AI\data\Task1_Segmentation\masks\002221_segmentation.png,True,4288,2848,L,2,"0,255",True,152696,12212224,0.012503537439208453,False,False,1,1.0,False,,OK
002222,D:\Biology-AI\data\Task1_Segmentation\masks\002222_segmentation.png,True,3872,2592,L,2,"0,255",True,125573,10036224,0.01251197661590654,False,False,1,1.0,False,,OK
002223,D:\Biology-AI\data\Task1_Segmentation\masks\002223_segmentation.png,True,1024,768,L,2,"0,255",True,111852,786432,0.1422271728515625,False,False,1,1.0,False,,OK
002224,D:\Biology-AI\data\Task1_Segmentation\masks\002224_segmentation.png,True,4288,2848,L,2,"0,255",True,1206626,12212224,0.09880477135041087,False,False,1,1.0,False,,OK
002225,D:\Biology-AI\data\Task1_Segmentation\masks\002225_segmentation.png,True,3008,2000,L,2,"0,255",True,1907682,6016000,0.3171013962765957,False,False,1,1.0,True,,OK
002226,D:\Biology-AI\data\Task1_Segmentation\masks\002226_segmentation.png,True,1024,768,L,2,"0,255",True,224660,786432,0.2856699625651042,False,False,1,1.0,False,,OK
002227,D:\Biology-AI\data\Task1_Segmentation\masks\002227_segmentation.png,True,3072,2304,L,2,"0,255",True,2107028,7077888,0.29769162778501157,False,False,1,1.0,False,,OK
002228,D:\Biology-AI\data\Task1_Segmentation\masks\002228_segmentation.png,True,2816,2112,L,2,"0,255",True,878038,5947392,0.14763412265409778,False,False,1,1.0,False,,OK
002229,D:\Biology-AI\data\Task1_Segmentation\masks\002229_segmentation.png,True,3872,2592,L,2,"0,255",True,7380082,10036224,0.7353444881262116,False,False,1,1.0,True,,OK
002230,D:\Biology-AI\data\Task1_Segmentation\masks\002230_segmentation.png,True,6621,4401,L,2,"0,255",True,3151572,29139021,0.10815641335376366,False,False,1,1.0,False,,OK
002231,D:\Biology-AI\data\Task1_Segmentation\masks\002231_segmentation.png,True,4288,2848,L,2,"0,255",True,179783,12212224,0.01472156095400805,False,False,1,1.0,False,,OK
002232,D:\Biology-AI\data\Task1_Segmentation\masks\002232_segmentation.png,True,919,802,L,2,"0,255",True,216115,737038,0.2932209736811399,False,False,1,1.0,False,,OK
002233,D:\Biology-AI\data\Task1_Segmentation\masks\002233_segmentation.png,True,6648,4419,L,2,"0,255",True,5607566,29377512,0.19087954078616323,False,False,1,1.0,False,,OK
002234,D:\Biology-AI\data\Task1_Segmentation\masks\002234_segmentation.png,True,6661,4441,L,2,"0,255",True,947901,29581501,0.032043708667792076,False,False,1,1.0,False,,OK
002235,D:\Biology-AI\data\Task1_Segmentation\masks\002235_segmentation.png,True,640,480,L,2,"0,255",True,53985,307200,0.175732421875,False,False,1,1.0,False,,OK
002236,D:\Biology-AI\data\Task1_Segmentation\masks\002236_segmentation.png,True,640,480,L,2,"0,255",True,194308,307200,0.6325130208333334,False,False,1,1.0,True,,OK
002237,D:\Biology-AI\data\Task1_Segmentation\masks\002237_segmentation.png,True,3872,2592,L,2,"0,255",True,867947,10036224,0.08648142966916642,False,False,1,1.0,False,,OK
002238,D:\Biology-AI\data\Task1_Segmentation\masks\002238_segmentation.png,True,6688,4439,L,2,"0,255",True,1961183,29688032,0.06605971726249824,False,False,1,1.0,False,,OK
002239,D:\Biology-AI\data\Task1_Segmentation\masks\002239_segmentation.png,True,3872,2592,L,2,"0,255",True,298108,10036224,0.029703203117028874,False,False,1,1.0,False,,OK
002240,D:\Biology-AI\data\Task1_Segmentation\masks\002240_segmentation.png,True,3072,2304,L,2,"0,255",True,922517,7077888,0.13033789175528068,False,False,1,1.0,False,,OK
002241,D:\Biology-AI\data\Task1_Segmentation\masks\002241_segmentation.png,True,6628,4419,L,2,"0,255",True,2644349,29289132,0.09028430750354773,False,False,1,1.0,False,,OK
002242,D:\Biology-AI\data\Task1_Segmentation\masks\002242_segmentation.png,True,3072,2304,L,2,"0,255",True,928519,7077888,0.1311858848289207,False,False,1,1.0,False,,OK
002243,D:\Biology-AI\data\Task1_Segmentation\masks\002243_segmentation.png,True,919,802,L,2,"0,255",True,219271,737038,0.2975029781368125,False,False,1,1.0,False,,OK
002244,D:\Biology-AI\data\Task1_Segmentation\masks\002244_segmentation.png,True,3072,2304,L,2,"0,255",True,2035005,7077888,0.28751585218641496,False,False,1,1.0,False,,OK
002245,D:\Biology-AI\data\Task1_Segmentation\masks\002245_segmentation.png,True,4288,2848,L,2,"0,255",True,665629,12212224,0.05450514173339762,False,False,1,1.0,False,,OK
002246,D:\Biology-AI\data\Task1_Segmentation\masks\002246_segmentation.png,True,4288,2848,L,2,"0,255",True,658518,12212224,0.05392285631183968,False,False,1,1.0,False,,OK
002247,D:\Biology-AI\data\Task1_Segmentation\masks\002247_segmentation.png,True,965,624,L,2,"0,255",True,161205,602160,0.2677112395376644,False,False,1,1.0,False,,OK
002248,D:\Biology-AI\data\Task1_Segmentation\masks\002248_segmentation.png,True,1502,1051,L,2,"0,255",True,270141,1578602,0.1711267311203204,False,False,1,1.0,False,,OK
002249,D:\Biology-AI\data\Task1_Segmentation\masks\002249_segmentation.png,True,3024,2016,L,2,"0,255",True,376693,6096384,0.06178957887167213,False,False,1,1.0,False,,OK
002250,D:\Biology-AI\data\Task1_Segmentation\masks\002250_segmentation.png,True,3024,2016,L,2,"0,255",True,596031,6096384,0.09776795556185437,False,False,1,1.0,False,,OK
002251,D:\Biology-AI\data\Task1_Segmentation\masks\002251_segmentation.png,True,640,480,L,2,"0,255",True,25478,307200,0.08293619791666666,False,False,1,1.0,False,,OK
002252,D:\Biology-AI\data\Task1_Segmentation\masks\002252_segmentation.png,True,6681,4441,L,2,"0,255",True,19330732,29670321,0.6515174540915819,False,False,1,1.0,True,,OK
002253,D:\Biology-AI\data\Task1_Segmentation\masks\002253_segmentation.png,True,4288,2848,L,2,"0,255",True,138667,12212224,0.011354770433296997,False,False,1,1.0,False,,OK
002254,D:\Biology-AI\data\Task1_Segmentation\masks\002254_segmentation.png,True,767,576,L,2,"0,255",True,308868,441792,0.699125380269448,False,False,1,1.0,False,,OK
002255,D:\Biology-AI\data\Task1_Segmentation\masks\002255_segmentation.png,True,1024,768,L,2,"0,255",True,398208,786432,0.50634765625,False,False,1,1.0,False,,OK
002256,D:\Biology-AI\data\Task1_Segmentation\masks\002256_segmentation.png,True,2304,1536,L,2,"0,255",True,149616,3538944,0.042277018229166664,False,False,1,1.0,False,,OK
002257,D:\Biology-AI\data\Task1_Segmentation\masks\002257_segmentation.png,True,3072,2304,L,2,"0,255",True,4767331,7077888,0.6735527603714554,False,False,1,1.0,True,,OK
002258,D:\Biology-AI\data\Task1_Segmentation\masks\002258_segmentation.png,True,4288,2848,L,2,"0,255",True,2707698,12212224,0.2217203025427637,False,False,1,1.0,False,,OK
002259,D:\Biology-AI\data\Task1_Segmentation\masks\002259_segmentation.png,True,1024,768,L,2,"0,255",True,283956,786432,0.3610687255859375,False,False,1,1.0,False,,OK
002260,D:\Biology-AI\data\Task1_Segmentation\masks\002260_segmentation.png,True,824,719,L,2,"0,255",True,303841,592456,0.5128498994018121,False,False,1,1.0,False,,OK
002261,D:\Biology-AI\data\Task1_Segmentation\masks\002261_segmentation.png,True,3008,2000,L,2,"0,255",True,117805,6016000,0.01958194813829787,False,False,1,1.0,False,,OK
002262,D:\Biology-AI\data\Task1_Segmentation\masks\002262_segmentation.png,True,3008,2000,L,2,"0,255",True,702041,6016000,0.11669564494680851,False,False,1,1.0,False,,OK
002263,D:\Biology-AI\data\Task1_Segmentation\masks\002263_segmentation.png,True,1024,768,L,2,"0,255",True,79725,786432,0.10137557983398438,False,False,1,1.0,False,,OK
002264,D:\Biology-AI\data\Task1_Segmentation\masks\002264_segmentation.png,True,3872,2592,L,2,"0,255",True,575808,10036224,0.05737297214569942,False,False,1,1.0,False,,OK
002265,D:\Biology-AI\data\Task1_Segmentation\masks\002265_segmentation.png,True,3008,2000,L,2,"0,255",True,19261,6016000,0.003201628989361702,False,False,1,1.0,False,,very_small_lesion
002266,D:\Biology-AI\data\Task1_Segmentation\masks\002266_segmentation.png,True,3024,2016,L,2,"0,255",True,481113,6096384,0.07891776502267574,False,False,1,1.0,False,,OK
002267,D:\Biology-AI\data\Task1_Segmentation\masks\002267_segmentation.png,True,6642,4421,L,2,"0,255",True,8060984,29364282,0.27451663895613043,False,False,1,1.0,False,,OK
002268,D:\Biology-AI\data\Task1_Segmentation\masks\002268_segmentation.png,True,3872,2592,L,2,"0,255",True,914207,10036224,0.09109073292903785,False,False,1,1.0,False,,OK
002269,D:\Biology-AI\data\Task1_Segmentation\masks\002269_segmentation.png,True,6688,4439,L,2,"0,255",True,5682192,29688032,0.1913967217496936,False,False,1,1.0,False,,OK
002270,D:\Biology-AI\data\Task1_Segmentation\masks\002270_segmentation.png,True,4288,2848,L,2,"0,255",True,198297,12212224,0.016237582933297,False,False,1,1.0,False,,OK
002271,D:\Biology-AI\data\Task1_Segmentation\masks\002271_segmentation.png,True,6668,4439,L,2,"0,255",True,15220632,29599252,0.514223535108252,False,False,1,1.0,True,,OK
002272,D:\Biology-AI\data\Task1_Segmentation\masks\002272_segmentation.png,True,6648,4439,L,2,"0,255",True,12084563,29510472,0.4095008375331984,False,False,1,1.0,False,,OK
002273,D:\Biology-AI\data\Task1_Segmentation\masks\002273_segmentation.png,True,4288,2848,L,2,"0,255",True,253014,12212224,0.020718093608502432,False,False,1,1.0,False,,OK
002274,D:\Biology-AI\data\Task1_Segmentation\masks\002274_segmentation.png,True,3008,2000,L,2,"0,255",True,51855,6016000,0.008619514627659574,False,False,1,1.0,False,,OK
002275,D:\Biology-AI\data\Task1_Segmentation\masks\002275_segmentation.png,True,3024,2016,L,2,"0,255",True,173787,6096384,0.028506570452254975,False,False,1,1.0,False,,OK
002276,D:\Biology-AI\data\Task1_Segmentation\masks\002276_segmentation.png,True,3072,2304,L,2,"0,255",True,198521,7077888,0.028048056143301504,False,False,1,1.0,False,,OK
002277,D:\Biology-AI\data\Task1_Segmentation\masks\002277_segmentation.png,True,4288,2848,L,2,"0,255",True,337119,12212224,0.027605045567457655,False,False,1,1.0,False,,OK
002278,D:\Biology-AI\data\Task1_Segmentation\masks\002278_segmentation.png,True,3072,2304,L,2,"0,255",True,1715724,7077888,0.24240620930989584,False,False,1,1.0,False,,OK
002279,D:\Biology-AI\data\Task1_Segmentation\masks\002279_segmentation.png,True,3008,2000,L,2,"0,255",True,61516,6016000,0.010225398936170213,False,False,1,1.0,False,,OK
002280,D:\Biology-AI\data\Task1_Segmentation\masks\002280_segmentation.png,True,3072,2304,L,2,"0,255",True,5044712,7077888,0.7127425582320602,False,False,1,1.0,False,,OK
002281,D:\Biology-AI\data\Task1_Segmentation\masks\002281_segmentation.png,True,4288,2848,L,2,"0,255",True,4701757,12212224,0.38500415649106995,False,False,1,1.0,False,,OK
002282,D:\Biology-AI\data\Task1_Segmentation\masks\002282_segmentation.png,True,1024,768,L,2,"0,255",True,148685,786432,0.18906275431315103,False,False,1,1.0,False,,OK
002283,D:\Biology-AI\data\Task1_Segmentation\masks\002283_segmentation.png,True,1024,768,L,2,"0,255",True,155603,786432,0.19785944620768228,False,False,1,1.0,False,,OK
002284,D:\Biology-AI\data\Task1_Segmentation\masks\002284_segmentation.png,True,1024,768,L,2,"0,255",True,251329,786432,0.3195813496907552,False,False,1,1.0,False,,OK
002285,D:\Biology-AI\data\Task1_Segmentation\masks\002285_segmentation.png,True,2592,1936,L,2,"0,255",True,294141,5018112,0.05861586987297215,False,False,1,1.0,False,,OK
002286,D:\Biology-AI\data\Task1_Segmentation\masks\002286_segmentation.png,True,3872,2592,L,2,"0,255",True,1417806,10036224,0.14126886765381083,False,False,1,1.0,True,,OK
002287,D:\Biology-AI\data\Task1_Segmentation\masks\002287_segmentation.png,True,3008,2000,L,2,"0,255",True,1495009,6016000,0.24850548537234043,False,False,1,1.0,False,,OK
002288,D:\Biology-AI\data\Task1_Segmentation\masks\002288_segmentation.png,True,640,480,L,2,"0,255",True,95229,307200,0.309990234375,False,False,1,1.0,False,,OK
002289,D:\Biology-AI\data\Task1_Segmentation\masks\002289_segmentation.png,True,3072,2304,L,2,"0,255",True,2557676,7077888,0.36136146827980326,False,False,1,1.0,True,,OK
002290,D:\Biology-AI\data\Task1_Segmentation\masks\002290_segmentation.png,True,1024,768,L,2,"0,255",True,73976,786432,0.09406534830729167,False,False,1,1.0,False,,OK
002291,D:\Biology-AI\data\Task1_Segmentation\masks\002291_segmentation.png,True,1024,768,L,2,"0,255",True,237545,786432,0.30205408732096356,False,False,1,1.0,False,,OK
002292,D:\Biology-AI\data\Task1_Segmentation\masks\002292_segmentation.png,True,6641,4402,L,2,"0,255",True,9921249,29233682,0.33937733194197023,False,False,1,1.0,False,,OK
002293,D:\Biology-AI\data\Task1_Segmentation\masks\002293_segmentation.png,True,640,480,L,2,"0,255",True,91933,307200,0.29926106770833333,False,False,1,1.0,False,,OK
002294,D:\Biology-AI\data\Task1_Segmentation\masks\002294_segmentation.png,True,3008,2000,L,2,"0,255",True,630098,6016000,0.10473703457446809,False,False,1,1.0,False,,OK
002295,D:\Biology-AI\data\Task1_Segmentation\masks\002295_segmentation.png,True,3072,2304,L,2,"0,255",True,1150479,7077888,0.16254552205403647,False,False,1,1.0,False,,OK
002296,D:\Biology-AI\data\Task1_Segmentation\masks\002296_segmentation.png,True,3024,2016,L,2,"0,255",True,347247,6096384,0.056959502551020405,False,False,1,1.0,False,,OK
002297,D:\Biology-AI\data\Task1_Segmentation\masks\002297_segmentation.png,True,3072,2304,L,2,"0,255",True,463750,7077888,0.06552095766420718,False,False,1,1.0,False,,OK
002298,D:\Biology-AI\data\Task1_Segmentation\masks\002298_segmentation.png,True,2048,1536,L,2,"0,255",True,1017241,3145728,0.32337220509847003,False,False,1,1.0,False,,OK
002299,D:\Biology-AI\data\Task1_Segmentation\masks\002299_segmentation.png,True,3008,2000,L,2,"0,255",True,103103,6016000,0.01713813164893617,False,False,1,1.0,False,,OK
002300,D:\Biology-AI\data\Task1_Segmentation\masks\002300_segmentation.png,True,3008,2000,L,2,"0,255",True,671487,6016000,0.1116168550531915,False,False,1,1.0,False,,OK
002301,D:\Biology-AI\data\Task1_Segmentation\masks\002301_segmentation.png,True,1502,1043,L,2,"0,255",True,646028,1566586,0.41237953103117225,False,False,1,1.0,False,,OK
002302,D:\Biology-AI\data\Task1_Segmentation\masks\002302_segmentation.png,True,3872,2592,L,2,"0,255",True,8893413,10036224,0.8861313776974288,False,False,1,1.0,False,,OK
002303,D:\Biology-AI\data\Task1_Segmentation\masks\002303_segmentation.png,True,4288,2848,L,2,"0,255",True,681109,12212224,0.055772724116426295,False,False,1,1.0,False,,OK
002304,D:\Biology-AI\data\Task1_Segmentation\masks\002304_segmentation.png,True,1024,768,L,2,"0,255",True,175027,786432,0.22255833943684897,False,False,1,1.0,False,,OK
002305,D:\Biology-AI\data\Task1_Segmentation\masks\002305_segmentation.png,True,640,480,L,2,"0,255",True,164901,307200,0.536787109375,False,False,1,1.0,True,,OK
002306,D:\Biology-AI\data\Task1_Segmentation\masks\002306_segmentation.png,True,1024,768,L,2,"0,255",True,205690,786432,0.26154836018880206,False,False,1,1.0,False,,OK
002307,D:\Biology-AI\data\Task1_Segmentation\masks\002307_segmentation.png,True,3008,2000,L,2,"0,255",True,497214,6016000,0.08264860372340425,False,False,1,1.0,False,,OK
002308,D:\Biology-AI\data\Task1_Segmentation\masks\002308_segmentation.png,True,3072,2304,L,2,"0,255",True,1059006,7077888,0.1496217515733507,False,False,1,1.0,False,,OK
002309,D:\Biology-AI\data\Task1_Segmentation\masks\002309_segmentation.png,True,3008,2000,L,2,"0,255",True,88455,6016000,0.014703291223404255,False,False,1,1.0,False,,OK
002310,D:\Biology-AI\data\Task1_Segmentation\masks\002310_segmentation.png,True,4288,2848,L,2,"0,255",True,324760,12212224,0.02659302679020627,False,False,1,1.0,False,,OK
002311,D:\Biology-AI\data\Task1_Segmentation\masks\002311_segmentation.png,True,962,671,L,2,"0,255",True,101942,645502,0.15792669891030547,False,False,1,1.0,False,,OK
002312,D:\Biology-AI\data\Task1_Segmentation\masks\002312_segmentation.png,True,1504,1129,L,2,"0,255",True,729776,1698016,0.4297815803855794,False,False,1,1.0,False,,OK
002313,D:\Biology-AI\data\Task1_Segmentation\masks\002313_segmentation.png,True,640,480,L,2,"0,255",True,71623,307200,0.23314778645833334,False,False,1,1.0,False,,OK
002314,D:\Biology-AI\data\Task1_Segmentation\masks\002314_segmentation.png,True,3072,2304,L,2,"0,255",True,1726884,7077888,0.24398295084635416,False,False,1,1.0,False,,OK
002315,D:\Biology-AI\data\Task1_Segmentation\masks\002315_segmentation.png,True,2048,1536,L,2,"0,255",True,70880,3145728,0.022532145182291668,False,False,1,1.0,False,,OK
002316,D:\Biology-AI\data\Task1_Segmentation\masks\002316_segmentation.png,True,3008,2000,L,2,"0,255",True,761912,6016000,0.12664760638297873,False,False,1,1.0,False,,OK
002317,D:\Biology-AI\data\Task1_Segmentation\masks\002317_segmentation.png,True,640,480,L,2,"0,255",True,67370,307200,0.21930338541666666,False,False,1,1.0,False,,OK
002318,D:\Biology-AI\data\Task1_Segmentation\masks\002318_segmentation.png,True,2392,2237,L,2,"0,255",True,1741187,5350904,0.3254005304524245,False,False,1,1.0,True,,OK
002319,D:\Biology-AI\data\Task1_Segmentation\masks\002319_segmentation.png,True,3008,2000,L,2,"0,255",True,27887,6016000,0.004635472074468085,False,False,1,1.0,False,,very_small_lesion
002320,D:\Biology-AI\data\Task1_Segmentation\masks\002320_segmentation.png,True,1024,768,L,2,"0,255",True,295174,786432,0.37533315022786456,False,False,1,1.0,False,,OK
002321,D:\Biology-AI\data\Task1_Segmentation\masks\002321_segmentation.png,True,640,480,L,2,"0,255",True,41468,307200,0.13498697916666666,False,False,1,1.0,False,,OK
002322,D:\Biology-AI\data\Task1_Segmentation\masks\002322_segmentation.png,True,4288,2848,L,2,"0,255",True,675125,12212224,0.055282723277922184,False,False,1,1.0,False,,OK
002323,D:\Biology-AI\data\Task1_Segmentation\masks\002323_segmentation.png,True,3008,2000,L,2,"0,255",True,90311,6016000,0.015011801861702128,False,False,1,1.0,False,,OK
002324,D:\Biology-AI\data\Task1_Segmentation\masks\002324_segmentation.png,True,640,480,L,2,"0,255",True,43483,307200,0.14154622395833333,False,False,1,1.0,False,,OK
002325,D:\Biology-AI\data\Task1_Segmentation\masks\002325_segmentation.png,True,4288,2848,L,2,"0,255",True,508563,12212224,0.04164376611500084,False,False,1,1.0,False,,OK
002326,D:\Biology-AI\data\Task1_Segmentation\masks\002326_segmentation.png,True,6708,4459,L,2,"0,255",True,14787262,29910972,0.4943758430852732,False,False,1,1.0,False,,OK
002327,D:\Biology-AI\data\Task1_Segmentation\masks\002327_segmentation.png,True,1024,768,L,2,"0,255",True,278817,786432,0.3545341491699219,False,False,1,1.0,False,,OK
002328,D:\Biology-AI\data\Task1_Segmentation\masks\002328_segmentation.png,True,4288,2848,L,2,"0,255",True,3983549,12212224,0.3261935745692185,False,False,1,1.0,False,,OK
002329,D:\Biology-AI\data\Task1_Segmentation\masks\002329_segmentation.png,True,4288,2848,L,2,"0,255",True,587903,12212224,0.04814053525385712,False,False,1,1.0,False,,OK
002330,D:\Biology-AI\data\Task1_Segmentation\masks\002330_segmentation.png,True,640,480,L,2,"0,255",True,90516,307200,0.2946484375,False,False,1,1.0,False,,OK
002331,D:\Biology-AI\data\Task1_Segmentation\masks\002331_segmentation.png,True,640,480,L,2,"0,255",True,130500,307200,0.4248046875,False,False,1,1.0,True,,OK
002332,D:\Biology-AI\data\Task1_Segmentation\masks\002332_segmentation.png,True,767,576,L,2,"0,255",True,56854,441792,0.12868951904968853,False,False,1,1.0,False,,OK
002333,D:\Biology-AI\data\Task1_Segmentation\masks\002333_segmentation.png,True,3072,2304,L,2,"0,255",True,327255,7077888,0.04623625013563368,False,False,1,1.0,False,,OK
002334,D:\Biology-AI\data\Task1_Segmentation\masks\002334_segmentation.png,True,6708,4439,L,2,"0,255",True,3175268,29776812,0.10663559282303291,False,False,1,1.0,False,,OK
002335,D:\Biology-AI\data\Task1_Segmentation\masks\002335_segmentation.png,True,3008,2000,L,2,"0,255",True,265916,6016000,0.04420146276595745,False,False,1,1.0,False,,OK
002336,D:\Biology-AI\data\Task1_Segmentation\masks\002336_segmentation.png,True,4288,2848,L,2,"0,255",True,1808590,12212224,0.14809669393551902,False,False,1,1.0,False,,OK
002337,D:\Biology-AI\data\Task1_Segmentation\masks\002337_segmentation.png,True,3072,2304,L,2,"0,255",True,1594248,7077888,0.2252434624565972,False,False,1,1.0,False,,OK
002338,D:\Biology-AI\data\Task1_Segmentation\masks\002338_segmentation.png,True,1024,768,L,2,"0,255",True,220286,786432,0.28010813395182294,False,False,1,1.0,False,,OK
002339,D:\Biology-AI\data\Task1_Segmentation\masks\002339_segmentation.png,True,4288,2848,L,2,"0,255",True,1614644,12212224,0.13221539336323998,False,False,1,1.0,False,,OK
002340,D:\Biology-AI\data\Task1_Segmentation\masks\002340_segmentation.png,True,1024,768,L,2,"0,255",True,365377,786432,0.4646008809407552,False,False,1,1.0,False,,OK
002341,D:\Biology-AI\data\Task1_Segmentation\masks\002341_segmentation.png,True,4288,2848,L,2,"0,255",True,132023,12212224,0.01081072538466376,False,False,1,1.0,False,,OK
002342,D:\Biology-AI\data\Task1_Segmentation\masks\002342_segmentation.png,True,1024,768,L,2,"0,255",True,179076,786432,0.2277069091796875,False,False,1,1.0,False,,OK
002343,D:\Biology-AI\data\Task1_Segmentation\masks\002343_segmentation.png,True,3024,2016,L,2,"0,255",True,708364,6096384,0.11619412425464012,False,False,1,1.0,False,,OK
002344,D:\Biology-AI\data\Task1_Segmentation\masks\002344_segmentation.png,True,4288,2848,L,2,"0,255",True,89511,12212224,0.0073296231710129126,False,False,1,1.0,False,,OK
002345,D:\Biology-AI\data\Task1_Segmentation\masks\002345_segmentation.png,True,3072,2304,L,2,"0,255",True,1422328,7077888,0.20095373083043983,False,False,1,1.0,False,,OK
002346,D:\Biology-AI\data\Task1_Segmentation\masks\002346_segmentation.png,True,3072,2304,L,2,"0,255",True,2495385,7077888,0.35256067911783856,False,False,1,1.0,False,,OK
002347,D:\Biology-AI\data\Task1_Segmentation\masks\002347_segmentation.png,True,2530,2122,L,2,"0,255",True,1878599,5368660,0.3499195329933354,False,False,1,1.0,False,,OK
002348,D:\Biology-AI\data\Task1_Segmentation\masks\002348_segmentation.png,True,3008,2000,L,2,"0,255",True,285101,6016000,0.04739045877659574,False,False,1,1.0,False,,OK
002349,D:\Biology-AI\data\Task1_Segmentation\masks\002349_segmentation.png,True,1024,768,L,2,"0,255",True,130753,786432,0.16626103719075522,False,False,1,1.0,False,,OK
002350,D:\Biology-AI\data\Task1_Segmentation\masks\002350_segmentation.png,True,1024,768,L,2,"0,255",True,406084,786432,0.5163625081380209,False,False,1,1.0,False,,OK
002351,D:\Biology-AI\data\Task1_Segmentation\masks\002351_segmentation.png,True,3072,2304,L,2,"0,255",True,2196901,7077888,0.3103893421314381,False,False,1,1.0,False,,OK
002352,D:\Biology-AI\data\Task1_Segmentation\masks\002352_segmentation.png,True,4288,2848,L,2,"0,255",True,809661,12212224,0.06629922608691095,False,False,1,1.0,False,,OK
002353,D:\Biology-AI\data\Task1_Segmentation\masks\002353_segmentation.png,True,640,480,L,2,"0,255",True,137919,307200,0.448955078125,False,False,1,1.0,False,,OK
002354,D:\Biology-AI\data\Task1_Segmentation\masks\002354_segmentation.png,True,3072,2304,L,2,"0,255",True,376481,7077888,0.053191149676287616,False,False,1,1.0,False,,OK
002355,D:\Biology-AI\data\Task1_Segmentation\masks\002355_segmentation.png,True,3024,2016,L,2,"0,255",True,342608,6096384,0.05619855967078189,False,False,1,1.0,False,,OK
002356,D:\Biology-AI\data\Task1_Segmentation\masks\002356_segmentation.png,True,4288,2848,L,2,"0,255",True,253284,12212224,0.020740202603555257,False,False,1,1.0,False,,OK
002357,D:\Biology-AI\data\Task1_Segmentation\masks\002357_segmentation.png,True,3008,2000,L,2,"0,255",True,919762,6016000,0.15288597074468085,False,False,1,1.0,False,,OK
002358,D:\Biology-AI\data\Task1_Segmentation\masks\002358_segmentation.png,True,3008,2000,L,2,"0,255",True,144076,6016000,0.02394880319148936,False,False,1,1.0,False,,OK
002359,D:\Biology-AI\data\Task1_Segmentation\masks\002359_segmentation.png,True,3008,2000,L,2,"0,255",True,185022,6016000,0.03075498670212766,False,False,1,1.0,False,,OK
002360,D:\Biology-AI\data\Task1_Segmentation\masks\002360_segmentation.png,True,3072,2304,L,2,"0,255",True,807617,7077888,0.11410423561378762,False,False,1,1.0,False,,OK
002361,D:\Biology-AI\data\Task1_Segmentation\masks\002361_segmentation.png,True,3072,2304,L,2,"0,255",True,4179020,7077888,0.590433191370081,False,False,1,1.0,False,,OK
002362,D:\Biology-AI\data\Task1_Segmentation\masks\002362_segmentation.png,True,722,542,L,2,"0,255",True,233151,391324,0.5958004109126964,False,False,1,1.0,False,,OK
002363,D:\Biology-AI\data\Task1_Segmentation\masks\002363_segmentation.png,True,6688,4419,L,2,"0,255",True,3816082,29554272,0.1291211639386685,False,False,1,1.0,False,,OK
002364,D:\Biology-AI\data\Task1_Segmentation\masks\002364_segmentation.png,True,3072,2304,L,2,"0,255",True,4457029,7077888,0.6297117162633825,False,False,1,1.0,True,,OK
002365,D:\Biology-AI\data\Task1_Segmentation\masks\002365_segmentation.png,True,640,480,L,2,"0,255",True,34020,307200,0.1107421875,False,False,1,1.0,False,,OK
002366,D:\Biology-AI\data\Task1_Segmentation\masks\002366_segmentation.png,True,4288,2848,L,2,"0,255",True,255850,12212224,0.020950319941723965,False,False,1,1.0,False,,OK
002367,D:\Biology-AI\data\Task1_Segmentation\masks\002367_segmentation.png,True,6708,4439,L,2,"0,255",True,13452862,29776812,0.4517898692445652,False,False,1,1.0,False,,OK
002368,D:\Biology-AI\data\Task1_Segmentation\masks\002368_segmentation.png,True,3872,2592,L,2,"0,255",True,697125,10036224,0.0694608848905724,False,False,1,1.0,False,,OK
002369,D:\Biology-AI\data\Task1_Segmentation\masks\002369_segmentation.png,True,3008,2000,L,2,"0,255",True,603376,6016000,0.10029521276595744,False,False,1,1.0,False,,OK
002370,D:\Biology-AI\data\Task1_Segmentation\masks\002370_segmentation.png,True,3072,2304,L,2,"0,255",True,1641874,7077888,0.2319723058629919,False,False,1,1.0,False,,OK
002371,D:\Biology-AI\data\Task1_Segmentation\masks\002371_segmentation.png,True,3072,2304,L,2,"0,255",True,803131,7077888,0.11347043072735821,False,False,1,1.0,False,,OK
002372,D:\Biology-AI\data\Task1_Segmentation\masks\002372_segmentation.png,True,3008,2000,L,2,"0,255",True,129415,6016000,0.021511801861702127,False,False,1,1.0,False,,OK
002373,D:\Biology-AI\data\Task1_Segmentation\masks\002373_segmentation.png,True,1024,768,L,2,"0,255",True,112961,786432,0.14363733927408853,False,False,1,1.0,False,,OK
002374,D:\Biology-AI\data\Task1_Segmentation\masks\002374_segmentation.png,True,3072,2304,L,1,255,True,7077888,7077888,1.0,False,True,1,1.0,True,,full_lesion_mask;very_large_lesion
002375,D:\Biology-AI\data\Task1_Segmentation\masks\002375_segmentation.png,True,3072,2304,L,2,"0,255",True,821004,7077888,0.11599561903211805,False,False,1,1.0,False,,OK
002376,D:\Biology-AI\data\Task1_Segmentation\masks\002376_segmentation.png,True,6668,4439,L,2,"0,255",True,12200224,29599252,0.41218014563340993,False,False,1,1.0,False,,OK
002377,D:\Biology-AI\data\Task1_Segmentation\masks\002377_segmentation.png,True,4288,2848,L,2,"0,255",True,790565,12212224,0.06473554694050813,False,False,1,1.0,False,,OK
002378,D:\Biology-AI\data\Task1_Segmentation\masks\002378_segmentation.png,True,4288,2848,L,2,"0,255",True,207236,12212224,0.016969554439879256,False,False,1,1.0,False,,OK
002379,D:\Biology-AI\data\Task1_Segmentation\masks\002379_segmentation.png,True,3072,2304,L,2,"0,255",True,738940,7077888,0.10440119990596065,False,False,1,1.0,False,,OK
002380,D:\Biology-AI\data\Task1_Segmentation\masks\002380_segmentation.png,True,6642,4441,L,2,"0,255",True,11235950,29497122,0.38091682300395274,False,False,1,1.0,False,,OK
002381,D:\Biology-AI\data\Task1_Segmentation\masks\002381_segmentation.png,True,2304,1536,L,2,"0,255",True,62640,3538944,0.0177001953125,False,False,1,1.0,False,,OK
002382,D:\Biology-AI\data\Task1_Segmentation\masks\002382_segmentation.png,True,2592,1944,L,2,"0,255",True,32447,5038848,0.0064393686810953615,False,False,1,1.0,False,,OK
002383,D:\Biology-AI\data\Task1_Segmentation\masks\002383_segmentation.png,True,4288,2848,L,2,"0,255",True,322941,12212224,0.026444077671683715,False,False,1,1.0,False,,OK
002384,D:\Biology-AI\data\Task1_Segmentation\masks\002384_segmentation.png,True,3008,2000,L,2,"0,255",True,78945,6016000,0.01312250664893617,False,False,1,1.0,False,,OK
002385,D:\Biology-AI\data\Task1_Segmentation\masks\002385_segmentation.png,True,3072,2304,L,2,"0,255",True,2799425,7077888,0.39551699603045426,False,False,1,1.0,False,,OK
002386,D:\Biology-AI\data\Task1_Segmentation\masks\002386_segmentation.png,True,4288,2848,L,2,"0,255",True,1178004,12212224,0.09646105410447761,False,False,1,1.0,False,,OK
002387,D:\Biology-AI\data\Task1_Segmentation\masks\002387_segmentation.png,True,767,576,L,2,"0,255",True,172842,441792,0.3912293568013907,False,False,1,1.0,False,,OK
002388,D:\Biology-AI\data\Task1_Segmentation\masks\002388_segmentation.png,True,4288,2848,L,2,"0,255",True,432468,12212224,0.035412714342612776,False,False,1,1.0,False,,OK
002389,D:\Biology-AI\data\Task1_Segmentation\masks\002389_segmentation.png,True,3008,2000,L,2,"0,255",True,398097,6016000,0.06617303856382979,False,False,1,1.0,False,,OK
002390,D:\Biology-AI\data\Task1_Segmentation\masks\002390_segmentation.png,True,4288,2848,L,2,"0,255",True,794621,12212224,0.0650676731773017,False,False,1,1.0,False,,OK
002391,D:\Biology-AI\data\Task1_Segmentation\masks\002391_segmentation.png,True,962,722,L,2,"0,255",True,351650,694564,0.5062888373137681,False,False,1,1.0,False,,OK
002392,D:\Biology-AI\data\Task1_Segmentation\masks\002392_segmentation.png,True,3008,2000,L,2,"0,255",True,906687,6016000,0.15071259973404255,False,False,1,1.0,False,,OK
002393,D:\Biology-AI\data\Task1_Segmentation\masks\002393_segmentation.png,True,6661,4441,L,2,"0,255",True,6908118,29581501,0.23352831217050143,False,False,1,1.0,False,,OK
002394,D:\Biology-AI\data\Task1_Segmentation\masks\002394_segmentation.png,True,919,802,L,2,"0,255",True,130659,737038,0.17727579853413256,False,False,1,1.0,False,,OK
002395,D:\Biology-AI\data\Task1_Segmentation\masks\002395_segmentation.png,True,3008,2000,L,2,"0,255",True,109064,6016000,0.018128989361702128,False,False,1,1.0,False,,OK
002396,D:\Biology-AI\data\Task1_Segmentation\masks\002396_segmentation.png,True,3872,2592,L,2,"0,255",True,1034217,10036224,0.103048417412764,False,False,1,1.0,False,,OK
002397,D:\Biology-AI\data\Task1_Segmentation\masks\002397_segmentation.png,True,3008,2000,L,2,"0,255",True,774948,6016000,0.12881449468085107,False,False,1,1.0,False,,OK
002398,D:\Biology-AI\data\Task1_Segmentation\masks\002398_segmentation.png,True,2592,1936,L,2,"0,255",True,1013990,5018112,0.20206603599122538,False,False,1,1.0,False,,OK
002399,D:\Biology-AI\data\Task1_Segmentation\masks\002399_segmentation.png,True,6701,4440,L,2,"0,255",True,3577165,29752440,0.12023097937513696,False,False,1,1.0,False,,OK
002400,D:\Biology-AI\data\Task1_Segmentation\masks\002400_segmentation.png,True,722,542,L,2,"0,255",True,193477,391324,0.49441639153233635,False,False,1,1.0,False,,OK
002401,D:\Biology-AI\data\Task1_Segmentation\masks\002401_segmentation.png,True,4288,2848,L,2,"0,255",True,1455516,12212224,0.1191851705307731,False,False,1,1.0,False,,OK
002402,D:\Biology-AI\data\Task1_Segmentation\masks\002402_segmentation.png,True,4288,2848,L,2,"0,255",True,2028909,12212224,0.16613755201345798,False,False,1,1.0,False,,OK
002403,D:\Biology-AI\data\Task1_Segmentation\masks\002403_segmentation.png,True,3872,2592,L,2,"0,255",True,250354,10036224,0.02494503909039894,False,False,1,1.0,False,,OK
002404,D:\Biology-AI\data\Task1_Segmentation\masks\002404_segmentation.png,True,3008,2000,L,2,"0,255",True,17908,6016000,0.0029767287234042554,False,False,1,1.0,False,,very_small_lesion
002405,D:\Biology-AI\data\Task1_Segmentation\masks\002405_segmentation.png,True,4608,3072,L,2,"0,255",True,2560232,14155776,0.1808612964771412,False,False,1,1.0,False,,OK
002406,D:\Biology-AI\data\Task1_Segmentation\masks\002406_segmentation.png,True,3008,2000,L,2,"0,255",True,923555,6016000,0.15351645611702128,False,False,1,1.0,False,,OK
002407,D:\Biology-AI\data\Task1_Segmentation\masks\002407_segmentation.png,True,718,542,L,2,"0,255",True,118352,389156,0.3041248239780448,False,False,1,1.0,False,,OK
002408,D:\Biology-AI\data\Task1_Segmentation\masks\002408_segmentation.png,True,4288,2848,L,2,"0,255",True,788520,12212224,0.0645680917742747,False,False,1,1.0,False,,OK
002409,D:\Biology-AI\data\Task1_Segmentation\masks\002409_segmentation.png,True,4288,2848,L,2,"0,255",True,331416,12212224,0.02713805446084186,False,False,1,1.0,False,,OK
002410,D:\Biology-AI\data\Task1_Segmentation\masks\002410_segmentation.png,True,640,480,L,2,"0,255",True,54232,307200,0.17653645833333334,False,False,1,1.0,False,,OK
002411,D:\Biology-AI\data\Task1_Segmentation\masks\002411_segmentation.png,True,6641,4420,L,2,"0,255",True,2930205,29353220,0.09982567500260618,False,False,1,1.0,False,,OK
002412,D:\Biology-AI\data\Task1_Segmentation\masks\002412_segmentation.png,True,1024,768,L,2,"0,255",True,71638,786432,0.09109242757161458,False,False,1,1.0,False,,OK
002413,D:\Biology-AI\data\Task1_Segmentation\masks\002413_segmentation.png,True,1024,768,L,2,"0,255",True,260226,786432,0.33089447021484375,False,False,1,1.0,False,,OK
002414,D:\Biology-AI\data\Task1_Segmentation\masks\002414_segmentation.png,True,4288,2848,L,2,"0,255",True,1017588,12212224,0.08332536317709206,False,False,1,1.0,False,,OK
002415,D:\Biology-AI\data\Task1_Segmentation\masks\002415_segmentation.png,True,3072,2304,L,2,"0,255",True,540592,7077888,0.07637758608217593,False,False,1,1.0,False,,OK
002416,D:\Biology-AI\data\Task1_Segmentation\masks\002416_segmentation.png,True,3872,2592,L,2,"0,255",True,1149716,10036224,0.11455663006325885,False,False,1,1.0,False,,OK
002417,D:\Biology-AI\data\Task1_Segmentation\masks\002417_segmentation.png,True,3072,2304,L,2,"0,255",True,902215,7077888,0.1274695219816985,False,False,1,1.0,False,,OK
002418,D:\Biology-AI\data\Task1_Segmentation\masks\002418_segmentation.png,True,3072,2304,L,2,"0,255",True,694005,7077888,0.09805255466037327,False,False,1,1.0,False,,OK
002419,D:\Biology-AI\data\Task1_Segmentation\masks\002419_segmentation.png,True,3008,2000,L,2,"0,255",True,438172,6016000,0.0728344414893617,False,False,1,1.0,False,,OK
002420,D:\Biology-AI\data\Task1_Segmentation\masks\002420_segmentation.png,True,3008,2000,L,2,"0,255",True,47384,6016000,0.007876329787234043,False,False,1,1.0,False,,OK
002421,D:\Biology-AI\data\Task1_Segmentation\masks\002421_segmentation.png,True,640,480,L,2,"0,255",True,146868,307200,0.4780859375,False,False,1,1.0,False,,OK
002422,D:\Biology-AI\data\Task1_Segmentation\masks\002422_segmentation.png,True,6708,4439,L,2,"0,255",True,13848307,29776812,0.46507016936534373,False,False,1,1.0,False,,OK
002423,D:\Biology-AI\data\Task1_Segmentation\masks\002423_segmentation.png,True,4288,2848,L,2,"0,255",True,4643404,12212224,0.3802259113491531,False,False,1,1.0,False,,OK
002424,D:\Biology-AI\data\Task1_Segmentation\masks\002424_segmentation.png,True,4288,2848,L,2,"0,255",True,414888,12212224,0.033973173109173235,False,False,1,1.0,False,,OK
002425,D:\Biology-AI\data\Task1_Segmentation\masks\002425_segmentation.png,True,4288,2848,L,2,"0,255",True,548338,12212224,0.044900748626949524,False,False,1,1.0,False,,OK
002426,D:\Biology-AI\data\Task1_Segmentation\masks\002426_segmentation.png,True,640,480,L,2,"0,255",True,56914,307200,0.18526692708333334,False,False,1,1.0,False,,OK
002427,D:\Biology-AI\data\Task1_Segmentation\masks\002427_segmentation.png,True,3872,2592,L,2,"0,255",True,218971,10036224,0.021818066236863585,False,False,1,1.0,False,,OK
002428,D:\Biology-AI\data\Task1_Segmentation\masks\002428_segmentation.png,True,3072,2304,L,2,"0,255",True,339773,7077888,0.04800485681604456,False,False,1,1.0,False,,OK
002429,D:\Biology-AI\data\Task1_Segmentation\masks\002429_segmentation.png,True,4288,2848,L,2,"0,255",True,220891,12212224,0.018087696393384204,False,False,1,1.0,False,,OK
002430,D:\Biology-AI\data\Task1_Segmentation\masks\002430_segmentation.png,True,4288,2848,L,2,"0,255",True,159084,12212224,0.013026619885124937,False,False,1,1.0,False,,OK
002431,D:\Biology-AI\data\Task1_Segmentation\masks\002431_segmentation.png,True,1024,768,L,2,"0,255",True,69258,786432,0.08806610107421875,False,False,1,1.0,False,,OK
002432,D:\Biology-AI\data\Task1_Segmentation\masks\002432_segmentation.png,True,3072,2304,L,2,"0,255",True,643460,7077888,0.09091130009403935,False,False,1,1.0,False,,OK
002433,D:\Biology-AI\data\Task1_Segmentation\masks\002433_segmentation.png,True,3008,2000,L,2,"0,255",True,79860,6016000,0.013274601063829787,False,False,1,1.0,False,,OK
002434,D:\Biology-AI\data\Task1_Segmentation\masks\002434_segmentation.png,True,640,480,L,2,"0,255",True,73782,307200,0.24017578125,False,False,1,1.0,False,,OK
002435,D:\Biology-AI\data\Task1_Segmentation\masks\002435_segmentation.png,True,6641,4441,L,2,"0,255",True,2806121,29492681,0.09514635173384203,False,False,1,1.0,False,,OK
002436,D:\Biology-AI\data\Task1_Segmentation\masks\002436_segmentation.png,True,767,576,L,2,"0,255",True,77846,441792,0.1762050919889903,False,False,1,1.0,False,,OK
002437,D:\Biology-AI\data\Task1_Segmentation\masks\002437_segmentation.png,True,3024,2016,L,2,"0,255",True,493139,6096384,0.08089040979045939,False,False,1,1.0,False,,OK
002438,D:\Biology-AI\data\Task1_Segmentation\masks\002438_segmentation.png,True,2592,1936,L,2,"0,255",True,611150,5018112,0.12178883213447607,False,False,1,1.0,False,,OK
002439,D:\Biology-AI\data\Task1_Segmentation\masks\002439_segmentation.png,True,1024,768,L,2,"0,255",True,452627,786432,0.5755449930826823,False,False,1,1.0,True,,OK
002440,D:\Biology-AI\data\Task1_Segmentation\masks\002440_segmentation.png,True,3008,2000,L,2,"0,255",True,110822,6016000,0.01842121010638298,False,False,1,1.0,False,,OK
002441,D:\Biology-AI\data\Task1_Segmentation\masks\002441_segmentation.png,True,3024,2016,L,2,"0,255",True,522771,6096384,0.08575099600025195,False,False,1,1.0,False,,OK
002442,D:\Biology-AI\data\Task1_Segmentation\masks\002442_segmentation.png,True,6688,4439,L,2,"0,255",True,6916331,29688032,0.2329669747054975,False,False,1,1.0,False,,OK
002443,D:\Biology-AI\data\Task1_Segmentation\masks\002443_segmentation.png,True,3008,2000,L,2,"0,255",True,331451,6016000,0.055094913563829784,False,False,1,1.0,False,,OK
002444,D:\Biology-AI\data\Task1_Segmentation\masks\002444_segmentation.png,True,6602,4380,L,2,"0,255",True,5130747,28916760,0.17743160022077162,False,False,1,1.0,False,,OK
002445,D:\Biology-AI\data\Task1_Segmentation\masks\002445_segmentation.png,True,4288,2848,L,2,"0,255",True,574904,12212224,0.04707610996981385,False,False,1,1.0,False,,OK
002446,D:\Biology-AI\data\Task1_Segmentation\masks\002446_segmentation.png,True,4288,2848,L,2,"0,255",True,1072419,12212224,0.0878152087613198,False,False,1,1.0,False,,OK
002447,D:\Biology-AI\data\Task1_Segmentation\masks\002447_segmentation.png,True,4288,2848,L,2,"0,255",True,226617,12212224,0.018556570858837832,False,False,1,1.0,False,,OK
002448,D:\Biology-AI\data\Task1_Segmentation\masks\002448_segmentation.png,True,1024,768,L,2,"0,255",True,109401,786432,0.13911056518554688,False,False,1,1.0,False,,OK
002449,D:\Biology-AI\data\Task1_Segmentation\masks\002449_segmentation.png,True,2592,1936,L,2,"0,255",True,699529,5018112,0.1394008344174064,False,False,1,1.0,False,,OK
002450,D:\Biology-AI\data\Task1_Segmentation\masks\002450_segmentation.png,True,3008,2000,L,2,"0,255",True,112815,6016000,0.01875249335106383,False,False,1,1.0,False,,OK
002451,D:\Biology-AI\data\Task1_Segmentation\masks\002451_segmentation.png,True,6641,4400,L,2,"0,255",True,9433108,29220400,0.32282610778771,False,False,1,1.0,False,,OK
002452,D:\Biology-AI\data\Task1_Segmentation\masks\002452_segmentation.png,True,3024,2016,L,2,"0,255",True,420513,6096384,0.06897744630259511,False,False,1,1.0,False,,OK
002453,D:\Biology-AI\data\Task1_Segmentation\masks\002453_segmentation.png,True,4288,2848,L,2,"0,255",True,381005,12212224,0.031198658000377327,False,False,1,1.0,False,,OK
002454,D:\Biology-AI\data\Task1_Segmentation\masks\002454_segmentation.png,True,4288,2848,L,2,"0,255",True,470104,12212224,0.038494544482642966,False,False,1,1.0,False,,OK
002455,D:\Biology-AI\data\Task1_Segmentation\masks\002455_segmentation.png,True,3072,2304,L,2,"0,255",True,1019454,7077888,0.1440336439344618,False,False,1,1.0,False,,OK
002456,D:\Biology-AI\data\Task1_Segmentation\masks\002456_segmentation.png,True,640,480,L,2,"0,255",True,73761,307200,0.240107421875,False,False,1,1.0,False,,OK
002457,D:\Biology-AI\data\Task1_Segmentation\masks\002457_segmentation.png,True,640,480,L,2,"0,255",True,82229,307200,0.2676725260416667,False,False,1,1.0,False,,OK
002458,D:\Biology-AI\data\Task1_Segmentation\masks\002458_segmentation.png,True,4288,2848,L,2,"0,255",True,678957,12212224,0.05559650723733859,False,False,1,1.0,False,,OK
002459,D:\Biology-AI\data\Task1_Segmentation\masks\002459_segmentation.png,True,6688,4439,L,2,"0,255",True,3619143,29688032,0.12190579018508199,False,False,1,1.0,False,,OK
002460,D:\Biology-AI\data\Task1_Segmentation\masks\002460_segmentation.png,True,1504,1129,L,2,"0,255",True,857785,1698016,0.505168973672804,False,False,1,1.0,False,,OK
002461,D:\Biology-AI\data\Task1_Segmentation\masks\002461_segmentation.png,True,6688,4439,L,2,"0,255",True,9223399,29688032,0.310677346346164,False,False,1,1.0,False,,OK
002462,D:\Biology-AI\data\Task1_Segmentation\masks\002462_segmentation.png,True,4288,2848,L,2,"0,255",True,1410436,12212224,0.11549378720861982,False,False,1,1.0,False,,OK
002463,D:\Biology-AI\data\Task1_Segmentation\masks\002463_segmentation.png,True,1024,768,L,2,"0,255",True,45574,786432,0.057950337727864586,False,False,1,1.0,False,,OK
002464,D:\Biology-AI\data\Task1_Segmentation\masks\002464_segmentation.png,True,3072,2304,L,2,"0,255",True,338057,7077888,0.047762411612051504,False,False,1,1.0,False,,OK
002465,D:\Biology-AI\data\Task1_Segmentation\masks\002465_segmentation.png,True,640,480,L,2,"0,255",True,22445,307200,0.07306315104166666,False,False,1,1.0,False,,OK
002466,D:\Biology-AI\data\Task1_Segmentation\masks\002466_segmentation.png,True,640,480,L,2,"0,255",True,252067,307200,0.8205305989583334,False,False,1,1.0,True,,OK
002467,D:\Biology-AI\data\Task1_Segmentation\masks\002467_segmentation.png,True,4288,2848,L,2,"0,255",True,526708,12212224,0.04312957246771759,False,False,1,1.0,False,,OK
002468,D:\Biology-AI\data\Task1_Segmentation\masks\002468_segmentation.png,True,3072,2304,L,2,"0,255",True,1124273,7077888,0.1588430051450376,False,False,1,1.0,False,,OK
002469,D:\Biology-AI\data\Task1_Segmentation\masks\002469_segmentation.png,True,3008,2000,L,2,"0,255",True,244290,6016000,0.04060671542553192,False,False,1,1.0,False,,OK
002470,D:\Biology-AI\data\Task1_Segmentation\masks\002470_segmentation.png,True,3072,2304,L,2,"0,255",True,1465972,7077888,0.20711997703269677,False,False,1,1.0,False,,OK
002471,D:\Biology-AI\data\Task1_Segmentation\masks\002471_segmentation.png,True,6688,4439,L,2,"0,255",True,5647983,29688032,0.19024443924070145,False,False,1,1.0,False,,OK
002472,D:\Biology-AI\data\Task1_Segmentation\masks\002472_segmentation.png,True,3072,2304,L,2,"0,255",True,478378,7077888,0.06758767587167246,False,False,1,1.0,False,,OK
002473,D:\Biology-AI\data\Task1_Segmentation\masks\002473_segmentation.png,True,3072,2304,L,2,"0,255",True,5936055,7077888,0.838676028781467,False,False,1,1.0,True,,OK
002474,D:\Biology-AI\data\Task1_Segmentation\masks\002474_segmentation.png,True,960,645,L,2,"0,255",True,110957,619200,0.17919412144702843,False,False,1,1.0,False,,OK
002475,D:\Biology-AI\data\Task1_Segmentation\masks\002475_segmentation.png,True,4288,2848,L,2,"0,255",True,3168278,12212224,0.25943497269620996,False,False,1,1.0,False,,OK
002476,D:\Biology-AI\data\Task1_Segmentation\masks\002476_segmentation.png,True,4288,2848,L,2,"0,255",True,3012932,12212224,0.24671443956481637,False,False,1,1.0,False,,OK
002477,D:\Biology-AI\data\Task1_Segmentation\masks\002477_segmentation.png,True,2048,1536,L,2,"0,255",True,693816,3145728,0.22055816650390625,False,False,1,1.0,False,,OK
002478,D:\Biology-AI\data\Task1_Segmentation\masks\002478_segmentation.png,True,6641,4440,L,2,"0,255",True,12151963,29486040,0.4121259755463942,False,False,1,1.0,False,,OK
002479,D:\Biology-AI\data\Task1_Segmentation\masks\002479_segmentation.png,True,1024,768,L,2,"0,255",True,651550,786432,0.8284886678059896,False,False,1,1.0,True,,OK
002480,D:\Biology-AI\data\Task1_Segmentation\masks\002480_segmentation.png,True,1024,768,L,2,"0,255",True,385790,786432,0.49055735270182294,False,False,1,1.0,True,,OK
002481,D:\Biology-AI\data\Task1_Segmentation\masks\002481_segmentation.png,True,4288,2848,L,2,"0,255",True,4680699,12212224,0.3832798186472832,False,False,1,1.0,False,,OK
002482,D:\Biology-AI\data\Task1_Segmentation\masks\002482_segmentation.png,True,4288,2848,L,2,"0,255",True,759322,12212224,0.06217720867222874,False,False,1,1.0,False,,OK
002483,D:\Biology-AI\data\Task1_Segmentation\masks\002483_segmentation.png,True,640,480,L,2,"0,255",True,62961,307200,0.204951171875,False,False,1,1.0,False,,OK
002484,D:\Biology-AI\data\Task1_Segmentation\masks\002484_segmentation.png,True,1022,767,L,2,"0,255",True,71899,783874,0.09172264930333192,False,False,1,1.0,False,,OK
002485,D:\Biology-AI\data\Task1_Segmentation\masks\002485_segmentation.png,True,6648,4459,L,2,"0,255",True,14649409,29643432,0.4941873464583993,False,False,1,1.0,False,,OK
002486,D:\Biology-AI\data\Task1_Segmentation\masks\002486_segmentation.png,True,4288,2848,L,2,"0,255",True,2205615,12212224,0.18060715230903068,False,False,1,1.0,False,,OK
002487,D:\Biology-AI\data\Task1_Segmentation\masks\002487_segmentation.png,True,3072,2304,L,2,"0,255",True,3484636,7077888,0.4923270896629051,False,False,1,1.0,False,,OK
002488,D:\Biology-AI\data\Task1_Segmentation\masks\002488_segmentation.png,True,4288,2848,L,2,"0,255",True,11324192,12212224,0.9272833515009223,False,False,1,1.0,True,,OK
002489,D:\Biology-AI\data\Task1_Segmentation\masks\002489_segmentation.png,True,640,480,L,2,"0,255",True,92571,307200,0.301337890625,False,False,1,1.0,False,,OK
002490,D:\Biology-AI\data\Task1_Segmentation\masks\002490_segmentation.png,True,3072,2304,L,2,"0,255",True,405014,7077888,0.05722243697554977,False,False,1,1.0,False,,OK
002491,D:\Biology-AI\data\Task1_Segmentation\masks\002491_segmentation.png,True,3072,2304,L,2,"0,255",True,2041254,7077888,0.28839874267578125,False,False,1,1.0,False,,OK
002492,D:\Biology-AI\data\Task1_Segmentation\masks\002492_segmentation.png,True,640,480,L,2,"0,255",True,140042,307200,0.45586588541666667,False,False,1,1.0,False,,OK
002493,D:\Biology-AI\data\Task1_Segmentation\masks\002493_segmentation.png,True,961,649,L,2,"0,255",True,71112,623689,0.11401836492226093,False,False,1,1.0,False,,OK
002494,D:\Biology-AI\data\Task1_Segmentation\masks\002494_segmentation.png,True,6668,4439,L,2,"0,255",True,4636556,29599252,0.15664436385081623,False,False,1,1.0,False,,OK
002495,D:\Biology-AI\data\Task1_Segmentation\masks\002495_segmentation.png,True,4288,2848,L,2,"0,255",True,1065776,12212224,0.08727124559785343,False,False,1,1.0,False,,OK
002496,D:\Biology-AI\data\Task1_Segmentation\masks\002496_segmentation.png,True,3008,2000,L,2,"0,255",True,107070,6016000,0.017797539893617022,False,False,1,1.0,False,,OK
002497,D:\Biology-AI\data\Task1_Segmentation\masks\002497_segmentation.png,True,4288,2848,L,2,"0,255",True,6141205,12212224,0.5028735961606993,False,False,1,1.0,False,,OK
002498,D:\Biology-AI\data\Task1_Segmentation\masks\002498_segmentation.png,True,3072,2304,L,2,"0,255",True,3593581,7077888,0.5077193931297019,False,False,1,1.0,True,,OK
002499,D:\Biology-AI\data\Task1_Segmentation\masks\002499_segmentation.png,True,2304,1536,L,2,"0,255",True,211341,3538944,0.05971866183810764,False,False,1,1.0,False,,OK
002500,D:\Biology-AI\data\Task1_Segmentation\masks\002500_segmentation.png,True,1024,768,L,2,"0,255",True,46995,786432,0.059757232666015625,False,False,1,1.0,False,,OK
002501,D:\Biology-AI\data\Task1_Segmentation\masks\002501_segmentation.png,True,919,802,L,2,"0,255",True,230319,737038,0.3124927072959603,False,False,1,1.0,False,,OK
002502,D:\Biology-AI\data\Task1_Segmentation\masks\002502_segmentation.png,True,3008,2000,L,2,"0,255",True,291447,6016000,0.0484453125,False,False,1,1.0,False,,OK
002503,D:\Biology-AI\data\Task1_Segmentation\masks\002503_segmentation.png,True,3008,2000,L,2,"0,255",True,62080,6016000,0.010319148936170213,False,False,1,1.0,False,,OK
002504,D:\Biology-AI\data\Task1_Segmentation\masks\002504_segmentation.png,True,3072,2304,L,2,"0,255",True,588607,7077888,0.08316138938621238,False,False,1,1.0,False,,OK
002505,D:\Biology-AI\data\Task1_Segmentation\masks\002505_segmentation.png,True,3872,2592,L,2,"0,255",True,7256068,10036224,0.7229878488164473,False,False,1,1.0,True,,OK
002506,D:\Biology-AI\data\Task1_Segmentation\masks\002506_segmentation.png,True,4288,2848,L,2,"0,255",True,718535,12212224,0.0588373583714154,False,False,1,1.0,False,,OK
002507,D:\Biology-AI\data\Task1_Segmentation\masks\002507_segmentation.png,True,1028,753,L,2,"0,255",True,277024,774084,0.35787330573942877,False,False,1,1.0,False,,OK
002508,D:\Biology-AI\data\Task1_Segmentation\masks\002508_segmentation.png,True,1024,768,L,2,"0,255",True,102787,786432,0.13070042928059897,False,False,1,1.0,False,,OK
002509,D:\Biology-AI\data\Task1_Segmentation\masks\002509_segmentation.png,True,640,480,L,2,"0,255",True,44866,307200,0.14604817708333334,False,False,1,1.0,False,,OK
002510,D:\Biology-AI\data\Task1_Segmentation\masks\002510_segmentation.png,True,6688,4459,L,2,"0,255",True,236975,29821792,0.007946370224834243,False,False,1,1.0,False,,OK
002511,D:\Biology-AI\data\Task1_Segmentation\masks\002511_segmentation.png,True,1024,768,L,2,"0,255",True,233518,786432,0.29693349202473956,False,False,1,1.0,False,,OK
002512,D:\Biology-AI\data\Task1_Segmentation\masks\002512_segmentation.png,True,640,480,L,2,"0,255",True,170444,307200,0.5548307291666666,False,False,1,1.0,False,,OK
002513,D:\Biology-AI\data\Task1_Segmentation\masks\002513_segmentation.png,True,640,480,L,2,"0,255",True,26870,307200,0.08746744791666666,False,False,1,1.0,False,,OK
002514,D:\Biology-AI\data\Task1_Segmentation\masks\002514_segmentation.png,True,6648,4439,L,2,"0,255",True,16856846,29510472,0.5712157365697167,False,False,1,1.0,False,,OK
002515,D:\Biology-AI\data\Task1_Segmentation\masks\002515_segmentation.png,True,3072,2304,L,2,"0,255",True,1299046,7077888,0.18353582311559608,False,False,1,1.0,False,,OK
002516,D:\Biology-AI\data\Task1_Segmentation\masks\002516_segmentation.png,True,1024,768,L,2,"0,255",True,159451,786432,0.20275243123372397,False,False,1,1.0,False,,OK
002517,D:\Biology-AI\data\Task1_Segmentation\masks\002517_segmentation.png,True,640,480,L,2,"0,255",True,49142,307200,0.15996744791666667,False,False,1,1.0,False,,OK
002518,D:\Biology-AI\data\Task1_Segmentation\masks\002518_segmentation.png,True,3072,2304,L,2,"0,255",True,680189,7077888,0.09610055994104456,False,False,1,1.0,False,,OK
002519,D:\Biology-AI\data\Task1_Segmentation\masks\002519_segmentation.png,True,1024,768,L,2,"0,255",True,89938,786432,0.11436208089192708,False,False,1,1.0,False,,OK
002520,D:\Biology-AI\data\Task1_Segmentation\masks\002520_segmentation.png,True,2048,1536,L,2,"0,255",True,344051,3145728,0.10937086741129558,False,False,1,1.0,False,,OK
002521,D:\Biology-AI\data\Task1_Segmentation\masks\002521_segmentation.png,True,6648,4439,L,2,"0,255",True,6736519,29510472,0.22827554232273886,False,False,1,1.0,False,,OK
002522,D:\Biology-AI\data\Task1_Segmentation\masks\002522_segmentation.png,True,6668,4418,L,2,"0,255",True,19085867,29459224,0.6478740580539393,False,False,1,1.0,True,,OK
002523,D:\Biology-AI\data\Task1_Segmentation\masks\002523_segmentation.png,True,2565,2000,L,2,"0,255",True,1164246,5130000,0.2269485380116959,False,False,1,1.0,False,,OK
002524,D:\Biology-AI\data\Task1_Segmentation\masks\002524_segmentation.png,True,919,802,L,2,"0,255",True,183760,737038,0.24932228731761455,False,False,1,1.0,False,,OK
002525,D:\Biology-AI\data\Task1_Segmentation\masks\002525_segmentation.png,True,3072,2304,L,2,"0,255",True,647457,7077888,0.09147601657443577,False,False,1,1.0,False,,OK
002526,D:\Biology-AI\data\Task1_Segmentation\masks\002526_segmentation.png,True,1024,768,L,2,"0,255",True,88982,786432,0.11314646402994792,False,False,1,1.0,False,,OK
002527,D:\Biology-AI\data\Task1_Segmentation\masks\002527_segmentation.png,True,2048,1536,L,2,"0,255",True,2940014,3145728,0.9346052805582682,False,False,1,1.0,True,,OK
002528,D:\Biology-AI\data\Task1_Segmentation\masks\002528_segmentation.png,True,640,480,L,2,"0,255",True,74120,307200,0.24127604166666666,False,False,1,1.0,False,,OK
002529,D:\Biology-AI\data\Task1_Segmentation\masks\002529_segmentation.png,True,4288,2848,L,2,"0,255",True,278966,12212224,0.0228431774589133,False,False,1,1.0,False,,OK
002530,D:\Biology-AI\data\Task1_Segmentation\masks\002530_segmentation.png,True,3072,2304,L,2,"0,255",True,1527735,7077888,0.21584616767035592,False,False,1,1.0,False,,OK
002531,D:\Biology-AI\data\Task1_Segmentation\masks\002531_segmentation.png,True,6708,4439,L,2,"0,255",True,2309949,29776812,0.07757543017029493,False,False,1,1.0,False,,OK
002532,D:\Biology-AI\data\Task1_Segmentation\masks\002532_segmentation.png,True,2583,2096,L,2,"0,255",True,360765,5413968,0.06663596829534271,False,False,1,1.0,False,,OK
002533,D:\Biology-AI\data\Task1_Segmentation\masks\002533_segmentation.png,True,2304,1536,L,2,"0,255",True,246132,3538944,0.069549560546875,False,False,1,1.0,False,,OK
002534,D:\Biology-AI\data\Task1_Segmentation\masks\002534_segmentation.png,True,4288,2848,L,2,"0,255",True,6934927,12212224,0.5678676545729918,False,False,1,1.0,False,,OK
002535,D:\Biology-AI\data\Task1_Segmentation\masks\002535_segmentation.png,True,6648,4419,L,2,"0,255",True,5273446,29377512,0.17950621550252452,False,False,1,1.0,False,,OK
002536,D:\Biology-AI\data\Task1_Segmentation\masks\002536_segmentation.png,True,4288,2848,L,2,"0,255",True,2094081,12212224,0.17147417210820895,False,False,1,1.0,False,,OK
002537,D:\Biology-AI\data\Task1_Segmentation\masks\002537_segmentation.png,True,3072,2304,L,2,"0,255",True,954806,7077888,0.13489984582971642,False,False,1,1.0,False,,OK
002538,D:\Biology-AI\data\Task1_Segmentation\masks\002538_segmentation.png,True,640,480,L,2,"0,255",True,87239,307200,0.2839811197916667,False,False,1,1.0,False,,OK
002539,D:\Biology-AI\data\Task1_Segmentation\masks\002539_segmentation.png,True,4288,2848,L,2,"0,255",True,238585,12212224,0.01953657253584605,False,False,1,1.0,False,,OK
002540,D:\Biology-AI\data\Task1_Segmentation\masks\002540_segmentation.png,True,4288,2848,L,2,"0,255",True,502555,12212224,0.04115180003249203,False,False,1,1.0,False,,OK
002541,D:\Biology-AI\data\Task1_Segmentation\masks\002541_segmentation.png,True,3024,2016,L,2,"0,255",True,131212,6096384,0.021522922440581172,False,False,1,1.0,False,,OK
002542,D:\Biology-AI\data\Task1_Segmentation\masks\002542_segmentation.png,True,3872,2592,L,2,"0,255",True,1368287,10036224,0.1363348406731456,False,False,1,1.0,False,,OK
002543,D:\Biology-AI\data\Task1_Segmentation\masks\002543_segmentation.png,True,3008,2000,L,2,"0,255",True,4841137,6016000,0.804710272606383,False,False,1,1.0,False,,OK
002544,D:\Biology-AI\data\Task1_Segmentation\masks\002544_segmentation.png,True,640,480,L,2,"0,255",True,47312,307200,0.15401041666666668,False,False,1,1.0,False,,OK
002545,D:\Biology-AI\data\Task1_Segmentation\masks\002545_segmentation.png,True,2592,1944,L,2,"0,255",True,2270664,5038848,0.4506315729309556,False,False,1,1.0,False,,OK
002546,D:\Biology-AI\data\Task1_Segmentation\masks\002546_segmentation.png,True,3072,2304,L,2,"0,255",True,3393235,7077888,0.479413491708261,False,False,1,1.0,False,,OK
002547,D:\Biology-AI\data\Task1_Segmentation\masks\002547_segmentation.png,True,1024,768,L,2,"0,255",True,510701,786432,0.649389902750651,False,False,1,1.0,False,,OK
002548,D:\Biology-AI\data\Task1_Segmentation\masks\002548_segmentation.png,True,1024,768,L,2,"0,255",True,69716,786432,0.08864847819010417,False,False,1,1.0,False,,OK
002549,D:\Biology-AI\data\Task1_Segmentation\masks\002549_segmentation.png,True,3072,2304,L,2,"0,255",True,1493189,7077888,0.21096533316153068,False,False,1,1.0,False,,OK
002550,D:\Biology-AI\data\Task1_Segmentation\masks\002550_segmentation.png,True,3024,2016,L,2,"0,255",True,696672,6096384,0.11427626606198035,False,False,1,1.0,False,,OK
002551,D:\Biology-AI\data\Task1_Segmentation\masks\002551_segmentation.png,True,1024,768,L,2,"0,255",True,67831,786432,0.08625157674153645,False,False,1,1.0,False,,OK
002552,D:\Biology-AI\data\Task1_Segmentation\masks\002552_segmentation.png,True,2344,1330,L,2,"0,255",True,783883,3117520,0.25144441735738665,False,False,1,1.0,False,,OK
002553,D:\Biology-AI\data\Task1_Segmentation\masks\002553_segmentation.png,True,1044,986,L,2,"0,255",True,270004,1029384,0.26229667451602123,False,False,1,1.0,True,,OK
002554,D:\Biology-AI\data\Task1_Segmentation\masks\002554_segmentation.png,True,6708,4439,L,2,"0,255",True,11982690,29776812,0.4024168201753767,False,False,1,1.0,True,,OK
002555,D:\Biology-AI\data\Task1_Segmentation\masks\002555_segmentation.png,True,3072,2304,L,2,"0,255",True,2427916,7077888,0.3430283157913773,False,False,1,1.0,True,,OK
002556,D:\Biology-AI\data\Task1_Segmentation\masks\002556_segmentation.png,True,640,480,L,2,"0,255",True,91637,307200,0.29829752604166665,False,False,1,1.0,False,,OK
002557,D:\Biology-AI\data\Task1_Segmentation\masks\002557_segmentation.png,True,1024,768,L,2,"0,255",True,195086,786432,0.2480646769205729,False,False,1,1.0,False,,OK
002558,D:\Biology-AI\data\Task1_Segmentation\masks\002558_segmentation.png,True,6668,4439,L,2,"0,255",True,4331132,29599252,0.14632572471763813,False,False,1,1.0,False,,OK
002559,D:\Biology-AI\data\Task1_Segmentation\masks\002559_segmentation.png,True,640,480,L,2,"0,255",True,116774,307200,0.38012369791666667,False,False,1,1.0,False,,OK
002560,D:\Biology-AI\data\Task1_Segmentation\masks\002560_segmentation.png,True,1024,768,L,2,"0,255",True,258793,786432,0.3290723164876302,False,False,1,1.0,False,,OK
002561,D:\Biology-AI\data\Task1_Segmentation\masks\002561_segmentation.png,True,767,576,L,2,"0,255",True,61276,441792,0.13869875416485586,False,False,1,1.0,False,,OK
002562,D:\Biology-AI\data\Task1_Segmentation\masks\002562_segmentation.png,True,4288,2848,L,2,"0,255",True,193853,12212224,0.015873685251760857,False,False,1,1.0,False,,OK
002563,D:\Biology-AI\data\Task1_Segmentation\masks\002563_segmentation.png,True,1024,768,L,2,"0,255",True,72814,786432,0.09258778889973958,False,False,1,1.0,False,,OK
002564,D:\Biology-AI\data\Task1_Segmentation\masks\002564_segmentation.png,True,3008,2000,L,2,"0,255",True,75301,6016000,0.012516788563829788,False,False,1,1.0,False,,OK
002565,D:\Biology-AI\data\Task1_Segmentation\masks\002565_segmentation.png,True,1024,768,L,2,"0,255",True,359391,786432,0.4569892883300781,False,False,1,1.0,False,,OK
002566,D:\Biology-AI\data\Task1_Segmentation\masks\002566_segmentation.png,True,2048,1536,L,2,"0,255",True,1537501,3145728,0.4887584050496419,False,False,1,1.0,False,,OK
002567,D:\Biology-AI\data\Task1_Segmentation\masks\002567_segmentation.png,True,3008,2000,L,2,"0,255",True,112073,6016000,0.01862915558510638,False,False,1,1.0,False,,OK
002568,D:\Biology-AI\data\Task1_Segmentation\masks\002568_segmentation.png,True,4288,2848,L,2,"0,255",True,258917,12212224,0.02120146174849069,False,False,1,1.0,False,,OK
002569,D:\Biology-AI\data\Task1_Segmentation\masks\002569_segmentation.png,True,6648,4419,L,2,"0,255",True,6776275,29377512,0.23066197709322694,False,False,1,1.0,False,,OK
002570,D:\Biology-AI\data\Task1_Segmentation\masks\002570_segmentation.png,True,4288,2848,L,2,"0,255",True,1265311,12212224,0.10361020236772597,False,False,1,1.0,False,,OK
002571,D:\Biology-AI\data\Task1_Segmentation\masks\002571_segmentation.png,True,4288,2848,L,2,"0,255",True,1490616,12212224,0.12205933988764045,False,False,1,1.0,False,,OK
002572,D:\Biology-AI\data\Task1_Segmentation\masks\002572_segmentation.png,True,1022,767,L,2,"0,255",True,216167,783874,0.2757675340679752,False,False,1,1.0,False,,OK
002573,D:\Biology-AI\data\Task1_Segmentation\masks\002573_segmentation.png,True,4288,2848,L,2,"0,255",True,380432,12212224,0.031151737799765218,False,False,1,1.0,False,,OK
002574,D:\Biology-AI\data\Task1_Segmentation\masks\002574_segmentation.png,True,767,576,L,2,"0,255",True,39482,441792,0.08936784731276257,False,False,1,1.0,False,,OK
002575,D:\Biology-AI\data\Task1_Segmentation\masks\002575_segmentation.png,True,6687,4439,L,2,"0,255",True,17345853,29683593,0.5843582682190798,False,False,1,1.0,True,,OK
002576,D:\Biology-AI\data\Task1_Segmentation\masks\002576_segmentation.png,True,1024,768,L,2,"0,255",True,118025,786432,0.15007654825846353,False,False,1,1.0,False,,OK
002577,D:\Biology-AI\data\Task1_Segmentation\masks\002577_segmentation.png,True,1024,768,L,2,"0,255",True,438176,786432,0.5571695963541666,False,False,1,1.0,False,,OK
002578,D:\Biology-AI\data\Task1_Segmentation\masks\002578_segmentation.png,True,4288,2848,L,2,"0,255",True,841862,12212224,0.06893601034504444,False,False,1,1.0,False,,OK
002579,D:\Biology-AI\data\Task1_Segmentation\masks\002579_segmentation.png,True,3072,2304,L,2,"0,255",True,725109,7077888,0.10244708591037327,False,False,1,1.0,False,,OK
002580,D:\Biology-AI\data\Task1_Segmentation\masks\002580_segmentation.png,True,3072,2304,L,2,"0,255",True,2739671,7077888,0.3870746471263744,False,False,1,1.0,False,,OK
002581,D:\Biology-AI\data\Task1_Segmentation\masks\002581_segmentation.png,True,3072,2304,L,2,"0,255",True,1361840,7077888,0.19240767867476852,False,False,1,1.0,False,,OK
002582,D:\Biology-AI\data\Task1_Segmentation\masks\002582_segmentation.png,True,4288,2848,L,2,"0,255",True,1606568,12212224,0.1315540887556599,False,False,1,1.0,False,,OK
002583,D:\Biology-AI\data\Task1_Segmentation\masks\002583_segmentation.png,True,1024,768,L,2,"0,255",True,263282,786432,0.33478037516276044,False,False,1,1.0,False,,OK
002584,D:\Biology-AI\data\Task1_Segmentation\masks\002584_segmentation.png,True,919,802,L,2,"0,255",True,114693,737038,0.155613414776443,False,False,1,1.0,False,,OK
002585,D:\Biology-AI\data\Task1_Segmentation\masks\002585_segmentation.png,True,3872,2592,L,2,"0,255",True,340150,10036224,0.033892228790429545,False,False,1,1.0,False,,OK
002586,D:\Biology-AI\data\Task1_Segmentation\masks\002586_segmentation.png,True,1024,768,L,2,"0,255",True,357984,786432,0.4552001953125,False,False,1,1.0,False,,OK
002587,D:\Biology-AI\data\Task1_Segmentation\masks\002587_segmentation.png,True,4288,2848,L,2,"0,255",True,449094,12212224,0.03677413712686567,False,False,1,1.0,False,,OK
002588,D:\Biology-AI\data\Task1_Segmentation\masks\002588_segmentation.png,True,6681,4422,L,2,"0,255",True,11913940,29543382,0.4032693345670445,False,False,1,1.0,False,,OK
002589,D:\Biology-AI\data\Task1_Segmentation\masks\002589_segmentation.png,True,2469,2232,L,2,"0,255",True,647998,5510808,0.11758674952928863,False,False,1,1.0,False,,OK
002590,D:\Biology-AI\data\Task1_Segmentation\masks\002590_segmentation.png,True,3872,2592,L,2,"0,255",True,378000,10036224,0.03766356749311295,False,False,1,1.0,False,,OK
002591,D:\Biology-AI\data\Task1_Segmentation\masks\002591_segmentation.png,True,3072,2304,L,2,"0,255",True,1152774,7077888,0.1628697713216146,False,False,1,1.0,False,,OK
002592,D:\Biology-AI\data\Task1_Segmentation\masks\002592_segmentation.png,True,3008,2000,L,2,"0,255",True,194086,6016000,0.03226163563829787,False,False,1,1.0,False,,OK
002593,D:\Biology-AI\data\Task1_Segmentation\masks\002593_segmentation.png,True,4288,2848,L,2,"0,255",True,1537690,12212224,0.1259140022325172,False,False,1,1.0,False,,OK
002594,D:\Biology-AI\data\Task1_Segmentation\masks\002594_segmentation.png,True,4288,2848,L,2,"0,255",True,598470,12212224,0.04900581581209123,False,False,1,1.0,False,,OK
002595,D:\Biology-AI\data\Task1_Segmentation\masks\002595_segmentation.png,True,640,480,L,2,"0,255",True,109663,307200,0.35697591145833335,False,False,1,1.0,True,,OK
002596,D:\Biology-AI\data\Task1_Segmentation\masks\002596_segmentation.png,True,6648,4439,L,2,"0,255",True,19523530,29510472,0.6615797266814303,False,False,1,1.0,True,,OK
002597,D:\Biology-AI\data\Task1_Segmentation\masks\002597_segmentation.png,True,1024,768,L,2,"0,255",True,188974,786432,0.2402928670247396,False,False,1,1.0,False,,OK
002598,D:\Biology-AI\data\Task1_Segmentation\masks\002598_segmentation.png,True,2441,1565,L,2,"0,255",True,2199939,3820165,0.5758753875814264,False,False,1,1.0,False,,OK
002599,D:\Biology-AI\data\Task1_Segmentation\masks\002599_segmentation.png,True,640,480,L,2,"0,255",True,21241,307200,0.06914388020833333,False,False,1,1.0,False,,OK
002600,D:\Biology-AI\data\Task1_Segmentation\masks\002600_segmentation.png,True,640,480,L,2,"0,255",True,31909,307200,0.10387044270833333,False,False,1,1.0,False,,OK
002601,D:\Biology-AI\data\Task1_Segmentation\masks\002601_segmentation.png,True,3008,2000,L,2,"0,255",True,435348,6016000,0.07236502659574467,False,False,1,1.0,False,,OK
002602,D:\Biology-AI\data\Task1_Segmentation\masks\002602_segmentation.png,True,6648,4439,L,2,"0,255",True,14339423,29510472,0.4859096459046809,False,False,1,1.0,True,,OK
002603,D:\Biology-AI\data\Task1_Segmentation\masks\002603_segmentation.png,True,3024,2016,L,2,"0,255",True,608876,6096384,0.09987494226085496,False,False,1,1.0,False,,OK
002604,D:\Biology-AI\data\Task1_Segmentation\masks\002604_segmentation.png,True,2664,2124,L,2,"0,255",True,1920692,5658336,0.3394446706593599,False,False,1,1.0,False,,OK
002605,D:\Biology-AI\data\Task1_Segmentation\masks\002605_segmentation.png,True,3072,2304,L,2,"0,255",True,3597579,7077888,0.5082842508951823,False,False,1,1.0,False,,OK
002606,D:\Biology-AI\data\Task1_Segmentation\masks\002606_segmentation.png,True,640,480,L,2,"0,255",True,109775,307200,0.3573404947916667,False,False,1,1.0,True,,OK
002607,D:\Biology-AI\data\Task1_Segmentation\masks\002607_segmentation.png,True,6601,4380,L,2,"0,255",True,881135,28912380,0.0304760452096991,False,False,1,1.0,False,,OK
002608,D:\Biology-AI\data\Task1_Segmentation\masks\002608_segmentation.png,True,4288,2848,L,2,"0,255",True,469897,12212224,0.038477594253102466,False,False,1,1.0,False,,OK
002609,D:\Biology-AI\data\Task1_Segmentation\masks\002609_segmentation.png,True,4288,2848,L,2,"0,255",True,476683,12212224,0.03903326699543015,False,False,1,1.0,False,,OK
002610,D:\Biology-AI\data\Task1_Segmentation\masks\002610_segmentation.png,True,576,768,L,2,"0,255",True,195700,442368,0.44239185474537035,False,False,1,1.0,False,,OK
002611,D:\Biology-AI\data\Task1_Segmentation\masks\002611_segmentation.png,True,4288,2848,L,2,"0,255",True,148708,12212224,0.01217697939376153,False,False,1,1.0,False,,OK
002612,D:\Biology-AI\data\Task1_Segmentation\masks\002612_segmentation.png,True,6628,4399,L,2,"0,255",True,6901568,29156572,0.23670711357974455,False,False,1,1.0,False,,OK
002613,D:\Biology-AI\data\Task1_Segmentation\masks\002613_segmentation.png,True,767,576,L,2,"0,255",True,48258,441792,0.10923239895697523,False,False,1,1.0,False,,OK
002614,D:\Biology-AI\data\Task1_Segmentation\masks\002614_segmentation.png,True,4288,2848,L,2,"0,255",True,579718,12212224,0.04747030516308905,False,False,1,1.0,False,,OK
002615,D:\Biology-AI\data\Task1_Segmentation\masks\002615_segmentation.png,True,4288,2848,L,2,"0,255",True,115429,12212224,0.00945192292575046,False,False,1,1.0,False,,OK
002616,D:\Biology-AI\data\Task1_Segmentation\masks\002616_segmentation.png,True,767,576,L,2,"0,255",True,326241,441792,0.7384493155149935,False,False,1,1.0,False,,OK
002617,D:\Biology-AI\data\Task1_Segmentation\masks\002617_segmentation.png,True,3072,2304,L,2,"0,255",True,390654,7077888,0.055193583170572914,False,False,1,1.0,False,,OK
002618,D:\Biology-AI\data\Task1_Segmentation\masks\002618_segmentation.png,True,4288,2848,L,2,"0,255",True,3511086,12212224,0.28750586297794734,False,False,1,1.0,False,,OK
002619,D:\Biology-AI\data\Task1_Segmentation\masks\002619_segmentation.png,True,1024,768,L,2,"0,255",True,471589,786432,0.5996564229329427,False,False,1,1.0,False,,OK
002620,D:\Biology-AI\data\Task1_Segmentation\masks\002620_segmentation.png,True,962,723,L,2,"0,255",True,220278,695526,0.31670706774441215,False,False,1,1.0,False,,OK
002621,D:\Biology-AI\data\Task1_Segmentation\masks\002621_segmentation.png,True,1024,768,L,2,"0,255",True,107599,786432,0.13681920369466147,False,False,1,1.0,False,,OK
002622,D:\Biology-AI\data\Task1_Segmentation\masks\002622_segmentation.png,True,3008,2000,L,2,"0,255",True,167053,6016000,0.02776811835106383,False,False,1,1.0,False,,OK
002623,D:\Biology-AI\data\Task1_Segmentation\masks\002623_segmentation.png,True,3008,2000,L,2,"0,255",True,60364,6016000,0.010033909574468085,False,False,1,1.0,False,,OK
002624,D:\Biology-AI\data\Task1_Segmentation\masks\002624_segmentation.png,True,4288,2848,L,2,"0,255",True,331303,12212224,0.027128801436986417,False,False,1,1.0,False,,OK
002625,D:\Biology-AI\data\Task1_Segmentation\masks\002625_segmentation.png,True,4288,2848,L,2,"0,255",True,763683,12212224,0.06253430988491532,False,False,1,1.0,False,,OK
002626,D:\Biology-AI\data\Task1_Segmentation\masks\002626_segmentation.png,True,1024,768,L,2,"0,255",True,562439,786432,0.7151781717936198,False,False,1,1.0,True,,OK
002627,D:\Biology-AI\data\Task1_Segmentation\masks\002627_segmentation.png,True,6642,4441,L,2,"0,255",True,3187784,29497122,0.10807101791151015,False,False,1,1.0,False,,OK
002628,D:\Biology-AI\data\Task1_Segmentation\masks\002628_segmentation.png,True,1504,1129,L,2,"0,255",True,359096,1698016,0.21147975048527223,False,False,1,1.0,False,,OK
002629,D:\Biology-AI\data\Task1_Segmentation\masks\002629_segmentation.png,True,919,802,L,2,"0,255",True,333611,737038,0.45263744881539353,False,False,1,1.0,False,,OK
002630,D:\Biology-AI\data\Task1_Segmentation\masks\002630_segmentation.png,True,3072,2304,L,2,"0,255",True,1261628,7077888,0.17824921784577547,False,False,1,1.0,False,,OK
002631,D:\Biology-AI\data\Task1_Segmentation\masks\002631_segmentation.png,True,1024,768,L,2,"0,255",True,156441,786432,0.19892501831054688,False,False,1,1.0,False,,OK
002632,D:\Biology-AI\data\Task1_Segmentation\masks\002632_segmentation.png,True,640,480,L,2,"0,255",True,86393,307200,0.2812272135416667,False,False,1,1.0,False,,OK
002633,D:\Biology-AI\data\Task1_Segmentation\masks\002633_segmentation.png,True,3008,2000,L,2,"0,255",True,302662,6016000,0.050309507978723404,False,False,1,1.0,False,,OK
002634,D:\Biology-AI\data\Task1_Segmentation\masks\002634_segmentation.png,True,3072,2304,L,2,"0,255",True,1222316,7077888,0.17269501862702547,False,False,1,1.0,False,,OK
002635,D:\Biology-AI\data\Task1_Segmentation\masks\002635_segmentation.png,True,1024,768,L,2,"0,255",True,93344,786432,0.11869303385416667,False,False,1,1.0,False,,OK
002636,D:\Biology-AI\data\Task1_Segmentation\masks\002636_segmentation.png,True,1062,701,L,2,"0,255",True,635029,744462,0.8530039142360524,False,False,1,1.0,False,,OK
002637,D:\Biology-AI\data\Task1_Segmentation\masks\002637_segmentation.png,True,1024,768,L,2,"0,255",True,194152,786432,0.24687703450520834,False,False,1,1.0,False,,OK
002638,D:\Biology-AI\data\Task1_Segmentation\masks\002638_segmentation.png,True,3024,2016,L,2,"0,255",True,423512,6096384,0.06946937725707567,False,False,1,1.0,False,,OK
002639,D:\Biology-AI\data\Task1_Segmentation\masks\002639_segmentation.png,True,2048,1536,L,2,"0,255",True,1685216,3145728,0.5357157389322916,False,False,1,1.0,True,,OK
002640,D:\Biology-AI\data\Task1_Segmentation\masks\002640_segmentation.png,True,1504,1129,L,2,"0,255",True,543000,1698016,0.3197849725797637,False,False,1,1.0,False,,OK
002641,D:\Biology-AI\data\Task1_Segmentation\masks\002641_segmentation.png,True,4288,2848,L,2,"0,255",True,481341,12212224,0.03941468810267483,False,False,1,1.0,False,,OK
002642,D:\Biology-AI\data\Task1_Segmentation\masks\002642_segmentation.png,True,3072,2304,L,2,"0,255",True,550581,7077888,0.07778888278537327,False,False,1,1.0,False,,OK
002643,D:\Biology-AI\data\Task1_Segmentation\masks\002643_segmentation.png,True,3872,2592,L,2,"0,255",True,141631,10036224,0.014111980760891745,False,False,1,1.0,False,,OK
002644,D:\Biology-AI\data\Task1_Segmentation\masks\002644_segmentation.png,True,1024,768,L,2,"0,255",True,659988,786432,0.8392181396484375,False,False,1,1.0,True,,OK
002645,D:\Biology-AI\data\Task1_Segmentation\masks\002645_segmentation.png,True,3008,2000,L,2,"0,255",True,165365,6016000,0.02748753324468085,False,False,1,1.0,False,,OK
002646,D:\Biology-AI\data\Task1_Segmentation\masks\002646_segmentation.png,True,1024,768,L,2,"0,255",True,490970,786432,0.6243006388346354,False,False,1,1.0,False,,OK
002647,D:\Biology-AI\data\Task1_Segmentation\masks\002647_segmentation.png,True,919,802,L,2,"0,255",True,111375,737038,0.15111161161296977,False,False,1,1.0,False,,OK
002648,D:\Biology-AI\data\Task1_Segmentation\masks\002648_segmentation.png,True,1024,768,L,2,"0,255",True,484893,786432,0.6165733337402344,False,False,1,1.0,True,,OK
002649,D:\Biology-AI\data\Task1_Segmentation\masks\002649_segmentation.png,True,6641,4440,L,2,"0,255",True,12049938,29486040,0.4086658635747628,False,False,1,1.0,False,,OK
002650,D:\Biology-AI\data\Task1_Segmentation\masks\002650_segmentation.png,True,6642,4401,L,2,"0,255",True,13806852,29231442,0.4723288026639261,False,False,1,1.0,False,,OK
002651,D:\Biology-AI\data\Task1_Segmentation\masks\002651_segmentation.png,True,6688,4459,L,2,"0,255",True,3524474,29821792,0.1181845141968665,False,False,1,1.0,False,,OK
002652,D:\Biology-AI\data\Task1_Segmentation\masks\002652_segmentation.png,True,1024,768,L,2,"0,255",True,108275,786432,0.13767878214518228,False,False,1,1.0,False,,OK
002653,D:\Biology-AI\data\Task1_Segmentation\masks\002653_segmentation.png,True,4288,2848,L,2,"0,255",True,176779,12212224,0.014475577912753647,False,False,1,1.0,False,,OK
002654,D:\Biology-AI\data\Task1_Segmentation\masks\002654_segmentation.png,True,1024,768,L,2,"0,255",True,275221,786432,0.3499615987141927,False,False,1,1.0,False,,OK
002655,D:\Biology-AI\data\Task1_Segmentation\masks\002655_segmentation.png,True,3872,2592,L,2,"0,255",True,7259625,10036224,0.7233422649793388,False,False,1,1.0,True,,OK
002656,D:\Biology-AI\data\Task1_Segmentation\masks\002656_segmentation.png,True,1024,768,L,2,"0,255",True,419255,786432,0.5331103006998698,False,False,1,1.0,False,,OK
002657,D:\Biology-AI\data\Task1_Segmentation\masks\002657_segmentation.png,True,6622,4401,L,2,"0,255",True,6673503,29143422,0.22898831166772385,False,False,1,1.0,False,,OK
002658,D:\Biology-AI\data\Task1_Segmentation\masks\002658_segmentation.png,True,4288,2848,L,2,"0,255",True,366687,12212224,0.030026226181242663,False,False,1,1.0,False,,OK
002659,D:\Biology-AI\data\Task1_Segmentation\masks\002659_segmentation.png,True,3072,2304,L,2,"0,255",True,2428016,7077888,0.34304244429976855,False,False,1,1.0,False,,OK
002660,D:\Biology-AI\data\Task1_Segmentation\masks\002660_segmentation.png,True,1024,768,L,2,"0,255",True,228894,786432,0.29105377197265625,False,False,1,1.0,False,,OK
002661,D:\Biology-AI\data\Task1_Segmentation\masks\002661_segmentation.png,True,3024,2016,L,2,"0,255",True,341147,6096384,0.05595890941253044,False,False,1,1.0,False,,OK
002662,D:\Biology-AI\data\Task1_Segmentation\masks\002662_segmentation.png,True,1024,768,L,2,"0,255",True,123734,786432,0.1573359171549479,False,False,1,1.0,False,,OK
002663,D:\Biology-AI\data\Task1_Segmentation\masks\002663_segmentation.png,True,3072,2304,L,2,"0,255",True,955345,7077888,0.13497599848994501,False,False,1,1.0,False,,OK
002664,D:\Biology-AI\data\Task1_Segmentation\masks\002664_segmentation.png,True,4288,2848,L,2,"0,255",True,374976,12212224,0.030704972329364415,False,False,1,1.0,False,,OK
002665,D:\Biology-AI\data\Task1_Segmentation\masks\002665_segmentation.png,True,1024,768,L,2,"0,255",True,59164,786432,0.07523091634114583,False,False,1,1.0,False,,OK
002666,D:\Biology-AI\data\Task1_Segmentation\masks\002666_segmentation.png,True,3072,2304,L,2,"0,255",True,206800,7077888,0.02921775535300926,False,False,1,1.0,False,,OK
002667,D:\Biology-AI\data\Task1_Segmentation\masks\002667_segmentation.png,True,3008,2000,L,2,"0,255",True,117069,6016000,0.019459607712765958,False,False,1,1.0,False,,OK
002668,D:\Biology-AI\data\Task1_Segmentation\masks\002668_segmentation.png,True,3008,2000,L,2,"0,255",True,429033,6016000,0.07131532579787234,False,False,1,1.0,False,,OK
002669,D:\Biology-AI\data\Task1_Segmentation\masks\002669_segmentation.png,True,2048,1536,L,2,"0,255",True,549432,3145728,0.17465972900390625,False,False,1,1.0,False,,OK
002670,D:\Biology-AI\data\Task1_Segmentation\masks\002670_segmentation.png,True,4288,2848,L,2,"0,255",True,4205941,12212224,0.34440418059806305,False,False,1,1.0,False,,OK
002671,D:\Biology-AI\data\Task1_Segmentation\masks\002671_segmentation.png,True,2048,1536,L,2,"0,255",True,1209336,3145728,0.38443756103515625,False,False,1,1.0,False,,OK
002672,D:\Biology-AI\data\Task1_Segmentation\masks\002672_segmentation.png,True,6642,4422,L,2,"0,255",True,6038997,29370924,0.2056114067095744,False,False,1,1.0,False,,OK
002673,D:\Biology-AI\data\Task1_Segmentation\masks\002673_segmentation.png,True,6688,4439,L,2,"0,255",True,13929155,29688032,0.4691841816931483,False,False,1,1.0,False,,OK
002674,D:\Biology-AI\data\Task1_Segmentation\masks\002674_segmentation.png,True,640,480,L,2,"0,255",True,95853,307200,0.312021484375,False,False,1,1.0,False,,OK
002675,D:\Biology-AI\data\Task1_Segmentation\masks\002675_segmentation.png,True,3872,2592,L,2,"0,255",True,254836,10036224,0.02539162139067442,False,False,1,1.0,False,,OK
002676,D:\Biology-AI\data\Task1_Segmentation\masks\002676_segmentation.png,True,6642,4422,L,2,"0,255",True,8367894,29370924,0.28490400914863967,False,False,1,1.0,False,,OK
002677,D:\Biology-AI\data\Task1_Segmentation\masks\002677_segmentation.png,True,3008,2000,L,2,"0,255",True,157552,6016000,0.026188829787234042,False,False,1,1.0,False,,OK
002678,D:\Biology-AI\data\Task1_Segmentation\masks\002678_segmentation.png,True,1024,768,L,2,"0,255",True,146209,786432,0.18591435750325522,False,False,1,1.0,False,,OK
002679,D:\Biology-AI\data\Task1_Segmentation\masks\002679_segmentation.png,True,3072,2304,L,2,"0,255",True,234811,7077888,0.03317529183846933,False,False,1,1.0,False,,OK
002680,D:\Biology-AI\data\Task1_Segmentation\masks\002680_segmentation.png,True,1024,768,L,2,"0,255",True,40033,786432,0.05090459187825521,False,False,1,1.0,False,,OK
002681,D:\Biology-AI\data\Task1_Segmentation\masks\002681_segmentation.png,True,3008,2000,L,2,"0,255",True,141776,6016000,0.023566489361702126,False,False,1,1.0,False,,OK
002682,D:\Biology-AI\data\Task1_Segmentation\masks\002682_segmentation.png,True,919,802,L,2,"0,255",True,128085,737038,0.17378344128796616,False,False,1,1.0,False,,OK
002683,D:\Biology-AI\data\Task1_Segmentation\masks\002683_segmentation.png,True,1022,767,L,2,"0,255",True,485147,783874,0.6189094165643968,False,False,1,1.0,False,,OK
002684,D:\Biology-AI\data\Task1_Segmentation\masks\002684_segmentation.png,True,4288,2848,L,2,"0,255",True,467547,12212224,0.03828516411097602,False,False,1,1.0,False,,OK
002685,D:\Biology-AI\data\Task1_Segmentation\masks\002685_segmentation.png,True,4288,2848,L,2,"0,255",True,358784,12212224,0.029379087707529766,False,False,1,1.0,False,,OK
002686,D:\Biology-AI\data\Task1_Segmentation\masks\002686_segmentation.png,True,6681,4422,L,2,"0,255",True,9103204,29543382,0.3081300576894006,False,False,1,1.0,False,,OK
002687,D:\Biology-AI\data\Task1_Segmentation\masks\002687_segmentation.png,True,4288,2848,L,2,"0,255",True,543122,12212224,0.04447363559659567,False,False,1,1.0,False,,OK
002688,D:\Biology-AI\data\Task1_Segmentation\masks\002688_segmentation.png,True,1024,768,L,2,"0,255",True,198295,786432,0.25214513142903644,False,False,1,1.0,False,,OK
002689,D:\Biology-AI\data\Task1_Segmentation\masks\002689_segmentation.png,True,6668,4459,L,2,"0,255",True,4619393,29732612,0.15536452027827222,False,False,1,1.0,False,,OK
002690,D:\Biology-AI\data\Task1_Segmentation\masks\002690_segmentation.png,True,3072,2304,L,2,"0,255",True,496641,7077888,0.07016796535915798,False,False,1,1.0,False,,OK
002691,D:\Biology-AI\data\Task1_Segmentation\masks\002691_segmentation.png,True,3072,2304,L,2,"0,255",True,2638816,7077888,0.37282533998842593,False,False,1,1.0,False,,OK
002692,D:\Biology-AI\data\Task1_Segmentation\masks\002692_segmentation.png,True,1024,768,L,2,"0,255",True,320091,786432,0.4070167541503906,False,False,1,1.0,False,,OK
002693,D:\Biology-AI\data\Task1_Segmentation\masks\002693_segmentation.png,True,3072,2304,L,2,"0,255",True,1351477,7077888,0.19094354135018807,False,False,1,1.0,False,,OK
002694,D:\Biology-AI\data\Task1_Segmentation\masks\002694_segmentation.png,True,1024,768,L,2,"0,255",True,64116,786432,0.0815277099609375,False,False,1,1.0,False,,OK
002695,D:\Biology-AI\data\Task1_Segmentation\masks\002695_segmentation.png,True,6622,4400,L,2,"0,255",True,3954604,29136800,0.13572540567255156,False,False,1,1.0,False,,OK
002696,D:\Biology-AI\data\Task1_Segmentation\masks\002696_segmentation.png,True,1504,1129,L,2,"0,255",True,546475,1698016,0.32183147861975386,False,False,1,1.0,False,,OK
002697,D:\Biology-AI\data\Task1_Segmentation\masks\002697_segmentation.png,True,3072,2304,L,2,"0,255",True,2485492,7077888,0.35116294578269674,False,False,1,1.0,False,,OK
002698,D:\Biology-AI\data\Task1_Segmentation\masks\002698_segmentation.png,True,1024,768,L,2,"0,255",True,96239,786432,0.1223742167154948,False,False,1,1.0,False,,OK
002699,D:\Biology-AI\data\Task1_Segmentation\masks\002699_segmentation.png,True,6681,4440,L,2,"0,255",True,9693505,29663640,0.32678069852519787,False,False,1,1.0,False,,OK
002700,D:\Biology-AI\data\Task1_Segmentation\masks\002700_segmentation.png,True,1024,768,L,2,"0,255",True,645943,786432,0.8213589986165365,False,False,1,1.0,True,,OK
