image_id,pigment_network,negative_network,streaks,milia_like_cysts,globules,lesion_area_ratio,area_bin,n_attributes,no_attributes,many_attributes,tiny_lesion,huge_lesion
000001,1,0,0,0,0,0.5251236979166667,4,1,0,0,0,1
000002,1,0,1,0,0,0.009418384308510639,0,2,0,0,1,0
000003,1,0,1,0,1,0.06481004892403516,1,3,0,1,0,0
000004,1,0,0,0,0,0.054737091064453125,1,1,0,0,0,0
000005,1,1,0,0,1,0.7110546834923567,4,3,0,1,0,1
000006,0,0,0,0,0,0.007529101889955799,0,0,1,0,1,0
000007,0,0,0,0,1,0.09756103858547467,1,1,0,0,0,0
000008,0,0,0,0,1,0.030911650490524904,0,1,0,0,0,0
000009,1,0,0,0,0,0.05556449013709542,1,1,0,0,0,0
000010,0,0,0,0,0,0.17712495053050148,2,0,1,0,0,0
000011,0,0,0,0,1,0.5254640873333533,4,1,0,0,0,1
000012,0,0,0,0,0,0.209033203125,2,0,1,0,0,0
000013,1,0,0,0,0,0.13981770833333335,2,1,0,0,0,0
000014,0,0,0,0,0,0.05462353171870217,1,0,1,0,0,0
000015,1,0,1,0,0,0.011862533244680852,0,2,0,0,1,0
000016,0,0,0,0,0,0.3939697830765336,4,0,1,0,0,0
000017,0,0,0,1,0,0.05409276803307899,1,1,0,0,0,0
000018,0,0,0,0,0,0.09657267514156719,1,0,1,0,0,0
000019,0,0,0,0,0,0.03233048604734211,0,0,1,0,0,0
000020,1,0,0,0,0,0.013844414893617022,0,1,0,0,1,0
000021,0,0,0,1,1,0.04878587225389904,0,2,0,0,0,0
000022,0,0,0,0,0,0.029493481285636426,0,0,1,0,0,0
000023,1,0,0,0,0,0.3300648268868608,3,1,0,0,0,0
000024,1,0,0,1,0,0.04604221125178466,0,2,0,0,0,0
000025,1,0,0,1,0,0.8464304606119791,4,2,0,0,0,1
000026,1,0,0,0,0,0.027322705512116383,0,1,0,0,0,0
000027,0,0,0,1,0,0.03657990551106825,0,1,0,0,0,0
000028,0,1,0,0,0,0.18619791666666666,2,1,0,0,0,0
000029,0,0,0,0,0,0.15851838289241993,2,0,1,0,0,0
000030,0,0,0,1,1,0.022195465789032365,0,2,0,0,0,0
000031,1,0,0,0,0,0.2753659001103154,3,1,0,0,0,0
000032,1,0,0,0,0,0.1646092849715226,2,1,0,0,0,0
000033,0,0,0,0,0,0.028225731382978722,0,0,1,0,0,0
000034,1,0,0,0,0,0.4676869710286458,4,1,0,0,0,0
000035,0,0,1,0,0,0.15102007737293227,2,1,0,0,0,0
000036,1,0,0,1,0,0.12399037679036458,2,2,0,0,0,0
000037,0,1,0,0,0,0.2510844868647356,3,1,0,0,0,0
000038,0,0,0,1,0,0.07212379989099446,1,1,0,0,0,0
000039,1,0,0,0,0,0.6399004904110005,4,1,0,0,0,1
000040,0,0,0,0,1,0.3948191933240612,4,1,0,0,0,0
000041,1,0,0,0,0,0.011463597074468085,0,1,0,0,1,0
000042,0,0,0,0,0,0.1339194686324508,2,0,1,0,0,0
000043,1,1,0,0,1,0.1597569783528646,2,3,0,1,0,0
000044,0,0,0,0,0,0.12669177172609938,2,0,1,0,0,0
000045,1,0,0,0,1,0.009779753989361702,0,2,0,0,1,0
000046,1,0,0,0,0,0.28649308946397567,3,1,0,0,0,0
000047,0,1,0,0,1,0.22826653939706307,3,2,0,0,0,0
000048,0,0,0,1,0,0.03224081088664422,0,1,0,0,0,0
000049,1,0,0,1,0,0.64068603515625,4,2,0,0,0,1
000050,0,0,0,0,0,0.12132898966471355,2,0,1,0,0,0
000051,1,0,0,0,0,0.40905091589242976,4,1,0,0,0,0
000052,1,0,0,0,1,0.06295355703499643,1,2,0,0,0,0
000053,1,0,0,0,1,0.10904693603515625,1,2,0,0,0,0
000054,1,0,0,0,0,0.6508910604841877,4,1,0,0,0,1
000055,1,0,1,0,1,0.22772481167608286,3,3,0,1,0,0
000056,0,0,0,0,1,0.5815278407937423,4,1,0,0,0,1
000057,0,0,0,0,0,0.6695182291666667,4,0,1,0,0,1
000058,0,0,0,0,0,0.13104138962765957,2,0,1,0,0,0
000059,0,0,0,0,0,0.24843835689598,3,0,1,0,0,0
000060,1,0,0,0,0,0.4249007521233644,4,1,0,0,0,0
000061,0,0,0,0,0,0.22440338134765625,3,0,1,0,0,0
000062,1,0,0,1,0,0.03329213417637934,0,2,0,0,0,0
000063,1,0,0,0,0,0.2061286210881275,2,1,0,0,0,0
000064,1,0,0,0,0,0.05968098958333334,1,1,0,0,0,0
000065,1,1,0,0,0,0.7569205729166667,4,2,0,0,0,1
000066,0,0,0,0,0,0.09573485687619035,1,0,1,0,0,0
000067,0,0,0,0,0,0.14822916666666666,2,0,1,0,0,0
000068,0,0,1,0,1,0.6225197843332313,4,2,0,0,0,1
000069,1,0,0,0,0,0.3623650948862813,3,1,0,0,0,0
000070,1,0,0,1,0,0.6455923687205326,4,2,0,0,0,1
000071,1,0,0,0,0,0.42838216145833335,4,1,0,0,0,0
000072,0,0,0,0,0,0.14729184463042932,2,0,1,0,0,0
000073,1,0,0,0,0,0.06753695452654804,1,1,0,0,0,0
000074,1,0,0,0,0,0.5073598225911459,4,1,0,0,0,1
000075,0,0,0,0,0,0.10276301843136844,1,0,1,0,0,0
000076,0,0,0,0,0,0.011214760638297872,0,0,1,0,1,0
000077,1,1,0,0,1,0.6565762422045002,4,3,0,1,0,1
000078,0,0,0,0,0,0.2903744732892072,3,0,1,0,0,0
000079,1,1,0,0,1,0.31840472751193577,3,3,0,1,0,0
000080,0,0,0,0,1,0.49775559598252567,4,1,0,0,0,0
000081,0,0,0,0,0,0.056061780011212384,1,0,1,0,0,0
000082,1,0,0,0,1,0.9956437570077402,4,2,0,0,0,1
000083,1,0,0,1,1,0.5481160481770834,4,3,0,1,0,1
000084,0,1,0,0,0,0.07475956238977072,1,1,0,0,0,0
000085,1,0,0,1,1,0.43900299072265625,4,3,0,1,0,0
000086,0,0,0,0,1,0.3618278503417969,3,1,0,0,0,0
000087,0,0,0,0,1,0.03112389684303203,0,1,0,0,0,0
000088,1,0,0,0,0,0.46973238045910437,4,1,0,0,0,0
000089,0,0,0,1,0,0.0463374335106383,0,1,0,0,0,0
000090,1,0,0,1,0,0.07884550758322154,1,2,0,0,0,0
000091,1,0,0,0,0,0.580901121479792,4,1,0,0,0,1
000092,1,0,0,0,0,0.7353388468424479,4,1,0,0,0,1
000093,0,0,0,1,0,0.6001288802535446,4,1,0,0,0,1
000094,1,0,0,0,1,0.243467648824056,3,2,0,0,0,0
000095,0,0,0,0,0,0.30713398770104067,3,0,1,0,0,0
000096,1,0,0,0,1,0.29301157449574294,3,2,0,0,0,0
000097,1,0,0,0,0,0.050891227553723876,1,1,0,0,0,0
000098,1,0,0,0,0,0.3585008552931472,3,1,0,0,0,0
000099,1,0,0,1,0,0.07778523936170213,1,2,0,0,0,0
000100,1,1,0,0,0,0.19450856039138223,2,2,0,0,0,0
000101,0,0,0,1,0,0.044603177930571856,0,1,0,0,0,0
000102,1,0,0,0,0,0.018543527924446485,0,1,0,0,1,0
000103,1,0,0,0,0,0.4288916411223235,4,1,0,0,0,0
000104,1,0,0,0,1,0.295245774687243,3,2,0,0,0,0
000105,1,0,0,0,0,0.17945353190104166,2,1,0,0,0,0
000106,1,0,0,0,0,0.22767512003580728,3,1,0,0,0,0
000107,1,0,0,0,0,0.08423124265138154,1,1,0,0,0,0
000108,1,0,1,0,0,0.8760693868001302,4,2,0,0,0,1
000109,1,0,0,0,0,0.22446441650390625,3,1,0,0,0,0
000110,0,0,0,0,1,0.2745190048299598,3,1,0,0,0,0
000111,1,0,0,0,0,0.07289674546983507,1,1,0,0,0,0
000112,1,0,0,0,0,0.04037786413122107,0,1,0,0,0,0
000113,1,0,0,0,0,0.6125325520833333,4,1,0,0,0,1
000114,0,0,1,0,0,0.15665804143498482,2,1,0,0,0,0
000115,1,0,0,0,1,0.03633418305530048,0,2,0,0,0,0
000116,0,0,0,0,1,0.34291641800491895,3,1,0,0,0,0
000117,1,0,0,0,0,0.6427335164835165,4,1,0,0,0,1
000118,1,0,0,0,0,0.14454155585106382,2,1,0,0,0,0
000119,1,0,0,0,0,0.10305150349934895,1,1,0,0,0,0
000120,0,0,0,0,1,0.4655362493639636,4,1,0,0,0,0
000121,1,0,0,1,1,0.252656914893617,3,3,0,1,0,0
000122,1,0,0,0,0,0.05703125,1,1,0,0,0,0
000123,0,0,0,0,0,0.729590098063151,4,0,1,0,0,1
000124,1,0,0,1,0,0.08352131361803981,1,2,0,0,0,0
000125,0,0,0,0,0,0.2655436197916667,3,0,1,0,0,0
000126,1,0,0,0,1,0.23715169270833333,3,2,0,0,0,0
000127,0,0,0,0,1,0.24109794464455003,3,1,0,0,0,0
000128,0,0,0,0,0,0.012195024742373228,0,0,1,0,1,0
000129,1,0,0,0,0,0.40084700492539477,4,1,0,0,0,0
000130,0,0,0,1,0,0.07386070478723404,1,1,0,0,0,0
000131,1,0,0,0,0,0.11701171875,2,1,0,0,0,0
000132,1,0,0,0,1,0.24123877066153068,3,2,0,0,0,0
000133,1,0,0,0,0,0.24824396769205728,3,1,0,0,0,0
000134,0,0,0,0,0,0.3945438045224977,4,0,1,0,0,0
000135,0,0,1,0,0,0.016697353786892362,0,1,0,0,1,0
000136,1,0,0,0,0,0.04538161666304977,0,1,0,0,0,0
000137,0,0,0,1,0,0.11938109541656168,2,1,0,0,0,0
000138,0,0,0,0,0,0.046665191650390625,0,0,1,0,0,0
000139,1,0,1,0,1,0.039682347074468084,0,3,0,1,0,0
000140,1,0,0,1,0,0.030583414638812367,0,2,0,0,0,0
000141,0,0,0,0,0,0.09423394695056626,1,0,1,0,0,0
000142,1,0,0,0,0,0.060056183510638295,1,1,0,0,0,0
000143,1,0,0,0,0,0.36156154932637985,3,1,0,0,0,0
000144,1,0,0,0,0,0.07812964569614243,1,1,0,0,0,0
000145,0,0,0,0,1,0.15249351218894677,2,1,0,0,0,0
000146,0,0,0,0,0,0.37277984619140625,3,0,1,0,0,0
000147,1,0,0,0,0,0.006227892287234043,0,1,0,0,1,0
000148,1,0,0,0,0,0.4276123003661051,4,1,0,0,0,0
000149,1,0,0,0,0,0.23211996228044665,3,1,0,0,0,0
000150,0,0,0,1,0,0.7219683329264323,4,1,0,0,0,1
000151,1,0,0,0,0,0.4820289611816406,4,1,0,0,0,0
000152,1,0,0,0,0,0.4917708333333333,4,1,0,0,0,0
000153,0,0,0,0,0,0.24434661865234375,3,0,1,0,0,0
000154,0,1,0,1,0,0.48765818277994794,4,2,0,0,0,0
000155,1,0,0,1,0,0.1231498939880644,2,2,0,0,0,0
000156,0,0,0,0,1,0.09302089447425792,1,1,0,0,0,0
000157,1,1,0,0,0,0.4082676481148916,4,2,0,0,0,0
000158,1,0,0,0,0,0.03273749023189997,0,1,0,0,0,0
000159,1,0,0,0,0,0.1275355021158854,2,1,0,0,0,0
000160,1,0,0,0,0,0.09033176650242485,1,1,0,0,0,0
000161,1,0,0,0,1,0.7632967631022135,4,2,0,0,0,1
000162,1,0,1,0,0,0.08864908854166667,1,2,0,0,0,0
000163,0,0,0,0,0,0.018328125,0,0,1,0,1,0
000164,1,0,0,0,0,0.21234012940597283,2,1,0,0,0,0
000165,0,0,0,0,0,0.03186566979772472,0,0,1,0,0,0
000166,1,0,0,1,0,0.5406850179036459,4,2,0,0,0,1
000167,1,0,0,0,0,0.25919270833333335,3,1,0,0,0,0
000168,1,0,0,0,0,0.06483723958333333,1,1,0,0,0,0
000169,1,0,0,0,0,0.4401439082676505,4,1,0,0,0,0
000170,0,0,0,0,0,0.25841787191903526,3,0,1,0,0,0
000171,1,0,0,0,0,0.9687767166542036,4,1,0,0,0,1
000172,1,0,0,0,0,0.1767302171987674,2,1,0,0,0,0
000173,1,0,0,0,0,0.14774958292643228,2,1,0,0,0,0
000174,0,1,0,0,1,0.08935448612799765,1,2,0,0,0,0
000175,1,0,0,0,1,0.06858317057291667,1,2,0,0,0,0
000176,1,0,0,1,0,0.034679412841796875,0,2,0,0,0,0
000177,0,0,0,0,0,0.24041666666666667,3,0,1,0,0,0
000178,0,0,0,0,0,0.5146347995705014,4,0,1,0,0,1
000179,1,0,0,0,0,0.2822640518615095,3,1,0,0,0,0
000180,1,0,0,0,0,0.27222938829787235,3,1,0,0,0,0
000181,0,0,0,1,0,0.2487064821272087,3,1,0,0,0,0
000182,0,0,0,0,1,0.09490315828277199,1,1,0,0,0,0
000183,0,0,0,1,0,0.41309568617078996,4,1,0,0,0,0
000184,1,0,0,0,0,0.3431816101074219,3,1,0,0,0,0
000185,1,0,0,1,0,0.8112907409667969,4,2,0,0,0,1
000186,1,0,0,0,1,0.2313790226490482,3,2,0,0,0,0
000187,1,0,1,0,1,0.38197549594938884,3,3,0,1,0,0
000188,1,0,0,0,0,0.4688097635904948,4,1,0,0,0,0
000189,1,0,0,0,0,0.21108486034252025,2,1,0,0,0,0
000190,1,0,0,0,0,0.29086170212765955,3,1,0,0,0,0
000191,0,0,0,0,0,0.39610926310221356,4,0,1,0,0,0
000192,0,0,0,0,0,0.10453723404255319,1,0,1,0,0,0
000193,1,0,0,1,0,0.36266266335153097,3,2,0,0,0,0
000194,1,0,0,0,0,0.2700309753417969,3,1,0,0,0,0
000195,1,0,0,1,0,0.029249381603219857,0,2,0,0,0,0
000196,1,0,0,1,1,0.024671708776595743,0,3,0,1,0,0
000197,1,0,0,0,0,0.14570651802436058,2,1,0,0,0,0
000198,0,0,0,0,1,0.59314453125,4,1,0,0,0,1
000199,1,0,0,0,0,0.48895182291666667,4,1,0,0,0,0
000200,0,0,0,0,0,0.05157396941489362,1,0,1,0,0,0
000201,1,0,0,0,0,0.0863036303630363,1,1,0,0,0,0
000202,1,0,0,1,1,0.027709607712765958,0,3,0,1,0,0
000203,0,1,0,0,0,0.1735443529359249,2,1,0,0,0,0
000204,1,0,0,0,0,0.5196380647944883,4,1,0,0,0,1
000205,1,0,0,0,1,0.06748922702402817,1,2,0,0,0,0
000206,1,0,0,0,0,0.3857860336904053,3,1,0,0,0,0
000207,1,0,0,0,0,0.2773918165929482,3,1,0,0,0,0
000208,0,0,0,0,1,0.20652008056640625,2,1,0,0,0,0
000209,1,0,0,0,0,0.21323776245117188,2,1,0,0,0,0
000210,0,1,0,0,0,0.037333249046201576,0,1,0,0,0,0
000211,0,0,0,0,0,0.8730377082057953,4,0,1,0,0,1
000212,1,0,0,0,0,0.0079921875,0,1,0,0,1,0
000213,1,0,0,0,0,0.05949767257787913,1,1,0,0,0,0
000214,1,0,0,0,0,0.0941630795691616,1,1,0,0,0,0
000215,0,0,0,0,0,0.6101093998661747,4,0,1,0,0,1
000216,0,1,0,0,1,0.18068935253002025,2,2,0,0,0,0
000217,1,0,0,0,1,0.5137612841435047,4,2,0,0,0,1
000218,1,0,0,0,1,0.4106174369295289,4,2,0,0,0,0
000219,1,0,0,0,0,0.029851466049382717,0,1,0,0,0,0
000220,0,0,0,0,0,0.004795030481583512,0,0,1,0,1,0
000221,1,0,0,0,0,0.07430309172186819,1,1,0,0,0,0
000222,0,0,1,0,1,0.07160441080729167,1,2,0,0,0,0
000223,1,0,0,0,0,0.010414561170212767,0,1,0,0,1,0
000224,0,0,0,0,1,0.15188457347728587,2,1,0,0,0,0
000225,1,0,0,0,0,0.29065262805529934,3,1,0,0,0,0
000226,1,0,0,0,0,0.03128789893617021,0,1,0,0,0,0
000227,0,0,0,0,1,0.02358554838168707,0,1,0,0,0,0
000228,1,0,0,0,0,0.022270777925531914,0,1,0,0,0,0
000229,1,0,0,0,1,0.9521736915292025,4,2,0,0,0,1
000230,1,0,0,0,1,0.2514707610123837,3,2,0,0,0,0
000231,0,0,0,0,0,0.020285002960967635,0,0,1,0,0,0
000232,0,0,0,0,0,0.2685840416109153,3,0,1,0,0,0
000233,1,1,0,0,1,0.15406672159830728,2,3,0,1,0,0
000234,0,1,0,0,0,0.15495318461240148,2,1,0,0,0,0
000235,1,0,0,1,0,0.00892220744680851,0,2,0,0,1,0
000236,1,0,1,0,0,0.04831695556640625,0,2,0,0,0,0
000237,1,0,0,0,0,0.26389955470409937,3,1,0,0,0,0
000238,0,0,0,0,0,0.04579351756198347,0,0,1,0,0,0
000239,0,0,0,1,0,0.0384453125,0,1,0,0,0,0
000240,1,0,0,0,0,0.07806142171223958,1,1,0,0,0,0
000241,0,0,0,0,1,0.8743182695005611,4,1,0,0,0,1
000242,0,0,0,0,0,0.20202000935872397,2,0,1,0,0,0
000243,0,1,0,0,0,0.33282313005295594,3,1,0,0,0,0
000244,1,0,0,0,0,0.18406575520833332,2,1,0,0,0,0
000245,1,0,0,0,0,0.27075831095377606,3,1,0,0,0,0
000246,1,0,0,0,0,0.013503823138297873,0,1,0,0,1,0
000247,1,0,1,0,1,0.7787366045237731,4,3,0,1,0,1
000248,1,0,0,0,0,0.3165397644042969,3,1,0,0,0,0
000249,0,0,0,0,0,0.49973814104564485,4,0,1,0,0,0
000250,1,1,0,0,0,0.028077958776595746,0,2,0,0,0,0
000251,1,0,0,0,0,0.3548811888970321,3,1,0,0,0,0
000252,1,0,0,0,0,0.12742812788572075,2,1,0,0,0,0
000253,1,0,0,0,0,0.1323420206705729,2,1,0,0,0,0
000254,1,0,0,0,1,0.020146941489361702,0,2,0,0,0,0
000255,1,0,0,1,0,0.023640625,0,2,0,0,0,0
000256,0,0,0,0,0,0.2428644478242016,3,0,1,0,0,0
000257,0,0,0,1,1,0.09230677286783855,1,2,0,0,0,0
000258,1,0,0,1,0,0.32477696736653644,3,2,0,0,0,0
000259,0,0,0,1,0,0.10110982259114583,1,1,0,0,0,0
000260,1,0,0,0,0,0.02255412281988932,0,1,0,0,0,0
000261,0,0,0,0,0,0.044611646875077474,0,0,1,0,0,0
000262,0,0,0,0,0,0.17653025265957448,2,0,1,0,0,0
000263,1,0,0,0,1,0.09126363773254302,1,2,0,0,0,0
000264,0,1,0,0,0,0.5702962239583333,4,1,0,0,0,1
000265,0,0,0,0,0,0.08456207485221365,1,0,1,0,0,0
000266,1,0,0,1,0,0.1703349856668204,2,2,0,0,0,0
000267,1,0,0,1,0,0.3747698465983073,3,2,0,0,0,0
000268,1,0,0,1,1,0.0699039035373264,1,3,0,1,0,0
000269,1,0,0,0,0,0.542225887766225,4,1,0,0,0,1
000270,0,0,0,0,0,0.06527459556353406,1,0,1,0,0,0
000271,0,0,0,0,1,0.10430936460141782,1,1,0,0,0,0
000272,1,0,0,0,0,0.31413841247558594,3,1,0,0,0,0
000273,0,0,1,0,0,0.05036458333333333,1,1,0,0,0,0
000274,0,0,0,0,0,0.31407801310221356,3,0,1,0,0,0
000275,1,0,1,0,0,0.03152804904513889,0,2,0,0,0,0
000276,1,0,0,0,0,0.12745300653312522,2,1,0,0,0,0
000277,0,0,0,1,0,0.08060441855422916,1,1,0,0,0,0
000278,1,0,0,0,0,0.004328719645954495,0,1,0,0,1,0
000279,1,1,0,0,0,0.5226009510181568,4,2,0,0,0,1
000280,1,0,0,0,1,0.18238166526511865,2,2,0,0,0,0
000281,1,0,0,1,1,0.09954349931099998,1,3,0,1,0,0
000282,0,0,0,0,0,0.061373879259769414,1,0,1,0,0,0
000283,1,0,0,0,0,0.022414181069721616,0,1,0,0,0,0
000284,1,0,0,0,0,0.4278173093442564,4,1,0,0,0,0
000285,1,0,0,0,0,0.3884537308304398,3,1,0,0,0,0
000286,0,1,0,1,1,0.4546692469945395,4,3,0,1,0,0
000287,0,0,0,0,0,0.22641754150390625,3,0,1,0,0,0
000288,1,0,0,0,0,0.36190160115559894,3,1,0,0,0,0
000289,0,0,0,0,0,0.02772672692541506,0,0,1,0,0,0
000290,0,0,0,1,1,0.27863311767578125,3,2,0,0,0,0
000291,1,0,0,0,0,0.12315845489501953,2,1,0,0,0,0
000292,0,0,0,0,0,0.020922151444323328,0,0,1,0,0,0
000293,0,0,1,0,1,0.025166829427083332,0,2,0,0,0,0
000294,1,0,0,0,1,0.02265126329787234,0,2,0,0,0,0
000295,1,0,0,0,0,0.19234680539758534,2,1,0,0,0,0
000296,0,0,0,0,0,0.055614770985554715,1,0,1,0,0,0
000297,1,0,0,0,0,0.08914693196614583,1,1,0,0,0,0
000298,1,0,0,0,0,0.5960794692268993,4,1,0,0,0,1
000299,1,0,0,0,1,0.14767113927962477,2,2,0,0,0,0
000300,1,0,0,0,0,0.2425409952799479,3,1,0,0,0,0
000301,1,0,1,0,1,0.7833268229166667,4,3,0,1,0,1
000302,1,0,0,0,0,0.1146227518717448,1,1,0,0,0,0
000303,1,0,0,1,0,0.25902509973404253,3,2,0,0,0,0
000304,1,1,0,0,0,0.30928814131016513,3,2,0,0,0,0
000305,0,0,0,1,0,0.6372333776595744,4,1,0,0,0,1
000306,0,1,0,1,1,0.12883358397371295,2,3,0,1,0,0
000307,1,0,0,0,0,0.1359736124674479,2,1,0,0,0,0
000308,0,0,0,0,0,0.016433316245888334,0,0,1,0,1,0
000309,1,0,0,1,0,0.035580952962239586,0,2,0,0,0,0
000310,0,0,0,0,0,0.23625818888346353,3,0,1,0,0,0
000311,1,0,0,0,0,0.3522413813507032,3,1,0,0,0,0
000312,1,0,0,1,0,0.036405244450150934,0,2,0,0,0,0
000313,1,0,0,0,0,0.0128173828125,0,1,0,0,1,0
000314,1,0,0,0,0,0.15728841145833333,2,1,0,0,0,0
000315,1,0,0,1,0,0.09803382250440215,1,2,0,0,0,0
000316,0,1,0,1,1,0.8677776779248322,4,3,0,1,0,1
000317,1,0,0,0,1,0.11222214631664248,1,2,0,0,0,0
000318,1,0,0,0,0,0.36522547403971356,3,1,0,0,0,0
000319,1,1,0,0,1,0.19801132767288773,2,3,0,1,0,0
000320,1,0,0,0,0,0.18679515594818175,2,1,0,0,0,0
000321,1,0,0,1,1,0.11681598699794567,2,3,0,1,0,0
000322,1,0,0,0,0,0.6208900169089988,4,1,0,0,0,1
000323,1,0,0,0,0,0.21841063322844328,3,1,0,0,0,0
000324,1,0,0,0,0,0.09674983377659574,1,1,0,0,0,0
000325,1,1,0,0,0,0.2719720132500278,3,2,0,0,0,0
000326,1,1,0,1,0,0.7271393401893396,4,3,0,1,0,1
000327,1,0,0,1,0,0.01817884893760841,0,2,0,0,1,0
000328,1,0,0,0,0,0.06653108377659575,1,1,0,0,0,0
000329,1,0,0,0,0,0.16326545323044653,2,1,0,0,0,0
000330,0,0,0,0,0,0.1914275401433842,2,0,1,0,0,0
000331,0,0,0,1,0,0.17141243263527198,2,1,0,0,0,0
000332,1,0,0,0,0,0.10694362499095776,1,1,0,0,0,0
000333,1,0,0,1,0,0.6058260599772135,4,2,0,0,0,1
000334,1,0,0,0,1,0.29849478588620937,3,2,0,0,0,0
000335,0,0,0,1,0,0.19314038311993634,2,1,0,0,0,0
000336,0,0,0,1,0,0.19519678751627603,2,1,0,0,0,0
000337,0,0,0,0,0,0.05800455729166667,1,0,1,0,0,0
000338,0,0,0,0,1,0.0628649393717448,1,1,0,0,0,0
000339,1,0,0,0,0,0.398955078125,4,1,0,0,0,0
000340,0,0,0,0,0,0.011897440159574469,0,0,1,0,1,0
000341,1,0,0,0,0,0.07063109786422164,1,1,0,0,0,0
000342,1,0,0,0,1,0.07394399696607037,1,2,0,0,0,0
000343,0,0,0,0,0,0.5826833015837246,4,0,1,0,0,1
000344,1,0,0,0,0,0.26485443115234375,3,1,0,0,0,0
000345,0,0,0,1,0,0.14172225253932833,2,1,0,0,0,0
000346,1,0,0,0,0,0.0998134153091944,1,1,0,0,0,0
000347,1,0,0,0,0,0.2770279947916667,3,1,0,0,0,0
000348,0,0,0,0,0,0.3843272778218839,3,0,1,0,0,0
000349,0,0,0,0,0,0.07355890471814915,1,0,1,0,0,0
000350,1,0,0,1,0,0.20463689168294272,2,2,0,0,0,0
000351,1,0,0,0,0,0.1158599853515625,1,1,0,0,0,0
000352,0,0,0,0,1,0.02815309175531915,0,1,0,0,0,0
000353,1,0,0,0,0,0.13110037019352058,2,1,0,0,0,0
000354,1,0,0,0,0,0.7488736979166667,4,1,0,0,0,1
000355,1,0,0,0,0,0.8331629435221354,4,1,0,0,0,1
000356,1,0,0,0,0,0.13119946808510638,2,1,0,0,0,0
000357,1,0,0,0,0,0.2781444125705295,3,1,0,0,0,0
000358,1,0,0,0,0,0.40484873453776044,4,1,0,0,0,0
000359,1,0,0,0,0,0.42730928330475093,4,1,0,0,0,0
000360,0,0,0,0,0,0.14068788780815025,2,0,1,0,0,0
000361,1,0,0,0,1,0.46031575520833334,4,2,0,0,0,0
000362,1,0,0,0,0,0.5118717447916666,4,1,0,0,0,1
000363,1,0,0,0,0,0.0407766021979289,0,1,0,0,0,0
000364,1,0,1,0,1,0.1135195247256526,1,3,0,1,0,0
000365,1,0,0,0,0,0.05300860934787326,1,1,0,0,0,0
000366,1,0,0,0,0,0.17571258544921875,2,1,0,0,0,0
000367,0,0,0,0,0,0.09218639797634548,1,0,1,0,0,0
000368,1,1,0,0,0,0.24105552390769677,3,2,0,0,0,0
000369,1,0,0,0,0,0.03534565039095254,0,1,0,0,0,0
000370,0,0,1,0,1,0.1147417789366942,1,2,0,0,0,0
000371,1,0,0,0,0,0.847296396891276,4,1,0,0,0,1
000372,0,1,0,1,0,0.01752408078987087,0,2,0,0,1,0
000373,1,0,0,0,0,0.7348697916666667,4,1,0,0,0,1
000374,1,0,0,0,0,0.031080618351063828,0,1,0,0,0,0
000375,1,0,0,1,0,0.2142344424733775,2,2,0,0,0,0
000376,1,0,0,1,0,0.26777018229166666,3,2,0,0,0,0
000377,1,0,0,0,0,0.42808209898782446,4,1,0,0,0,0
000378,1,0,1,0,0,0.07546742757161458,1,2,0,0,0,0
000379,0,0,0,0,0,0.02525494127850914,0,0,1,0,0,0
000380,1,0,0,0,0,0.07762245545134103,1,1,0,0,0,0
000381,1,0,0,0,0,0.0915082295735677,1,1,0,0,0,0
000382,0,0,0,1,0,0.42781050531914894,4,1,0,0,0,0
000383,0,0,0,0,0,0.19198297571252892,2,0,1,0,0,0
000384,1,0,0,0,0,0.5140606562296549,4,1,0,0,0,1
000385,1,0,0,0,0,0.01505934175531915,0,1,0,0,1,0
000386,0,0,0,0,0,0.5370292663574219,4,0,1,0,0,1
000387,0,0,0,0,0,0.12179946899414062,2,0,1,0,0,0
000388,1,1,0,0,0,0.10875352223714192,1,2,0,0,0,0
000389,1,0,0,0,0,0.060160319010416664,1,1,0,0,0,0
000390,0,1,0,1,1,0.15104293823242188,2,3,0,1,0,0
000391,1,0,0,0,0,0.22121228539660404,3,1,0,0,0,0
000392,1,0,0,0,0,0.07439804077148438,1,1,0,0,0,0
000393,1,0,0,0,1,0.19497398093894677,2,2,0,0,0,0
000394,1,0,0,0,0,0.38938884617775366,3,1,0,0,0,0
000395,0,0,0,1,1,0.6387888590494791,4,2,0,0,0,1
000396,1,0,0,1,0,0.024808257693275198,0,2,0,0,0,0
000397,0,0,0,1,0,0.01737965425531915,0,1,0,0,1,0
000398,1,0,0,0,0,0.014843916223404256,0,1,0,0,1,0
000399,0,1,0,0,1,0.6878454540085479,4,2,0,0,0,1
000400,0,0,0,0,0,0.20098307291666667,2,0,1,0,0,0
000401,0,0,0,0,0,0.3047588305473812,3,0,1,0,0,0
000402,0,0,0,0,0,0.015072848319847391,0,0,1,0,1,0
000403,1,0,1,0,0,0.6602180989583334,4,2,0,0,0,1
000404,1,0,0,0,0,0.1005859375,1,1,0,0,0,0
000405,1,0,0,0,0,0.03603091755319149,0,1,0,0,0,0
000406,0,0,1,0,1,0.05168288757232098,1,2,0,0,0,0
000407,0,0,0,0,1,0.5521286704207194,4,1,0,0,0,1
000408,1,0,0,0,0,0.03269476647791042,0,1,0,0,0,0
000409,1,0,0,0,0,0.11352704827579817,1,1,0,0,0,0
000410,1,1,0,0,0,0.5258253486767137,4,2,0,0,0,1
000411,0,0,0,1,0,0.07798694160867013,1,1,0,0,0,0
000412,0,0,0,0,0,0.12169392903645833,2,0,1,0,0,0
000413,1,0,0,0,0,0.10319900512695312,1,1,0,0,0,0
000414,0,0,0,0,1,0.10763818246346933,1,1,0,0,0,0
000415,0,0,1,0,0,0.177978515625,2,1,0,0,0,0
000416,1,0,0,0,0,0.08213541666666667,1,1,0,0,0,0
000417,0,1,0,0,0,0.12728644878215234,2,1,0,0,0,0
000418,0,0,0,0,1,0.7688331604003906,4,1,0,0,0,1
000419,0,0,0,0,0,0.027119630298297837,0,0,1,0,0,0
000420,1,0,0,0,0,0.021635472074468084,0,1,0,0,0,0
000421,0,0,0,0,0,0.054423204787234045,1,0,1,0,0,0
000422,1,0,0,0,0,0.05443881474823914,1,1,0,0,0,0
000423,1,0,0,1,0,0.09982164228723404,1,2,0,0,0,0
000424,1,0,0,0,0,0.27376169711242315,3,1,0,0,0,0
000425,1,0,1,0,0,0.17004323210384595,2,2,0,0,0,0
000426,0,0,0,0,0,0.12244197326172611,2,0,1,0,0,0
000427,1,0,0,1,1,0.2709147135416667,3,3,0,1,0,0
000428,0,0,0,0,0,0.2204750974749099,3,0,1,0,0,0
000429,1,0,0,0,0,0.4361353580287818,4,1,0,0,0,0
000430,1,0,0,0,0,0.2422000044867127,3,1,0,0,0,0
000431,1,0,0,0,0,0.038183178191489364,0,1,0,0,0,0
000432,1,0,0,1,0,0.11819839477539062,2,2,0,0,0,0
000433,0,1,0,0,0,0.8617322040000365,4,1,0,0,0,1
000434,1,0,0,0,0,0.49199544270833334,4,1,0,0,0,0
000435,1,0,0,0,0,0.10199144151475695,1,1,0,0,0,0
000436,1,0,0,1,1,0.05937700118627698,1,3,0,1,0,0
000437,0,0,0,0,0,0.16531689887116385,2,0,1,0,0,0
000438,0,0,1,0,0,0.011639617672009843,0,1,0,0,1,0
000439,1,0,0,0,0,0.054980239580144884,1,1,0,0,0,0
000440,1,0,0,0,0,0.05516333470463693,1,1,0,0,0,0
000441,1,0,0,0,0,0.16273625691731772,2,1,0,0,0,0
000442,1,0,0,0,0,0.06572723388671875,1,1,0,0,0,0
000443,1,0,0,0,1,0.08444976806640625,1,2,0,0,0,0
000444,0,0,0,0,0,0.031031120948977024,0,0,1,0,0,0
000445,1,0,0,0,0,0.392783203125,4,1,0,0,0,0
000446,1,0,0,0,0,0.026675864361702127,0,1,0,0,0,0
000447,0,0,0,0,1,0.4078216041788874,4,1,0,0,0,0
000448,0,0,0,0,0,0.29331207275390625,3,0,1,0,0,0
000449,1,0,0,0,0,0.384384765625,3,1,0,0,0,0
000450,1,0,0,0,1,0.4114799446749654,4,2,0,0,0,0
000451,0,0,0,1,0,0.30394558750382616,3,1,0,0,0,0
000452,0,1,0,1,0,0.11373745953595196,1,2,0,0,0,0
000453,0,0,0,0,1,0.2329619786109841,3,1,0,0,0,0
000454,0,0,0,0,0,0.050940032648862016,1,0,1,0,0,0
000455,0,0,0,0,0,0.020174220902203856,0,0,1,0,0,0
000456,1,0,0,0,0,0.23968519122120818,3,1,0,0,0,0
000457,1,0,0,0,0,0.18347981770833333,2,1,0,0,0,0
000458,0,0,0,0,0,0.4435339095744681,4,0,1,0,0,0
000459,1,0,0,1,0,0.08440763942751132,1,2,0,0,0,0
000460,0,0,0,1,0,0.3760929012005052,3,1,0,0,0,0
000461,0,0,0,0,0,0.25810270103136007,3,0,1,0,0,0
000462,0,0,0,1,1,0.4114599782161377,4,2,0,0,0,0
000463,1,0,0,0,0,0.13175433382973262,2,1,0,0,0,0
000464,0,0,0,0,0,0.15656316227928546,2,0,1,0,0,0
000465,0,0,0,0,0,0.5542856852213541,4,0,1,0,0,1
000466,1,0,0,0,0,0.1524317706072772,2,1,0,0,0,0
000467,0,0,0,0,0,0.1451681429190899,2,0,1,0,0,0
000468,1,0,1,0,1,0.4820880889892578,4,3,0,1,0,0
000469,1,0,0,0,0,0.2616123764797033,3,1,0,0,0,0
000470,1,0,0,1,0,0.010928025265957446,0,2,0,0,1,0
000471,1,0,1,1,0,0.5052180989583334,4,3,0,1,0,1
000472,1,0,0,1,1,0.8788223266601562,4,3,0,1,0,1
000473,0,0,1,1,1,0.024844747340425532,0,3,0,1,0,0
000474,0,0,0,0,0,0.472066267372757,4,0,1,0,0,0
000475,1,0,0,0,0,0.23110326131184897,3,1,0,0,0,0
000476,0,0,0,0,0,0.01690874335106383,0,0,1,0,1,0
000477,1,0,0,0,0,0.3349163711938481,3,1,0,0,0,0
000478,0,0,0,0,0,0.04621210106382979,0,0,1,0,0,0
000479,0,0,0,1,0,0.06192657716687073,1,1,0,0,0,0
000480,0,0,0,1,1,0.04763946143617021,0,2,0,0,0,0
000481,1,0,0,0,0,0.010197972074468086,0,1,0,0,1,0
000482,1,0,0,0,0,0.7655254056207446,4,1,0,0,0,1
000483,0,0,0,1,0,0.9581580716511808,4,1,0,0,0,1
000484,1,0,0,0,1,0.24634170532226562,3,2,0,0,0,0
000485,1,0,0,0,0,0.030682175247757522,0,1,0,0,0,0
000486,0,0,0,0,0,0.02578637601144558,0,0,1,0,0,0
000487,0,0,0,0,1,0.035138630319148934,0,1,0,0,0,0
000488,0,1,0,0,1,0.28059681205861786,3,2,0,0,0,0
000489,1,0,0,1,0,0.08000709929033342,1,2,0,0,0,0
000490,1,0,0,0,0,0.12137858072916667,2,1,0,0,0,0
000491,0,0,0,0,1,0.31583647321390074,3,1,0,0,0,0
000492,1,0,0,1,1,0.10165496505458627,1,3,0,1,0,0
000493,0,0,0,1,0,0.02455186170212766,0,1,0,0,0,0
000494,0,0,0,0,0,0.5055729166666667,4,0,1,0,0,1
000495,1,0,0,0,1,0.23441710265577656,3,2,0,0,0,0
000496,0,0,0,0,1,0.16457621256510416,2,1,0,0,0,0
000497,1,0,0,0,0,0.13798395792643228,2,1,0,0,0,0
000498,1,0,1,0,1,0.2681946915493317,3,3,0,1,0,0
000499,1,0,0,0,0,0.8329429838746307,4,1,0,0,0,1
000500,0,0,0,0,0,0.13171259562174478,2,0,1,0,0,0
000501,0,0,1,0,1,0.038423891420717594,0,2,0,0,0,0
000502,0,1,0,1,0,0.12047618705999388,2,2,0,0,0,0
000503,1,0,0,0,0,0.11349529690212673,1,1,0,0,0,0
000504,1,0,0,0,0,0.1186993916829427,2,1,0,0,0,0
000505,1,0,0,0,0,0.6949820341887297,4,1,0,0,0,1
000506,1,0,0,0,0,0.2684799421539859,3,1,0,0,0,0
000507,0,0,0,1,1,0.3672641289893617,3,2,0,0,0,0
000508,1,0,0,1,0,0.03468794873071441,0,2,0,0,0,0
000509,1,0,0,0,0,0.011308676861702128,0,1,0,0,1,0
000510,0,0,0,0,0,0.4504630477340133,4,0,1,0,0,0
000511,1,0,0,0,0,0.40438010011796205,4,1,0,0,0,0
000512,1,0,0,0,0,0.4132299070005064,4,1,0,0,0,0
000513,1,0,1,0,0,0.005252196487715915,0,2,0,0,1,0
000514,0,0,0,1,0,0.12264345079787234,2,1,0,0,0,0
000515,0,0,0,0,0,0.04292004654255319,0,0,1,0,0,0
000516,1,1,0,0,0,0.20376191315827547,2,2,0,0,0,0
000517,0,0,0,0,0,0.16233161569148935,2,0,1,0,0,0
000518,1,0,0,1,0,0.6033722206398293,4,2,0,0,0,1
000519,1,0,0,0,0,0.34008432693735907,3,1,0,0,0,0
000520,1,0,0,0,0,0.7595240275065104,4,1,0,0,0,1
000521,1,1,0,0,0,0.08805879516350842,1,2,0,0,0,0
000522,1,0,0,1,0,0.5427284240722656,4,2,0,0,0,1
000523,0,0,0,0,0,0.13428115844726562,2,0,1,0,0,0
000524,1,0,0,0,0,0.03467087765957447,0,1,0,0,0,0
000525,1,0,0,0,1,0.3908119201660156,4,2,0,0,0,0
000526,1,0,0,0,0,0.3767311661331742,3,1,0,0,0,0
000527,1,0,0,0,0,0.032087930912502095,0,1,0,0,0,0
000528,0,0,0,0,0,0.03268715187355324,0,0,1,0,0,0
000529,1,0,0,0,0,0.03104862944469952,0,1,0,0,0,0
000530,1,0,0,0,0,0.25598780314127606,3,1,0,0,0,0
000531,1,0,0,0,1,0.01393972138080664,0,2,0,0,1,0
000532,0,0,0,0,0,0.4294597739361702,4,0,1,0,0,0
000533,1,0,0,0,0,0.3089154561360677,3,1,0,0,0,0
000534,1,0,0,1,0,0.05970561835106383,1,2,0,0,0,0
000535,1,0,0,0,1,0.1740147514916695,2,2,0,0,0,0
000536,1,0,0,0,0,0.05421359707446809,1,1,0,0,0,0
000537,1,0,0,0,0,0.14149398199843305,2,1,0,0,0,0
000538,0,0,0,0,1,0.5518143828999879,4,1,0,0,0,1
000539,0,0,0,1,0,0.08103315091445171,1,1,0,0,0,0
000540,1,0,0,0,1,0.10394668579101562,1,2,0,0,0,0
000541,1,0,0,0,1,0.20333715166641264,2,2,0,0,0,0
000542,0,0,0,1,0,0.2921759100492811,3,1,0,0,0,0
000543,1,0,0,0,0,0.4358854166666667,4,1,0,0,0,0
000544,1,0,0,0,0,0.3549158880197016,3,1,0,0,0,0
000545,1,0,1,0,1,0.20596861278103387,2,3,0,1,0,0
000546,0,0,0,0,0,0.041055281348841954,0,0,1,0,0,0
000547,0,0,0,0,1,0.18402603658070618,2,1,0,0,0,0
000548,0,0,0,0,0,0.03393894510942479,0,0,1,0,0,0
000549,0,0,0,0,0,0.5735579427083334,4,0,1,0,0,1
000550,1,1,0,0,0,0.17239012541594328,2,2,0,0,0,0
000551,1,0,0,0,0,0.5914809195171411,4,1,0,0,0,1
000552,1,0,0,1,0,0.055815713829029015,1,2,0,0,0,0
000553,0,0,0,0,1,0.05786718291443065,1,1,0,0,0,0
000554,0,1,0,0,0,0.10269856770833333,1,1,0,0,0,0
000555,1,0,0,0,1,0.012067985372340426,0,2,0,0,1,0
000556,0,0,1,0,0,0.5548316501051087,4,1,0,0,0,1
000557,1,0,0,0,0,0.10805511474609375,1,1,0,0,0,0
000558,0,0,0,0,0,0.5761589681250067,4,0,1,0,0,1
000559,1,0,0,0,1,0.17641943472403068,2,2,0,0,0,0
000560,1,0,0,1,0,0.13321011274880323,2,2,0,0,0,0
000561,1,0,0,1,0,0.2085128770367223,2,2,0,0,0,0
000562,0,0,1,0,0,0.034885406494140625,0,1,0,0,0,0
000563,0,0,0,0,0,0.009319842151601542,0,0,1,0,1,0
000564,1,0,0,0,0,0.4017024739583333,4,1,0,0,0,0
000565,1,0,0,1,0,0.15190625,2,2,0,0,0,0
000566,1,1,0,1,0,0.04214293809219353,0,3,0,1,0,0
000567,1,0,0,1,0,0.08149484707446808,1,2,0,0,0,0
000568,0,0,0,0,1,0.10873172901294849,1,1,0,0,0,0
000569,0,0,0,0,0,0.9562739619502315,4,0,1,0,0,1
000570,0,1,0,0,0,0.1908620345744681,2,1,0,0,0,0
000571,0,0,0,0,1,0.10255664709842008,1,1,0,0,0,0
000572,0,0,0,0,1,0.2237109375,3,1,0,0,0,0
000573,0,0,0,0,0,0.35077158610026044,3,0,1,0,0,0
000574,0,0,0,0,0,0.028206948138297872,0,0,1,0,0,0
000575,1,0,0,0,0,0.39006184895833335,4,1,0,0,0,0
000576,1,0,0,1,0,0.1828489538692396,2,2,0,0,0,0
000577,1,0,0,0,0,0.04356012467507966,0,1,0,0,0,0
000578,0,0,0,0,0,0.3081457009692778,3,0,1,0,0,0
000579,1,0,0,0,0,0.05568367686170213,1,1,0,0,0,0
000580,1,0,0,0,0,0.5870176871301398,4,1,0,0,0,1
000581,1,0,0,0,1,0.24681451764883253,3,2,0,0,0,0
000582,0,0,0,1,0,0.13743617021276597,2,1,0,0,0,0
000583,1,0,0,1,0,0.1244365481668204,2,2,0,0,0,0
000584,1,0,0,0,0,0.011167744712183465,0,1,0,0,1,0
000585,0,0,0,1,0,0.0647994992558276,1,1,0,0,0,0
000586,0,0,0,1,1,0.1222042507595486,2,2,0,0,0,0
000587,1,0,0,0,0,0.32646484375,3,1,0,0,0,0
000588,0,0,0,1,0,0.04888946143617021,0,1,0,0,0,0
000589,0,0,0,0,1,0.8835212858544895,4,1,0,0,0,1
000590,1,0,1,0,1,0.24567925147944086,3,3,0,1,0,0
000591,1,0,0,0,0,0.04747014139275532,0,1,0,0,0,0
000592,1,0,0,1,0,0.04206318193966963,0,2,0,0,0,0
000593,0,1,0,0,1,0.5270182291666666,4,2,0,0,0,1
000594,1,0,0,1,0,0.972052256266276,4,2,0,0,0,1
000595,1,0,0,0,0,0.2860782594068244,3,1,0,0,0,0
000596,0,0,0,1,0,0.3516421669373032,3,1,0,0,0,0
000597,0,0,0,0,0,0.23731231689453125,3,0,1,0,0,0
000598,0,0,0,0,0,0.01837117686170213,0,0,1,0,1,0
000599,1,0,0,0,0,0.31124674479166664,3,1,0,0,0,0
000600,1,0,0,0,0,0.012705302490357203,0,1,0,0,1,0
000601,1,0,0,0,1,0.07339859008789062,1,2,0,0,0,0
000602,1,0,0,0,0,0.22310991640444156,3,1,0,0,0,0
000603,1,0,0,0,0,0.06760236887965063,1,1,0,0,0,0
000604,1,0,0,0,0,0.19738763061335993,2,1,0,0,0,0
000605,0,0,0,0,0,0.16175969441731772,2,0,1,0,0,0
000606,1,0,0,0,0,0.07729893654992862,1,1,0,0,0,0
000607,0,0,0,1,0,0.09120721099887767,1,1,0,0,0,0
000608,0,0,0,1,0,0.07515724734042553,1,1,0,0,0,0
000609,0,0,0,1,0,0.03931499335106383,0,1,0,0,0,0
000610,1,0,1,0,0,0.16964453238028068,2,2,0,0,0,0
000611,1,0,0,0,0,0.4259725834065224,4,1,0,0,0,0
000612,1,0,0,1,0,0.36532875258365455,3,2,0,0,0,0
000613,1,0,0,1,0,0.58505954151562,4,2,0,0,0,1
000614,0,1,0,0,0,0.16356277465820312,2,1,0,0,0,0
000615,1,0,0,0,1,0.024976659704137733,0,2,0,0,0,0
000616,1,0,0,0,0,0.04188264627659574,0,1,0,0,0,0
000617,1,0,0,0,1,0.18654314676920572,2,2,0,0,0,0
000618,1,0,0,1,0,0.35505989736185645,3,2,0,0,0,0
000619,1,1,0,0,0,0.7870165506998698,4,2,0,0,0,1
000620,1,0,0,0,0,0.029615981495262452,0,1,0,0,0,0
000621,0,0,0,0,0,0.777265625,4,0,1,0,0,1
000622,0,0,0,0,0,0.16748372395833333,2,0,1,0,0,0
000623,1,0,0,0,1,0.142001505105929,2,2,0,0,0,0
000624,1,0,0,1,0,0.34576879690382356,3,2,0,0,0,0
000625,0,0,0,0,0,0.2124455769856771,2,0,1,0,0,0
000626,1,0,0,0,0,0.010993351063829787,0,1,0,0,1,0
000627,1,0,0,0,0,0.239541912443699,3,1,0,0,0,0
000628,1,0,0,0,0,0.2277419585290493,3,1,0,0,0,0
000629,1,0,0,1,0,0.885512457953559,4,2,0,0,0,1
000630,1,0,0,0,0,0.1155373414798018,1,1,0,0,0,0
000631,0,0,0,0,0,0.1744609375,2,0,1,0,0,0
000632,0,0,0,1,0,0.3713785807291667,3,1,0,0,0,0
000633,0,0,0,0,1,0.021859486897786457,0,1,0,0,0,0
000634,0,0,0,1,0,0.033609759490215836,0,1,0,0,0,0
000635,1,0,0,0,0,0.27625113124937617,3,1,0,0,0,0
000636,0,0,0,0,1,0.027477892287234042,0,1,0,0,0,0
000637,1,0,0,0,0,0.196455078125,2,1,0,0,0,0
000638,1,0,0,0,0,0.2778524206565487,3,1,0,0,0,0
000639,0,0,0,1,0,0.19700747694840068,2,1,0,0,0,0
000640,1,0,0,0,0,0.02052227393617021,0,1,0,0,0,0
000641,0,0,0,0,1,0.07554838392469618,1,1,0,0,0,0
000642,0,1,0,0,0,0.18903096516927084,2,1,0,0,0,0
000643,1,0,0,1,1,0.0503218629524643,1,3,0,1,0,0
000644,0,0,1,0,1,0.3573823244644055,3,2,0,0,0,0
000645,1,0,0,0,0,0.3710009516835614,3,1,0,0,0,0
000646,1,0,0,0,1,0.06553593388310185,1,2,0,0,0,0
000647,1,0,0,1,1,0.05476545467885292,1,3,0,1,0,0
000648,1,0,0,0,0,0.09933535257975261,1,1,0,0,0,0
000649,0,1,0,0,1,0.1313720985695168,2,2,0,0,0,0
000650,1,0,0,0,1,0.18565325225475304,2,2,0,0,0,0
000651,0,0,0,0,0,0.07776828457446809,1,0,1,0,0,0
000652,1,0,0,0,0,0.28702473958333335,3,1,0,0,0,0
000653,1,0,0,0,0,0.1799257066514757,2,1,0,0,0,0
000654,0,0,0,1,0,0.06071008379247016,1,1,0,0,0,0
000655,1,1,0,1,0,0.32862563232800884,3,3,0,1,0,0
000656,0,1,0,1,0,0.31322987874348956,3,2,0,0,0,0
000657,1,0,0,0,0,0.019339243570963543,0,1,0,0,1,0
000658,0,0,0,0,1,0.09121506302445023,1,1,0,0,0,0
000659,1,0,0,0,0,0.39359032274255884,4,1,0,0,0,0
000660,1,0,0,0,1,0.18126296997070312,2,2,0,0,0,0
000661,0,0,0,0,0,0.01447287570224719,0,0,1,0,1,0
000662,0,0,0,1,0,0.14290901466652198,2,1,0,0,0,0
000663,1,0,0,1,0,0.04236263599488513,0,2,0,0,0,0
000664,0,0,1,0,1,0.042881011962890625,0,2,0,0,0,0
000665,1,0,0,0,0,0.07240341159611993,1,1,0,0,0,0
000666,0,0,0,1,0,0.15853457980685765,2,1,0,0,0,0
000667,0,0,1,0,0,0.012175242106119791,0,1,0,0,1,0
000668,0,0,0,0,0,0.015117353723404255,0,0,1,0,1,0
000669,0,0,0,0,0,0.07193218860053664,1,0,1,0,0,0
000670,1,0,0,0,0,0.09525449840429999,1,1,0,0,0,0
000671,1,1,0,1,1,0.29861064235095935,3,4,0,1,0,0
000672,0,0,0,0,0,0.19459635416666668,2,0,1,0,0,0
000673,1,0,0,1,1,0.06968068867334966,1,3,0,1,0,0
000674,0,0,0,1,0,0.7227325439453125,4,1,0,0,0,1
000675,1,0,0,0,0,0.033971125980001675,0,1,0,0,0,0
000676,0,0,0,1,0,0.26582496357747776,3,1,0,0,0,0
000677,1,0,0,0,0,0.47861653645833335,4,1,0,0,0,0
000678,1,1,0,0,0,0.20880254109700522,2,2,0,0,0,0
000679,1,0,0,1,1,0.06258392333984375,1,3,0,1,0,0
000680,0,0,0,0,0,0.21649901361937918,3,0,1,0,0,0
000681,1,0,0,0,0,0.15647749482808182,2,1,0,0,0,0
000682,1,0,0,0,0,0.10161842756896697,1,1,0,0,0,0
000683,1,0,0,0,0,0.16042643229166667,2,1,0,0,0,0
000684,1,0,1,0,0,0.18069330851236978,2,2,0,0,0,0
000685,1,0,0,0,1,0.6942049662272135,4,2,0,0,0,1
000686,1,0,0,1,0,0.038737825313390914,0,2,0,0,0,0
000687,1,0,0,0,0,0.6861398864036554,4,1,0,0,0,1
000688,0,0,0,0,0,0.23676172892252603,3,0,1,0,0,0
000689,0,0,0,1,0,0.0762774149576823,1,1,0,0,0,0
000690,0,0,0,0,1,0.06863657633463542,1,1,0,0,0,0
000691,1,0,0,0,0,0.14529009126466755,2,1,0,0,0,0
000692,0,0,0,1,0,0.005794547872340425,0,1,0,0,1,0
000693,1,0,0,0,0,0.542547088689944,4,1,0,0,0,1
000694,1,0,0,0,0,0.0708686835106383,1,1,0,0,0,0
000695,1,0,0,0,0,0.041780678113994635,0,1,0,0,0,0
000696,1,0,0,0,0,0.12167075828269676,2,1,0,0,0,0
000697,1,0,0,0,0,0.014839926861702128,0,1,0,0,1,0
000698,1,1,0,0,0,0.056149477769159815,1,2,0,0,0,0
000699,1,0,0,1,0,0.12979666930446085,2,2,0,0,0,0
000700,0,0,0,1,0,0.3946517619680851,4,1,0,0,0,0
000701,1,1,0,0,0,0.2566139786331742,3,2,0,0,0,0
000702,0,0,0,1,0,0.3342908223470052,3,1,0,0,0,0
000703,1,0,0,0,0,0.19438298543294272,2,1,0,0,0,0
000704,1,0,0,0,0,0.609717051188151,4,1,0,0,0,1
000705,1,0,0,1,0,0.38942562796096764,4,2,0,0,0,0
000706,0,0,0,0,1,0.116044921875,2,1,0,0,0,0
000707,1,0,0,1,0,0.5845049437814883,4,2,0,0,0,1
000708,1,0,0,0,0,0.007144972119738387,0,1,0,0,1,0
000709,1,0,0,0,0,0.02840201653530252,0,1,0,0,0,0
000710,1,0,0,0,0,0.08035845511043924,1,1,0,0,0,0
000711,0,0,0,0,0,0.12663607348739925,2,0,1,0,0,0
000712,1,0,0,1,0,0.566934073170936,4,2,0,0,0,1
000713,1,0,0,1,1,0.6324762333664411,4,3,0,1,0,1
000714,0,0,0,0,0,0.11899986439816368,2,0,1,0,0,0
000715,1,0,0,0,0,0.10272786458333333,1,1,0,0,0,0
000716,0,0,0,0,0,0.5772181743436622,4,0,1,0,0,1
000717,1,0,0,1,0,0.03868765782828283,0,2,0,0,0,0
000718,1,0,0,0,0,0.035592447916666665,0,1,0,0,0,0
000719,1,0,0,0,1,0.7340944002665071,4,2,0,0,0,1
000720,1,0,0,0,0,0.03974039734882927,0,1,0,0,0,0
000721,1,1,0,0,0,0.8482803663532824,4,2,0,0,0,1
000722,1,0,0,0,0,0.07618590879354523,1,1,0,0,0,0
000723,1,0,0,0,0,0.22346920437282985,3,1,0,0,0,0
000724,1,0,0,0,1,0.543017578125,4,2,0,0,0,1
000725,0,0,0,0,0,0.2716081838143915,3,0,1,0,0,0
000726,0,0,0,0,1,0.6074409484863281,4,1,0,0,0,1
000727,0,0,0,0,1,0.3760315349921049,3,1,0,0,0,0
000728,1,0,0,1,0,0.4014878043507882,4,2,0,0,0,0
000729,0,0,0,0,0,0.16871006466176922,2,0,1,0,0,0
000730,0,0,0,0,0,0.04300068042896412,0,0,1,0,0,0
000731,0,0,0,0,0,0.029738481704888478,0,0,1,0,0,0
000732,1,0,0,0,1,0.5100511420387087,4,2,0,0,0,1
000733,1,0,0,0,1,0.25033605613481674,3,2,0,0,0,0
000734,0,0,0,1,0,0.033764775359508635,0,1,0,0,0,0
000735,1,0,0,0,0,0.10861002604166667,1,1,0,0,0,0
000736,1,0,0,0,0,0.3547986348470052,3,1,0,0,0,0
000737,1,0,0,0,1,0.06564486468279804,1,2,0,0,0,0
000738,1,0,0,0,0,0.4973262913894804,4,1,0,0,0,0
000739,0,1,0,0,0,0.16099039713541666,2,1,0,0,0,0
000740,0,0,0,0,1,0.04789078549492705,0,1,0,0,0,0
000741,1,0,1,0,1,0.39398924509684247,4,3,0,1,0,0
000742,1,0,0,0,0,0.44766998291015625,4,1,0,0,0,0
000743,1,0,0,0,0,0.9566663106282552,4,1,0,0,0,1
000744,1,0,0,1,1,0.3103692270615053,3,3,0,1,0,0
000745,0,0,0,0,1,0.22359593709309897,3,1,0,0,0,0
000746,0,0,0,0,0,0.41756269666883683,4,0,1,0,0,0
000747,0,0,0,1,0,0.0905010082103588,1,1,0,0,0,0
000748,0,0,0,1,0,0.05856283244680851,1,1,0,0,0,0
000749,0,0,0,0,0,0.00701811835106383,0,0,1,0,1,0
000750,1,0,0,0,0,0.15515137964238343,2,1,0,0,0,0
000751,0,0,0,1,0,0.024633168809305172,0,1,0,0,0,0
000752,1,0,0,0,0,0.21886153627786467,3,1,0,0,0,0
000753,1,0,0,1,0,0.6725552876790365,4,2,0,0,0,1
000754,1,0,0,1,1,0.8342119852701823,4,3,0,1,0,1
000755,0,0,0,0,0,0.1871192530100212,2,0,1,0,0,0
000756,0,0,0,0,0,0.04654070347274712,0,0,1,0,0,0
000757,1,0,0,0,0,0.8445332845052084,4,1,0,0,0,1
000758,1,0,0,0,0,0.04640492021276596,0,1,0,0,0,0
000759,0,0,0,1,0,0.48372802529662084,4,1,0,0,0,0
000760,0,1,0,1,1,0.4135576883951823,4,3,0,1,0,0
000761,0,0,0,0,0,0.05837511660447761,1,0,1,0,0,0
000762,1,1,0,0,0,0.03612034574468085,0,2,0,0,0,0
000763,0,0,0,0,0,0.01284058626033058,0,0,1,0,1,0
000764,1,0,0,0,1,0.10402994791666667,1,2,0,0,0,0
000765,1,1,0,0,0,0.1162401835123698,2,2,0,0,0,0
000766,1,0,0,1,0,0.2144412287959346,2,2,0,0,0,0
000767,0,0,0,1,0,0.04346431902985075,0,1,0,0,0,0
000768,1,0,0,0,0,0.27834849365644154,3,1,0,0,0,0
000769,1,0,0,0,0,0.06432393154816612,1,1,0,0,0,0
000770,1,0,0,0,0,0.1391884132667824,2,1,0,0,0,0
000771,0,0,1,0,1,0.2722532623826723,3,2,0,0,0,0
000772,1,0,0,0,0,0.13838352514888533,2,1,0,0,0,0
000773,1,0,0,1,1,0.1405614217122396,2,3,0,1,0,0
000774,0,0,0,0,0,0.07491829498050478,1,0,1,0,0,0
000775,1,1,0,0,1,0.8717880369958998,4,3,0,1,0,1
000776,0,0,1,0,1,0.18958658854166666,2,2,0,0,0,0
000777,0,0,0,0,0,0.05307995345744681,1,0,1,0,0,0
000778,1,0,0,0,0,0.19550130208333333,2,1,0,0,0,0
000779,1,1,0,0,1,0.6176066656615721,4,3,0,1,0,1
000780,1,0,0,0,1,0.49612130059136283,4,2,0,0,0,0
000781,0,0,0,0,0,0.10687515747039557,1,0,1,0,0,0
000782,1,0,0,0,0,0.4290867169882658,4,1,0,0,0,0
000783,1,0,0,1,0,0.36434313684387054,3,2,0,0,0,0
000784,0,0,0,0,1,0.1420831778923426,2,1,0,0,0,0
000785,0,0,0,0,0,0.16908032343638404,2,0,1,0,0,0
000786,1,0,0,1,0,0.054405751329787234,1,2,0,0,0,0
000787,0,0,0,1,0,0.03569031540148965,0,1,0,0,0,0
000788,1,0,0,1,0,0.10298189748239141,1,2,0,0,0,0
000789,1,0,0,1,0,0.17113713430851063,2,2,0,0,0,0
000790,1,0,0,0,0,0.7279423504727688,4,1,0,0,0,1
000791,1,0,0,0,0,0.22553059895833333,3,1,0,0,0,0
000792,1,0,0,0,0,0.47724363538953996,4,1,0,0,0,0
000793,1,0,0,0,0,0.40206019083658856,4,1,0,0,0,0
000794,1,0,0,0,0,0.2992960611979167,3,1,0,0,0,0
000795,1,0,0,0,1,0.31603834010084925,3,2,0,0,0,0
000796,1,0,1,0,0,0.4914942904557148,4,2,0,0,0,0
000797,1,0,0,0,0,0.041938829787234046,0,1,0,0,0,0
000798,0,0,0,0,1,0.2064666748046875,2,1,0,0,0,0
000799,1,0,0,1,0,0.10375381582729874,1,2,0,0,0,0
000800,1,0,0,0,0,0.23507210060402198,3,1,0,0,0,0
000801,0,0,0,1,0,0.27255051987254736,3,1,0,0,0,0
000802,1,0,0,0,1,0.34545135498046875,3,2,0,0,0,0
000803,1,0,0,1,1,0.0876007080078125,1,3,0,1,0,0
000804,0,0,0,0,0,0.2946763215241609,3,0,1,0,0,0
000805,1,0,0,0,0,0.079833984375,1,1,0,0,0,0
000806,0,0,0,0,0,0.10381344135187826,1,0,1,0,0,0
000807,0,0,0,0,0,0.08198304521276596,1,0,1,0,0,0
000808,1,0,0,0,0,0.3946449913081269,4,1,0,0,0,0
000809,1,0,0,0,0,0.7991569010416667,4,1,0,0,0,1
000810,1,0,0,0,0,0.33345880239777986,3,1,0,0,0,0
000811,0,0,0,1,0,0.3860350267192123,3,1,0,0,0,0
000812,1,0,0,1,0,0.2362187703450521,3,2,0,0,0,0
000813,1,0,0,0,0,0.2055463610931993,2,1,0,0,0,0
000814,1,0,0,0,0,0.026932845744680852,0,1,0,0,0,0
000815,1,0,0,1,0,0.10488707930953414,1,2,0,0,0,0
000816,1,0,0,0,0,0.09141871316618402,1,1,0,0,0,0
000817,1,0,0,0,0,0.26546450014467593,3,1,0,0,0,0
000818,1,0,0,1,0,0.03181748670212766,0,2,0,0,0,0
000819,1,0,0,0,1,0.655867789231668,4,2,0,0,0,1
000820,0,0,0,0,0,0.00775249335106383,0,0,1,0,1,0
000821,0,0,0,0,0,0.04679074016329868,0,0,1,0,0,0
000822,1,0,0,0,1,0.5533881895105818,4,2,0,0,0,1
000823,0,0,0,0,0,0.04285894199123763,0,0,1,0,0,0
000824,1,0,0,0,0,0.02897440159574468,0,1,0,0,0,0
000825,0,0,0,0,1,0.03517420212765957,0,1,0,0,0,0
000826,1,0,0,1,0,0.0541108710106383,1,2,0,0,0,0
000827,1,0,0,0,0,0.1706174467889747,2,1,0,0,0,0
000828,0,0,0,0,1,0.09187455142447519,1,1,0,0,0,0
000829,0,0,0,0,0,0.5660046190511894,4,0,1,0,0,1
000830,1,0,1,0,1,0.343955788812998,3,3,0,1,0,0
000831,1,0,0,0,0,0.24343391701027198,3,1,0,0,0,0
000832,1,0,0,0,0,0.01458907075402482,0,1,0,0,1,0
000833,1,0,0,0,0,0.15118815104166666,2,1,0,0,0,0
000834,0,0,0,0,0,0.08685422207446808,1,0,1,0,0,0
000835,0,0,1,0,0,0.5440467031499869,4,1,0,0,0,1
000836,1,0,0,1,1,0.3697283571958317,3,3,0,1,0,0
000837,1,0,0,0,0,0.040918576548311394,0,1,0,0,0,0
000838,0,0,0,0,0,0.057312333776595746,1,0,1,0,0,0
000839,1,0,0,0,1,0.17498928747895937,2,2,0,0,0,0
000840,1,0,0,0,0,0.01102624714384538,0,1,0,0,1,0
000841,0,0,0,0,0,0.052745819091796875,1,0,1,0,0,0
000842,1,0,0,0,0,0.08396226600494718,1,1,0,0,0,0
000843,0,0,0,0,1,0.010029868433464699,0,1,0,0,1,0
000844,1,0,0,0,0,0.5929692586263021,4,1,0,0,0,1
000845,1,0,0,0,1,0.043060133846218346,0,2,0,0,0,0
000846,0,0,0,0,0,0.19565964417298382,2,0,1,0,0,0
000847,1,0,0,0,0,0.03363613376236794,0,1,0,0,0,0
000848,1,0,0,0,0,0.05299250284830729,1,1,0,0,0,0
000849,0,0,0,1,0,0.2805296561871122,3,1,0,0,0,0
000850,1,0,0,1,0,0.8430760701497396,4,2,0,0,0,1
000851,1,0,0,0,0,0.18941766872274862,2,1,0,0,0,0
000852,0,0,0,0,0,0.09377230830603847,1,0,1,0,0,0
000853,1,1,0,0,0,0.18607724432118833,2,2,0,0,0,0
000854,0,0,0,0,1,0.03415844539976484,0,1,0,0,0,0
000855,1,0,0,0,0,0.2657051086425781,3,1,0,0,0,0
000856,1,0,0,0,0,0.21770768371100957,3,1,0,0,0,0
000857,1,0,0,0,0,0.023246841755319148,0,1,0,0,0,0
000858,1,0,0,0,0,0.14258078457446807,2,1,0,0,0,0
000859,0,0,0,0,0,0.5335939119537154,4,0,1,0,0,1
000860,0,0,0,0,0,0.13302993774414062,2,0,1,0,0,0
000861,1,0,0,1,0,0.2548152400266882,3,2,0,0,0,0
000862,1,0,0,1,0,0.06083806355794271,1,2,0,0,0,0
000863,1,0,0,0,0,0.09870515046296297,1,1,0,0,0,0
000864,0,0,0,1,0,0.031168688029305718,0,1,0,0,0,0
000865,1,1,0,0,0,0.3311257538972078,3,2,0,0,0,0
000866,0,0,0,0,0,0.01701313164893617,0,0,1,0,1,0
000867,1,0,0,1,0,0.08655039469401042,1,2,0,0,0,0
000868,0,0,0,0,0,0.629746823656003,4,0,1,0,0,1
000869,1,1,0,0,0,0.9324706290755999,4,2,0,0,0,1
000870,1,0,0,0,0,0.20345364654778236,2,1,0,0,0,0
000871,0,0,0,1,1,0.048357363100405094,0,2,0,0,0,0
000872,1,1,0,0,0,0.6506334940592448,4,2,0,0,0,1
000873,1,0,0,0,0,0.015954953457446807,0,1,0,0,1,0
000874,0,0,0,0,1,0.02244806101452927,0,1,0,0,0,0
000875,0,1,0,0,1,0.5474153645833333,4,2,0,0,0,1
000876,1,0,0,0,0,0.03820270574794567,0,1,0,0,0,0
000877,1,0,0,0,0,0.17328982883029515,2,1,0,0,0,0
000878,1,0,0,1,1,0.48907383337087096,4,3,0,1,0,0
000879,0,0,0,1,0,0.1322912993254485,2,1,0,0,0,0
000880,0,0,0,0,0,0.011673204787234043,0,0,1,0,1,0
000881,1,0,0,1,0,0.04205069813829787,0,2,0,0,0,0
000882,1,1,0,1,0,0.2870925864361702,3,3,0,1,0,0
000883,0,0,0,0,1,0.2392185260868178,3,1,0,0,0,0
000884,1,0,0,0,0,0.27384114583333335,3,1,0,0,0,0
000885,0,0,0,1,0,0.35252083672417533,3,1,0,0,0,0
000886,1,0,0,1,1,0.17577997843424478,2,3,0,1,0,0
000887,1,0,0,1,0,0.06893598628328743,1,2,0,0,0,0
000888,1,0,0,0,0,0.01765625,0,1,0,0,1,0
000889,1,1,0,0,0,0.16773603723404254,2,2,0,0,0,0
000890,0,0,0,1,0,0.25509050157335067,3,1,0,0,0,0
000891,0,0,0,1,0,0.10657313524547207,1,1,0,0,0,0
000892,1,0,0,0,1,0.23250307837172243,3,2,0,0,0,0
000893,1,0,0,0,1,0.1354042335792824,2,2,0,0,0,0
000894,0,0,0,1,0,0.06375538149316619,1,1,0,0,0,0
000895,0,0,0,0,0,0.6855130032430646,4,0,1,0,0,1
000896,1,0,0,0,1,0.2574257250815069,3,2,0,0,0,0
000897,0,0,0,1,0,0.07850109857139863,1,1,0,0,0,0
000898,1,0,0,0,1,0.13102105695558214,2,2,0,0,0,0
000899,0,0,0,1,0,0.7130338469232093,4,1,0,0,0,1
000900,1,0,0,0,0,0.22713512844509548,3,1,0,0,0,0
000901,0,0,0,0,0,0.23290115299346845,3,0,1,0,0,0
000902,1,0,0,0,0,0.28205387935096016,3,1,0,0,0,0
000903,0,0,0,1,0,0.2920156408239294,3,1,0,0,0,0
000904,1,0,0,1,0,0.500726064046224,4,2,0,0,0,1
000905,1,0,0,0,0,0.7382788121489494,4,1,0,0,0,1
000906,1,0,0,0,1,0.6540117617006656,4,2,0,0,0,1
000907,1,0,0,0,0,0.06780509430550898,1,1,0,0,0,0
000908,0,0,0,0,0,0.4908680386013455,4,0,1,0,0,0
000909,1,0,0,0,0,0.2197261141665138,3,1,0,0,0,0
000910,1,0,0,0,0,0.3811791873488673,3,1,0,0,0,0
000911,0,0,0,0,1,0.08505220766420718,1,1,0,0,0,0
000912,1,0,0,0,0,0.07797456781914894,1,1,0,0,0,0
000913,0,0,1,0,1,0.22013092041015625,3,2,0,0,0,0
000914,0,1,0,1,1,0.9819183349609375,4,3,0,1,0,1
000915,0,0,0,0,0,0.24020175915611192,3,0,1,0,0,0
000916,1,0,0,0,0,0.16131510416666667,2,1,0,0,0,0
000917,1,0,0,0,1,0.22379302978515625,3,2,0,0,0,0
000918,1,0,0,0,0,0.43302065469347756,4,1,0,0,0,0
000919,1,0,0,0,0,0.027688404667323495,0,1,0,0,0,0
000920,1,0,0,1,0,0.41912206013997394,4,2,0,0,0,0
000921,1,0,0,0,1,0.3188425699869792,3,2,0,0,0,0
000922,0,0,0,1,0,0.4363716755319149,4,1,0,0,0,0
000923,1,0,0,0,0,0.5180390675862631,4,1,0,0,0,1
000924,0,0,0,0,1,0.6193638651391276,4,1,0,0,0,1
000925,0,0,0,0,0,0.15227213541666668,2,0,1,0,0,0
000926,1,1,0,0,0,0.548590050009671,4,2,0,0,0,1
000927,1,0,0,1,0,0.1951809223060509,2,2,0,0,0,0
000928,1,0,0,0,0,0.4780631510416667,4,1,0,0,0,0
000929,0,0,0,0,0,0.5693880208333333,4,0,1,0,0,1
000930,1,0,0,0,0,0.017521378579364415,0,1,0,0,1,0
000931,1,0,0,0,1,0.25845968258765534,3,2,0,0,0,0
000932,0,0,0,1,0,0.07419824604224406,1,1,0,0,0,0
000933,1,0,1,0,0,0.18584576424028942,2,2,0,0,0,0
000934,1,0,0,0,0,0.14214518229166667,2,1,0,0,0,0
000935,1,0,0,1,0,0.44166310628255206,4,2,0,0,0,0
000936,0,0,0,0,0,0.04575475056966146,0,0,1,0,0,0
000937,1,0,0,0,0,0.5317761994139649,4,1,0,0,0,1
000938,0,0,0,1,0,0.8553240342457828,4,1,0,0,0,1
000939,0,0,0,0,1,0.0631090799967448,1,1,0,0,0,0
000940,1,0,0,0,0,0.18279622395833334,2,1,0,0,0,0
000941,0,0,0,0,1,0.325546875,3,1,0,0,0,0
000942,0,0,0,0,0,0.1329077460106383,2,0,1,0,0,0
000943,1,0,0,1,1,0.1762498884584698,2,3,0,1,0,0
000944,0,0,0,0,0,0.33527247111002606,3,0,1,0,0,0
000945,1,1,0,0,1,0.2660625680675985,3,3,0,1,0,0
000946,1,0,0,0,0,0.28208944441208195,3,1,0,0,0,0
000947,1,0,0,0,0,0.6757177737532656,4,1,0,0,0,1
000948,1,0,0,1,0,0.18927519874023896,2,2,0,0,0,0
000949,0,0,0,0,1,0.07766709504304109,1,1,0,0,0,0
000950,1,0,0,0,0,0.029574782760054978,0,1,0,0,0,0
000951,1,0,0,0,0,0.2548942565917969,3,1,0,0,0,0
000952,1,0,0,0,0,0.04138771119822237,0,1,0,0,0,0
000953,1,0,0,0,0,0.1235338846842448,2,1,0,0,0,0
000954,1,1,0,0,0,0.5882239124288058,4,2,0,0,0,1
000955,1,0,0,0,0,0.1537804954708359,2,1,0,0,0,0
000956,1,0,0,0,0,0.20771189007414406,2,1,0,0,0,0
000957,0,0,0,0,0,0.039831811142671474,0,0,1,0,0,0
000958,1,0,0,0,0,0.5105678733948175,4,1,0,0,0,1
000959,0,0,0,0,1,0.17181059170008756,2,1,0,0,0,0
000960,1,1,0,0,0,0.371723258967129,3,2,0,0,0,0
000961,0,0,0,1,0,0.050588082891371795,1,1,0,0,0,0
000962,0,0,0,1,0,0.1316499335106383,2,1,0,0,0,0
000963,1,0,0,0,0,0.09443581570120396,1,1,0,0,0,0
000964,1,0,0,0,1,0.11649760608815385,2,2,0,0,0,0
000965,0,0,0,0,0,0.5309479256194449,4,0,1,0,0,1
000966,0,0,0,0,0,0.7910029093424479,4,0,1,0,0,1
000967,1,0,0,0,0,0.47966796875,4,1,0,0,0,0
000968,1,0,0,1,0,0.2441584269205729,3,2,0,0,0,0
000969,1,0,0,0,0,0.20681889851888022,2,1,0,0,0,0
000970,1,0,0,1,0,0.1417730300394097,2,2,0,0,0,0
000971,1,0,0,0,0,0.0522613525390625,1,1,0,0,0,0
000972,1,0,0,0,0,0.06427637736002605,1,1,0,0,0,0
000973,0,0,0,1,0,0.2967185974121094,3,1,0,0,0,0
000974,0,0,0,0,0,0.03418151595744681,0,0,1,0,0,0
000975,0,0,0,1,1,0.119140625,2,2,0,0,0,0
000976,0,0,0,0,0,0.3226561452888353,3,0,1,0,0,0
000977,0,1,0,1,1,0.1793085734049479,2,3,0,1,0,0
000978,1,0,0,0,0,0.5357805887858073,4,1,0,0,0,1
000979,1,0,0,0,0,0.100046875,1,1,0,0,0,0
000980,1,0,0,0,0,0.19340494791666665,2,1,0,0,0,0
000981,0,0,0,1,0,0.3189206159336743,3,1,0,0,0,0
000982,1,0,0,1,0,0.16381737965563575,2,2,0,0,0,0
000983,0,0,0,1,0,0.11464349163592151,1,1,0,0,0,0
000984,0,1,0,0,0,0.12890950520833333,2,1,0,0,0,0
000985,0,1,0,1,0,0.7181417677137587,4,2,0,0,0,1
000986,1,0,0,0,0,0.6396126302083334,4,1,0,0,0,1
000987,1,0,0,0,0,0.17853841145833332,2,1,0,0,0,0
000988,1,0,0,0,0,0.10718154907226562,1,1,0,0,0,0
000989,0,0,0,0,0,0.06045434476144558,1,0,1,0,0,0
000990,1,0,0,0,0,0.3285529375690263,3,1,0,0,0,0
000991,1,0,0,0,0,0.3930066426595052,4,1,0,0,0,0
000992,1,0,0,0,0,0.02685727022367097,0,1,0,0,0,0
000993,0,0,0,0,1,0.18587606924551506,2,1,0,0,0,0
000994,0,0,0,1,0,0.05055967420212766,1,1,0,0,0,0
000995,1,1,0,0,0,0.14201068878173828,2,2,0,0,0,0
000996,1,0,0,1,1,0.08172098795572917,1,3,0,1,0,0
000997,1,0,0,0,1,0.3780987433000145,3,2,0,0,0,0
000998,0,0,0,0,0,0.548945556448609,4,0,1,0,0,1
000999,1,0,0,0,0,0.021564786233858796,0,1,0,0,0,0
001000,0,0,0,1,1,0.10756794587287012,1,2,0,0,0,0
001001,0,0,0,0,0,0.12653350830078125,2,0,1,0,0,0
001002,0,1,0,0,0,0.06381941569365253,1,1,0,0,0,0
001003,0,0,0,1,0,0.050129224143361045,1,1,0,0,0,0
001004,1,0,0,0,1,0.162078857421875,2,2,0,0,0,0
001005,1,0,0,1,0,0.299607347246682,3,2,0,0,0,0
001006,0,0,0,1,0,0.01110078850372411,0,1,0,0,1,0
001007,1,0,0,0,0,0.20498388784903068,2,1,0,0,0,0
001008,1,0,0,1,0,0.524590050609831,4,2,0,0,0,1
001009,1,0,0,0,1,0.05892054239908854,1,2,0,0,0,0
001010,0,0,0,0,0,0.6059544881184896,4,0,1,0,0,1
001011,1,0,0,0,0,0.04158980379003857,0,1,0,0,0,0
001012,0,0,0,1,1,0.7719841003417969,4,2,0,0,0,1
001013,1,0,0,0,0,0.18754450480143228,2,1,0,0,0,0
001014,1,0,0,0,0,0.034879189950448496,0,1,0,0,0,0
001015,1,0,0,0,0,0.2798695034450955,3,1,0,0,0,0
001016,1,0,0,1,0,0.3989554521276596,4,2,0,0,0,0
001017,1,0,0,0,0,0.06503253512912327,1,1,0,0,0,0
001018,0,0,0,1,0,0.16173214149066423,2,1,0,0,0,0
001019,1,0,0,0,0,0.017742021276595743,0,1,0,0,1,0
001020,1,0,0,0,0,0.35977935791015625,3,1,0,0,0,0
001021,1,0,0,0,0,0.038315379737548214,0,1,0,0,0,0
001022,0,0,0,0,0,0.07207532387221198,1,0,1,0,0,0
001023,1,0,0,1,0,0.3058357238769531,3,2,0,0,0,0
001024,1,0,0,0,0,0.12831856015742915,2,1,0,0,0,0
001025,1,0,0,0,0,0.17523156382055405,2,1,0,0,0,0
001026,1,0,0,0,0,0.3496807788655039,3,1,0,0,0,0
001027,1,0,0,0,0,0.4202016615013774,4,1,0,0,0,0
001028,0,0,0,1,1,0.09690044990986081,1,2,0,0,0,0
001029,1,0,0,0,0,0.4397732770001447,4,1,0,0,0,0
001030,1,0,0,0,0,0.0178359375,0,1,0,0,1,0
001031,1,0,0,0,1,0.22251383463541666,3,2,0,0,0,0
001032,1,0,0,0,0,0.5575297320330584,4,1,0,0,0,1
001033,0,0,0,0,0,0.14013834564682023,2,0,1,0,0,0
001034,0,0,0,0,0,0.0856639720775463,1,0,1,0,0,0
001035,1,0,0,0,1,0.45780491992580047,4,2,0,0,0,0
001036,0,0,0,0,0,0.3737083433779138,3,0,1,0,0,0
001037,1,0,0,0,1,0.10208115754304109,1,2,0,0,0,0
001038,0,0,0,0,0,0.1343056007667824,2,0,1,0,0,0
001039,1,0,0,0,1,0.07693359375,1,2,0,0,0,0
001040,1,0,0,0,0,0.22310765584309897,3,1,0,0,0,0
001041,0,0,0,0,1,0.2768434723934196,3,1,0,0,0,0
001042,1,0,0,0,0,0.49514739706258176,4,1,0,0,0,0
001043,1,0,0,1,0,0.13874861587674808,2,2,0,0,0,0
001044,1,0,0,0,0,0.14170455932617188,2,1,0,0,0,0
001045,1,0,1,0,1,0.32612001300341104,3,3,0,1,0,0
001046,1,1,0,0,0,0.43369140625,4,2,0,0,0,0
001047,0,0,0,0,0,0.05026077753632317,1,0,1,0,0,0
001048,0,0,0,0,0,0.10592397054036458,1,0,1,0,0,0
001049,0,0,0,0,0,0.005851022712980044,0,0,1,0,1,0
001050,0,0,0,0,0,0.33491261800130206,3,0,1,0,0,0
001051,1,0,0,0,1,0.19980494181315103,2,2,0,0,0,0
001052,1,0,0,0,1,0.18341388096678868,2,2,0,0,0,0
001053,1,1,0,1,0,0.18624691129150595,2,3,0,1,0,0
001054,1,0,0,0,0,0.550970713297526,4,1,0,0,0,1
001055,0,0,0,0,0,0.08274700824354352,1,0,1,0,0,0
001056,1,0,0,1,1,0.18780239442214516,2,3,0,1,0,0
001057,1,0,0,0,0,0.01133929413676002,0,1,0,0,1,0
001058,0,0,0,0,0,0.034487406412760414,0,0,1,0,0,0
001059,1,0,0,1,0,0.035411404179942985,0,2,0,0,0,0
001060,1,0,0,0,0,0.023873670212765957,0,1,0,0,0,0
001061,1,0,0,0,0,0.1258229856137876,2,1,0,0,0,0
001062,0,1,0,1,1,0.6522712053594228,4,3,0,1,0,1
001063,1,0,0,0,1,0.25398288355351184,3,2,0,0,0,0
001064,1,0,0,0,0,0.02802454327729331,0,1,0,0,0,0
001065,0,0,0,0,0,0.15748875880429314,2,0,1,0,0,0
001066,0,0,0,1,0,0.04643220398428732,0,1,0,0,0,0
001067,1,0,0,0,0,0.5679804484049479,4,1,0,0,0,1
001068,0,0,0,1,0,0.43297723657869364,4,1,0,0,0,0
001069,0,0,0,1,0,0.07368666888297873,1,1,0,0,0,0
001070,1,0,0,0,1,0.028299534574468085,0,2,0,0,0,0
001071,0,0,0,1,0,0.06461886057772934,1,1,0,0,0,0
001072,0,0,0,0,0,0.16921758643617021,2,0,1,0,0,0
001073,1,0,0,0,0,0.2588062286376953,3,1,0,0,0,0
001074,1,0,0,0,0,0.15651544032176903,2,1,0,0,0,0
001075,1,0,0,0,0,0.5064349942788057,4,1,0,0,0,1
001076,1,0,0,0,0,0.08986759185791016,1,1,0,0,0,0
001077,0,0,0,1,0,0.09908377891924293,1,1,0,0,0,0
001078,0,0,0,0,0,0.05086502659574468,1,0,1,0,0,0
001079,1,0,0,0,0,0.06311298632107164,1,1,0,0,0,0
001080,0,0,0,1,0,0.06911523696561575,1,1,0,0,0,0
001081,0,0,1,0,0,0.020114192256221065,0,1,0,0,0,0
001082,1,0,0,1,0,0.12042826924890994,2,2,0,0,0,0
001083,0,0,0,0,1,0.03070694813829787,0,1,0,0,0,0
001084,0,0,0,0,1,0.03874568628940969,0,1,0,0,0,0
001085,1,0,0,1,0,0.053318625665562634,1,2,0,0,0,0
001086,0,0,0,1,0,0.32800284250331596,3,1,0,0,0,0
001087,1,0,0,1,0,0.1808861932480066,2,2,0,0,0,0
001088,1,0,0,0,0,0.37440366018135907,3,1,0,0,0,0
001089,1,0,0,0,0,0.34832356770833334,3,1,0,0,0,0
001090,0,1,0,0,0,0.10173924763997395,1,1,0,0,0,0
001091,1,0,0,0,0,0.22362630208333334,3,1,0,0,0,0
001092,0,0,0,0,0,0.008890518221742411,0,0,1,0,1,0
001093,1,0,0,0,1,0.6078369713549637,4,2,0,0,0,1
001094,0,0,1,0,0,0.45055544817889176,4,1,0,0,0,0
001095,1,0,0,0,0,0.8332665761311849,4,1,0,0,0,1
001096,0,0,0,0,1,0.049847185901601546,0,1,0,0,0,0
001097,1,0,0,0,0,0.1530678360550492,2,1,0,0,0,0
001098,0,0,0,1,0,0.0574394591941715,1,1,0,0,0,0
001099,1,1,1,0,0,0.35379251993838007,3,3,0,1,0,0
001100,1,0,0,0,0,0.04073055186170213,0,1,0,0,0,0
001101,0,0,0,1,0,0.03358200766707194,0,1,0,0,0,0
001102,0,0,0,0,1,0.1748553874739848,2,1,0,0,0,0
001103,1,0,0,0,0,0.4360759876392506,4,1,0,0,0,0
001104,1,1,0,0,0,0.11271681554481805,1,2,0,0,0,0
001105,1,0,0,0,0,0.910943349202474,4,1,0,0,0,1
001106,0,0,0,0,0,0.4684523129096174,4,0,1,0,0,0
001107,1,0,0,1,0,0.20561545546495053,2,2,0,0,0,0
001108,0,0,0,0,0,0.14735539754231772,2,0,1,0,0,0
001109,1,1,0,1,0,0.0989990234375,1,3,0,1,0,0
001110,0,0,0,0,0,0.06486238706397786,1,0,1,0,0,0
001111,1,0,0,0,0,0.6884382742422598,4,1,0,0,0,1
001112,0,0,0,0,0,0.05136318289634673,1,0,1,0,0,0
001113,0,1,0,0,0,0.05412665752171925,1,1,0,0,0,0
001114,1,0,0,0,0,0.009225880171666156,0,1,0,0,1,0
001115,1,0,0,0,0,0.052736918131510414,1,1,0,0,0,0
001116,0,0,0,0,0,0.7442313961904398,4,0,1,0,0,1
001117,0,0,1,0,0,0.15361979166666667,2,1,0,0,0,0
001118,1,0,0,1,0,0.016605574873176255,0,2,0,0,1,0
001119,0,0,0,0,0,0.05690586419753087,1,0,1,0,0,0
001120,0,0,0,1,0,0.3823214508871805,3,1,0,0,0,0
001121,1,0,0,1,0,0.19579988387098046,2,2,0,0,0,0
001122,0,0,0,0,0,0.10209409850327017,1,0,1,0,0,0
001123,1,0,0,0,0,0.25665364583333333,3,1,0,0,0,0
001124,0,0,0,0,0,0.13052876790364584,2,0,1,0,0,0
001125,1,0,0,0,1,0.5008617859047505,4,2,0,0,0,1
001126,1,0,0,0,0,0.023082609686818717,0,1,0,0,0,0
001127,0,0,0,0,0,0.01752593085106383,0,0,1,0,1,0
001128,1,0,0,0,0,0.08589025888133031,1,1,0,0,0,0
001129,1,0,0,0,0,0.021952311197916668,0,1,0,0,0,0
001130,1,0,0,0,1,0.5405800430862991,4,2,0,0,0,1
001131,0,0,0,0,0,0.07457781530822205,1,0,1,0,0,0
001132,1,0,0,0,0,0.02082313829787234,0,1,0,0,0,0
001133,1,0,0,0,0,0.3713343458320431,3,1,0,0,0,0
001134,1,0,0,0,0,0.47876750327815837,4,1,0,0,0,0
001135,1,0,0,0,0,0.02687913356322321,0,1,0,0,0,0
001136,0,0,0,0,1,0.06768478103028625,1,1,0,0,0,0
001137,1,1,0,0,0,0.2756601969401042,3,2,0,0,0,0
001138,1,0,0,0,0,0.5418268839518229,4,1,0,0,0,1
001139,1,1,0,0,0,0.4009602864583333,4,2,0,0,0,0
001140,1,0,0,0,0,0.25583984375,3,1,0,0,0,0
001141,1,0,0,1,0,0.2767506395695738,3,2,0,0,0,0
001142,1,0,0,0,0,0.3468359375,3,1,0,0,0,0
001143,0,0,0,0,0,0.02674468085106383,0,0,1,0,0,0
001144,1,0,0,0,0,0.38741861979166664,3,1,0,0,0,0
001145,1,0,0,0,0,0.4031982421875,4,1,0,0,0,0
001146,1,0,0,0,0,0.04733431780779803,0,1,0,0,0,0
001147,1,0,0,1,0,0.2415652689988595,3,2,0,0,0,0
001148,1,0,1,0,0,0.636875,4,2,0,0,0,1
001149,0,0,0,0,0,0.042552209208650923,0,0,1,0,0,0
001150,0,0,0,1,0,0.1307398478190104,2,1,0,0,0,0
001151,0,0,0,1,1,0.1308924357096354,2,2,0,0,0,0
001152,0,0,0,0,0,0.015029776722077812,0,0,1,0,1,0
001153,0,0,0,0,0,0.053132092511212384,1,0,1,0,0,0
001154,0,0,0,0,0,0.15104039510091147,2,0,1,0,0,0
001155,0,0,0,0,0,0.08206803201506592,1,0,1,0,0,0
001156,0,0,0,0,1,0.05587267287234043,1,1,0,0,0,0
001157,0,0,0,0,0,0.0478947978681033,0,0,1,0,0,0
001158,0,0,0,0,1,0.132626953125,2,1,0,0,0,0
001159,0,1,0,1,1,0.031370698735955056,0,3,0,1,0,0
001160,0,0,0,0,0,0.24152893066571873,3,0,1,0,0,0
001161,1,0,0,0,1,0.3130238850911458,3,2,0,0,0,0
001162,1,0,1,1,0,0.08325458572888704,1,3,0,1,0,0
001163,1,0,0,0,0,0.05464452370454355,1,1,0,0,0,0
001164,1,0,0,0,0,0.32584309895833335,3,1,0,0,0,0
001165,1,0,0,0,0,0.20138055306893807,2,1,0,0,0,0
001166,0,1,0,1,0,0.029774434840425534,0,2,0,0,0,0
001167,1,0,0,0,0,0.15819010416666668,2,1,0,0,0,0
001168,0,0,0,0,0,0.0715929667154948,1,0,1,0,0,0
001169,1,0,0,0,0,0.2667111895092925,3,1,0,0,0,0
001170,0,0,0,0,0,0.036066153963881235,0,0,1,0,0,0
001171,0,0,0,0,1,0.04732411869068615,0,1,0,0,0,0
001172,1,0,1,0,0,0.2757370500100496,3,2,0,0,0,0
001173,1,0,0,1,0,0.47467630181498277,4,2,0,0,0,0
001174,0,0,0,0,0,0.08800639782012543,1,0,1,0,0,0
001175,1,0,0,0,0,0.012633976063829787,0,1,0,0,1,0
001176,0,1,0,0,0,0.1637751261393229,2,1,0,0,0,0
001177,0,0,0,0,0,0.3166160583496094,3,0,1,0,0,0
001178,1,0,0,1,0,0.42193857828776044,4,2,0,0,0,0
001179,1,0,0,0,0,0.5224461960311328,4,1,0,0,0,1
001180,0,0,0,0,1,0.2857564290364583,3,1,0,0,0,0
001181,0,0,0,0,0,0.02660006891455643,0,0,1,0,0,0
001182,0,0,0,0,0,0.6377423604329427,4,0,1,0,0,1
001183,1,0,0,0,0,0.17483747569817623,2,1,0,0,0,0
001184,0,0,0,0,0,0.0942442152235243,1,0,1,0,0,0
001185,1,0,0,0,0,0.14338541666666665,2,1,0,0,0,0
001186,1,0,0,0,0,0.5068081043384693,4,1,0,0,0,1
001187,0,0,0,0,1,0.19576263427734375,2,1,0,0,0,0
001188,1,0,0,0,0,0.04951235745430153,0,1,0,0,0,0
001189,1,0,0,0,0,0.6356366475423177,4,1,0,0,0,1
001190,1,0,0,1,0,0.1857741882232098,2,2,0,0,0,0
001191,0,0,0,1,1,0.04042940909043267,0,2,0,0,0,0
001192,0,0,0,0,0,0.02115526716023875,0,0,1,0,0,0
001193,1,1,0,0,0,0.32240234375,3,2,0,0,0,0
001194,0,0,0,1,1,0.1058741813654219,1,2,0,0,0,0
001195,1,0,0,0,0,0.4248085071707953,4,1,0,0,0,0
001196,1,0,0,0,0,0.08110026041666667,1,1,0,0,0,0
001197,1,0,0,0,0,0.34806640625,3,1,0,0,0,0
001198,0,0,0,0,0,0.019439697265625,0,0,1,0,1,0
001199,1,0,0,0,1,0.6678385416666667,4,2,0,0,0,1
001200,1,0,0,0,0,0.740845436119068,4,1,0,0,0,1
001201,1,0,0,0,0,0.12660807291666668,2,1,0,0,0,0
001202,0,0,0,0,0,0.34783203125,3,0,1,0,0,0
001203,1,0,0,0,0,0.13789685567220053,2,1,0,0,0,0
001204,1,0,0,0,1,0.03811689009307396,0,2,0,0,0,0
001205,1,0,0,0,0,0.06405598958333333,1,1,0,0,0,0
001206,0,0,0,0,1,0.1299769083658854,2,1,0,0,0,0
001207,1,0,0,0,0,0.21204334104890113,2,1,0,0,0,0
001208,0,0,0,0,0,0.3242159206142257,3,0,1,0,0,0
001209,0,0,0,0,1,0.11248270670572917,1,1,0,0,0,0
001210,0,0,1,1,1,0.00958344414893617,0,3,0,1,1,0
001211,1,0,0,0,0,0.05187376189627704,1,1,0,0,0,0
001212,0,0,0,0,0,0.025661942180644833,0,0,1,0,0,0
001213,1,0,0,1,0,0.3179003397623698,3,2,0,0,0,0
001214,1,0,0,0,1,0.19607421875,2,2,0,0,0,0
001215,1,0,0,0,1,0.21708333333333332,3,2,0,0,0,0
001216,1,0,0,0,0,0.3070119222005208,3,1,0,0,0,0
001217,0,1,0,1,1,0.7515129665718495,4,3,0,1,0,1
001218,0,0,0,1,0,0.21895814601188654,3,1,0,0,0,0
001219,0,0,0,0,0,0.0265141289893617,0,0,1,0,0,0
001220,1,0,0,1,0,0.43123626708984375,4,2,0,0,0,0
001221,0,0,0,0,0,0.03722905585106383,0,0,1,0,0,0
001222,0,0,0,0,0,0.018033909574468085,0,0,1,0,1,0
001223,0,0,0,0,1,0.08706242913832199,1,1,0,0,0,0
001224,0,0,0,0,0,0.30699708726671004,3,0,1,0,0,0
001225,0,0,0,0,0,0.07048653590425531,1,0,1,0,0,0
001226,1,0,0,0,0,0.05457229605372126,1,1,0,0,0,0
001227,1,0,0,0,0,0.036465430047794734,0,1,0,0,0,0
001228,0,0,0,0,0,0.05683771769205729,1,0,1,0,0,0
001229,0,0,0,0,1,0.2164281209309896,3,1,0,0,0,0
001230,0,0,0,0,1,0.2881045700056117,3,1,0,0,0,0
001231,0,0,0,0,0,0.38988833234146664,4,0,1,0,0,0
001232,0,0,0,0,0,0.03887916411590654,0,0,1,0,0,0
001233,1,0,0,1,0,0.37839635213216144,3,2,0,0,0,0
001234,0,0,0,0,0,0.25733311971028644,3,0,1,0,0,0
001235,0,0,0,0,1,0.22933869655606298,3,1,0,0,0,0
001236,1,0,0,0,0,0.12766152841073494,2,1,0,0,0,0
001237,0,0,0,0,0,0.035232972081930415,0,0,1,0,0,0
001238,1,0,0,0,0,0.2880744934082031,3,1,0,0,0,0
001239,1,0,0,0,0,0.32150698226636265,3,1,0,0,0,0
001240,1,0,0,0,0,0.26847981770833335,3,1,0,0,0,0
001241,1,0,0,0,0,0.373562424271195,3,1,0,0,0,0
001242,0,0,0,0,1,0.023524584544944393,0,1,0,0,0,0
001243,1,0,0,0,0,0.32505859375,3,1,0,0,0,0
001244,0,0,0,0,0,0.15654500325520834,2,0,1,0,0,0
001245,1,0,0,0,0,0.4647564103458303,4,1,0,0,0,0
001246,0,0,0,0,0,0.11195711436170212,1,0,1,0,0,0
001247,1,0,0,0,0,0.3553476333618164,3,1,0,0,0,0
001248,0,1,0,1,1,0.21788425450142088,3,3,0,1,0,0
001249,1,0,0,0,1,0.01825648271276596,0,2,0,0,1,0
001250,0,0,0,0,1,0.3931616862686849,4,1,0,0,0,0
001251,1,0,0,0,0,0.04871363971150903,0,1,0,0,0,0
001252,0,0,0,1,0,0.1393455442677763,2,1,0,0,0,0
001253,0,0,0,0,0,0.619683583577474,4,0,1,0,0,1
001254,0,0,0,0,0,0.20243453979492188,2,0,1,0,0,0
001255,0,0,0,1,1,0.04039311835106383,0,2,0,0,0,0
001256,0,0,0,0,0,0.3433464898003472,3,0,1,0,0,0
001257,1,0,0,0,0,0.11863010987294019,2,1,0,0,0,0
001258,1,0,0,0,0,0.054211419639862486,1,1,0,0,0,0
001259,1,0,0,0,0,0.11618932088216145,2,1,0,0,0,0
001260,1,0,0,1,1,0.19615988692008954,2,3,0,1,0,0
001261,0,0,0,0,1,0.20386109528718172,2,1,0,0,0,0
001262,1,0,0,0,0,0.8473763020833334,4,1,0,0,0,1
001263,0,0,0,0,0,0.3037026016800492,3,0,1,0,0,0
001264,0,0,0,0,0,0.19408090220585641,2,0,1,0,0,0
001265,1,0,0,1,0,0.10176695478723405,1,2,0,0,0,0
001266,1,0,0,0,1,0.028114527925531915,0,2,0,0,0,0
001267,1,0,1,0,0,0.084873046875,1,2,0,0,0,0
001268,0,0,0,1,0,0.024713976093000713,0,1,0,0,0,0
001269,1,0,0,0,0,0.03560782916561686,0,1,0,0,0,0
001270,1,1,0,1,0,0.3536389668782552,3,3,0,1,0,0
001271,1,1,0,0,0,0.13590370242832364,2,2,0,0,0,0
001272,1,0,0,0,1,0.88165283203125,4,2,0,0,0,1
001273,1,0,0,0,0,0.7178202987655092,4,1,0,0,0,1
001274,0,0,0,0,1,0.1806818854381887,2,1,0,0,0,0
001275,1,0,0,0,0,0.37349549960825923,3,1,0,0,0,0
001276,1,0,0,0,1,0.13714146023468057,2,2,0,0,0,0
001277,1,0,0,1,1,0.033953848209793726,0,3,0,1,0,0
001278,1,0,0,0,0,0.055613198138297876,1,1,0,0,0,0
001279,1,0,0,1,1,0.052004598135550514,1,3,0,1,0,0
001280,0,0,0,0,1,0.42823537190755206,4,1,0,0,0,0
001281,1,0,1,0,1,0.42947642008463544,4,3,0,1,0,0
001282,0,0,0,0,0,0.12434180702876069,2,0,1,0,0,0
001283,0,0,0,0,0,0.033498337765957446,0,0,1,0,0,0
001284,1,0,1,0,1,0.17276636759440103,2,3,0,1,0,0
001285,1,0,0,0,0,0.10566731770833333,1,1,0,0,0,0
001286,1,1,0,1,0,0.33382415771484375,3,3,0,1,0,0
001287,1,0,0,0,0,0.2796086365226719,3,1,0,0,0,0
001288,1,0,0,1,0,0.3660074869791667,3,2,0,0,0,0
001289,0,0,0,0,0,0.07299386685210588,1,0,1,0,0,0
001290,1,0,0,0,0,0.3777313232421875,3,1,0,0,0,0
001291,0,0,0,0,1,0.10135650634765625,1,1,0,0,0,0
001292,0,0,0,0,0,0.06117714512933926,1,0,1,0,0,0
001293,0,1,1,0,1,0.03480504451932752,0,3,0,1,0,0
001294,0,0,0,0,0,0.25883278917910446,3,0,1,0,0,0
001295,0,0,0,0,0,0.2610385931562881,3,0,1,0,0,0
001296,1,0,0,0,0,0.454501953125,4,1,0,0,0,0
001297,0,0,0,0,0,0.5307516875090422,4,0,1,0,0,1
001298,1,0,1,0,0,0.3516591389973958,3,2,0,0,0,0
001299,0,0,0,0,1,0.023924962398331376,0,1,0,0,0,0
001300,1,0,0,0,0,0.4637192666289815,4,1,0,0,0,0
001301,1,0,0,0,0,0.3001072837386911,3,1,0,0,0,0
001302,0,0,0,0,0,0.10207748413085938,1,0,1,0,0,0
001303,1,0,0,0,0,0.34546990889804885,3,1,0,0,0,0
001304,0,0,0,0,1,0.2729949951171875,3,1,0,0,0,0
001305,0,0,0,0,1,0.02984272152230421,0,1,0,0,0,0
001306,1,0,0,0,0,0.2593893476673414,3,1,0,0,0,0
001307,0,0,0,0,0,0.05982611987696313,1,0,1,0,0,0
001308,1,0,0,0,1,0.3338979085286458,3,2,0,0,0,0
001309,0,0,0,0,0,0.10025250110053664,1,0,1,0,0,0
001310,1,0,0,0,0,0.12893675988914083,2,1,0,0,0,0
001311,1,0,0,0,0,0.11613510151023657,2,1,0,0,0,0
001312,1,0,0,1,0,0.18125152587890625,2,2,0,0,0,0
001313,0,0,0,0,1,0.030497233072916668,0,1,0,0,0,0
001314,1,1,0,0,0,0.16386322186511582,2,2,0,0,0,0
001315,1,0,0,0,0,0.01574251994680851,0,1,0,0,1,0
001316,1,0,0,1,0,0.19606731746813685,2,2,0,0,0,0
001317,0,0,0,0,0,0.1945471587004485,2,0,1,0,0,0
001318,1,0,0,0,0,0.031203291223404254,0,1,0,0,0,0
001319,0,0,0,0,0,0.13485505547741836,2,0,1,0,0,0
001320,1,0,0,0,0,0.16372214423285592,2,1,0,0,0,0
001321,0,0,0,0,0,0.01771343085106383,0,0,1,0,1,0
001322,1,0,0,0,0,0.03235804521276596,0,1,0,0,0,0
001323,1,0,0,0,0,0.00733658341019621,0,1,0,0,1,0
001324,1,0,0,0,0,0.04669996675531915,0,1,0,0,0,0
001325,1,0,0,0,1,0.0821264346154571,1,2,0,0,0,0
001326,1,0,0,1,0,0.11322839095744681,1,2,0,0,0,0
001327,0,0,1,0,1,0.027496903030960647,0,2,0,0,0,0
001328,1,0,1,0,1,0.0364532470703125,0,3,0,1,0,0
001329,1,0,0,0,0,0.4933033695927373,4,1,0,0,0,0
001330,1,0,0,1,0,0.04773786569148936,0,2,0,0,0,0
001331,1,0,0,0,0,0.03412339142689522,0,1,0,0,0,0
001332,0,0,0,0,0,0.6095364688545358,4,0,1,0,0,1
001333,0,0,0,0,0,0.05197140957446809,1,0,1,0,0,0
001334,1,0,0,1,0,0.07852111037234043,1,2,0,0,0,0
001335,1,0,0,0,0,0.17296738073380008,2,1,0,0,0,0
001336,0,0,0,0,0,0.1290990076827939,2,0,1,0,0,0
001337,0,0,1,0,1,0.2607558921531395,3,2,0,0,0,0
001338,1,1,0,0,0,0.72365234375,4,2,0,0,0,1
001339,1,0,0,1,0,0.4993027258060402,4,2,0,0,0,0
001340,0,0,0,0,0,0.32067170877659573,3,0,1,0,0,0
001341,1,0,0,0,0,0.36236002604166667,3,1,0,0,0,0
001342,1,0,0,0,0,0.6823838505031639,4,1,0,0,0,1
001343,1,0,0,0,0,0.1544140625,2,1,0,0,0,0
001344,1,0,0,1,1,0.03999779237590139,0,3,0,1,0,0
001345,1,0,0,0,0,0.32279332478841144,3,1,0,0,0,0
001346,0,0,0,0,0,0.0502265625,1,0,1,0,0,0
001347,0,0,0,1,1,0.13680298709157465,2,2,0,0,0,0
001348,1,0,0,0,1,0.13427270985554715,2,2,0,0,0,0
001349,1,0,0,0,1,0.553067652925532,4,2,0,0,0,1
001350,1,0,0,1,0,0.9001705995566409,4,2,0,0,0,1
001351,1,0,0,0,0,0.8335838317871094,4,1,0,0,0,1
001352,1,0,0,0,0,0.1302490234375,2,1,0,0,0,0
001353,0,0,1,0,0,0.15331381338614006,2,1,0,0,0,0
001354,0,0,0,0,1,0.10344187418619792,1,1,0,0,0,0
001355,1,0,0,1,1,0.7844947575570872,4,3,0,1,0,1
001356,0,0,0,0,0,0.5375915809913918,4,0,1,0,0,1
001357,1,0,0,1,0,0.031692834982391414,0,2,0,0,0,0
001358,1,0,0,1,1,0.326120123574543,3,3,0,1,0,0
001359,1,0,0,0,0,0.5409147135416666,4,1,0,0,0,1
001360,0,0,0,1,0,0.024334650163248647,0,1,0,0,0,0
001361,1,0,0,0,0,0.27683583012333624,3,1,0,0,0,0
001362,1,0,0,0,0,0.18410972312644677,2,1,0,0,0,0
001363,1,0,0,0,1,0.3016055528937351,3,2,0,0,0,0
001364,1,0,0,1,0,0.25378580729166667,3,2,0,0,0,0
001365,1,0,0,0,1,0.37917158338758683,3,2,0,0,0,0
001366,0,0,0,0,1,0.03676978058510638,0,1,0,0,0,0
001367,0,0,0,0,0,0.15742898263248364,2,0,1,0,0,0
001368,0,0,0,0,0,0.07158876221071608,1,0,1,0,0,0
001369,1,0,0,0,0,0.22663807965255897,3,1,0,0,0,0
001370,0,1,0,0,1,0.255035400390625,3,2,0,0,0,0
001371,0,0,0,0,1,0.13517125447591147,2,1,0,0,0,0
001372,1,1,0,0,0,0.5465470439570725,4,2,0,0,0,1
001373,0,0,0,0,0,0.15430760195685897,2,0,1,0,0,0
001374,1,0,0,0,1,0.11250325520833333,1,2,0,0,0,0
001375,1,0,0,1,0,0.034046968262167125,0,2,0,0,0,0
001376,0,0,0,1,0,0.26189295450846356,3,1,0,0,0,0
001377,1,1,0,0,0,0.7845878601074219,4,2,0,0,0,1
001378,1,0,0,0,0,0.012691426576369758,0,1,0,0,1,0
001379,0,0,0,1,0,0.06656207747253899,1,1,0,0,0,0
001380,1,0,0,1,0,0.2564493815104167,3,2,0,0,0,0
001381,0,0,0,0,0,0.5357489270302961,4,0,1,0,0,1
001382,0,0,0,0,0,0.11204980920862269,1,0,1,0,0,0
001383,0,0,0,1,0,0.04962830685057857,0,1,0,0,0,0
001384,1,0,0,0,1,0.11222790081521877,1,2,0,0,0,0
001385,0,0,0,1,0,0.09900476513876134,1,1,0,0,0,0
001386,1,0,0,0,0,0.14458984375,2,1,0,0,0,0
001387,1,0,0,0,0,0.30208057509112496,3,1,0,0,0,0
001388,1,0,0,1,0,0.07315508643617022,1,2,0,0,0,0
001389,0,0,0,0,0,0.13894094958713601,2,0,1,0,0,0
001390,1,0,0,1,1,0.16231791178385416,2,3,0,1,0,0
001391,0,0,0,0,0,0.729937167947003,4,0,1,0,0,1
001392,1,0,0,0,0,0.17475911458333335,2,1,0,0,0,0
001393,1,0,0,0,0,0.15083201804235433,2,1,0,0,0,0
001394,1,0,0,1,0,0.054850609153402716,1,2,0,0,0,0
001395,1,0,0,1,0,0.1670659383138021,2,2,0,0,0,0
001396,1,0,0,0,0,0.4054145812988281,4,1,0,0,0,0
001397,1,0,0,1,0,0.07497479574563978,1,2,0,0,0,0
001398,1,0,0,0,0,0.025814462623679355,0,1,0,0,0,0
001399,1,0,0,0,0,0.3528604617799346,3,1,0,0,0,0
001400,1,0,0,0,0,0.4962280423463067,4,1,0,0,0,0
001401,0,0,0,0,0,0.031008450152881322,0,0,1,0,0,0
001402,0,0,0,1,0,0.15248704904200905,2,1,0,0,0,0
001403,1,1,0,0,0,0.3695291589807581,3,2,0,0,0,0
001404,1,0,0,1,0,0.9240023295084635,4,2,0,0,0,1
001405,1,0,0,0,1,0.1191587887366665,2,2,0,0,0,0
001406,1,0,0,0,0,0.03627070712099614,0,1,0,0,0,0
001407,0,0,0,0,0,0.09115628842954282,1,0,1,0,0,0
001408,0,0,0,1,0,0.0858842746415395,1,1,0,0,0,0
001409,0,0,0,0,0,0.02720596340388007,0,0,1,0,0,0
001410,1,0,0,1,1,0.8829154968261719,4,3,0,1,0,1
001411,1,0,0,0,1,0.2032094201032508,2,2,0,0,0,0
001412,0,1,0,0,1,0.370327631632487,3,2,0,0,0,0
001413,1,0,0,0,0,0.008587051793350663,0,1,0,0,1,0
001414,1,0,0,1,0,0.012162732712765958,0,2,0,0,1,0
001415,1,1,0,0,0,0.24005254109700522,3,2,0,0,0,0
001416,0,0,1,0,0,0.03024518048321759,0,1,0,0,0,0
001417,1,0,1,0,1,0.26058584416793373,3,3,0,1,0,0
001418,1,0,0,0,1,0.032747763174551504,0,2,0,0,0,0
001419,1,0,0,1,0,0.30668402413843704,3,2,0,0,0,0
001420,1,0,0,0,0,0.9999924274308744,4,1,0,0,0,1
001421,1,0,0,1,0,0.34974030938181283,3,2,0,0,0,0
001422,1,0,0,0,0,0.2956051716644937,3,1,0,0,0,0
001423,1,0,1,0,1,0.14301427205403647,2,3,0,1,0,0
001424,0,0,0,0,0,0.29372406005859375,3,0,1,0,0,0
001425,1,0,0,0,0,0.06984408244680851,1,1,0,0,0,0
001426,1,0,0,0,0,0.12269524873099684,2,1,0,0,0,0
001427,1,0,0,0,0,0.18728347820609725,2,1,0,0,0,0
001428,1,0,0,0,1,0.028775764627659576,0,2,0,0,0,0
001429,1,0,0,0,0,0.06319353365065798,1,1,0,0,0,0
001430,0,0,0,1,1,0.037050388672074275,0,2,0,0,0,0
001431,0,0,0,1,1,0.08479206690392206,1,2,0,0,0,0
001432,1,0,0,0,0,0.6089583420134421,4,1,0,0,0,1
001433,1,1,1,0,1,0.1106859842936198,1,4,0,1,0,0
001434,1,0,0,0,0,0.04185612996419271,0,1,0,0,0,0
001435,1,0,0,1,0,0.20112378047723847,2,2,0,0,0,0
001436,1,0,0,0,0,0.5861180623372396,4,1,0,0,0,1
001437,1,0,0,0,0,0.8149251584653501,4,1,0,0,0,1
001438,0,0,0,1,0,0.4169522990073545,4,1,0,0,0,0
001439,1,0,0,0,0,0.19623961140531068,2,1,0,0,0,0
001440,1,0,0,0,0,0.23403861850831548,3,1,0,0,0,0
001441,1,0,0,0,1,0.17856597900390625,2,2,0,0,0,0
001442,0,0,0,0,0,0.06719529546788529,1,0,1,0,0,0
001443,1,0,0,0,0,0.05097130547228744,1,1,0,0,0,0
001444,0,0,0,0,1,0.27486942591292135,3,1,0,0,0,0
001445,0,0,0,1,0,0.004209275265957447,0,1,0,0,1,0
001446,1,0,0,0,0,0.9491967297660953,4,1,0,0,0,1
001447,0,0,0,0,0,0.13247482864945023,2,0,1,0,0,0
001448,0,0,0,0,0,0.14770241685707697,2,0,1,0,0,0
001449,1,0,0,0,1,0.6601432291666667,4,2,0,0,0,1
001450,0,0,0,0,0,0.6604071389452306,4,0,1,0,0,1
001451,1,1,0,0,0,0.25508463541666665,3,2,0,0,0,0
001452,1,0,0,0,0,0.4839523310759106,4,1,0,0,0,0
001453,1,0,0,1,0,0.5461006164550781,4,2,0,0,0,1
001454,0,0,0,0,0,0.1445592244466146,2,0,1,0,0,0
001455,0,0,0,1,0,0.4136815702037565,4,1,0,0,0,0
001456,1,0,0,0,0,0.1438074931189338,2,1,0,0,0,0
001457,1,0,0,0,0,0.34397788072507857,3,1,0,0,0,0
001458,1,1,0,0,0,0.09008973380926016,1,2,0,0,0,0
001459,0,0,0,0,0,0.042490641276041664,0,0,1,0,0,0
001460,1,0,0,0,0,0.13300026787651908,2,1,0,0,0,0
001461,1,0,0,1,0,0.14585959117684053,2,2,0,0,0,0
001462,1,1,0,0,1,0.1703364054361979,2,3,0,1,0,0
001463,1,0,0,0,1,0.07255859375,1,2,0,0,0,0
001464,1,0,0,1,0,0.14387461284693107,2,2,0,0,0,0
001465,1,0,0,0,1,0.09932549794514973,1,2,0,0,0,0
001466,1,0,0,0,0,0.08755152925531914,1,1,0,0,0,0
001467,1,0,0,1,0,0.41464921414168066,4,2,0,0,0,0
001468,0,0,0,0,1,0.045756022135416664,0,1,0,0,0,0
001469,1,0,0,0,0,0.14773375899703414,2,1,0,0,0,0
001470,0,0,0,0,0,0.07024256388346355,1,0,1,0,0,0
001471,0,0,0,0,0,0.11509440104166667,1,0,1,0,0,0
001472,1,0,0,1,1,0.2761790130211183,3,3,0,1,0,0
001473,0,0,0,0,1,0.2713250448773353,3,1,0,0,0,0
001474,1,0,0,0,1,0.4934527079264323,4,2,0,0,0,0
001475,1,0,0,0,0,0.11910502115885417,2,1,0,0,0,0
001476,1,0,1,0,1,0.11873027232530788,2,3,0,1,0,0
001477,1,0,0,1,0,0.5108655293782552,4,2,0,0,0,1
001478,1,0,1,0,1,0.03379097861290458,0,3,0,1,0,0
001479,1,0,0,0,0,0.06549867021276595,1,1,0,0,0,0
001480,0,0,0,0,0,0.28178440371661334,3,0,1,0,0,0
001481,1,0,0,0,0,0.15188513861762154,2,1,0,0,0,0
001482,0,0,0,0,0,0.2154296875,2,0,1,0,0,0
001483,1,0,0,0,0,0.4358365885416667,4,1,0,0,0,0
001484,1,0,0,0,0,0.19507598876953125,2,1,0,0,0,0
001485,1,0,0,0,1,0.008511963095337917,0,2,0,0,1,0
001486,1,0,0,0,0,0.037498984623930906,0,1,0,0,0,0
001487,1,0,0,0,0,0.21320980550444713,2,1,0,0,0,0
001488,0,0,0,0,0,0.2227961222330729,3,0,1,0,0,0
001489,0,0,0,1,0,0.023173747877536476,0,1,0,0,0,0
001490,1,0,0,0,0,0.05045837678706188,1,1,0,0,0,0
001491,1,1,0,1,0,0.14979769450674996,2,3,0,1,0,0
001492,1,0,0,0,0,0.1295622366446036,2,1,0,0,0,0
001493,1,1,0,0,0,0.14322280883789062,2,2,0,0,0,0
001494,0,0,0,0,1,0.3392847224652839,3,1,0,0,0,0
001495,0,0,0,0,0,0.9539475205017345,4,0,1,0,0,1
001496,0,0,0,0,0,0.23528608473590282,3,0,1,0,0,0
001497,0,0,0,1,0,0.11656206109550561,2,1,0,0,0,0
001498,0,0,0,0,0,0.15822124335106383,2,0,1,0,0,0
001499,1,0,0,0,0,0.8646127206307871,4,1,0,0,0,1
001500,0,0,0,0,0,0.06257951049702332,1,0,1,0,0,0
001501,1,0,0,0,0,0.04355435505319149,0,1,0,0,0,0
001502,0,0,0,1,0,0.01714461436170213,0,1,0,0,1,0
001503,1,0,0,0,1,0.10867563883463542,1,2,0,0,0,0
001504,0,0,0,1,0,0.06525425563744017,1,1,0,0,0,0
001505,1,0,0,0,0,0.15257161458333332,2,1,0,0,0,0
001506,1,0,0,0,1,0.011369427878165353,0,2,0,0,1,0
001507,0,0,0,1,0,0.025891410952963982,0,1,0,0,0,0
001508,0,0,0,1,0,0.27644489652335236,3,1,0,0,0,0
001509,1,0,0,1,0,0.07755974669314943,1,2,0,0,0,0
001510,0,0,0,0,1,0.10830179850260417,1,1,0,0,0,0
001511,0,0,0,0,1,0.05581834581163195,1,1,0,0,0,0
001512,0,0,0,0,1,0.5846181924743842,4,1,0,0,0,1
001513,1,0,0,0,0,0.09882486979166667,1,1,0,0,0,0
001514,1,0,0,0,1,0.3943227132161458,4,2,0,0,0,0
001515,1,0,0,0,0,0.2853800455729167,3,1,0,0,0,0
001516,1,1,0,0,0,0.06107618071859802,1,2,0,0,0,0
001517,1,0,0,0,0,0.024110362622436488,0,1,0,0,0,0
001518,1,0,0,0,0,0.25775065104166667,3,1,0,0,0,0
001519,1,0,0,0,0,0.263037109375,3,1,0,0,0,0
001520,1,0,0,1,0,0.24803924560546875,3,2,0,0,0,0
001521,1,0,0,0,1,0.18841275479811204,2,2,0,0,0,0
001522,0,0,0,1,0,0.18840581371583096,2,1,0,0,0,0
001523,1,0,0,1,0,0.14828872680664062,2,2,0,0,0,0
001524,1,0,0,0,0,0.3245195142178853,3,1,0,0,0,0
001525,1,0,0,1,0,0.09559872141225055,1,2,0,0,0,0
001526,0,0,0,0,1,0.3134956359863281,3,1,0,0,0,0
001527,1,0,0,0,1,0.36429922996882785,3,2,0,0,0,0
001528,1,0,0,0,0,0.15904596902251383,2,1,0,0,0,0
001529,1,0,0,0,1,0.016018130686105986,0,2,0,0,1,0
001530,1,1,0,0,0,0.55666015625,4,2,0,0,0,1
001531,1,0,0,0,0,0.03230907298900463,0,1,0,0,0,0
001532,0,0,0,0,1,0.11697345309787327,2,1,0,0,0,0
001533,1,0,0,0,1,0.31508009085013255,3,2,0,0,0,0
001534,1,0,0,0,0,0.05332183837890625,1,1,0,0,0,0
001535,1,0,0,0,0,0.18533323489813544,2,1,0,0,0,0
001536,1,0,0,0,0,0.14868398821451015,2,1,0,0,0,0
001537,1,0,0,0,1,0.979148440890842,4,2,0,0,0,1
001538,1,0,0,0,0,0.9747819010416666,4,1,0,0,0,1
001539,0,0,0,0,0,0.767730712890625,4,0,1,0,0,1
001540,1,0,0,1,1,0.08415797155374811,1,3,0,1,0,0
001541,1,0,0,0,0,0.15825839748763207,2,1,0,0,0,0
001542,0,0,0,0,0,0.03410381740993924,0,0,1,0,0,0
001543,1,0,0,0,0,0.059680938720703125,1,1,0,0,0,0
001544,1,0,0,0,0,0.30033111572265625,3,1,0,0,0,0
001545,1,0,0,1,0,0.035065990691489364,0,2,0,0,0,0
001546,0,0,0,0,1,0.10232443917409957,1,1,0,0,0,0
001547,0,0,0,0,1,0.05798624394704847,1,1,0,0,0,0
001548,0,0,0,0,1,0.1140899658203125,1,1,0,0,0,0
001549,1,0,0,0,0,0.188232421875,2,1,0,0,0,0
001550,1,0,0,0,0,0.008537732712765957,0,1,0,0,1,0
001551,1,0,0,0,1,0.36233774820963544,3,2,0,0,0,0
001552,1,0,0,0,1,0.48255369398328996,4,2,0,0,0,0
001553,1,0,0,1,0,0.3061285815284882,3,2,0,0,0,0
001554,1,0,0,0,1,0.3234062177117762,3,2,0,0,0,0
001555,1,0,0,0,0,0.17034369270418465,2,1,0,0,0,0
001556,0,0,0,0,0,0.017214760638297872,0,0,1,0,1,0
001557,1,1,0,0,1,0.5140133725151986,4,3,0,1,0,1
001558,0,0,0,0,0,0.02080718085106383,0,0,1,0,0,0
001559,1,0,1,0,0,0.11140526665581597,1,2,0,0,0,0
001560,0,0,0,0,0,0.08973397148980035,1,0,1,0,0,0
001561,1,1,0,0,0,0.2515856424967448,3,2,0,0,0,0
001562,1,0,0,0,0,0.4410712960357617,4,1,0,0,0,0
001563,1,0,0,0,0,0.05680989583333333,1,1,0,0,0,0
001564,0,0,0,0,0,0.39893849690755206,4,0,1,0,0,0
001565,0,0,0,0,0,0.034962154135882946,0,0,1,0,0,0
001566,1,0,0,0,0,0.2928937276204427,3,1,0,0,0,0
001567,1,0,0,0,0,0.007889022803795531,0,1,0,0,1,0
001568,0,0,0,0,1,0.222408949168473,3,1,0,0,0,0
001569,0,0,0,0,0,0.03863746675531915,0,0,1,0,0,0
001570,1,0,0,1,1,0.7198837732962362,4,3,0,1,0,1
001571,0,0,0,1,0,0.08866124630534127,1,1,0,0,0,0
001572,1,0,0,0,0,0.02243324562355324,0,1,0,0,0,0
001573,0,0,0,0,0,0.005373036711815121,0,0,1,0,1,0
001574,0,0,0,0,0,0.05747702244478038,1,0,1,0,0,0
001575,0,0,0,0,0,0.3275413513183594,3,0,1,0,0,0
001576,1,0,0,0,0,0.13177408854166667,2,1,0,0,0,0
001577,0,0,0,0,0,0.14102088080512154,2,0,1,0,0,0
001578,1,0,0,0,0,0.43330078125,4,1,0,0,0,0
001579,0,0,0,1,0,0.059437666223404254,1,1,0,0,0,0
001580,1,0,0,0,1,0.2175729120883973,3,2,0,0,0,0
001581,0,0,0,0,0,0.4354845682779948,4,0,1,0,0,0
001582,1,1,0,0,0,0.8017807006835938,4,2,0,0,0,1
001583,0,0,0,0,0,0.0573472939900218,1,0,1,0,0,0
001584,1,0,0,0,1,0.16954733224677176,2,2,0,0,0,0
001585,1,0,0,0,0,0.3347395833333333,3,1,0,0,0,0
001586,1,0,0,0,0,0.18331019083658853,2,1,0,0,0,0
001587,1,1,0,1,0,0.5233839299822071,4,3,0,1,0,1
001588,1,0,0,1,0,0.11667505900065105,2,2,0,0,0,0
001589,0,0,0,0,0,0.0957376805404159,1,0,1,0,0,0
001590,1,0,0,0,0,0.10155134042444648,1,1,0,0,0,0
001591,1,0,0,1,0,0.22297775205761317,3,2,0,0,0,0
001592,1,0,0,1,0,0.21489969889322916,2,2,0,0,0,0
001593,1,1,0,1,0,0.22641464874511,3,3,0,1,0,0
001594,1,0,0,0,1,0.16541322168761377,2,2,0,0,0,0
001595,0,0,0,0,0,0.1514576099537037,2,0,1,0,0,0
001596,1,0,0,0,0,0.31973195226207274,3,1,0,0,0,0
001597,0,0,0,1,0,0.05716526326408687,1,1,0,0,0,0
001598,1,0,0,0,0,0.2738536198933919,3,1,0,0,0,0
001599,1,0,0,0,0,0.2834486886831072,3,1,0,0,0,0
001600,0,1,0,0,1,0.8467674255371094,4,2,0,0,0,1
001601,1,0,0,0,0,0.1051945165761781,1,1,0,0,0,0
001602,0,0,0,0,0,0.04701426288107836,0,0,1,0,0,0
001603,1,0,0,0,0,0.10383351643880208,1,1,0,0,0,0
001604,0,0,0,0,0,0.008892811006414557,0,0,1,0,1,0
001605,0,0,0,0,0,0.3449738095663334,3,0,1,0,0,0
001606,0,1,0,0,1,0.09220052083333333,1,2,0,0,0,0
001607,1,0,0,0,0,0.35017790899368406,3,1,0,0,0,0
001608,1,0,1,0,0,0.1694394647254817,2,2,0,0,0,0
001609,0,0,0,1,0,0.057499115205081115,1,1,0,0,0,0
001610,1,0,0,0,0,0.104892578125,1,1,0,0,0,0
001611,1,0,0,0,0,0.3253360324435764,3,1,0,0,0,0
001612,1,0,0,0,0,0.3648821512858073,3,1,0,0,0,0
001613,0,1,1,0,1,0.04133194813829787,0,3,0,1,0,0
001614,1,0,0,0,0,0.6693391927083333,4,1,0,0,0,1
001615,1,1,0,0,0,0.1003265380859375,1,2,0,0,0,0
001616,1,0,0,0,0,0.6131510944871358,4,1,0,0,0,1
001617,1,0,0,0,1,0.771718526808489,4,2,0,0,0,1
001618,1,0,0,0,0,0.17161135051843968,2,1,0,0,0,0
001619,0,0,0,1,0,0.08286285400390625,1,1,0,0,0,0
001620,0,0,0,1,1,0.3223368326822917,3,2,0,0,0,0
001621,0,0,0,0,0,0.495727892287234,4,0,1,0,0,0
001622,0,0,0,0,1,0.02800235239707362,0,1,0,0,0,0
001623,0,1,0,0,0,0.21177037556966147,2,1,0,0,0,0
001624,0,0,0,1,0,0.033933868229079324,0,1,0,0,0,0
001625,1,0,0,0,0,0.19564247131347656,2,1,0,0,0,0
001626,1,0,0,1,0,0.6252626880547075,4,2,0,0,0,1
001627,0,0,0,1,0,0.040001640978743924,0,1,0,0,0,0
001628,1,0,0,1,0,0.11020318657764548,1,2,0,0,0,0
001629,1,0,0,0,0,0.3461328591998808,3,1,0,0,0,0
001630,1,0,0,0,0,0.20990779402670637,2,1,0,0,0,0
001631,1,0,0,0,0,0.20945909288194445,2,1,0,0,0,0
001632,1,0,0,0,0,0.21650390625,3,1,0,0,0,0
001633,1,0,0,0,1,0.11495759752061632,1,2,0,0,0,0
001634,1,0,0,0,0,0.5882136950000593,4,1,0,0,0,1
001635,0,0,0,0,0,0.29626773960254904,3,0,1,0,0,0
001636,1,0,0,0,0,0.14346974863702622,2,1,0,0,0,0
001637,1,1,0,0,0,0.8236989327116996,4,2,0,0,0,1
001638,1,0,0,0,0,0.17156379545485234,2,1,0,0,0,0
001639,0,0,0,0,0,0.07011537035200659,1,0,1,0,0,0
001640,1,0,0,0,0,0.06963735679922019,1,1,0,0,0,0
001641,1,0,0,0,0,0.19099673343281298,2,1,0,0,0,0
001642,1,0,0,0,0,0.16585861939248786,2,1,0,0,0,0
001643,0,1,0,0,0,0.04261835106382979,0,1,0,0,0,0
001644,0,0,1,0,1,0.0655674944549398,1,2,0,0,0,0
001645,1,0,0,0,0,0.4829218829119647,4,1,0,0,0,0
001646,0,0,0,0,1,0.040229222074468086,0,1,0,0,0,0
001647,0,0,0,0,0,0.16396713029383245,2,0,1,0,0,0
001648,0,0,0,0,0,0.33844185670531235,3,0,1,0,0,0
001649,1,0,0,0,0,0.07241418684955617,1,1,0,0,0,0
001650,1,0,0,0,0,0.010933843085106382,0,1,0,0,1,0
001651,1,0,0,0,0,0.033218519411370113,0,1,0,0,0,0
001652,1,0,0,0,1,0.2349634281486562,3,2,0,0,0,0
001653,0,0,0,1,0,0.28648686835106385,3,1,0,0,0,0
001654,0,0,0,1,0,0.044802895852549054,0,1,0,0,0,0
001655,1,0,0,0,1,0.18359346742983218,2,2,0,0,0,0
001656,1,0,0,1,0,0.31331125895182294,3,2,0,0,0,0
001657,1,0,0,0,0,0.06885723720905881,1,1,0,0,0,0
001658,0,0,0,0,0,0.019542309936486073,0,0,1,0,1,0
001659,1,0,0,0,0,0.5359864869754575,4,1,0,0,0,1
001660,1,0,0,0,0,0.6165647153501157,4,1,0,0,0,1
001661,0,0,0,0,0,0.19167812646112378,2,0,1,0,0,0
001662,0,0,0,0,0,0.06837610622952885,1,0,1,0,0,0
001663,0,0,0,0,0,0.44290796915690106,4,0,1,0,0,0
001664,0,0,0,0,0,0.10526851316325,1,0,1,0,0,0
001665,0,0,0,0,1,0.08292516072591145,1,1,0,0,0,0
001666,1,0,0,0,0,0.03775413880387389,0,1,0,0,0,0
001667,0,0,0,0,1,0.13175328572591147,2,1,0,0,0,0
001668,1,0,0,0,0,0.15694639417860243,2,1,0,0,0,0
001669,0,0,0,0,0,0.83770751953125,4,0,1,0,0,1
001670,0,0,0,0,0,0.27612845102945965,3,0,1,0,0,0
001671,0,0,0,0,0,0.5232823689778646,4,0,1,0,0,1
001672,1,0,0,0,1,0.47335949720143977,4,2,0,0,0,0
001673,0,0,0,1,1,0.3613325740515783,3,2,0,0,0,0
001674,1,0,1,0,0,0.040195465087890625,0,2,0,0,0,0
001675,1,0,0,0,0,0.13930353717717592,2,1,0,0,0,0
001676,0,0,0,0,1,0.4530814841941551,4,1,0,0,0,0
001677,0,0,0,0,0,0.27166338320131656,3,0,1,0,0,0
001678,0,0,0,0,1,0.10922001026294849,1,1,0,0,0,0
001679,0,0,0,1,0,0.27061414685522045,3,1,0,0,0,0
001680,1,0,0,0,0,0.22750345865885416,3,1,0,0,0,0
001681,0,0,0,0,0,0.3001671395199859,3,0,1,0,0,0
001682,0,0,0,0,0,0.0397974193725893,0,0,1,0,0,0
001683,1,0,0,1,1,0.8741509088386671,4,3,0,1,0,1
001684,1,0,0,0,1,0.3315060697803317,3,2,0,0,0,0
001685,1,0,1,0,0,0.21086940122583686,2,2,0,0,0,0
001686,1,0,0,0,1,0.017921780143607794,0,2,0,0,1,0
001687,1,0,1,0,0,0.08365631103515625,1,2,0,0,0,0
001688,0,0,0,0,0,0.10499954223632812,1,0,1,0,0,0
001689,0,0,0,1,0,0.01593089193704724,0,1,0,0,1,0
001690,1,0,0,1,1,0.4750218448552703,4,3,0,1,0,0
001691,0,0,0,0,0,0.44011518690321183,4,0,1,0,0,0
001692,1,0,0,0,1,0.28891245524088544,3,2,0,0,0,0
001693,1,0,0,0,0,0.20643880208333334,2,1,0,0,0,0
001694,0,0,1,0,1,0.007663632766644306,0,2,0,0,1,0
001695,1,1,0,1,0,0.22948710123697916,3,3,0,1,0,0
001696,1,0,0,0,0,0.20460981460485428,2,1,0,0,0,0
001697,0,0,0,0,0,0.09569266990379051,1,0,1,0,0,0
001698,1,0,0,0,0,0.4953899941902515,4,1,0,0,0,0
001699,0,0,0,0,1,0.22492585358796297,3,1,0,0,0,0
001700,1,0,0,0,0,0.6618032880116661,4,1,0,0,0,1
001701,1,0,0,0,0,0.2508063992881441,3,1,0,0,0,0
001702,1,0,0,0,0,0.16218637537073205,2,1,0,0,0,0
001703,1,1,0,1,0,0.7393900553385416,4,3,0,1,0,1
001704,1,0,0,0,1,0.2808837890625,3,2,0,0,0,0
001705,1,0,0,0,0,0.9476085238986545,4,1,0,0,0,1
001706,1,0,0,1,0,0.17974838537562726,2,2,0,0,0,0
001707,1,0,0,0,0,0.04211851728723404,0,1,0,0,0,0
001708,1,0,0,1,0,0.035324851558569514,0,2,0,0,0,0
001709,1,0,0,1,0,0.4695381090494174,4,2,0,0,0,0
001710,1,0,0,1,0,0.22462427810036895,3,2,0,0,0,0
001711,1,0,0,0,0,0.10115516595137293,1,1,0,0,0,0
001712,0,0,0,0,0,0.07850260416666667,1,0,1,0,0,0
001713,0,0,0,0,0,0.01549603086219185,0,0,1,0,1,0
001714,1,0,1,0,0,0.06443277994791667,1,2,0,0,0,0
001715,1,0,0,0,0,0.16748372395833333,2,1,0,0,0,0
001716,0,0,0,0,1,0.2858509487575955,3,1,0,0,0,0
001717,1,0,0,1,1,0.1298575918686064,2,3,0,1,0,0
001718,0,0,0,0,0,0.23743169139380346,3,0,1,0,0,0
001719,1,0,0,1,1,0.06346928884807673,1,3,0,1,0,0
001720,0,0,0,0,0,0.8085044578269676,4,0,1,0,0,1
001721,1,0,0,1,1,0.32430974175783284,3,3,0,1,0,0
001722,0,0,0,0,0,0.11034853917027504,1,0,1,0,0,0
001723,1,0,0,0,0,0.04868785570916485,0,1,0,0,0,0
001724,0,0,0,0,1,0.3616129557291667,3,1,0,0,0,0
001725,0,0,0,0,0,0.024111742463944322,0,0,1,0,0,0
001726,1,0,0,1,1,0.12200092083408054,2,3,0,1,0,0
001727,0,0,0,1,0,0.22163953295582084,3,1,0,0,0,0
001728,0,0,0,0,0,0.06212201806976354,1,0,1,0,0,0
001729,1,0,0,0,0,0.0907362164336324,1,1,0,0,0,0
001730,1,0,0,1,0,0.1579004923502604,2,2,0,0,0,0
001731,0,0,0,1,1,0.10606782188076472,1,2,0,0,0,0
001732,1,1,0,0,0,0.028626163563829788,0,2,0,0,0,0
001733,0,0,0,0,1,0.011782579787234043,0,1,0,0,1,0
001734,1,0,0,0,0,0.34757359822591144,3,1,0,0,0,0
001735,1,0,0,0,0,0.20081965128580728,2,1,0,0,0,0
001736,1,1,0,0,1,0.5225079507587364,4,3,0,1,0,1
001737,1,0,0,0,0,0.4819466145833333,4,1,0,0,0,0
001738,1,0,0,1,0,0.3837249945796347,3,2,0,0,0,0
001739,1,1,0,0,0,0.3266970760233918,3,2,0,0,0,0
001740,1,0,0,0,0,0.2020803380895544,2,1,0,0,0,0
001741,1,1,0,0,0,0.5096749781202834,4,2,0,0,0,1
001742,1,0,0,0,1,0.0252052963345577,0,2,0,0,0,0
001743,0,0,0,1,0,0.4082026263297872,4,1,0,0,0,0
001744,0,0,0,1,0,0.03263497340425532,0,1,0,0,0,0
001745,1,0,1,0,1,0.4061250578100739,4,3,0,1,0,0
001746,0,0,0,0,0,0.033365885416666664,0,0,1,0,0,0
001747,1,0,1,0,0,0.06838738591916559,1,2,0,0,0,0
001748,1,0,0,1,0,0.041197972074468084,0,2,0,0,0,0
001749,1,0,0,0,0,0.057457682291666666,1,1,0,0,0,0
001750,1,0,0,0,0,0.7632279443720121,4,1,0,0,0,1
001751,1,0,0,0,0,0.19998697916666666,2,1,0,0,0,0
001752,0,0,0,0,0,0.12800880984042554,2,0,1,0,0,0
001753,0,1,0,0,0,0.8597462972005209,4,1,0,0,0,1
001754,1,0,0,0,0,0.313974609375,3,1,0,0,0,0
001755,0,0,0,0,0,0.1465137622974537,2,0,1,0,0,0
001756,1,0,0,1,0,0.03727650262556599,0,2,0,0,0,0
001757,1,0,0,0,0,0.1558508696379485,2,1,0,0,0,0
001758,1,0,0,0,0,0.1058652138493521,1,1,0,0,0,0
001759,0,0,0,0,0,0.02826210304542824,0,0,1,0,0,0
001760,0,0,0,1,0,0.11059940159574468,1,1,0,0,0,0
001761,1,0,0,0,0,0.050346767304628545,1,1,0,0,0,0
001762,1,0,0,0,0,0.10726858068395544,1,1,0,0,0,0
001763,1,0,0,0,1,0.034507391937782995,0,2,0,0,0,0
001764,1,0,0,0,0,0.8842079335759416,4,1,0,0,0,1
001765,0,0,0,1,0,0.0435461223115462,0,1,0,0,0,0
001766,1,0,0,0,0,0.22192764282226562,3,1,0,0,0,0
001767,0,0,1,0,1,0.04059049818250868,0,2,0,0,0,0
001768,0,1,0,0,1,0.33528363907627506,3,2,0,0,0,0
001769,1,0,1,0,1,0.19433962414549535,2,3,0,1,0,0
001770,1,0,0,0,1,0.6126237724513526,4,2,0,0,0,1
001771,1,1,0,0,1,0.6620292663574219,4,3,0,1,0,1
001772,0,0,0,1,0,0.04280917553191489,0,1,0,0,0,0
001773,1,0,0,1,0,0.13037618001302084,2,2,0,0,0,0
001774,1,0,0,0,0,0.9998995463053385,4,1,0,0,0,1
001775,0,0,0,0,0,0.141982421875,2,0,1,0,0,0
001776,0,0,0,0,1,0.5291071291323062,4,1,0,0,0,1
001777,1,0,0,0,0,0.5387051900227865,4,1,0,0,0,1
001778,0,0,0,0,0,0.06928262160073874,1,0,1,0,0,0
001779,1,0,0,0,0,0.17077622477433269,2,1,0,0,0,0
001780,0,0,0,0,0,0.14706293741861978,2,0,1,0,0,0
001781,0,1,0,0,1,0.2066428573043258,2,2,0,0,0,0
001782,1,0,0,1,0,0.0412109375,0,2,0,0,0,0
001783,1,0,0,0,0,0.12542445509925185,2,1,0,0,0,0
001784,1,0,0,0,0,0.6873613680735146,4,1,0,0,0,1
001785,0,0,0,0,1,0.7782214129412616,4,1,0,0,0,1
001786,1,0,0,0,1,0.6021909906914894,4,2,0,0,0,1
001787,1,1,0,0,0,0.043780723314606744,0,2,0,0,0,0
001788,0,0,0,0,0,0.10674267545794047,1,0,1,0,0,0
001789,0,0,0,0,1,0.030801225640240792,0,1,0,0,0,0
001790,0,0,0,0,1,0.10328773215964988,1,1,0,0,0,0
001791,1,0,0,0,0,0.6715943249311893,4,1,0,0,0,1
001792,0,0,0,0,1,0.004492547794734194,0,1,0,0,1,0
001793,1,0,0,1,0,0.3956947326660156,4,2,0,0,0,0
001794,1,0,0,1,1,0.3739158609136399,3,3,0,1,0,0
001795,1,0,0,0,0,0.07269822433653363,1,1,0,0,0,0
001796,0,0,0,1,0,0.15080769856770834,2,1,0,0,0,0
001797,1,0,0,0,0,0.14679361979166666,2,1,0,0,0,0
001798,0,0,0,0,1,0.1538978859230324,2,1,0,0,0,0
001799,0,0,0,0,0,0.5278176513142642,4,0,1,0,0,1
001800,1,0,0,1,0,0.2755633991429446,3,2,0,0,0,0
001801,0,0,0,0,0,0.5747030188768237,4,0,1,0,0,1
001802,1,0,0,1,1,0.025963084201534464,0,3,0,1,0,0
001803,0,0,0,0,1,0.04389317830403646,0,1,0,0,0,0
001804,1,0,0,0,0,0.2821669859359615,3,1,0,0,0,0
001805,0,0,0,0,0,0.025094796608764413,0,0,1,0,0,0
001806,1,0,0,1,0,0.05224408273340584,1,2,0,0,0,0
001807,0,0,0,1,0,0.6399343805026833,4,1,0,0,0,1
001808,0,0,0,0,0,0.3989512125651042,4,0,1,0,0,0
001809,1,0,0,0,0,0.5380246812979864,4,1,0,0,0,1
001810,1,0,0,1,1,0.1827817350776232,2,3,0,1,0,0
001811,0,0,0,0,0,0.05453091755319149,1,0,1,0,0,0
001812,0,0,0,0,0,0.2789616206861448,3,0,1,0,0,0
001813,1,0,0,1,0,0.009226165520711052,0,2,0,0,1,0
001814,0,0,0,0,1,0.02866021782764548,0,1,0,0,0,0
001815,0,0,0,0,0,0.0985393815246101,1,0,1,0,0,0
001816,0,0,0,0,0,0.05342859744465873,1,0,1,0,0,0
001817,1,0,0,1,1,0.41872561419451676,4,3,0,1,0,0
001818,1,0,0,0,0,0.016415038165748394,0,1,0,0,1,0
001819,1,0,0,0,1,0.07098269574868295,1,2,0,0,0,0
001820,1,0,0,1,0,0.6418465089748224,4,2,0,0,0,1
001821,0,0,0,1,0,0.26260198048829914,3,1,0,0,0,0
001822,1,0,0,0,1,0.12008483321578414,2,2,0,0,0,0
001823,1,0,0,0,0,0.6967912433999082,4,1,0,0,0,1
001824,1,0,0,0,0,0.2687769434669751,3,1,0,0,0,0
001825,1,0,0,0,0,0.24908948419279522,3,1,0,0,0,0
001826,0,0,0,1,0,0.10887781778971355,1,1,0,0,0,0
001827,1,0,0,0,0,0.14660345286612464,2,1,0,0,0,0
001828,1,0,0,0,0,0.024401346842447918,0,1,0,0,0,0
001829,1,0,0,0,1,0.05270964567960758,1,2,0,0,0,0
001830,1,0,0,0,0,0.25633392277160416,3,1,0,0,0,0
001831,1,0,0,0,1,0.40863622338079714,4,2,0,0,0,0
001832,1,0,0,0,0,0.10276947440965556,1,1,0,0,0,0
001833,0,1,1,0,1,0.0373297279840265,0,3,0,1,0,0
001834,0,0,0,1,0,0.16296476063829787,2,1,0,0,0,0
001835,0,0,1,0,1,0.07423655192057292,1,2,0,0,0,0
001836,0,0,0,1,0,0.06066655585106383,1,1,0,0,0,0
001837,1,0,0,0,0,0.3356590270996094,3,1,0,0,0,0
001838,0,0,0,0,0,0.2915153503417969,3,0,1,0,0,0
001839,1,0,0,0,1,0.05917898328756498,1,2,0,0,0,0
001840,1,0,0,0,0,0.19183985392252603,2,1,0,0,0,0
001841,1,0,0,1,0,0.5600115458170573,4,2,0,0,0,1
001842,1,0,0,0,1,0.4079786893676724,4,2,0,0,0,0
001843,0,0,0,0,0,0.0149453125,0,0,1,0,1,0
001844,1,0,0,0,1,0.1210467020670573,2,2,0,0,0,0
001845,0,0,0,0,0,0.24140426837896192,3,0,1,0,0,0
001846,0,0,0,0,0,0.1635800114384404,2,0,1,0,0,0
001847,1,0,0,0,0,0.09944010416666667,1,1,0,0,0,0
001848,1,0,0,1,0,0.03584356028721559,0,2,0,0,0,0
001849,0,0,0,0,0,0.052332005332997394,1,0,1,0,0,0
001850,1,0,0,0,1,0.4210934109157986,4,2,0,0,0,0
001851,1,0,0,0,0,0.17775994760018807,2,1,0,0,0,0
001852,1,0,0,0,0,0.05639562458074795,1,1,0,0,0,0
001853,1,0,0,0,0,0.06924085771276596,1,1,0,0,0,0
001854,1,0,0,0,1,0.13083031695132782,2,2,0,0,0,0
001855,1,0,0,1,1,0.06906651346163657,1,3,0,1,0,0
001856,1,1,0,1,0,0.5015474955240885,4,3,0,1,0,1
001857,0,0,0,0,0,0.0356325760156381,0,0,1,0,0,0
001858,0,0,0,0,0,0.048053491321482476,0,0,1,0,0,0
001859,1,0,0,0,0,0.0419413368113785,0,1,0,0,0,0
001860,1,1,0,0,0,0.6508395421901454,4,2,0,0,0,1
001861,1,0,0,0,0,0.13868077596028647,2,1,0,0,0,0
001862,1,0,0,0,1,0.2677491243220558,3,2,0,0,0,0
001863,0,0,0,0,0,0.37271687093786987,3,0,1,0,0,0
001864,1,0,0,1,1,0.4299877321593141,4,3,0,1,0,0
001865,1,1,0,1,1,0.473400358920775,4,4,0,1,0,0
001866,0,0,1,0,1,0.054597077546296294,1,2,0,0,0,0
001867,1,0,0,1,0,0.33333559389467593,3,2,0,0,0,0
001868,1,0,0,0,0,0.4611906034695633,4,1,0,0,0,0
001869,1,0,0,1,0,0.022794701440130807,0,2,0,0,0,0
001870,0,0,0,0,1,0.268154296875,3,1,0,0,0,0
001871,1,0,0,1,0,0.040542738161370113,0,2,0,0,0,0
001872,0,1,0,1,0,0.06506515957446808,1,2,0,0,0,0
001873,1,0,0,0,0,0.30902989705403644,3,1,0,0,0,0
001874,0,0,0,0,0,0.10281924755764718,1,0,1,0,0,0
001875,1,0,0,0,0,0.3171247923392168,3,1,0,0,0,0
001876,0,0,0,0,0,0.030772708365086623,0,0,1,0,0,0
001877,1,0,0,1,0,0.23573590275169323,3,2,0,0,0,0
001878,1,0,0,0,0,0.18728227968569156,2,1,0,0,0,0
001879,1,0,0,1,0,0.04870960771276596,0,2,0,0,0,0
001880,1,0,0,0,0,0.39366536458333334,4,1,0,0,0,0
001881,0,0,0,0,0,0.1433492589879919,2,0,1,0,0,0
001882,1,0,0,0,0,0.16199239095052084,2,1,0,0,0,0
001883,0,1,0,0,0,0.0324985039893617,0,1,0,0,0,0
001884,1,1,0,0,0,0.06997071131351669,1,2,0,0,0,0
001885,1,0,0,0,0,0.6826940297926352,4,1,0,0,0,1
001886,0,0,0,0,0,0.5227609500924913,4,0,1,0,0,1
001887,1,0,0,0,0,0.01582250702247191,0,1,0,0,1,0
001888,1,0,0,0,1,0.01541227059101112,0,2,0,0,1,0
001889,1,0,1,1,0,0.33555109405575745,3,3,0,1,0,0
001890,1,0,0,0,0,0.16460528076971528,2,1,0,0,0,0
001891,1,0,0,0,0,0.12398265868690257,2,1,0,0,0,0
001892,0,0,0,0,0,0.12772623697916666,2,0,1,0,0,0
001893,1,0,0,0,1,0.15173848470052084,2,2,0,0,0,0
001894,1,0,0,0,0,0.12877559661865234,2,1,0,0,0,0
001895,0,0,0,0,0,0.4085197448730469,4,0,1,0,0,0
001896,1,0,0,0,0,0.13660430908203125,2,1,0,0,0,0
001897,1,0,0,0,0,0.09708239875062888,1,1,0,0,0,0
001898,1,1,0,0,1,0.8548735770137489,4,3,0,1,0,1
001899,0,0,0,0,1,0.031505584716796875,0,1,0,0,0,0
001900,0,0,0,0,0,0.22247395833333333,3,0,1,0,0,0
001901,1,0,1,0,1,0.4293721516927083,4,3,0,1,0,0
001902,0,0,0,0,0,0.31547382901818877,3,0,1,0,0,0
001903,1,0,0,1,0,0.05657271589191232,1,2,0,0,0,0
001904,1,0,0,0,0,0.848420282369146,4,1,0,0,0,1
001905,0,0,0,0,0,0.09555680875745359,1,0,1,0,0,0
001906,0,0,0,0,1,0.008244116714531275,0,1,0,0,1,0
001907,0,1,0,0,1,0.2583885192871094,3,2,0,0,0,0
001908,1,0,0,0,0,0.22781575520833333,3,1,0,0,0,0
001909,1,0,0,0,0,0.27922453703703703,3,1,0,0,0,0
001910,1,0,0,0,1,0.28966522216796875,3,2,0,0,0,0
001911,1,0,0,0,0,0.6798402868318123,4,1,0,0,0,1
001912,1,0,0,0,0,0.19910331397514217,2,1,0,0,0,0
001913,1,0,0,0,0,0.15870442708333332,2,1,0,0,0,0
001914,1,0,0,0,0,0.08355535239361703,1,1,0,0,0,0
001915,1,0,0,1,0,0.38857382315176503,3,2,0,0,0,0
001916,0,0,0,0,1,0.178564453125,2,1,0,0,0,0
001917,1,0,0,0,1,0.07026429521276596,1,2,0,0,0,0
001918,0,0,0,0,0,0.1307729042637934,2,0,1,0,0,0
001919,1,0,0,0,1,0.2599220275878906,3,2,0,0,0,0
001920,1,0,0,1,0,0.11488816451450612,1,2,0,0,0,0
001921,0,0,1,0,1,0.086982421875,1,2,0,0,0,0
001922,1,0,0,1,0,0.14743519134764005,2,2,0,0,0,0
001923,0,0,0,0,0,0.0189056396484375,0,0,1,0,1,0
001924,0,0,0,0,0,0.18688929521276595,2,0,1,0,0,0
001925,1,1,0,1,0,0.45988126323264295,4,3,0,1,0,0
001926,0,0,0,0,0,0.28873118647822626,3,0,1,0,0,0
001927,1,0,0,0,0,0.09266182801756666,1,1,0,0,0,0
001928,0,0,0,1,0,0.12263997395833333,2,1,0,0,0,0
001929,1,0,0,1,0,0.26297632853190106,3,2,0,0,0,0
001930,1,0,1,0,0,0.051607626455801504,1,2,0,0,0,0
001931,1,0,0,1,0,0.05411856186064062,1,2,0,0,0,0
001932,1,0,0,0,0,0.07700955426251446,1,1,0,0,0,0
001933,1,0,1,0,0,0.38522298657889625,3,2,0,0,0,0
001934,0,0,0,0,0,0.032265621724593324,0,0,1,0,0,0
001935,0,0,1,0,0,0.05008061726888021,0,1,0,0,0,0
001936,0,0,0,0,1,0.0934130350748698,1,1,0,0,0,0
001937,0,0,0,0,0,0.47001077430102856,4,0,1,0,0,0
001938,1,0,0,0,0,0.036967468005827606,0,1,0,0,0,0
001939,1,0,0,0,1,0.4251728764286748,4,2,0,0,0,0
001940,1,0,0,0,1,0.2477146216311285,3,2,0,0,0,0
001941,0,0,0,1,0,0.08863664099899218,1,1,0,0,0,0
001942,1,0,0,0,0,0.2101169781254527,2,1,0,0,0,0
001943,0,0,0,0,0,0.09561953871451159,1,0,1,0,0,0
001944,1,0,0,0,0,0.030009685377536476,0,1,0,0,0,0
001945,1,0,0,0,0,0.01812831143614791,0,1,0,0,1,0
001946,1,0,0,0,1,0.307333984375,3,2,0,0,0,0
001947,0,0,0,0,1,0.04697350785573537,0,1,0,0,0,0
001948,1,0,0,1,0,0.047007242838541664,0,2,0,0,0,0
001949,1,0,0,1,0,0.04932413563829787,0,2,0,0,0,0
001950,0,0,0,0,1,0.7970189584520582,4,1,0,0,0,1
001951,0,0,0,0,0,0.06544876098632812,1,0,1,0,0,0
001952,1,0,0,1,1,0.09683726728723405,1,3,0,1,0,0
001953,1,1,0,0,1,0.24175797872340427,3,3,0,1,0,0
001954,0,0,0,0,0,0.19986360854095775,2,0,1,0,0,0
001955,1,0,0,0,0,0.1046555500794412,1,1,0,0,0,0
001956,0,0,0,0,0,0.05692057291666667,1,0,1,0,0,0
001957,1,0,0,0,1,0.8941930135091146,4,2,0,0,0,1
001958,0,0,0,0,0,0.48607550926022974,4,0,1,0,0,0
001959,1,0,1,0,0,0.26678247124021265,3,2,0,0,0,0
001960,0,0,0,0,1,0.15671539306640625,2,1,0,0,0,0
001961,1,0,0,0,0,0.08942122232473347,1,1,0,0,0,0
001962,0,0,0,0,0,0.14561848958333334,2,0,1,0,0,0
001963,0,0,0,0,1,0.15371322631835938,2,1,0,0,0,0
001964,1,0,0,0,0,0.3738218534372173,3,1,0,0,0,0
001965,0,1,0,1,0,0.38337565104166665,3,2,0,0,0,0
001966,0,0,0,1,0,0.035803903938373634,0,1,0,0,0,0
001967,1,1,0,0,0,0.05196326238365755,1,2,0,0,0,0
001968,0,0,0,0,0,0.0723347360808318,1,0,1,0,0,0
001969,1,0,0,0,0,0.10684114539661245,1,1,0,0,0,0
001970,0,0,0,0,0,0.04006901931170423,0,0,1,0,0,0
001971,1,0,0,0,0,0.48379328337771477,4,1,0,0,0,0
001972,1,0,0,0,0,0.042415618896484375,0,1,0,0,0,0
001973,0,0,0,0,0,0.02849468085106383,0,0,1,0,0,0
001974,1,0,0,0,0,0.614619140625,4,1,0,0,0,1
001975,1,0,0,0,0,0.06212994457042076,1,1,0,0,0,0
001976,1,0,1,1,0,0.41310373942057294,4,3,0,1,0,0
001977,1,0,0,0,1,0.029951448793764466,0,2,0,0,0,0
001978,1,1,0,0,0,0.5053761800130209,4,2,0,0,0,1
001979,1,0,0,0,1,0.18777197378653068,2,2,0,0,0,0
001980,1,0,1,0,1,0.24921290079752603,3,3,0,1,0,0
001981,1,0,0,0,0,0.2043359375,2,1,0,0,0,0
001982,0,0,0,0,0,0.09076695478723404,1,0,1,0,0,0
001983,1,0,0,0,0,0.4127154591424534,4,1,0,0,0,0
001984,0,0,0,0,0,0.0748996576777168,1,0,1,0,0,0
001985,1,0,1,0,0,0.0437082361291956,0,2,0,0,0,0
001986,1,0,0,1,0,0.5284538672071525,4,2,0,0,0,1
001987,1,0,1,0,0,0.37066080729166667,3,2,0,0,0,0
001988,1,0,0,0,0,0.32861285739474827,3,1,0,0,0,0
001989,1,0,0,0,0,0.20555877685546875,2,1,0,0,0,0
001990,0,0,0,0,0,0.31481456612653025,3,0,1,0,0,0
001991,1,0,0,0,0,0.3805947647136423,3,1,0,0,0,0
001992,1,0,0,0,0,0.18966166178385416,2,1,0,0,0,0
001993,1,0,0,0,1,0.08427937825520833,1,2,0,0,0,0
001994,0,0,0,1,0,0.015215901706355861,0,1,0,0,1,0
001995,0,1,0,0,0,0.05512364705403646,1,1,0,0,0,0
001996,0,0,0,1,0,0.11202341195182794,1,1,0,0,0,0
001997,0,0,0,1,1,0.12894058227539062,2,2,0,0,0,0
001998,1,0,0,0,0,0.3844617207845052,3,1,0,0,0,0
001999,1,0,0,0,0,0.02967436835106383,0,1,0,0,0,0
002000,1,0,0,0,0,0.8705088297526041,4,1,0,0,0,1
002001,1,0,0,0,0,0.09065341279529518,1,1,0,0,0,0
002002,1,0,0,0,0,0.01639275532450109,0,1,0,0,1,0
002003,1,1,0,0,0,0.2381938665378533,3,2,0,0,0,0
002004,1,0,0,1,0,0.17048223121230807,2,2,0,0,0,0
002005,0,0,0,1,0,0.30386832079070936,3,1,0,0,0,0
002006,1,0,0,0,1,0.046490987141927086,0,2,0,0,0,0
002007,1,0,0,0,0,0.49503462399802434,4,1,0,0,0,0
002008,0,0,0,0,1,0.09879811604817708,1,1,0,0,0,0
002009,1,0,0,0,0,0.4789083380493189,4,1,0,0,0,0
002010,1,0,0,0,0,0.4993359375,4,1,0,0,0,0
002011,1,0,1,0,0,0.4710499664075481,4,2,0,0,0,0
002012,1,0,0,0,1,0.11269887288411458,1,2,0,0,0,0
002013,1,0,0,0,1,0.47617998979328335,4,2,0,0,0,0
002014,0,0,0,0,0,0.2614691558101651,3,0,1,0,0,0
002015,0,0,0,0,0,0.3345892607276119,3,0,1,0,0,0
002016,1,0,0,0,0,0.044437666223404254,0,1,0,0,0,0
002017,0,0,0,0,0,0.024551302039661244,0,0,1,0,0,0
002018,1,0,0,0,0,0.8290278116861979,4,1,0,0,0,1
002019,1,1,0,0,0,0.3449916892317263,3,2,0,0,0,0
002020,1,0,0,0,1,0.381183018421829,3,2,0,0,0,0
002021,0,0,0,0,0,0.7235603222200785,4,0,1,0,0,1
002022,0,0,0,0,0,0.3899688720703125,4,0,1,0,0,0
002023,1,0,0,0,0,0.14915190550005267,2,1,0,0,0,0
002024,1,0,0,0,0,0.9089978994640011,4,1,0,0,0,1
002025,1,0,0,0,0,0.5744620429144965,4,1,0,0,0,1
002026,0,0,0,1,0,0.06231267855320886,1,1,0,0,0,0
002027,1,0,0,0,0,0.18868538185402198,2,1,0,0,0,0
002028,1,0,0,0,0,0.3723246910391797,3,1,0,0,0,0
002029,0,0,0,1,0,0.21865738787627872,3,1,0,0,0,0
002030,0,1,0,1,1,0.6798774311632851,4,3,0,1,0,1
002031,1,0,0,0,0,0.2045745849609375,2,1,0,0,0,0
002032,1,0,0,0,0,0.45573784958839886,4,1,0,0,0,0
002033,0,0,0,0,0,0.08755370396615436,1,0,1,0,0,0
002034,0,0,0,0,0,0.019690159574468086,0,0,1,0,1,0
002035,1,0,0,1,0,0.155200222570422,2,2,0,0,0,0
002036,1,0,0,0,0,0.2716629122925133,3,1,0,0,0,0
002037,1,0,0,0,0,0.15974283854166665,2,1,0,0,0,0
002038,1,0,0,0,0,0.34684365354938274,3,1,0,0,0,0
002039,0,0,0,1,0,0.46549896427787535,4,1,0,0,0,0
002040,1,0,0,0,0,0.2722312256854148,3,1,0,0,0,0
002041,1,0,0,0,0,0.23557198518741873,3,1,0,0,0,0
002042,1,0,0,0,0,0.2411184310913086,3,1,0,0,0,0
002043,0,0,0,0,0,0.1804400246834647,2,0,1,0,0,0
002044,1,0,0,0,0,0.1240373579783666,2,1,0,0,0,0
002045,1,0,0,0,0,0.14485677083333334,2,1,0,0,0,0
002046,1,0,0,0,0,0.22344314742758323,3,1,0,0,0,0
002047,1,0,0,0,0,0.028177579243977863,0,1,0,0,0,0
002048,0,0,0,0,1,0.05501811835106383,1,1,0,0,0,0
002049,0,0,0,1,0,0.3769651342321325,3,1,0,0,0,0
002050,1,0,0,1,0,0.7651621500651041,4,2,0,0,0,1
002051,1,1,1,0,1,0.5520121567260105,4,4,0,1,0,1
002052,1,0,0,0,0,0.23938802083333333,3,1,0,0,0,0
002053,1,0,0,0,0,0.628838362183308,4,1,0,0,0,1
002054,1,0,0,0,1,0.5971819680389756,4,2,0,0,0,1
002055,1,0,0,0,0,0.18036015828450522,2,1,0,0,0,0
002056,0,1,0,1,0,0.406097412109375,4,2,0,0,0,0
002057,0,0,0,0,0,0.005476063829787234,0,0,1,0,1,0
002058,1,0,0,0,0,0.21609145436173613,2,1,0,0,0,0
002059,1,0,0,0,0,0.1238671875,2,1,0,0,0,0
002060,0,0,0,1,0,0.06705347035887976,1,1,0,0,0,0
002061,0,0,0,1,0,0.0855030991897954,1,1,0,0,0,0
002062,0,0,0,0,0,0.13070170084635416,2,0,1,0,0,0
002063,0,0,1,0,0,0.4301673041449653,4,1,0,0,0,0
002064,1,0,0,0,0,0.6144363897596656,4,1,0,0,0,1
002065,0,0,0,1,0,0.02557196810274462,0,1,0,0,0,0
002066,1,0,0,1,0,0.06015341677322656,1,2,0,0,0,0
002067,1,0,0,0,1,0.4908650716145833,4,2,0,0,0,0
002068,1,0,0,0,0,0.1306640625,2,1,0,0,0,0
002069,1,0,0,0,0,0.06977111037234042,1,1,0,0,0,0
002070,0,0,0,0,0,0.489990234375,4,0,1,0,0,0
002071,0,0,0,1,0,0.03719775485282114,0,1,0,0,0,0
002072,0,1,0,0,0,0.2902488027369656,3,1,0,0,0,0
002073,0,0,0,1,0,0.0609375,1,1,0,0,0,0
002074,0,0,0,0,0,0.42520654099952726,4,0,1,0,0,0
002075,1,1,0,0,0,0.5383761635638298,4,2,0,0,0,1
002076,1,0,0,1,0,0.15635588430851063,2,2,0,0,0,0
002077,0,0,0,0,0,0.08261504937161715,1,0,1,0,0,0
002078,1,0,0,0,1,0.03878091755319149,0,2,0,0,0,0
002079,1,0,1,0,0,0.1796410878499349,2,2,0,0,0,0
002080,1,0,0,0,0,0.007762713818547711,0,1,0,0,1,0
002081,1,0,0,0,0,0.18196049442997686,2,1,0,0,0,0
002082,1,0,0,1,0,0.5380045572916666,4,2,0,0,0,1
002083,1,0,0,0,1,0.022374139223125943,0,2,0,0,0,0
002084,0,0,0,0,0,0.24385983950062268,3,0,1,0,0,0
002085,1,0,0,0,0,0.24007606524320146,3,1,0,0,0,0
002086,0,0,0,0,0,0.028867021276595746,0,0,1,0,0,0
002087,0,1,0,1,0,0.1200063164893617,2,2,0,0,0,0
002088,1,0,0,0,0,0.12893719143337673,2,1,0,0,0,0
002089,1,0,0,0,0,0.46184036491646163,4,1,0,0,0,0
002090,1,1,0,0,0,0.28316497802734375,3,2,0,0,0,0
002091,1,0,0,0,1,0.5748596307785426,4,2,0,0,0,1
002092,1,0,0,0,0,0.10096486409505208,1,1,0,0,0,0
002093,1,0,1,0,0,0.16963672637939453,2,2,0,0,0,0
002094,0,0,0,1,0,0.07112849069148937,1,1,0,0,0,0
002095,0,0,0,0,0,0.6870880126953125,4,0,1,0,0,1
002096,0,0,0,0,0,0.9693733497902199,4,0,1,0,0,1
002097,1,0,0,0,0,0.008617594960590306,0,1,0,0,1,0
002098,1,0,0,1,0,0.040918775826446284,0,2,0,0,0,0
002099,0,0,0,0,0,0.011114239777828792,0,0,1,0,1,0
002100,1,0,0,0,0,0.39719390869140625,4,1,0,0,0,0
002101,1,0,0,0,0,0.08899739583333334,1,1,0,0,0,0
002102,1,0,0,1,0,0.12434549186126949,2,2,0,0,0,0
002103,1,0,0,0,0,0.019138901321976272,0,1,0,0,1,0
002104,0,0,0,1,0,0.5581499735514323,4,1,0,0,0,1
002105,0,0,0,0,0,0.019442172673706765,0,0,1,0,1,0
002106,1,0,0,0,0,0.05801518758138021,1,1,0,0,0,0
002107,1,0,0,0,1,0.06569661458333333,1,2,0,0,0,0
002108,0,0,0,0,0,0.05510683393950193,1,0,1,0,0,0
002109,0,0,0,1,1,0.9619332805338461,4,2,0,0,0,1
002110,1,0,0,0,0,0.27036285400390625,3,1,0,0,0,0
002111,1,0,0,0,0,0.5940234375,4,1,0,0,0,1
002112,1,0,0,0,1,0.13290235731336805,2,2,0,0,0,0
002113,0,0,0,0,1,0.047679247865755406,0,1,0,0,0,0
002114,1,0,0,0,0,0.5085999641076564,4,1,0,0,0,1
002115,1,0,0,0,0,0.06823819813829787,1,1,0,0,0,0
002116,1,0,0,0,0,0.42429478963216144,4,1,0,0,0,0
002117,1,0,0,0,1,0.27532390983207344,3,2,0,0,0,0
002118,0,0,0,0,0,0.02454936835106383,0,0,1,0,0,0
002119,1,0,0,1,0,0.4058718817754308,4,2,0,0,0,0
002120,0,0,0,0,1,0.01738692313537649,0,1,0,0,1,0
002121,0,0,0,0,0,0.10459741285964905,1,0,1,0,0,0
002122,1,0,0,0,0,0.132276040536386,2,1,0,0,0,0
002123,1,0,0,0,0,0.08180252659574468,1,1,0,0,0,0
002124,1,0,0,0,1,0.15714408590467913,2,2,0,0,0,0
002125,0,0,1,0,1,0.018217238727360387,0,2,0,0,1,0
002126,0,1,0,0,0,0.35668619791666667,3,1,0,0,0,0
002127,1,0,0,1,1,0.025676389845423937,0,3,0,1,0,0
002128,1,0,0,0,0,0.9407437642415365,4,1,0,0,0,1
002129,1,0,0,0,0,0.5516587716473376,4,1,0,0,0,1
002130,1,0,0,0,0,0.011822334736080832,0,1,0,0,1,0
002131,0,0,0,0,0,0.13717255759475097,2,0,1,0,0,0
002132,1,0,0,1,0,0.6889522656905072,4,2,0,0,0,1
002133,1,0,0,0,0,0.19173828125,2,1,0,0,0,0
002134,1,0,0,0,0,0.03279869416086701,0,1,0,0,0,0
002135,1,0,0,0,0,0.4319846541793258,4,1,0,0,0,0
002136,0,0,0,1,0,0.2370487034574468,3,1,0,0,0,0
002137,1,0,0,0,1,0.07982829122340425,1,2,0,0,0,0
002138,1,0,0,0,0,0.08365758260091145,1,1,0,0,0,0
002139,1,0,0,0,0,0.0754102071126302,1,1,0,0,0,0
002140,1,0,0,0,0,0.011553505733271843,0,1,0,0,1,0
002141,0,0,0,1,0,0.9096514383951823,4,1,0,0,0,1
002142,0,0,1,0,0,0.41427734375,4,1,0,0,0,0
002143,1,0,0,0,0,0.31002256605360246,3,1,0,0,0,0
002144,0,0,0,1,0,0.10757164228723404,1,1,0,0,0,0
002145,1,0,0,0,0,0.08651245425354538,1,1,0,0,0,0
002146,1,0,0,0,0,0.08234168615221482,1,1,0,0,0,0
002147,1,0,0,1,0,0.03887749335106383,0,2,0,0,0,0
002148,1,0,0,0,0,0.11288127192744503,1,1,0,0,0,0
002149,1,0,0,1,0,0.12719914061831739,2,2,0,0,0,0
002150,1,0,0,0,0,0.23532867431640625,3,1,0,0,0,0
002151,0,0,0,1,0,0.10983888154027042,1,1,0,0,0,0
002152,1,0,0,0,0,0.22764106185716354,3,1,0,0,0,0
002153,0,0,0,0,1,0.030307146006550767,0,1,0,0,0,0
002154,1,0,0,0,0,0.5867154947916666,4,1,0,0,0,1
002155,0,0,0,0,0,0.030897937865559354,0,0,1,0,0,0
002156,1,0,0,0,0,0.19087262784296682,2,1,0,0,0,0
002157,1,0,0,0,0,0.19449740095094142,2,1,0,0,0,0
002158,0,0,0,1,1,0.006784677385544189,0,2,0,0,1,0
002159,1,0,0,0,0,0.46412760416666665,4,1,0,0,0,0
002160,1,0,0,0,0,0.04852686947111353,0,1,0,0,0,0
002161,0,0,0,1,0,0.050764463540793225,1,1,0,0,0,0
002162,0,0,0,0,0,0.026223233376656045,0,0,1,0,0,0
002163,1,0,0,0,0,0.5144233721538725,4,1,0,0,0,1
002164,1,0,1,0,0,0.19162434895833333,2,2,0,0,0,0
002165,1,0,0,1,1,0.09390394411370116,1,3,0,1,0,0
002166,0,0,0,0,0,0.11934895833333334,2,0,1,0,0,0
002167,1,0,0,0,0,0.0594921875,1,1,0,0,0,0
002168,1,0,0,0,0,0.09622263025354456,1,1,0,0,0,0
002169,0,0,0,0,0,0.21800471683794165,3,0,1,0,0,0
002170,0,0,0,1,0,0.018037062544638303,0,1,0,0,1,0
002171,0,0,0,0,1,0.02075690717759517,0,1,0,0,0,0
002172,1,0,0,0,0,0.2878163574925867,3,1,0,0,0,0
002173,1,0,0,0,1,0.3608196585508309,3,2,0,0,0,0
002174,0,0,1,0,1,0.045563874421296294,0,2,0,0,0,0
002175,1,0,0,0,0,0.022756666252168146,0,1,0,0,0,0
002176,1,0,0,0,0,0.423587978470519,4,1,0,0,0,0
002177,1,1,0,0,0,0.17980066935221353,2,2,0,0,0,0
002178,1,0,0,0,0,0.24810337035123967,3,1,0,0,0,0
002179,1,0,0,1,0,0.17971349645543983,2,2,0,0,0,0
002180,0,0,0,0,1,0.1275585319737782,2,1,0,0,0,0
002181,0,0,0,0,0,0.05160928183001596,1,0,1,0,0,0
002182,0,0,0,0,0,0.6482666000693156,4,0,1,0,0,1
002183,1,0,0,0,0,0.12876415402885738,2,1,0,0,0,0
002184,1,0,0,1,0,0.3815409342447917,3,2,0,0,0,0
002185,1,0,0,0,0,0.36380664704764426,3,1,0,0,0,0
002186,0,0,0,0,1,0.09691469792889486,1,1,0,0,0,0
002187,1,0,0,0,0,0.3787911026566117,3,1,0,0,0,0
002188,0,0,0,0,0,0.011961271490154066,0,0,1,0,1,0
002189,0,0,0,0,0,0.753365110224722,4,0,1,0,0,1
002190,0,0,0,0,0,0.04016713090097267,0,0,1,0,0,0
002191,1,0,0,0,0,0.07790541888297872,1,1,0,0,0,0
002192,1,0,0,0,0,0.514293044546768,4,1,0,0,0,1
002193,1,0,0,0,0,0.6786053975423177,4,1,0,0,0,1
002194,0,0,0,0,0,0.2297820888366412,3,0,1,0,0,0
002195,1,0,0,1,0,0.1288795554356029,2,2,0,0,0,0
002196,1,0,0,0,0,0.04471037122938368,0,1,0,0,0,0
002197,1,0,0,0,0,0.43537109375,4,1,0,0,0,0
002198,0,0,0,1,0,0.28055784475566226,3,1,0,0,0,0
002199,1,0,0,0,1,0.2826334635416667,3,2,0,0,0,0
002200,1,0,0,0,0,0.1796135568751419,2,1,0,0,0,0
002201,1,0,0,0,0,0.8121121724446615,4,1,0,0,0,1
002202,0,0,0,0,0,0.3494008382161458,3,0,1,0,0,0
002203,1,0,0,1,0,0.18910725911458334,2,2,0,0,0,0
002204,0,0,0,0,1,0.03384540699146412,0,1,0,0,0,0
002205,0,0,0,0,0,0.11602147420247395,2,0,1,0,0,0
002206,1,0,0,0,1,0.49588888662832753,4,2,0,0,0,0
002207,0,0,0,0,0,0.04782231648763021,0,0,1,0,0,0
002208,0,0,0,0,0,0.015659756130642362,0,0,1,0,1,0
002209,1,0,1,0,0,0.8157570018365473,4,2,0,0,0,1
002210,1,0,0,0,1,0.2753582000732422,3,2,0,0,0,0
002211,0,0,1,0,0,0.020114474826388888,0,1,0,0,0,0
002212,1,0,0,1,0,0.17658790998564525,2,2,0,0,0,0
002213,1,0,0,0,0,0.3496028548288991,3,1,0,0,0,0
002214,1,0,0,0,0,0.06297618391492399,1,1,0,0,0,0
002215,0,0,0,0,0,0.018572584262463155,0,0,1,0,1,0
002216,1,0,0,0,0,0.20212809244791666,2,1,0,0,0,0
002217,0,0,0,0,0,0.007586906365294315,0,0,1,0,1,0
002218,1,0,0,0,0,0.18403903699239874,2,1,0,0,0,0
002219,1,0,0,0,0,0.010813030876951332,0,1,0,0,1,0
002220,0,0,0,1,0,0.014185414753596571,0,1,0,0,1,0
002221,0,0,0,0,0,0.012503537439208453,0,0,1,0,1,0
002222,0,0,1,0,1,0.01251197661590654,0,2,0,0,1,0
002223,0,0,0,0,0,0.1422271728515625,2,0,1,0,0,0
002224,0,0,0,0,0,0.09880477135041087,1,0,1,0,0,0
002225,0,0,0,0,0,0.3171013962765957,3,0,1,0,0,0
002226,1,0,0,0,0,0.2856699625651042,3,1,0,0,0,0
002227,0,0,0,0,0,0.29769162778501157,3,0,1,0,0,0
002228,1,0,1,0,1,0.14763412265409778,2,3,0,1,0,0
002229,0,0,0,0,0,0.7353444881262116,4,0,1,0,0,1
002230,1,0,0,0,0,0.10815641335376366,1,1,0,0,0,0
002231,1,0,0,0,1,0.01472156095400805,0,2,0,0,1,0
002232,1,0,0,0,0,0.2932209736811399,3,1,0,0,0,0
002233,0,0,0,0,0,0.19087954078616323,2,0,1,0,0,0
002234,0,0,0,0,0,0.032043708667792076,0,0,1,0,0,0
002235,1,0,0,0,0,0.175732421875,2,1,0,0,0,0
002236,1,0,0,0,0,0.6325130208333334,4,1,0,0,0,1
002237,1,0,0,1,0,0.08648142966916642,1,2,0,0,0,0
002238,1,0,0,0,0,0.06605971726249824,1,1,0,0,0,0
002239,1,0,0,0,0,0.029703203117028874,0,1,0,0,0,0
002240,0,0,0,0,1,0.13033789175528068,2,1,0,0,0,0
002241,1,0,0,0,0,0.09028430750354773,1,1,0,0,0,0
002242,1,0,0,0,1,0.1311858848289207,2,2,0,0,0,0
002243,1,0,0,0,1,0.2975029781368125,3,2,0,0,0,0
002244,1,0,0,0,0,0.28751585218641496,3,1,0,0,0,0
002245,1,0,0,1,0,0.05450514173339762,1,2,0,0,0,0
002246,0,0,0,0,0,0.05392285631183968,1,0,1,0,0,0
002247,1,0,1,0,0,0.2677112395376644,3,2,0,0,0,0
002248,1,0,0,0,0,0.1711267311203204,2,1,0,0,0,0
002249,1,0,0,0,0,0.06178957887167213,1,1,0,0,0,0
002250,0,1,0,0,0,0.09776795556185437,1,1,0,0,0,0
002251,1,0,0,0,0,0.08293619791666666,1,1,0,0,0,0
002252,0,1,0,0,1,0.6515174540915819,4,2,0,0,0,1
002253,1,0,0,1,0,0.011354770433296997,0,2,0,0,1,0
002254,1,1,0,0,0,0.699125380269448,4,2,0,0,0,1
002255,0,1,0,0,0,0.50634765625,4,1,0,0,0,1
002256,1,0,0,0,0,0.042277018229166664,0,1,0,0,0,0
002257,1,0,0,0,0,0.6735527603714554,4,1,0,0,0,1
002258,0,0,0,0,0,0.2217203025427637,3,0,1,0,0,0
002259,1,0,0,1,0,0.3610687255859375,3,2,0,0,0,0
002260,1,0,0,0,0,0.5128498994018121,4,1,0,0,0,1
002261,1,0,0,1,0,0.01958194813829787,0,2,0,0,1,0
002262,0,0,0,1,0,0.11669564494680851,2,1,0,0,0,0
002263,1,0,0,0,0,0.10137557983398438,1,1,0,0,0,0
002264,0,0,0,0,0,0.05737297214569942,1,0,1,0,0,0
002265,0,0,0,0,0,0.003201628989361702,0,0,1,0,1,0
002266,0,0,0,0,0,0.07891776502267574,1,0,1,0,0,0
002267,1,0,0,0,1,0.27451663895613043,3,2,0,0,0,0
002268,1,0,0,0,0,0.09109073292903785,1,1,0,0,0,0
002269,1,0,0,1,0,0.1913967217496936,2,2,0,0,0,0
002270,1,0,0,1,0,0.016237582933297,0,2,0,0,1,0
002271,1,0,0,0,1,0.514223535108252,4,2,0,0,0,1
002272,0,0,0,0,0,0.4095008375331984,4,0,1,0,0,0
002273,0,0,0,1,0,0.020718093608502432,0,1,0,0,0,0
002274,1,0,0,0,0,0.008619514627659574,0,1,0,0,1,0
002275,0,0,0,0,1,0.028506570452254975,0,1,0,0,0,0
002276,1,0,1,0,0,0.028048056143301504,0,2,0,0,0,0
002277,0,1,0,0,0,0.027605045567457655,0,1,0,0,0,0
002278,0,1,0,0,1,0.24240620930989584,3,2,0,0,0,0
002279,0,0,0,0,0,0.010225398936170213,0,0,1,0,1,0
002280,1,0,0,0,1,0.7127425582320602,4,2,0,0,0,1
002281,1,0,0,1,0,0.38500415649106995,3,2,0,0,0,0
002282,1,0,0,0,0,0.18906275431315103,2,1,0,0,0,0
002283,1,0,0,0,1,0.19785944620768228,2,2,0,0,0,0
002284,0,0,0,1,1,0.3195813496907552,3,2,0,0,0,0
002285,1,0,0,0,0,0.05861586987297215,1,1,0,0,0,0
002286,1,0,0,0,0,0.14126886765381083,2,1,0,0,0,0
002287,0,0,0,0,0,0.24850548537234043,3,0,1,0,0,0
002288,1,0,0,0,1,0.309990234375,3,2,0,0,0,0
002289,0,0,0,0,0,0.36136146827980326,3,0,1,0,0,0
002290,0,0,0,0,0,0.09406534830729167,1,0,1,0,0,0
002291,1,0,0,1,0,0.30205408732096356,3,2,0,0,0,0
002292,1,0,0,0,1,0.33937733194197023,3,2,0,0,0,0
002293,1,0,0,0,0,0.29926106770833333,3,1,0,0,0,0
002294,1,0,0,0,0,0.10473703457446809,1,1,0,0,0,0
002295,1,0,0,0,0,0.16254552205403647,2,1,0,0,0,0
002296,1,0,0,0,0,0.056959502551020405,1,1,0,0,0,0
002297,0,1,0,0,0,0.06552095766420718,1,1,0,0,0,0
002298,1,0,0,0,1,0.32337220509847003,3,2,0,0,0,0
002299,1,0,0,0,0,0.01713813164893617,0,1,0,0,1,0
002300,0,0,0,0,0,0.1116168550531915,1,0,1,0,0,0
002301,0,0,0,0,0,0.41237953103117225,4,0,1,0,0,0
002302,0,0,0,0,0,0.8861313776974288,4,0,1,0,0,1
002303,0,0,0,0,0,0.055772724116426295,1,0,1,0,0,0
002304,1,0,1,0,0,0.22255833943684897,3,2,0,0,0,0
002305,0,0,0,0,0,0.536787109375,4,0,1,0,0,1
002306,0,0,0,1,0,0.26154836018880206,3,1,0,0,0,0
002307,0,0,0,0,0,0.08264860372340425,1,0,1,0,0,0
002308,1,0,0,1,0,0.1496217515733507,2,2,0,0,0,0
002309,1,0,1,0,1,0.014703291223404255,0,3,0,1,1,0
002310,1,0,0,1,0,0.02659302679020627,0,2,0,0,0,0
002311,1,0,0,0,1,0.15792669891030547,2,2,0,0,0,0
002312,1,0,0,0,1,0.4297815803855794,4,2,0,0,0,0
002313,1,0,0,0,0,0.23314778645833334,3,1,0,0,0,0
002314,1,0,0,0,1,0.24398295084635416,3,2,0,0,0,0
002315,0,0,1,0,0,0.022532145182291668,0,1,0,0,0,0
002316,0,0,0,0,0,0.12664760638297873,2,0,1,0,0,0
002317,1,0,0,0,0,0.21930338541666666,3,1,0,0,0,0
002318,1,1,0,0,0,0.3254005304524245,3,2,0,0,0,0
002319,0,0,0,0,0,0.004635472074468085,0,0,1,0,1,0
002320,1,0,0,1,1,0.37533315022786456,3,3,0,1,0,0
002321,0,0,0,0,0,0.13498697916666666,2,0,1,0,0,0
002322,0,0,0,1,0,0.055282723277922184,1,1,0,0,0,0
002323,0,0,0,1,1,0.015011801861702128,0,2,0,0,1,0
002324,1,0,0,0,0,0.14154622395833333,2,1,0,0,0,0
002325,0,0,0,1,0,0.04164376611500084,0,1,0,0,0,0
002326,1,0,0,0,1,0.4943758430852732,4,2,0,0,0,0
002327,1,0,0,1,0,0.3545341491699219,3,2,0,0,0,0
002328,0,0,0,1,1,0.3261935745692185,3,2,0,0,0,0
002329,0,0,0,1,0,0.04814053525385712,0,1,0,0,0,0
002330,1,0,0,0,0,0.2946484375,3,1,0,0,0,0
002331,1,0,0,0,0,0.4248046875,4,1,0,0,0,0
002332,1,0,0,0,0,0.12868951904968853,2,1,0,0,0,0
002333,1,0,0,0,0,0.04623625013563368,0,1,0,0,0,0
002334,1,0,0,0,1,0.10663559282303291,1,2,0,0,0,0
002335,0,0,0,0,0,0.04420146276595745,0,0,1,0,0,0
002336,0,0,0,0,1,0.14809669393551902,2,1,0,0,0,0
002337,0,0,1,0,1,0.2252434624565972,3,2,0,0,0,0
002338,1,0,0,1,0,0.28010813395182294,3,2,0,0,0,0
002339,1,0,0,0,0,0.13221539336323998,2,1,0,0,0,0
002340,0,0,0,0,0,0.4646008809407552,4,0,1,0,0,0
002341,0,1,0,1,1,0.01081072538466376,0,3,0,1,1,0
002342,0,1,0,0,0,0.2277069091796875,3,1,0,0,0,0
002343,0,0,0,1,0,0.11619412425464012,2,1,0,0,0,0
002344,1,0,0,1,0,0.0073296231710129126,0,2,0,0,1,0
002345,0,1,0,0,0,0.20095373083043983,2,1,0,0,0,0
002346,1,1,0,0,0,0.35256067911783856,3,2,0,0,0,0
002347,1,0,0,0,1,0.3499195329933354,3,2,0,0,0,0
002348,1,0,1,0,1,0.04739045877659574,0,3,0,1,0,0
002349,1,0,0,0,0,0.16626103719075522,2,1,0,0,0,0
002350,1,1,0,0,1,0.5163625081380209,4,3,0,1,0,1
002351,1,0,0,0,0,0.3103893421314381,3,1,0,0,0,0
002352,0,0,0,0,1,0.06629922608691095,1,1,0,0,0,0
002353,1,0,0,0,0,0.448955078125,4,1,0,0,0,0
002354,1,0,0,0,0,0.053191149676287616,1,1,0,0,0,0
002355,0,1,0,1,0,0.05619855967078189,1,2,0,0,0,0
002356,1,0,0,0,0,0.020740202603555257,0,1,0,0,0,0
002357,0,0,0,0,0,0.15288597074468085,2,0,1,0,0,0
002358,0,0,0,0,1,0.02394880319148936,0,1,0,0,0,0
002359,0,0,0,0,0,0.03075498670212766,0,0,1,0,0,0
002360,0,0,0,0,1,0.11410423561378762,1,1,0,0,0,0
002361,0,0,0,0,0,0.590433191370081,4,0,1,0,0,1
002362,1,0,0,0,1,0.5958004109126964,4,2,0,0,0,1
002363,1,0,0,0,0,0.1291211639386685,2,1,0,0,0,0
002364,1,0,0,0,0,0.6297117162633825,4,1,0,0,0,1
002365,0,1,0,0,0,0.1107421875,1,1,0,0,0,0
002366,1,0,0,1,0,0.020950319941723965,0,2,0,0,0,0
002367,0,0,0,1,1,0.4517898692445652,4,2,0,0,0,0
002368,0,0,0,0,0,0.0694608848905724,1,0,1,0,0,0
002369,1,0,0,0,1,0.10029521276595744,1,2,0,0,0,0
002370,0,1,0,0,1,0.2319723058629919,3,2,0,0,0,0
002371,0,0,0,0,0,0.11347043072735821,1,0,1,0,0,0
002372,1,0,0,0,0,0.021511801861702127,0,1,0,0,0,0
002373,1,0,0,0,0,0.14363733927408853,2,1,0,0,0,0
002374,1,0,0,0,0,1.0,4,1,0,0,0,1
002375,1,0,0,0,0,0.11599561903211805,2,1,0,0,0,0
002376,1,0,0,0,0,0.41218014563340993,4,1,0,0,0,0
002377,0,0,0,1,0,0.06473554694050813,1,1,0,0,0,0
002378,0,0,0,0,0,0.016969554439879256,0,0,1,0,1,0
002379,1,0,0,0,1,0.10440119990596065,1,2,0,0,0,0
002380,1,1,0,0,0,0.38091682300395274,3,2,0,0,0,0
002381,1,0,0,1,1,0.0177001953125,0,3,0,1,1,0
002382,0,0,0,0,0,0.0064393686810953615,0,0,1,0,1,0
002383,0,0,0,1,0,0.026444077671683715,0,1,0,0,0,0
002384,0,0,0,0,0,0.01312250664893617,0,0,1,0,1,0
002385,0,0,0,0,0,0.39551699603045426,4,0,1,0,0,0
002386,1,0,0,0,0,0.09646105410447761,1,1,0,0,0,0
002387,0,0,0,0,1,0.3912293568013907,4,1,0,0,0,0
002388,0,0,0,0,0,0.035412714342612776,0,0,1,0,0,0
002389,1,1,0,0,0,0.06617303856382979,1,2,0,0,0,0
002390,1,0,0,1,0,0.0650676731773017,1,2,0,0,0,0
002391,1,0,0,0,0,0.5062888373137681,4,1,0,0,0,1
002392,1,1,0,1,0,0.15071259973404255,2,3,0,1,0,0
002393,0,0,0,0,0,0.23352831217050143,3,0,1,0,0,0
002394,0,0,0,0,1,0.17727579853413256,2,1,0,0,0,0
002395,0,0,0,0,0,0.018128989361702128,0,0,1,0,1,0
002396,0,0,0,0,0,0.103048417412764,1,0,1,0,0,0
002397,0,0,0,0,0,0.12881449468085107,2,0,1,0,0,0
002398,0,0,0,1,0,0.20206603599122538,2,1,0,0,0,0
002399,0,0,0,0,1,0.12023097937513696,2,1,0,0,0,0
002400,1,0,0,0,0,0.49441639153233635,4,1,0,0,0,0
002401,0,0,0,1,0,0.1191851705307731,2,1,0,0,0,0
002402,0,0,0,0,1,0.16613755201345798,2,1,0,0,0,0
002403,0,0,0,0,0,0.02494503909039894,0,0,1,0,0,0
002404,0,0,0,0,0,0.0029767287234042554,0,0,1,0,1,0
002405,0,0,0,0,0,0.1808612964771412,2,0,1,0,0,0
002406,0,0,0,0,0,0.15351645611702128,2,0,1,0,0,0
002407,1,0,1,0,1,0.3041248239780448,3,3,0,1,0,0
002408,1,0,0,0,0,0.0645680917742747,1,1,0,0,0,0
002409,1,0,0,0,0,0.02713805446084186,0,1,0,0,0,0
002410,1,0,0,0,0,0.17653645833333334,2,1,0,0,0,0
002411,1,0,0,0,0,0.09982567500260618,1,1,0,0,0,0
002412,0,0,0,0,1,0.09109242757161458,1,1,0,0,0,0
002413,0,0,0,0,0,0.33089447021484375,3,0,1,0,0,0
002414,1,0,0,0,1,0.08332536317709206,1,2,0,0,0,0
002415,1,0,0,0,0,0.07637758608217593,1,1,0,0,0,0
002416,0,0,0,1,0,0.11455663006325885,1,1,0,0,0,0
002417,1,0,0,1,0,0.1274695219816985,2,2,0,0,0,0
002418,1,0,0,0,0,0.09805255466037327,1,1,0,0,0,0
002419,0,0,0,0,1,0.0728344414893617,1,1,0,0,0,0
002420,0,0,0,0,0,0.007876329787234043,0,0,1,0,1,0
002421,1,0,1,0,0,0.4780859375,4,2,0,0,0,0
002422,1,0,0,1,0,0.46507016936534373,4,2,0,0,0,0
002423,1,0,0,1,0,0.3802259113491531,3,2,0,0,0,0
002424,0,0,0,1,0,0.033973173109173235,0,1,0,0,0,0
002425,1,0,0,0,0,0.044900748626949524,0,1,0,0,0,0
002426,1,0,0,0,0,0.18526692708333334,2,1,0,0,0,0
002427,0,0,0,0,1,0.021818066236863585,0,1,0,0,0,0
002428,1,0,1,0,0,0.04800485681604456,0,2,0,0,0,0
002429,1,0,0,0,0,0.018087696393384204,0,1,0,0,1,0
002430,1,0,0,0,0,0.013026619885124937,0,1,0,0,1,0
002431,0,0,0,0,0,0.08806610107421875,1,0,1,0,0,0
002432,1,0,1,0,1,0.09091130009403935,1,3,0,1,0,0
002433,0,0,0,0,0,0.013274601063829787,0,0,1,0,1,0
002434,1,0,0,0,0,0.24017578125,3,1,0,0,0,0
002435,1,0,1,0,0,0.09514635173384203,1,2,0,0,0,0
002436,0,0,0,0,0,0.1762050919889903,2,0,1,0,0,0
002437,0,0,0,1,0,0.08089040979045939,1,1,0,0,0,0
002438,0,0,0,0,0,0.12178883213447607,2,0,1,0,0,0
002439,1,0,0,0,0,0.5755449930826823,4,1,0,0,0,1
002440,0,0,0,0,0,0.01842121010638298,0,0,1,0,1,0
002441,0,0,0,0,1,0.08575099600025195,1,1,0,0,0,0
002442,1,0,0,1,1,0.2329669747054975,3,3,0,1,0,0
002443,1,0,0,0,1,0.055094913563829784,1,2,0,0,0,0
002444,0,0,0,0,0,0.17743160022077162,2,0,1,0,0,0
002445,1,0,0,0,0,0.04707610996981385,0,1,0,0,0,0
002446,0,0,0,0,0,0.0878152087613198,1,0,1,0,0,0
002447,1,0,0,0,0,0.018556570858837832,0,1,0,0,1,0
002448,1,0,0,0,0,0.13911056518554688,2,1,0,0,0,0
002449,0,0,0,1,0,0.1394008344174064,2,1,0,0,0,0
002450,1,0,0,0,0,0.01875249335106383,0,1,0,0,1,0
002451,0,0,0,0,0,0.32282610778771,3,0,1,0,0,0
002452,1,0,0,1,0,0.06897744630259511,1,2,0,0,0,0
002453,1,0,0,0,0,0.031198658000377327,0,1,0,0,0,0
002454,1,0,0,1,0,0.038494544482642966,0,2,0,0,0,0
002455,0,1,0,0,1,0.1440336439344618,2,2,0,0,0,0
002456,1,0,0,0,0,0.240107421875,3,1,0,0,0,0
002457,1,0,0,0,0,0.2676725260416667,3,1,0,0,0,0
002458,0,0,0,0,0,0.05559650723733859,1,0,1,0,0,0
002459,1,0,0,0,0,0.12190579018508199,2,1,0,0,0,0
002460,1,0,0,0,0,0.505168973672804,4,1,0,0,0,1
002461,1,0,0,1,0,0.310677346346164,3,2,0,0,0,0
002462,0,0,0,0,0,0.11549378720861982,1,0,1,0,0,0
002463,1,0,0,1,1,0.057950337727864586,1,3,0,1,0,0
002464,0,0,1,0,1,0.047762411612051504,0,2,0,0,0,0
002465,1,0,0,0,0,0.07306315104166666,1,1,0,0,0,0
002466,1,0,0,0,0,0.8205305989583334,4,1,0,0,0,1
002467,1,0,0,0,1,0.04312957246771759,0,2,0,0,0,0
002468,0,0,0,0,0,0.1588430051450376,2,0,1,0,0,0
002469,1,0,0,0,0,0.04060671542553192,0,1,0,0,0,0
002470,1,0,0,0,1,0.20711997703269677,2,2,0,0,0,0
002471,1,0,0,0,0,0.19024443924070145,2,1,0,0,0,0
002472,0,0,1,0,0,0.06758767587167246,1,1,0,0,0,0
002473,1,0,0,1,1,0.838676028781467,4,3,0,1,0,1
002474,1,0,0,0,0,0.17919412144702843,2,1,0,0,0,0
002475,1,1,0,1,0,0.25943497269620996,3,3,0,1,0,0
002476,1,0,0,1,0,0.24671443956481637,3,2,0,0,0,0
002477,1,0,0,0,0,0.22055816650390625,3,1,0,0,0,0
002478,1,0,0,1,0,0.4121259755463942,4,2,0,0,0,0
002479,0,1,0,1,0,0.8284886678059896,4,2,0,0,0,1
002480,1,0,0,0,0,0.49055735270182294,4,1,0,0,0,0
002481,0,1,0,0,0,0.3832798186472832,3,1,0,0,0,0
002482,1,0,0,0,0,0.06217720867222874,1,1,0,0,0,0
002483,1,0,0,0,1,0.204951171875,2,2,0,0,0,0
002484,1,0,0,0,0,0.09172264930333192,1,1,0,0,0,0
002485,1,1,0,0,0,0.4941873464583993,4,2,0,0,0,0
002486,1,0,0,1,0,0.18060715230903068,2,2,0,0,0,0
002487,1,0,1,0,1,0.4923270896629051,4,3,0,1,0,0
002488,1,0,0,0,0,0.9272833515009223,4,1,0,0,0,1
002489,1,0,0,0,0,0.301337890625,3,1,0,0,0,0
002490,0,1,0,0,0,0.05722243697554977,1,1,0,0,0,0
002491,1,0,0,0,0,0.28839874267578125,3,1,0,0,0,0
002492,1,1,0,0,0,0.45586588541666667,4,2,0,0,0,0
002493,1,0,1,0,1,0.11401836492226093,1,3,0,1,0,0
002494,1,0,0,1,0,0.15664436385081623,2,2,0,0,0,0
002495,0,0,0,1,0,0.08727124559785343,1,1,0,0,0,0
002496,1,0,0,0,0,0.017797539893617022,0,1,0,0,1,0
002497,1,0,0,1,0,0.5028735961606993,4,2,0,0,0,1
002498,1,0,0,0,1,0.5077193931297019,4,2,0,0,0,1
002499,1,0,0,1,0,0.05971866183810764,1,2,0,0,0,0
002500,1,0,0,0,1,0.059757232666015625,1,2,0,0,0,0
002501,1,0,0,0,0,0.3124927072959603,3,1,0,0,0,0
002502,0,0,0,0,0,0.0484453125,0,0,1,0,0,0
002503,1,0,0,0,0,0.010319148936170213,0,1,0,0,1,0
002504,0,0,0,0,1,0.08316138938621238,1,1,0,0,0,0
002505,0,0,0,0,0,0.7229878488164473,4,0,1,0,0,1
002506,0,0,0,1,1,0.0588373583714154,1,2,0,0,0,0
002507,0,0,0,1,1,0.35787330573942877,3,2,0,0,0,0
002508,0,0,0,0,1,0.13070042928059897,2,1,0,0,0,0
002509,1,0,0,0,0,0.14604817708333334,2,1,0,0,0,0
002510,1,0,0,0,0,0.007946370224834243,0,1,0,0,1,0
002511,0,0,0,0,0,0.29693349202473956,3,0,1,0,0,0
002512,1,0,0,0,0,0.5548307291666666,4,1,0,0,0,1
002513,1,0,0,0,0,0.08746744791666666,1,1,0,0,0,0
002514,0,0,0,1,1,0.5712157365697167,4,2,0,0,0,1
002515,0,0,0,0,1,0.18353582311559608,2,1,0,0,0,0
002516,0,0,0,0,1,0.20275243123372397,2,1,0,0,0,0
002517,0,0,1,0,1,0.15996744791666667,2,2,0,0,0,0
002518,1,0,0,0,0,0.09610055994104456,1,1,0,0,0,0
002519,1,0,0,0,0,0.11436208089192708,1,1,0,0,0,0
002520,1,0,0,0,0,0.10937086741129558,1,1,0,0,0,0
002521,1,0,0,0,0,0.22827554232273886,3,1,0,0,0,0
002522,0,1,0,0,0,0.6478740580539393,4,1,0,0,0,1
002523,1,1,0,0,0,0.2269485380116959,3,2,0,0,0,0
002524,1,0,0,0,0,0.24932228731761455,3,1,0,0,0,0
002525,0,0,0,0,1,0.09147601657443577,1,1,0,0,0,0
002526,1,0,0,0,0,0.11314646402994792,1,1,0,0,0,0
002527,1,0,1,0,0,0.9346052805582682,4,2,0,0,0,1
002528,1,0,0,0,0,0.24127604166666666,3,1,0,0,0,0
002529,0,0,0,0,0,0.0228431774589133,0,0,1,0,0,0
002530,0,0,0,0,1,0.21584616767035592,2,1,0,0,0,0
002531,1,0,0,0,0,0.07757543017029493,1,1,0,0,0,0
002532,0,0,0,0,0,0.06663596829534271,1,0,1,0,0,0
002533,1,0,0,1,1,0.069549560546875,1,3,0,1,0,0
002534,1,0,0,0,0,0.5678676545729918,4,1,0,0,0,1
002535,1,0,0,0,0,0.17950621550252452,2,1,0,0,0,0
002536,1,0,0,1,0,0.17147417210820895,2,2,0,0,0,0
002537,1,0,1,0,0,0.13489984582971642,2,2,0,0,0,0
002538,1,0,0,0,0,0.2839811197916667,3,1,0,0,0,0
002539,0,0,0,1,0,0.01953657253584605,0,1,0,0,1,0
002540,0,0,0,0,0,0.04115180003249203,0,0,1,0,0,0
002541,0,0,0,0,0,0.021522922440581172,0,0,1,0,0,0
002542,0,0,0,1,0,0.1363348406731456,2,1,0,0,0,0
002543,0,0,0,0,0,0.804710272606383,4,0,1,0,0,1
002544,1,0,0,0,0,0.15401041666666668,2,1,0,0,0,0
002545,0,0,0,0,0,0.4506315729309556,4,0,1,0,0,0
002546,0,0,0,0,0,0.479413491708261,4,0,1,0,0,0
002547,0,0,0,1,0,0.649389902750651,4,1,0,0,0,1
002548,1,0,0,0,0,0.08864847819010417,1,1,0,0,0,0
002549,0,1,0,0,1,0.21096533316153068,2,2,0,0,0,0
002550,0,0,0,0,1,0.11427626606198035,1,1,0,0,0,0
002551,1,0,0,0,1,0.08625157674153645,1,2,0,0,0,0
002552,0,0,0,0,1,0.25144441735738665,3,1,0,0,0,0
002553,0,0,0,0,0,0.26229667451602123,3,0,1,0,0,0
002554,1,0,0,0,0,0.4024168201753767,4,1,0,0,0,0
002555,1,0,0,0,0,0.3430283157913773,3,1,0,0,0,0
002556,1,0,0,0,0,0.29829752604166665,3,1,0,0,0,0
002557,1,0,0,0,0,0.2480646769205729,3,1,0,0,0,0
002558,0,0,0,0,0,0.14632572471763813,2,0,1,0,0,0
002559,1,0,0,0,0,0.38012369791666667,3,1,0,0,0,0
002560,0,0,0,1,1,0.3290723164876302,3,2,0,0,0,0
002561,0,0,0,1,0,0.13869875416485586,2,1,0,0,0,0
002562,1,0,0,0,0,0.015873685251760857,0,1,0,0,1,0
002563,1,0,0,0,0,0.09258778889973958,1,1,0,0,0,0
002564,1,0,0,0,0,0.012516788563829788,0,1,0,0,1,0
002565,1,0,0,0,1,0.4569892883300781,4,2,0,0,0,0
002566,0,0,0,0,1,0.4887584050496419,4,1,0,0,0,0
002567,1,0,0,0,0,0.01862915558510638,0,1,0,0,1,0
002568,0,0,0,0,0,0.02120146174849069,0,0,1,0,0,0
002569,1,0,0,0,1,0.23066197709322694,3,2,0,0,0,0
002570,1,0,0,0,0,0.10361020236772597,1,1,0,0,0,0
002571,0,0,0,0,0,0.12205933988764045,2,0,1,0,0,0
002572,1,0,1,0,1,0.2757675340679752,3,3,0,1,0,0
002573,0,0,0,0,0,0.031151737799765218,0,0,1,0,0,0
002574,1,0,0,0,0,0.08936784731276257,1,1,0,0,0,0
002575,1,0,0,1,0,0.5843582682190798,4,2,0,0,0,1
002576,1,0,0,0,0,0.15007654825846353,2,1,0,0,0,0
002577,1,0,0,0,0,0.5571695963541666,4,1,0,0,0,1
002578,0,0,0,1,0,0.06893601034504444,1,1,0,0,0,0
002579,0,0,0,0,1,0.10244708591037327,1,1,0,0,0,0
002580,0,0,0,0,0,0.3870746471263744,3,0,1,0,0,0
002581,1,0,0,0,0,0.19240767867476852,2,1,0,0,0,0
002582,1,0,0,0,0,0.1315540887556599,2,1,0,0,0,0
002583,0,0,1,1,1,0.33478037516276044,3,3,0,1,0,0
002584,1,0,0,0,0,0.155613414776443,2,1,0,0,0,0
002585,0,0,0,0,0,0.033892228790429545,0,0,1,0,0,0
002586,1,0,0,0,0,0.4552001953125,4,1,0,0,0,0
002587,1,0,0,0,0,0.03677413712686567,0,1,0,0,0,0
002588,1,0,0,0,0,0.4032693345670445,4,1,0,0,0,0
002589,0,0,0,1,0,0.11758674952928863,2,1,0,0,0,0
002590,0,0,0,0,0,0.03766356749311295,0,0,1,0,0,0
002591,1,0,0,0,0,0.1628697713216146,2,1,0,0,0,0
002592,1,0,0,0,0,0.03226163563829787,0,1,0,0,0,0
002593,0,0,0,0,0,0.1259140022325172,2,0,1,0,0,0
002594,1,0,0,1,0,0.04900581581209123,0,2,0,0,0,0
002595,1,0,1,0,0,0.35697591145833335,3,2,0,0,0,0
002596,1,0,0,1,0,0.6615797266814303,4,2,0,0,0,1
002597,0,0,0,0,0,0.2402928670247396,3,0,1,0,0,0
002598,0,0,0,1,0,0.5758753875814264,4,1,0,0,0,1
002599,1,0,0,0,0,0.06914388020833333,1,1,0,0,0,0
002600,1,0,0,0,0,0.10387044270833333,1,1,0,0,0,0
002601,1,0,0,0,0,0.07236502659574467,1,1,0,0,0,0
002602,0,0,0,0,0,0.4859096459046809,4,0,1,0,0,0
002603,1,0,0,1,1,0.09987494226085496,1,3,0,1,0,0
002604,1,0,0,0,0,0.3394446706593599,3,1,0,0,0,0
002605,1,0,0,0,1,0.5082842508951823,4,2,0,0,0,1
002606,1,0,0,0,0,0.3573404947916667,3,1,0,0,0,0
002607,0,0,0,0,0,0.0304760452096991,0,0,1,0,0,0
002608,1,0,0,0,0,0.038477594253102466,0,1,0,0,0,0
002609,1,0,0,0,1,0.03903326699543015,0,2,0,0,0,0
002610,1,0,0,0,1,0.44239185474537035,4,2,0,0,0,0
002611,1,0,0,0,0,0.01217697939376153,0,1,0,0,1,0
002612,1,0,0,0,0,0.23670711357974455,3,1,0,0,0,0
002613,1,0,0,0,0,0.10923239895697523,1,1,0,0,0,0
002614,0,0,0,1,0,0.04747030516308905,0,1,0,0,0,0
002615,1,0,0,0,0,0.00945192292575046,0,1,0,0,1,0
002616,1,0,0,0,1,0.7384493155149935,4,2,0,0,0,1
002617,1,0,1,0,1,0.055193583170572914,1,3,0,1,0,0
002618,1,1,0,0,0,0.28750586297794734,3,2,0,0,0,0
002619,1,0,0,0,1,0.5996564229329427,4,2,0,0,0,1
002620,1,0,0,0,1,0.31670706774441215,3,2,0,0,0,0
002621,1,0,0,0,1,0.13681920369466147,2,2,0,0,0,0
002622,0,0,0,0,1,0.02776811835106383,0,1,0,0,0,0
002623,0,0,0,0,0,0.010033909574468085,0,0,1,0,1,0
002624,0,0,0,1,1,0.027128801436986417,0,2,0,0,0,0
002625,1,0,0,1,0,0.06253430988491532,1,2,0,0,0,0
002626,1,0,0,1,0,0.7151781717936198,4,2,0,0,0,1
002627,1,0,0,1,0,0.10807101791151015,1,2,0,0,0,0
002628,1,0,0,0,0,0.21147975048527223,2,1,0,0,0,0
002629,1,0,0,0,0,0.45263744881539353,4,1,0,0,0,0
002630,1,0,0,0,0,0.17824921784577547,2,1,0,0,0,0
002631,1,0,1,0,1,0.19892501831054688,2,3,0,1,0,0
002632,0,0,1,0,1,0.2812272135416667,3,2,0,0,0,0
002633,0,0,0,0,0,0.050309507978723404,1,0,1,0,0,0
002634,0,0,0,0,0,0.17269501862702547,2,0,1,0,0,0
002635,1,0,0,0,0,0.11869303385416667,2,1,0,0,0,0
002636,1,0,0,0,0,0.8530039142360524,4,1,0,0,0,1
002637,0,1,0,0,1,0.24687703450520834,3,2,0,0,0,0
002638,0,0,0,0,0,0.06946937725707567,1,0,1,0,0,0
002639,1,1,0,1,0,0.5357157389322916,4,3,0,1,0,1
002640,1,0,0,0,1,0.3197849725797637,3,2,0,0,0,0
002641,1,0,0,0,0,0.03941468810267483,0,1,0,0,0,0
002642,1,0,0,0,0,0.07778888278537327,1,1,0,0,0,0
002643,0,0,0,1,0,0.014111980760891745,0,1,0,0,1,0
002644,0,0,0,0,0,0.8392181396484375,4,0,1,0,0,1
002645,0,0,0,0,0,0.02748753324468085,0,0,1,0,0,0
002646,1,0,0,0,0,0.6243006388346354,4,1,0,0,0,1
002647,1,0,0,0,1,0.15111161161296977,2,2,0,0,0,0
002648,1,0,0,0,0,0.6165733337402344,4,1,0,0,0,1
002649,0,0,0,0,0,0.4086658635747628,4,0,1,0,0,0
002650,1,0,0,0,0,0.4723288026639261,4,1,0,0,0,0
002651,1,0,0,0,0,0.1181845141968665,2,1,0,0,0,0
002652,1,0,0,0,1,0.13767878214518228,2,2,0,0,0,0
002653,1,0,0,0,0,0.014475577912753647,0,1,0,0,1,0
002654,1,0,0,1,0,0.3499615987141927,3,2,0,0,0,0
002655,1,0,0,0,0,0.7233422649793388,4,1,0,0,0,1
002656,0,1,0,1,0,0.5331103006998698,4,2,0,0,0,1
002657,1,0,0,0,1,0.22898831166772385,3,2,0,0,0,0
002658,1,0,0,0,1,0.030026226181242663,0,2,0,0,0,0
002659,1,0,0,0,0,0.34304244429976855,3,1,0,0,0,0
002660,1,1,0,0,1,0.29105377197265625,3,3,0,1,0,0
002661,1,0,0,0,0,0.05595890941253044,1,1,0,0,0,0
002662,1,0,0,1,0,0.1573359171549479,2,2,0,0,0,0
002663,1,0,0,0,1,0.13497599848994501,2,2,0,0,0,0
002664,1,0,0,1,0,0.030704972329364415,0,2,0,0,0,0
002665,1,0,0,1,1,0.07523091634114583,1,3,0,1,0,0
002666,1,0,1,0,0,0.02921775535300926,0,2,0,0,0,0
002667,1,0,0,0,0,0.019459607712765958,0,1,0,0,1,0
002668,1,0,0,0,0,0.07131532579787234,1,1,0,0,0,0
002669,1,0,0,0,0,0.17465972900390625,2,1,0,0,0,0
002670,1,0,0,0,0,0.34440418059806305,3,1,0,0,0,0
002671,1,0,0,0,0,0.38443756103515625,3,1,0,0,0,0
002672,0,0,0,1,0,0.2056114067095744,2,1,0,0,0,0
002673,1,0,0,0,0,0.4691841816931483,4,1,0,0,0,0
002674,0,0,0,0,1,0.312021484375,3,1,0,0,0,0
002675,1,0,0,1,1,0.02539162139067442,0,3,0,1,0,0
002676,1,0,0,0,0,0.28490400914863967,3,1,0,0,0,0
002677,0,0,0,0,0,0.026188829787234042,0,0,1,0,0,0
002678,1,0,0,0,1,0.18591435750325522,2,2,0,0,0,0
002679,0,0,1,0,0,0.03317529183846933,0,1,0,0,0,0
002680,1,0,0,0,0,0.05090459187825521,1,1,0,0,0,0
002681,0,0,1,0,1,0.023566489361702126,0,2,0,0,0,0
002682,1,0,0,0,0,0.17378344128796616,2,1,0,0,0,0
002683,1,0,0,0,0,0.6189094165643968,4,1,0,0,0,1
002684,0,0,0,0,0,0.03828516411097602,0,0,1,0,0,0
002685,1,0,0,1,0,0.029379087707529766,0,2,0,0,0,0
002686,1,0,0,1,0,0.3081300576894006,3,2,0,0,0,0
002687,1,0,0,0,0,0.04447363559659567,0,1,0,0,0,0
002688,1,0,0,0,0,0.25214513142903644,3,1,0,0,0,0
002689,1,0,0,0,0,0.15536452027827222,2,1,0,0,0,0
002690,1,0,0,0,0,0.07016796535915798,1,1,0,0,0,0
002691,0,0,0,0,0,0.37282533998842593,3,0,1,0,0,0
002692,1,0,0,1,0,0.4070167541503906,4,2,0,0,0,0
002693,0,0,0,0,0,0.19094354135018807,2,0,1,0,0,0
002694,0,0,0,0,0,0.0815277099609375,1,0,1,0,0,0
002695,1,0,0,0,0,0.13572540567255156,2,1,0,0,0,0
002696,0,1,0,0,0,0.32183147861975386,3,1,0,0,0,0
002697,0,0,0,1,0,0.35116294578269674,3,1,0,0,0,0
002698,0,0,0,0,0,0.1223742167154948,2,0,1,0,0,0
002699,0,0,0,0,0,0.32678069852519787,3,0,1,0,0,0
002700,1,0,0,0,0,0.8213589986165365,4,1,0,0,0,1
