image_id,lesion_area_ratio,touches_image_border,task1_status,very_small_lesion,very_large_lesion,area_bin,pigment_network_present,negative_network_present,streaks_present,milia_like_cysts_present,globules_present,fold,development_split
000001,0.5251236979166667,0,OK,0,0,4,1,0,0,0,0,1,train
000002,0.0094183843085106,0,OK,0,0,0,1,0,1,0,0,1,train
000003,0.0648100489240351,0,OK,0,0,1,1,0,1,0,1,4,train
000004,0.0547370910644531,0,OK,0,0,1,1,0,0,0,0,1,train
000005,0.7110546834923567,1,OK,0,0,4,1,1,0,0,1,3,train
000006,0.0075291018899557,0,OK,0,0,0,0,0,0,0,0,1,train
000007,0.0975610385854746,0,OK,0,0,1,0,0,0,0,1,1,train
000008,0.0309116504905249,0,OK,0,0,0,0,0,0,0,1,2,train
000009,0.0555644901370954,0,OK,0,0,1,1,0,0,0,0,4,train
000010,0.1771249505305014,0,OK,0,0,2,0,0,0,0,0,3,train
000011,0.5254640873333533,1,OK,0,0,4,0,0,0,0,1,0,val
000012,0.209033203125,0,OK,0,0,2,0,0,0,0,0,1,train
000013,0.1398177083333333,0,OK,0,0,2,1,0,0,0,0,3,train
000014,0.0546235317187021,0,OK,0,0,1,0,0,0,0,0,2,train
000015,0.0118625332446808,0,OK,0,0,0,1,0,1,0,0,4,train
000016,0.3939697830765336,1,OK,0,0,4,0,0,0,0,0,1,train
000017,0.0540927680330789,0,OK,0,0,1,0,0,0,1,0,3,train
000018,0.0965726751415671,0,OK,0,0,1,0,0,0,0,0,1,train
000019,0.0323304860473421,0,OK,0,0,0,0,0,0,0,0,1,train
000020,0.013844414893617,0,OK,0,0,0,1,0,0,0,0,2,train
000021,0.048785872253899,0,OK,0,0,0,0,0,0,1,1,3,train
000022,0.0294934812856364,0,OK,0,0,0,0,0,0,0,0,1,train
000023,0.3300648268868608,0,OK,0,0,3,1,0,0,0,0,3,train
000024,0.0460422112517846,0,OK,0,0,0,1,0,0,1,0,2,train
000025,0.8464304606119791,1,OK,0,0,4,1,0,0,1,0,4,train
000026,0.0273227055121163,0,OK,0,0,0,1,0,0,0,0,1,train
000027,0.0365799055110682,0,OK,0,0,0,0,0,0,1,0,0,val
000028,0.1861979166666666,0,OK,0,0,2,0,1,0,0,0,0,val
000029,0.1585183828924199,0,OK,0,0,2,0,0,0,0,0,4,train
000030,0.0221954657890323,0,OK,0,0,0,0,0,0,1,1,0,val
000031,0.2753659001103154,0,OK,0,0,3,1,0,0,0,0,2,train
000032,0.1646092849715226,0,OK,0,0,2,1,0,0,0,0,2,train
000033,0.0282257313829787,0,OK,0,0,0,0,0,0,0,0,0,val
000034,0.4676869710286458,0,OK,0,0,4,1,0,0,0,0,4,train
000035,0.1510200773729322,0,OK,0,0,2,0,0,1,0,0,2,train
000036,0.1239903767903645,0,OK,0,0,2,1,0,0,1,0,3,train
000037,0.2510844868647356,0,OK,0,0,3,0,1,0,0,0,3,train
000038,0.0721237998909944,0,OK,0,0,1,0,0,0,1,0,3,train
000039,0.6399004904110005,0,OK,0,0,4,1,0,0,0,0,1,train
000040,0.3948191933240612,0,OK,0,0,4,0,0,0,0,1,1,train
000041,0.011463597074468,0,OK,0,0,0,1,0,0,0,0,4,train
000042,0.1339194686324508,0,OK,0,0,2,0,0,0,0,0,1,train
000043,0.1597569783528646,0,OK,0,0,2,1,1,0,0,1,1,train
000044,0.1266917717260993,0,OK,0,0,2,0,0,0,0,0,4,train
000045,0.0097797539893617,0,OK,0,0,0,1,0,0,0,1,0,val
000046,0.2864930894639756,0,OK,0,0,3,1,0,0,0,0,2,train
000047,0.228266539397063,0,OK,0,0,3,0,1,0,0,1,2,train
000048,0.0322408108866442,0,OK,0,0,0,0,0,0,1,0,4,train
000049,0.64068603515625,1,OK,0,0,4,1,0,0,1,0,0,val
000050,0.1213289896647135,0,OK,0,0,2,0,0,0,0,0,4,train
000051,0.4090509158924297,0,OK,0,0,4,1,0,0,0,0,4,train
000052,0.0629535570349964,0,OK,0,0,1,1,0,0,0,1,0,val
000053,0.1090469360351562,0,OK,0,0,1,1,0,0,0,1,1,train
000054,0.6508910604841877,0,OK,0,0,4,1,0,0,0,0,1,train
000055,0.2277248116760828,0,OK,0,0,3,1,0,1,0,1,4,train
000056,0.5815278407937423,1,OK,0,0,4,0,0,0,0,1,2,train
000057,0.6695182291666667,1,OK,0,0,4,0,0,0,0,0,3,train
000058,0.1310413896276595,0,OK,0,0,2,0,0,0,0,0,4,train
000059,0.24843835689598,1,OK,0,0,3,0,0,0,0,0,3,train
000060,0.4249007521233644,1,OK,0,0,4,1,0,0,0,0,3,train
000061,0.2244033813476562,0,OK,0,0,3,0,0,0,0,0,1,train
000062,0.0332921341763793,0,OK,0,0,0,1,0,0,1,0,4,train
000063,0.2061286210881275,0,OK,0,0,2,1,0,0,0,0,1,train
000064,0.0596809895833333,0,OK,0,0,1,1,0,0,0,0,1,train
000065,0.7569205729166667,1,OK,0,0,4,1,1,0,0,0,4,train
000066,0.0957348568761903,0,OK,0,0,1,0,0,0,0,0,3,train
000067,0.1482291666666666,0,OK,0,0,2,0,0,0,0,0,2,train
000068,0.6225197843332313,1,OK,0,0,4,0,0,1,0,1,3,train
000069,0.3623650948862813,0,OK,0,0,3,1,0,0,0,0,4,train
000070,0.6455923687205326,1,OK,0,0,4,1,0,0,1,0,3,train
000071,0.4283821614583333,0,OK,0,0,4,1,0,0,0,0,3,train
000072,0.1472918446304293,0,OK,0,0,2,0,0,0,0,0,1,train
000073,0.067536954526548,0,OK,0,0,1,1,0,0,0,0,2,train
000074,0.5073598225911459,0,OK,0,0,4,1,0,0,0,0,3,train
000075,0.1027630184313684,0,OK,0,0,1,0,0,0,0,0,3,train
000076,0.0112147606382978,0,OK,0,0,0,0,0,0,0,0,2,train
000077,0.6565762422045002,0,OK,0,0,4,1,1,0,0,1,0,val
000078,0.2903744732892072,0,OK,0,0,3,0,0,0,0,0,1,train
000079,0.3184047275119357,0,OK,0,0,3,1,1,0,0,1,0,val
000080,0.4977555959825256,0,OK,0,0,4,0,0,0,0,1,2,train
000081,0.0560617800112123,0,OK,0,0,1,0,0,0,0,0,0,val
000082,0.9956437570077402,1,very_large_lesion,0,1,4,1,0,0,0,1,4,train
000083,0.5481160481770834,0,OK,0,0,4,1,0,0,1,1,2,train
000084,0.0747595623897707,0,OK,0,0,1,0,1,0,0,0,1,train
000085,0.4390029907226562,0,OK,0,0,4,1,0,0,1,1,0,val
000086,0.3618278503417969,0,OK,0,0,3,0,0,0,0,1,2,train
000087,0.031123896843032,0,OK,0,0,0,0,0,0,0,1,0,val
000088,0.4697323804591043,0,OK,0,0,4,1,0,0,0,0,3,train
000089,0.0463374335106383,0,OK,0,0,0,0,0,0,1,0,0,val
000090,0.0788455075832215,0,OK,0,0,1,1,0,0,1,0,2,train
000091,0.580901121479792,1,OK,0,0,4,1,0,0,0,0,2,train
000092,0.7353388468424479,0,OK,0,0,4,1,0,0,0,0,4,train
000093,0.6001288802535446,1,OK,0,0,4,0,0,0,1,0,2,train
000094,0.243467648824056,0,OK,0,0,3,1,0,0,0,1,1,train
000095,0.3071339877010406,0,OK,0,0,3,0,0,0,0,0,2,train
000096,0.2930115744957429,0,OK,0,0,3,1,0,0,0,1,1,train
000097,0.0508912275537238,0,OK,0,0,1,1,0,0,0,0,2,train
000098,0.3585008552931472,0,OK,0,0,3,1,0,0,0,0,2,train
000099,0.0777852393617021,0,OK,0,0,1,1,0,0,1,0,2,train
000100,0.1945085603913822,0,OK,0,0,2,1,1,0,0,0,3,train
000101,0.0446031779305718,0,OK,0,0,0,0,0,0,1,0,1,train
000102,0.0185435279244464,0,OK,0,0,0,1,0,0,0,0,1,train
000103,0.4288916411223235,1,OK,0,0,4,1,0,0,0,0,0,val
000104,0.295245774687243,0,OK,0,0,3,1,0,0,0,1,1,train
000105,0.1794535319010416,0,OK,0,0,2,1,0,0,0,0,3,train
000106,0.2276751200358072,0,OK,0,0,3,1,0,0,0,0,4,train
000107,0.0842312426513815,0,OK,0,0,1,1,0,0,0,0,4,train
000108,0.8760693868001302,1,OK,0,0,4,1,0,1,0,0,2,train
000109,0.2244644165039062,0,OK,0,0,3,1,0,0,0,0,3,train
000110,0.2745190048299598,0,OK,0,0,3,0,0,0,0,1,2,train
000111,0.072896745469835,0,OK,0,0,1,1,0,0,0,0,3,train
000112,0.040377864131221,0,OK,0,0,0,1,0,0,0,0,0,val
000113,0.6125325520833333,0,OK,0,0,4,1,0,0,0,0,0,val
000114,0.1566580414349848,0,OK,0,0,2,0,0,1,0,0,0,val
000115,0.0363341830553004,0,OK,0,0,0,1,0,0,0,1,3,train
000116,0.3429164180049189,0,OK,0,0,3,0,0,0,0,1,0,val
000117,0.6427335164835165,0,OK,0,0,4,1,0,0,0,0,3,train
000118,0.1445415558510638,0,OK,0,0,2,1,0,0,0,0,2,train
000119,0.1030515034993489,0,OK,0,0,1,1,0,0,0,0,2,train
000120,0.4655362493639636,0,OK,0,0,4,0,0,0,0,1,4,train
000121,0.252656914893617,0,OK,0,0,3,1,0,0,1,1,0,val
000122,0.05703125,0,OK,0,0,1,1,0,0,0,0,1,train
000123,0.729590098063151,1,OK,0,0,4,0,0,0,0,0,4,train
000124,0.0835213136180398,0,OK,0,0,1,1,0,0,1,0,2,train
000125,0.2655436197916667,0,OK,0,0,3,0,0,0,0,0,1,train
000126,0.2371516927083333,0,OK,0,0,3,1,0,0,0,1,4,train
000127,0.24109794464455,0,OK,0,0,3,0,0,0,0,1,1,train
000128,0.0121950247423732,0,OK,0,0,0,0,0,0,0,0,2,train
000129,0.4008470049253947,0,OK,0,0,4,1,0,0,0,0,4,train
000130,0.073860704787234,0,OK,0,0,1,0,0,0,1,0,3,train
000131,0.11701171875,0,OK,0,0,2,1,0,0,0,0,4,train
000132,0.2412387706615306,0,OK,0,0,3,1,0,0,0,1,0,val
000133,0.2482439676920572,0,OK,0,0,3,1,0,0,0,0,0,val
000134,0.3945438045224977,0,OK,0,0,4,0,0,0,0,0,4,train
000135,0.0166973537868923,0,OK,0,0,0,0,0,1,0,0,2,train
000136,0.0453816166630497,0,OK,0,0,0,1,0,0,0,0,0,val
000137,0.1193810954165616,0,OK,0,0,2,0,0,0,1,0,4,train
000138,0.0466651916503906,0,OK,0,0,0,0,0,0,0,0,2,train
000139,0.039682347074468,0,OK,0,0,0,1,0,1,0,1,0,val
000140,0.0305834146388123,0,OK,0,0,0,1,0,0,1,0,0,val
000141,0.0942339469505662,0,OK,0,0,1,0,0,0,0,0,3,train
000142,0.0600561835106382,0,OK,0,0,1,1,0,0,0,0,4,train
000143,0.3615615493263798,0,OK,0,0,3,1,0,0,0,0,3,train
000144,0.0781296456961424,0,OK,0,0,1,1,0,0,0,0,4,train
000145,0.1524935121889467,0,OK,0,0,2,0,0,0,0,1,1,train
000146,0.3727798461914062,0,OK,0,0,3,0,0,0,0,0,1,train
000147,0.006227892287234,0,OK,0,0,0,1,0,0,0,0,4,train
000148,0.4276123003661051,0,OK,0,0,4,1,0,0,0,0,1,train
000149,0.2321199622804466,0,OK,0,0,3,1,0,0,0,0,4,train
000150,0.7219683329264323,1,OK,0,0,4,0,0,0,1,0,1,train
000151,0.4820289611816406,0,OK,0,0,4,1,0,0,0,0,0,val
000152,0.4917708333333333,0,OK,0,0,4,1,0,0,0,0,1,train
000153,0.2443466186523437,0,OK,0,0,3,0,0,0,0,0,2,train
000154,0.4876581827799479,0,OK,0,0,4,0,1,0,1,0,0,val
000155,0.1231498939880644,0,OK,0,0,2,1,0,0,1,0,1,train
000156,0.0930208944742579,0,OK,0,0,1,0,0,0,0,1,1,train
000157,0.4082676481148916,1,OK,0,0,4,1,1,0,0,0,4,train
000158,0.0327374902318999,0,OK,0,0,0,1,0,0,0,0,2,train
000159,0.1275355021158854,0,OK,0,0,2,1,0,0,0,0,0,val
000160,0.0903317665024248,0,OK,0,0,1,1,0,0,0,0,0,val
000161,0.7632967631022135,1,OK,0,0,4,1,0,0,0,1,2,train
000162,0.0886490885416666,0,OK,0,0,1,1,0,1,0,0,1,train
000163,0.018328125,0,OK,0,0,0,0,0,0,0,0,3,train
000164,0.2123401294059728,0,OK,0,0,2,1,0,0,0,0,0,val
000165,0.0318656697977247,0,OK,0,0,0,0,0,0,0,0,4,train
000166,0.5406850179036459,1,OK,0,0,4,1,0,0,1,0,4,train
000167,0.2591927083333333,0,OK,0,0,3,1,0,0,0,0,4,train
000168,0.0648372395833333,0,OK,0,0,1,1,0,0,0,0,4,train
000169,0.4401439082676505,0,OK,0,0,4,1,0,0,0,0,0,val
000170,0.2584178719190352,0,OK,0,0,3,0,0,0,0,0,2,train
000171,0.9687767166542036,0,very_large_lesion,0,1,4,1,0,0,0,0,4,train
000172,0.1767302171987674,0,OK,0,0,2,1,0,0,0,0,2,train
000173,0.1477495829264322,0,OK,0,0,2,1,0,0,0,0,1,train
000174,0.0893544861279976,0,OK,0,0,1,0,1,0,0,1,3,train
000175,0.0685831705729166,0,OK,0,0,1,1,0,0,0,1,1,train
000176,0.0346794128417968,0,OK,0,0,0,1,0,0,1,0,0,val
000177,0.2404166666666666,0,OK,0,0,3,0,0,0,0,0,0,val
000178,0.5146347995705014,0,OK,0,0,4,0,0,0,0,0,1,train
000179,0.2822640518615095,0,OK,0,0,3,1,0,0,0,0,1,train
000180,0.2722293882978723,0,OK,0,0,3,1,0,0,0,0,0,val
000181,0.2487064821272087,0,OK,0,0,3,0,0,0,1,0,2,train
000182,0.0949031582827719,0,OK,0,0,1,0,0,0,0,1,2,train
000183,0.4130956861707899,0,OK,0,0,4,0,0,0,1,0,2,train
000184,0.3431816101074219,0,OK,0,0,3,1,0,0,0,0,1,train
000185,0.8112907409667969,1,OK,0,0,4,1,0,0,1,0,2,train
000186,0.2313790226490482,0,OK,0,0,3,1,0,0,0,1,0,val
000187,0.3819754959493888,0,OK,0,0,3,1,0,1,0,1,4,train
000188,0.4688097635904948,1,OK,0,0,4,1,0,0,0,0,2,train
000189,0.2110848603425202,0,OK,0,0,2,1,0,0,0,0,2,train
000190,0.2908617021276595,0,OK,0,0,3,1,0,0,0,0,4,train
000191,0.3961092631022135,1,OK,0,0,4,0,0,0,0,0,0,val
000192,0.1045372340425531,0,OK,0,0,1,0,0,0,0,0,2,train
000193,0.3626626633515309,0,OK,0,0,3,1,0,0,1,0,2,train
000194,0.2700309753417969,0,OK,0,0,3,1,0,0,0,0,3,train
000195,0.0292493816032198,0,OK,0,0,0,1,0,0,1,0,3,train
000196,0.0246717087765957,0,OK,0,0,0,1,0,0,1,1,4,train
000197,0.1457065180243605,0,OK,0,0,2,1,0,0,0,0,2,train
000198,0.59314453125,0,OK,0,0,4,0,0,0,0,1,0,val
000199,0.4889518229166666,0,OK,0,0,4,1,0,0,0,0,1,train
000200,0.0515739694148936,0,OK,0,0,1,0,0,0,0,0,0,val
000201,0.0863036303630363,0,OK,0,0,1,1,0,0,0,0,1,train
000202,0.0277096077127659,0,OK,0,0,0,1,0,0,1,1,2,train
000203,0.1735443529359249,0,OK,0,0,2,0,1,0,0,0,4,train
000204,0.5196380647944883,0,OK,0,0,4,1,0,0,0,0,1,train
000205,0.0674892270240281,0,OK,0,0,1,1,0,0,0,1,3,train
000206,0.3857860336904053,0,OK,0,0,3,1,0,0,0,0,1,train
000207,0.2773918165929482,0,OK,0,0,3,1,0,0,0,0,0,val
000208,0.2065200805664062,0,OK,0,0,2,0,0,0,0,1,2,train
000209,0.2132377624511718,0,OK,0,0,2,1,0,0,0,0,2,train
000210,0.0373332490462015,0,OK,0,0,0,0,1,0,0,0,4,train
000211,0.8730377082057953,1,OK,0,0,4,0,0,0,0,0,3,train
000212,0.0079921875,0,OK,0,0,0,1,0,0,0,0,0,val
000213,0.0594976725778791,0,OK,0,0,1,1,0,0,0,0,0,val
000214,0.0941630795691616,0,OK,0,0,1,1,0,0,0,0,2,train
000215,0.6101093998661747,1,OK,0,0,4,0,0,0,0,0,1,train
000216,0.1806893525300202,0,OK,0,0,2,0,1,0,0,1,0,val
000217,0.5137612841435047,0,OK,0,0,4,1,0,0,0,1,2,train
000218,0.4106174369295289,0,OK,0,0,4,1,0,0,0,1,4,train
000219,0.0298514660493827,0,OK,0,0,0,1,0,0,0,0,4,train
000220,0.0047950304815835,0,very_small_lesion,1,0,0,0,0,0,0,0,1,train
000221,0.0743030917218681,0,OK,0,0,1,1,0,0,0,0,1,train
000222,0.0716044108072916,0,OK,0,0,1,0,0,1,0,1,1,train
000223,0.0104145611702127,0,OK,0,0,0,1,0,0,0,0,2,train
000224,0.1518845734772858,0,OK,0,0,2,0,0,0,0,1,0,val
000225,0.2906526280552993,0,OK,0,0,3,1,0,0,0,0,2,train
000226,0.0312878989361702,0,OK,0,0,0,1,0,0,0,0,0,val
000227,0.023585548381687,0,OK,0,0,0,0,0,0,0,1,1,train
000228,0.0222707779255319,0,OK,0,0,0,1,0,0,0,0,1,train
000229,0.9521736915292024,1,very_large_lesion,0,1,4,1,0,0,0,1,0,val
000230,0.2514707610123837,0,OK,0,0,3,1,0,0,0,1,3,train
000231,0.0202850029609676,0,OK,0,0,0,0,0,0,0,0,2,train
000232,0.2685840416109153,0,OK,0,0,3,0,0,0,0,0,2,train
000233,0.1540667215983072,0,OK,0,0,2,1,1,0,0,1,2,train
000234,0.1549531846124014,0,OK,0,0,2,0,1,0,0,0,4,train
000235,0.0089222074468085,0,OK,0,0,0,1,0,0,1,0,4,train
000236,0.0483169555664062,0,OK,0,0,0,1,0,1,0,0,3,train
000237,0.2638995547040993,0,OK,0,0,3,1,0,0,0,0,1,train
000238,0.0457935175619834,0,OK,0,0,0,0,0,0,0,0,1,train
000239,0.0384453125,0,OK,0,0,0,0,0,0,1,0,0,val
000240,0.0780614217122395,0,OK,0,0,1,1,0,0,0,0,1,train
000241,0.8743182695005611,1,OK,0,0,4,0,0,0,0,1,4,train
000242,0.2020200093587239,0,OK,0,0,2,0,0,0,0,0,4,train
000243,0.3328231300529559,0,OK,0,0,3,0,1,0,0,0,3,train
000244,0.1840657552083333,0,OK,0,0,2,1,0,0,0,0,2,train
000245,0.270758310953776,0,OK,0,0,3,1,0,0,0,0,0,val
000246,0.0135038231382978,0,OK,0,0,0,1,0,0,0,0,4,train
000247,0.7787366045237731,1,OK,0,0,4,1,0,1,0,1,0,val
000248,0.3165397644042969,0,OK,0,0,3,1,0,0,0,0,1,train
000249,0.4997381410456448,1,OK,0,0,4,0,0,0,0,0,2,train
000250,0.0280779587765957,0,OK,0,0,0,1,1,0,0,0,2,train
000251,0.3548811888970321,0,OK,0,0,3,1,0,0,0,0,4,train
000252,0.1274281278857207,0,OK,0,0,2,1,0,0,0,0,2,train
000253,0.1323420206705729,0,OK,0,0,2,1,0,0,0,0,3,train
000254,0.0201469414893617,0,OK,0,0,0,1,0,0,0,1,3,train
000255,0.023640625,0,OK,0,0,0,1,0,0,1,0,0,val
000256,0.2428644478242016,0,OK,0,0,3,0,0,0,0,0,3,train
000257,0.0923067728678385,0,OK,0,0,1,0,0,0,1,1,4,train
000258,0.3247769673665364,0,OK,0,0,3,1,0,0,1,0,4,train
000259,0.1011098225911458,0,OK,0,0,1,0,0,0,1,0,2,train
000260,0.0225541228198893,0,OK,0,0,0,1,0,0,0,0,2,train
000261,0.0446116468750774,0,OK,0,0,0,0,0,0,0,0,2,train
000262,0.1765302526595744,0,OK,0,0,2,0,0,0,0,0,4,train
000263,0.091263637732543,0,OK,0,0,1,1,0,0,0,1,3,train
000264,0.5702962239583333,1,OK,0,0,4,0,1,0,0,0,4,train
000265,0.0845620748522136,0,OK,0,0,1,0,0,0,0,0,2,train
000266,0.1703349856668204,0,OK,0,0,2,1,0,0,1,0,1,train
000267,0.3747698465983073,1,OK,0,0,3,1,0,0,1,0,4,train
000268,0.0699039035373264,0,OK,0,0,1,1,0,0,1,1,1,train
000269,0.542225887766225,0,OK,0,0,4,1,0,0,0,0,1,train
000270,0.065274595563534,0,OK,0,0,1,0,0,0,0,0,1,train
000271,0.1043093646014178,0,OK,0,0,1,0,0,0,0,1,0,val
000272,0.3141384124755859,0,OK,0,0,3,1,0,0,0,0,3,train
000273,0.0503645833333333,0,OK,0,0,1,0,0,1,0,0,0,val
000274,0.3140780131022135,0,OK,0,0,3,0,0,0,0,0,2,train
000275,0.0315280490451388,0,OK,0,0,0,1,0,1,0,0,1,train
000276,0.1274530065331252,0,OK,0,0,2,1,0,0,0,0,3,train
000277,0.0806044185542291,0,OK,0,0,1,0,0,0,1,0,2,train
000278,0.0043287196459544,0,very_small_lesion,1,0,0,1,0,0,0,0,3,train
000279,0.5226009510181568,0,OK,0,0,4,1,1,0,0,0,2,train
000280,0.1823816652651186,0,OK,0,0,2,1,0,0,0,1,4,train
000281,0.0995434993109999,0,OK,0,0,1,1,0,0,1,1,3,train
000282,0.0613738792597694,0,OK,0,0,1,0,0,0,0,0,1,train
000283,0.0224141810697216,0,OK,0,0,0,1,0,0,0,0,3,train
000284,0.4278173093442564,0,OK,0,0,4,1,0,0,0,0,2,train
000285,0.3884537308304398,1,OK,0,0,3,1,0,0,0,0,2,train
000286,0.4546692469945395,1,OK,0,0,4,0,1,0,1,1,2,train
000287,0.2264175415039062,0,OK,0,0,3,0,0,0,0,0,1,train
000288,0.3619016011555989,0,OK,0,0,3,1,0,0,0,0,2,train
000289,0.027726726925415,0,OK,0,0,0,0,0,0,0,0,3,train
000290,0.2786331176757812,0,OK,0,0,3,0,0,0,1,1,0,val
000291,0.1231584548950195,0,OK,0,0,2,1,0,0,0,0,3,train
000292,0.0209221514443233,0,OK,0,0,0,0,0,0,0,0,0,val
000293,0.0251668294270833,0,OK,0,0,0,0,0,1,0,1,0,val
000294,0.0226512632978723,0,OK,0,0,0,1,0,0,0,1,0,val
000295,0.1923468053975853,0,OK,0,0,2,1,0,0,0,0,0,val
000296,0.0556147709855547,0,OK,0,0,1,0,0,0,0,0,4,train
000297,0.0891469319661458,0,OK,0,0,1,1,0,0,0,0,4,train
000298,0.5960794692268993,1,OK,0,0,4,1,0,0,0,0,1,train
000299,0.1476711392796247,0,OK,0,0,2,1,0,0,0,1,3,train
000300,0.2425409952799479,0,OK,0,0,3,1,0,0,0,0,4,train
000301,0.7833268229166667,1,OK,0,0,4,1,0,1,0,1,1,train
000302,0.1146227518717448,0,OK,0,0,1,1,0,0,0,0,3,train
000303,0.2590250997340425,0,OK,0,0,3,1,0,0,1,0,0,val
000304,0.3092881413101651,0,OK,0,0,3,1,1,0,0,0,1,train
000305,0.6372333776595744,1,OK,0,0,4,0,0,0,1,0,2,train
000306,0.1288335839737129,0,OK,0,0,2,0,1,0,1,1,2,train
000307,0.1359736124674479,0,OK,0,0,2,1,0,0,0,0,2,train
000308,0.0164333162458883,0,OK,0,0,0,0,0,0,0,0,0,val
000309,0.0355809529622395,0,OK,0,0,0,1,0,0,1,0,4,train
000310,0.2362581888834635,0,OK,0,0,3,0,0,0,0,0,0,val
000311,0.3522413813507032,1,OK,0,0,3,1,0,0,0,0,2,train
000312,0.0364052444501509,0,OK,0,0,0,1,0,0,1,0,0,val
000313,0.0128173828125,0,OK,0,0,0,1,0,0,0,0,4,train
000314,0.1572884114583333,0,OK,0,0,2,1,0,0,0,0,3,train
000315,0.0980338225044021,0,OK,0,0,1,1,0,0,1,0,0,val
000316,0.8677776779248322,0,OK,0,0,4,0,1,0,1,1,0,val
000317,0.1122221463166424,0,OK,0,0,1,1,0,0,0,1,3,train
000318,0.3652254740397135,0,OK,0,0,3,1,0,0,0,0,2,train
000319,0.1980113276728877,0,OK,0,0,2,1,1,0,0,1,0,val
000320,0.1867951559481817,0,OK,0,0,2,1,0,0,0,0,0,val
000321,0.1168159869979456,0,OK,0,0,2,1,0,0,1,1,4,train
000322,0.6208900169089988,1,OK,0,0,4,1,0,0,0,0,1,train
000323,0.2184106332284432,0,OK,0,0,3,1,0,0,0,0,2,train
000324,0.0967498337765957,0,OK,0,0,1,1,0,0,0,0,2,train
000325,0.2719720132500278,0,OK,0,0,3,1,1,0,0,0,2,train
000326,0.7271393401893396,0,OK,0,0,4,1,1,0,1,0,4,train
000327,0.0181788489376084,0,OK,0,0,0,1,0,0,1,0,3,train
000328,0.0665310837765957,0,OK,0,0,1,1,0,0,0,0,1,train
000329,0.1632654532304465,0,OK,0,0,2,1,0,0,0,0,0,val
000330,0.1914275401433842,0,OK,0,0,2,0,0,0,0,0,2,train
000331,0.1714124326352719,0,OK,0,0,2,0,0,0,1,0,3,train
000332,0.1069436249909577,0,OK,0,0,1,1,0,0,0,0,0,val
000333,0.6058260599772135,0,OK,0,0,4,1,0,0,1,0,1,train
000334,0.2984947858862093,0,OK,0,0,3,1,0,0,0,1,2,train
000335,0.1931403831199363,0,OK,0,0,2,0,0,0,1,0,2,train
000336,0.195196787516276,0,OK,0,0,2,0,0,0,1,0,0,val
000337,0.0580045572916666,0,OK,0,0,1,0,0,0,0,0,3,train
000338,0.0628649393717448,0,OK,0,0,1,0,0,0,0,1,4,train
000339,0.398955078125,0,OK,0,0,4,1,0,0,0,0,1,train
000340,0.0118974401595744,0,OK,0,0,0,0,0,0,0,0,3,train
000341,0.0706310978642216,0,OK,0,0,1,1,0,0,0,0,3,train
000342,0.0739439969660703,0,OK,0,0,1,1,0,0,0,1,3,train
000343,0.5826833015837246,0,OK,0,0,4,0,0,0,0,0,3,train
000344,0.2648544311523437,0,OK,0,0,3,1,0,0,0,0,2,train
000345,0.1417222525393283,0,OK,0,0,2,0,0,0,1,0,1,train
000346,0.0998134153091944,0,OK,0,0,1,1,0,0,0,0,3,train
000347,0.2770279947916667,0,OK,0,0,3,1,0,0,0,0,1,train
000348,0.3843272778218839,0,OK,0,0,3,0,0,0,0,0,3,train
000349,0.0735589047181491,0,OK,0,0,1,0,0,0,0,0,1,train
000350,0.2046368916829427,0,OK,0,0,2,1,0,0,1,0,2,train
000351,0.1158599853515625,0,OK,0,0,1,1,0,0,0,0,2,train
000352,0.0281530917553191,0,OK,0,0,0,0,0,0,0,1,2,train
000353,0.1311003701935205,0,OK,0,0,2,1,0,0,0,0,0,val
000354,0.7488736979166667,0,OK,0,0,4,1,0,0,0,0,3,train
000355,0.8331629435221354,0,OK,0,0,4,1,0,0,0,0,4,train
000356,0.1311994680851063,0,OK,0,0,2,1,0,0,0,0,1,train
000357,0.2781444125705295,0,OK,0,0,3,1,0,0,0,0,3,train
000358,0.4048487345377604,0,OK,0,0,4,1,0,0,0,0,1,train
000359,0.4273092833047509,0,OK,0,0,4,1,0,0,0,0,2,train
000360,0.1406878878081502,0,OK,0,0,2,0,0,0,0,0,4,train
000361,0.4603157552083333,0,OK,0,0,4,1,0,0,0,1,3,train
000362,0.5118717447916666,0,OK,0,0,4,1,0,0,0,0,2,train
000363,0.0407766021979289,0,OK,0,0,0,1,0,0,0,0,1,train
000364,0.1135195247256526,0,OK,0,0,1,1,0,1,0,1,2,train
000365,0.0530086093478732,0,OK,0,0,1,1,0,0,0,0,1,train
000366,0.1757125854492187,0,OK,0,0,2,1,0,0,0,0,3,train
000367,0.0921863979763454,0,OK,0,0,1,0,0,0,0,0,2,train
000368,0.2410555239076967,0,OK,0,0,3,1,1,0,0,0,3,train
000369,0.0353456503909525,0,OK,0,0,0,1,0,0,0,0,1,train
000370,0.1147417789366942,0,OK,0,0,1,0,0,1,0,1,2,train
000371,0.847296396891276,0,OK,0,0,4,1,0,0,0,0,2,train
000372,0.0175240807898708,0,OK,0,0,0,0,1,0,1,0,4,train
000373,0.7348697916666667,0,OK,0,0,4,1,0,0,0,0,0,val
000374,0.0310806183510638,0,OK,0,0,0,1,0,0,0,0,0,val
000375,0.2142344424733775,0,OK,0,0,2,1,0,0,1,0,3,train
000376,0.2677701822916666,0,OK,0,0,3,1,0,0,1,0,2,train
000377,0.4280820989878244,0,OK,0,0,4,1,0,0,0,0,4,train
000378,0.0754674275716145,0,OK,0,0,1,1,0,1,0,0,2,train
000379,0.0252549412785091,0,OK,0,0,0,0,0,0,0,0,2,train
000380,0.077622455451341,0,OK,0,0,1,1,0,0,0,0,1,train
000381,0.0915082295735677,0,OK,0,0,1,1,0,0,0,0,4,train
000382,0.4278105053191489,0,OK,0,0,4,0,0,0,1,0,2,train
000383,0.1919829757125289,0,OK,0,0,2,0,0,0,0,0,3,train
000384,0.5140606562296549,0,OK,0,0,4,1,0,0,0,0,0,val
000385,0.0150593417553191,0,OK,0,0,0,1,0,0,0,0,2,train
000386,0.5370292663574219,1,OK,0,0,4,0,0,0,0,0,0,val
000387,0.1217994689941406,0,OK,0,0,2,0,0,0,0,0,4,train
000388,0.1087535222371419,0,OK,0,0,1,1,1,0,0,0,0,val
000389,0.0601603190104166,0,OK,0,0,1,1,0,0,0,0,4,train
000390,0.1510429382324218,0,OK,0,0,2,0,1,0,1,1,2,train
000391,0.221212285396604,0,OK,0,0,3,1,0,0,0,0,2,train
000392,0.0743980407714843,0,OK,0,0,1,1,0,0,0,0,3,train
000393,0.1949739809389467,0,OK,0,0,2,1,0,0,0,1,4,train
000394,0.3893888461777536,1,OK,0,0,3,1,0,0,0,0,0,val
000395,0.6387888590494791,0,OK,0,0,4,0,0,0,1,1,0,val
000396,0.0248082576932751,0,OK,0,0,0,1,0,0,1,0,3,train
000397,0.0173796542553191,0,OK,0,0,0,0,0,0,1,0,0,val
000398,0.0148439162234042,0,OK,0,0,0,1,0,0,0,0,0,val
000399,0.6878454540085479,0,OK,0,0,4,0,1,0,0,1,2,train
000400,0.2009830729166666,0,OK,0,0,2,0,0,0,0,0,4,train
000401,0.3047588305473812,0,OK,0,0,3,0,0,0,0,0,2,train
000402,0.0150728483198473,0,OK,0,0,0,0,0,0,0,0,3,train
000403,0.6602180989583334,0,OK,0,0,4,1,0,1,0,0,1,train
000404,0.1005859375,0,OK,0,0,1,1,0,0,0,0,3,train
000405,0.0360309175531914,0,OK,0,0,0,1,0,0,0,0,3,train
000406,0.0516828875723209,0,OK,0,0,1,0,0,1,0,1,0,val
000407,0.5521286704207194,0,OK,0,0,4,0,0,0,0,1,2,train
000408,0.0326947664779104,0,OK,0,0,0,1,0,0,0,0,1,train
000409,0.1135270482757981,0,OK,0,0,1,1,0,0,0,0,1,train
000410,0.5258253486767137,1,OK,0,0,4,1,1,0,0,0,1,train
000411,0.0779869416086701,0,OK,0,0,1,0,0,0,1,0,0,val
000412,0.1216939290364583,0,OK,0,0,2,0,0,0,0,0,4,train
000413,0.1031990051269531,0,OK,0,0,1,1,0,0,0,0,0,val
000414,0.1076381824634693,0,OK,0,0,1,0,0,0,0,1,4,train
000415,0.177978515625,0,OK,0,0,2,0,0,1,0,0,0,val
000416,0.0821354166666666,0,OK,0,0,1,1,0,0,0,0,3,train
000417,0.1272864487821523,1,OK,0,0,2,0,1,0,0,0,1,train
000418,0.7688331604003906,0,OK,0,0,4,0,0,0,0,1,0,val
000419,0.0271196302982978,0,OK,0,0,0,0,0,0,0,0,4,train
000420,0.021635472074468,0,OK,0,0,0,1,0,0,0,0,2,train
000421,0.054423204787234,0,OK,0,0,1,0,0,0,0,0,0,val
000422,0.0544388147482391,0,OK,0,0,1,1,0,0,0,0,3,train
000423,0.099821642287234,0,OK,0,0,1,1,0,0,1,0,3,train
000424,0.2737616971124231,0,OK,0,0,3,1,0,0,0,0,3,train
000425,0.1700432321038459,0,OK,0,0,2,1,0,1,0,0,3,train
000426,0.1224419732617261,0,OK,0,0,2,0,0,0,0,0,4,train
000427,0.2709147135416667,0,OK,0,0,3,1,0,0,1,1,0,val
000428,0.2204750974749099,0,OK,0,0,3,0,0,0,0,0,0,val
000429,0.4361353580287818,0,OK,0,0,4,1,0,0,0,0,4,train
000430,0.2422000044867127,0,OK,0,0,3,1,0,0,0,0,1,train
000431,0.0381831781914893,0,OK,0,0,0,1,0,0,0,0,4,train
000432,0.1181983947753906,0,OK,0,0,2,1,0,0,1,0,0,val
000433,0.8617322040000365,0,OK,0,0,4,0,1,0,0,0,2,train
000434,0.4919954427083333,0,OK,0,0,4,1,0,0,0,0,2,train
000435,0.1019914415147569,0,OK,0,0,1,1,0,0,0,0,1,train
000436,0.0593770011862769,0,OK,0,0,1,1,0,0,1,1,4,train
000437,0.1653168988711638,0,OK,0,0,2,0,0,0,0,0,4,train
000438,0.0116396176720098,0,OK,0,0,0,0,0,1,0,0,2,train
000439,0.0549802395801448,0,OK,0,0,1,1,0,0,0,0,2,train
000440,0.0551633347046369,0,OK,0,0,1,1,0,0,0,0,1,train
000441,0.1627362569173177,0,OK,0,0,2,1,0,0,0,0,3,train
000442,0.0657272338867187,0,OK,0,0,1,1,0,0,0,0,2,train
000443,0.0844497680664062,0,OK,0,0,1,1,0,0,0,1,2,train
000444,0.031031120948977,0,OK,0,0,0,0,0,0,0,0,4,train
000445,0.392783203125,1,OK,0,0,4,1,0,0,0,0,0,val
000446,0.0266758643617021,0,OK,0,0,0,1,0,0,0,0,2,train
000447,0.4078216041788874,0,OK,0,0,4,0,0,0,0,1,0,val
000448,0.2933120727539062,1,OK,0,0,3,0,0,0,0,0,4,train
000449,0.384384765625,0,OK,0,0,3,1,0,0,0,0,2,train
000450,0.4114799446749654,0,OK,0,0,4,1,0,0,0,1,1,train
000451,0.3039455875038261,0,OK,0,0,3,0,0,0,1,0,2,train
000452,0.1137374595359519,0,OK,0,0,1,0,1,0,1,0,2,train
000453,0.2329619786109841,0,OK,0,0,3,0,0,0,0,1,0,val
000454,0.050940032648862,0,OK,0,0,1,0,0,0,0,0,4,train
000455,0.0201742209022038,0,OK,0,0,0,0,0,0,0,0,2,train
000456,0.2396851912212081,0,OK,0,0,3,1,0,0,0,0,4,train
000457,0.1834798177083333,0,OK,0,0,2,1,0,0,0,0,2,train
000458,0.4435339095744681,0,OK,0,0,4,0,0,0,0,0,3,train
000459,0.0844076394275113,0,OK,0,0,1,1,0,0,1,0,0,val
000460,0.3760929012005052,0,OK,0,0,3,0,0,0,1,0,0,val
000461,0.25810270103136,0,OK,0,0,3,0,0,0,0,0,2,train
000462,0.4114599782161377,0,OK,0,0,4,0,0,0,1,1,1,train
000463,0.1317543338297326,0,OK,0,0,2,1,0,0,0,0,0,val
000464,0.1565631622792854,0,OK,0,0,2,0,0,0,0,0,4,train
000465,0.5542856852213541,0,OK,0,0,4,0,0,0,0,0,3,train
000466,0.1524317706072772,0,OK,0,0,2,1,0,0,0,0,1,train
000467,0.1451681429190899,0,OK,0,0,2,0,0,0,0,0,3,train
000468,0.4820880889892578,0,OK,0,0,4,1,0,1,0,1,1,train
000469,0.2616123764797033,0,OK,0,0,3,1,0,0,0,0,0,val
000470,0.0109280252659574,0,OK,0,0,0,1,0,0,1,0,1,train
000471,0.5052180989583334,0,OK,0,0,4,1,0,1,1,0,3,train
000472,0.8788223266601562,1,OK,0,0,4,1,0,0,1,1,4,train
000473,0.0248447473404255,0,OK,0,0,0,0,0,1,1,1,2,train
000474,0.472066267372757,0,OK,0,0,4,0,0,0,0,0,2,train
000475,0.2311032613118489,0,OK,0,0,3,1,0,0,0,0,1,train
000476,0.0169087433510638,0,OK,0,0,0,0,0,0,0,0,1,train
000477,0.3349163711938481,1,OK,0,0,3,1,0,0,0,0,3,train
000478,0.0462121010638297,0,OK,0,0,0,0,0,0,0,0,4,train
000479,0.0619265771668707,0,OK,0,0,1,0,0,0,1,0,3,train
000480,0.0476394614361702,0,OK,0,0,0,0,0,0,1,1,3,train
000481,0.010197972074468,0,OK,0,0,0,1,0,0,0,0,1,train
000482,0.7655254056207446,1,OK,0,0,4,1,0,0,0,0,1,train
000483,0.9581580716511808,1,very_large_lesion,0,1,4,0,0,0,1,0,2,train
000484,0.2463417053222656,0,OK,0,0,3,1,0,0,0,1,4,train
000485,0.0306821752477575,0,OK,0,0,0,1,0,0,0,0,0,val
000486,0.0257863760114455,0,OK,0,0,0,0,0,0,0,0,2,train
000487,0.0351386303191489,0,OK,0,0,0,0,0,0,0,1,2,train
000488,0.2805968120586178,0,OK,0,0,3,0,1,0,0,1,4,train
000489,0.0800070992903334,0,OK,0,0,1,1,0,0,1,0,0,val
000490,0.1213785807291666,0,OK,0,0,2,1,0,0,0,0,2,train
000491,0.3158364732139007,0,OK,0,0,3,0,0,0,0,1,0,val
000492,0.1016549650545862,0,OK,0,0,1,1,0,0,1,1,0,val
000493,0.0245518617021276,0,OK,0,0,0,0,0,0,1,0,0,val
000494,0.5055729166666667,0,OK,0,0,4,0,0,0,0,0,0,val
000495,0.2344171026557765,0,OK,0,0,3,1,0,0,0,1,4,train
000496,0.1645762125651041,0,OK,0,0,2,0,0,0,0,1,4,train
000497,0.1379839579264322,0,OK,0,0,2,1,0,0,0,0,0,val
000498,0.2681946915493317,1,OK,0,0,3,1,0,1,0,1,3,train
000499,0.8329429838746307,1,OK,0,0,4,1,0,0,0,0,3,train
000500,0.1317125956217447,0,OK,0,0,2,0,0,0,0,0,4,train
000501,0.0384238914207175,0,OK,0,0,0,0,0,1,0,1,1,train
000502,0.1204761870599938,0,OK,0,0,2,0,1,0,1,0,3,train
000503,0.1134952969021267,0,OK,0,0,1,1,0,0,0,0,0,val
000504,0.1186993916829427,0,OK,0,0,2,1,0,0,0,0,1,train
000505,0.6949820341887297,1,OK,0,0,4,1,0,0,0,0,0,val
000506,0.2684799421539859,1,OK,0,0,3,1,0,0,0,0,3,train
000507,0.3672641289893617,0,OK,0,0,3,0,0,0,1,1,0,val
000508,0.0346879487307144,0,OK,0,0,0,1,0,0,1,0,3,train
000509,0.0113086768617021,0,OK,0,0,0,1,0,0,0,0,3,train
000510,0.4504630477340133,0,OK,0,0,4,0,0,0,0,0,3,train
000511,0.404380100117962,1,OK,0,0,4,1,0,0,0,0,3,train
000512,0.4132299070005064,1,OK,0,0,4,1,0,0,0,0,3,train
000513,0.0052521964877159,0,OK,0,0,0,1,0,1,0,0,3,train
000514,0.1226434507978723,0,OK,0,0,2,0,0,0,1,0,4,train
000515,0.0429200465425531,0,OK,0,0,0,0,0,0,0,0,1,train
000516,0.2037619131582754,0,OK,0,0,2,1,1,0,0,0,1,train
000517,0.1623316156914893,0,OK,0,0,2,0,0,0,0,0,3,train
000518,0.6033722206398293,1,OK,0,0,4,1,0,0,1,0,3,train
000519,0.340084326937359,0,OK,0,0,3,1,0,0,0,0,3,train
000520,0.7595240275065104,0,OK,0,0,4,1,0,0,0,0,2,train
000521,0.0880587951635084,0,OK,0,0,1,1,1,0,0,0,2,train
000522,0.5427284240722656,0,OK,0,0,4,1,0,0,1,0,4,train
000523,0.1342811584472656,0,OK,0,0,2,0,0,0,0,0,4,train
000524,0.0346708776595744,0,OK,0,0,0,1,0,0,0,0,2,train
000525,0.3908119201660156,0,OK,0,0,4,1,0,0,0,1,0,val
000526,0.3767311661331742,0,OK,0,0,3,1,0,0,0,0,3,train
000527,0.032087930912502,0,OK,0,0,0,1,0,0,0,0,4,train
000528,0.0326871518735532,0,OK,0,0,0,0,0,0,0,0,3,train
000529,0.0310486294446995,0,OK,0,0,0,1,0,0,0,0,4,train
000530,0.255987803141276,0,OK,0,0,3,1,0,0,0,0,1,train
000531,0.0139397213808066,0,OK,0,0,0,1,0,0,0,1,0,val
000532,0.4294597739361702,0,OK,0,0,4,0,0,0,0,0,2,train
000533,0.3089154561360677,0,OK,0,0,3,1,0,0,0,0,1,train
000534,0.0597056183510638,0,OK,0,0,1,1,0,0,1,0,1,train
000535,0.1740147514916695,0,OK,0,0,2,1,0,0,0,1,0,val
000536,0.054213597074468,0,OK,0,0,1,1,0,0,0,0,4,train
000537,0.141493981998433,0,OK,0,0,2,1,0,0,0,0,2,train
000538,0.5518143828999879,0,OK,0,0,4,0,0,0,0,1,3,train
000539,0.0810331509144517,0,OK,0,0,1,0,0,0,1,0,4,train
000540,0.1039466857910156,0,OK,0,0,1,1,0,0,0,1,2,train
000541,0.2033371516664126,0,OK,0,0,2,1,0,0,0,1,4,train
000542,0.2921759100492811,0,OK,0,0,3,0,0,0,1,0,2,train
000543,0.4358854166666667,0,OK,0,0,4,1,0,0,0,0,0,val
000544,0.3549158880197016,0,OK,0,0,3,1,0,0,0,0,2,train
000545,0.2059686127810338,0,OK,0,0,2,1,0,1,0,1,2,train
000546,0.0410552813488419,0,OK,0,0,0,0,0,0,0,0,1,train
000547,0.1840260365807061,0,OK,0,0,2,0,0,0,0,1,1,train
000548,0.0339389451094247,0,OK,0,0,0,0,0,0,0,0,3,train
000549,0.5735579427083334,0,OK,0,0,4,0,0,0,0,0,0,val
000550,0.1723901254159432,0,OK,0,0,2,1,1,0,0,0,1,train
000551,0.5914809195171411,1,OK,0,0,4,1,0,0,0,0,1,train
000552,0.055815713829029,0,OK,0,0,1,1,0,0,1,0,2,train
000553,0.0578671829144306,0,OK,0,0,1,0,0,0,0,1,4,train
000554,0.1026985677083333,0,OK,0,0,1,0,1,0,0,0,0,val
000555,0.0120679853723404,0,OK,0,0,0,1,0,0,0,1,2,train
000556,0.5548316501051087,0,OK,0,0,4,0,0,1,0,0,0,val
000557,0.1080551147460937,0,OK,0,0,1,1,0,0,0,0,0,val
000558,0.5761589681250067,0,OK,0,0,4,0,0,0,0,0,1,train
000559,0.1764194347240306,0,OK,0,0,2,1,0,0,0,1,4,train
000560,0.1332101127488032,0,OK,0,0,2,1,0,0,1,0,0,val
000561,0.2085128770367223,0,OK,0,0,2,1,0,0,1,0,1,train
000562,0.0348854064941406,0,OK,0,0,0,0,0,1,0,0,3,train
000563,0.0093198421516015,0,OK,0,0,0,0,0,0,0,0,0,val
000564,0.4017024739583333,0,OK,0,0,4,1,0,0,0,0,4,train
000565,0.15190625,0,OK,0,0,2,1,0,0,1,0,3,train
000566,0.0421429380921935,0,OK,0,0,0,1,1,0,1,0,4,train
000567,0.081494847074468,0,OK,0,0,1,1,0,0,1,0,0,val
000568,0.1087317290129484,0,OK,0,0,1,0,0,0,0,1,2,train
000569,0.9562739619502316,1,very_large_lesion,0,1,4,0,0,0,0,0,1,train
000570,0.1908620345744681,0,OK,0,0,2,0,1,0,0,0,0,val
000571,0.10255664709842,0,OK,0,0,1,0,0,0,0,1,3,train
000572,0.2237109375,0,OK,0,0,3,0,0,0,0,1,3,train
000573,0.3507715861002604,0,OK,0,0,3,0,0,0,0,0,2,train
000574,0.0282069481382978,0,OK,0,0,0,0,0,0,0,0,0,val
000575,0.3900618489583333,1,OK,0,0,4,1,0,0,0,0,4,train
000576,0.1828489538692396,0,OK,0,0,2,1,0,0,1,0,4,train
000577,0.0435601246750796,0,OK,0,0,0,1,0,0,0,0,1,train
000578,0.3081457009692778,0,OK,0,0,3,0,0,0,0,0,3,train
000579,0.0556836768617021,0,OK,0,0,1,1,0,0,0,0,4,train
000580,0.5870176871301398,1,OK,0,0,4,1,0,0,0,0,4,train
000581,0.2468145176488325,0,OK,0,0,3,1,0,0,0,1,4,train
000582,0.1374361702127659,0,OK,0,0,2,0,0,0,1,0,1,train
000583,0.1244365481668204,0,OK,0,0,2,1,0,0,1,0,1,train
000584,0.0111677447121834,0,OK,0,0,0,1,0,0,0,0,2,train
000585,0.0647994992558276,0,OK,0,0,1,0,0,0,1,0,3,train
000586,0.1222042507595486,0,OK,0,0,2,0,0,0,1,1,1,train
000587,0.32646484375,0,OK,0,0,3,1,0,0,0,0,3,train
000588,0.0488894614361702,0,OK,0,0,0,0,0,0,1,0,4,train
000589,0.8835212858544895,1,OK,0,0,4,0,0,0,0,1,2,train
000590,0.2456792514794408,0,OK,0,0,3,1,0,1,0,1,4,train
000591,0.0474701413927553,0,OK,0,0,0,1,0,0,0,0,1,train
000592,0.0420631819396696,0,OK,0,0,0,1,0,0,1,0,2,train
000593,0.5270182291666666,1,OK,0,0,4,0,1,0,0,1,0,val
000594,0.972052256266276,1,very_large_lesion,0,1,4,1,0,0,1,0,2,train
000595,0.2860782594068244,0,OK,0,0,3,1,0,0,0,0,4,train
000596,0.3516421669373032,0,OK,0,0,3,0,0,0,1,0,3,train
000597,0.2373123168945312,0,OK,0,0,3,0,0,0,0,0,0,val
000598,0.0183711768617021,0,OK,0,0,0,0,0,0,0,0,1,train
000599,0.3112467447916666,0,OK,0,0,3,1,0,0,0,0,4,train
000600,0.0127053024903572,0,OK,0,0,0,1,0,0,0,0,0,val
000601,0.0733985900878906,0,OK,0,0,1,1,0,0,0,1,4,train
000602,0.2231099164044415,0,OK,0,0,3,1,0,0,0,0,3,train
000603,0.0676023688796506,0,OK,0,0,1,1,0,0,0,0,4,train
000604,0.1973876306133599,0,OK,0,0,2,1,0,0,0,0,4,train
000605,0.1617596944173177,0,OK,0,0,2,0,0,0,0,0,4,train
000606,0.0772989365499286,0,OK,0,0,1,1,0,0,0,0,1,train
000607,0.0912072109988776,0,OK,0,0,1,0,0,0,1,0,2,train
000608,0.0751572473404255,0,OK,0,0,1,0,0,0,1,0,4,train
000609,0.0393149933510638,0,OK,0,0,0,0,0,0,1,0,4,train
000610,0.1696445323802806,0,OK,0,0,2,1,0,1,0,0,0,val
000611,0.4259725834065224,1,OK,0,0,4,1,0,0,0,0,3,train
000612,0.3653287525836545,0,OK,0,0,3,1,0,0,1,0,1,train
000613,0.58505954151562,0,OK,0,0,4,1,0,0,1,0,3,train
000614,0.1635627746582031,0,OK,0,0,2,0,1,0,0,0,1,train
000615,0.0249766597041377,0,OK,0,0,0,1,0,0,0,1,0,val
000616,0.0418826462765957,0,OK,0,0,0,1,0,0,0,0,1,train
000617,0.1865431467692057,0,OK,0,0,2,1,0,0,0,1,4,train
000618,0.3550598973618564,0,OK,0,0,3,1,0,0,1,0,2,train
000619,0.7870165506998698,1,OK,0,0,4,1,1,0,0,0,2,train
000620,0.0296159814952624,0,OK,0,0,0,1,0,0,0,0,2,train
000621,0.777265625,1,OK,0,0,4,0,0,0,0,0,2,train
000622,0.1674837239583333,0,OK,0,0,2,0,0,0,0,0,4,train
000623,0.142001505105929,0,OK,0,0,2,1,0,0,0,1,0,val
000624,0.3457687969038235,0,OK,0,0,3,1,0,0,1,0,2,train
000625,0.2124455769856771,0,OK,0,0,2,0,0,0,0,0,3,train
000626,0.0109933510638297,0,OK,0,0,0,1,0,0,0,0,0,val
000627,0.239541912443699,0,OK,0,0,3,1,0,0,0,0,0,val
000628,0.2277419585290493,0,OK,0,0,3,1,0,0,0,0,0,val
000629,0.885512457953559,1,OK,0,0,4,1,0,0,1,0,1,train
000630,0.1155373414798018,0,OK,0,0,1,1,0,0,0,0,1,train
000631,0.1744609375,0,OK,0,0,2,0,0,0,0,0,4,train
000632,0.3713785807291667,1,OK,0,0,3,0,0,0,1,0,1,train
000633,0.0218594868977864,0,OK,0,0,0,0,0,0,0,1,2,train
000634,0.0336097594902158,0,OK,0,0,0,0,0,0,1,0,1,train
000635,0.2762511312493761,1,OK,0,0,3,1,0,0,0,0,1,train
000636,0.027477892287234,0,OK,0,0,0,0,0,0,0,1,2,train
000637,0.196455078125,0,OK,0,0,2,1,0,0,0,0,3,train
000638,0.2778524206565487,0,OK,0,0,3,1,0,0,0,0,3,train
000639,0.1970074769484006,0,OK,0,0,2,0,0,0,1,0,1,train
000640,0.0205222739361702,0,OK,0,0,0,1,0,0,0,0,3,train
000641,0.0755483839246961,0,OK,0,0,1,0,0,0,0,1,0,val
000642,0.1890309651692708,0,OK,0,0,2,0,1,0,0,0,0,val
000643,0.0503218629524643,0,OK,0,0,1,1,0,0,1,1,1,train
000644,0.3573823244644055,0,OK,0,0,3,0,0,1,0,1,3,train
000645,0.3710009516835614,0,OK,0,0,3,1,0,0,0,0,2,train
000646,0.0655359338831018,0,OK,0,0,1,1,0,0,0,1,1,train
000647,0.0547654546788529,0,OK,0,0,1,1,0,0,1,1,3,train
000648,0.0993353525797526,0,OK,0,0,1,1,0,0,0,0,4,train
000649,0.1313720985695168,0,OK,0,0,2,0,1,0,0,1,0,val
000650,0.185653252254753,0,OK,0,0,2,1,0,0,0,1,0,val
000651,0.077768284574468,0,OK,0,0,1,0,0,0,0,0,0,val
000652,0.2870247395833333,0,OK,0,0,3,1,0,0,0,0,1,train
000653,0.1799257066514757,0,OK,0,0,2,1,0,0,0,0,4,train
000654,0.0607100837924701,0,OK,0,0,1,0,0,0,1,0,3,train
000655,0.3286256323280088,0,OK,0,0,3,1,1,0,1,0,4,train
000656,0.3132298787434895,0,OK,0,0,3,0,1,0,1,0,2,train
000657,0.0193392435709635,0,OK,0,0,0,1,0,0,0,0,3,train
000658,0.0912150630244502,0,OK,0,0,1,0,0,0,0,1,4,train
000659,0.3935903227425588,0,OK,0,0,4,1,0,0,0,0,4,train
000660,0.1812629699707031,0,OK,0,0,2,1,0,0,0,1,1,train
000661,0.0144728757022471,0,OK,0,0,0,0,0,0,0,0,0,val
000662,0.1429090146665219,0,OK,0,0,2,0,0,0,1,0,3,train
000663,0.0423626359948851,0,OK,0,0,0,1,0,0,1,0,0,val
000664,0.0428810119628906,0,OK,0,0,0,0,0,1,0,1,3,train
000665,0.0724034115961199,0,OK,0,0,1,1,0,0,0,0,0,val
000666,0.1585345798068576,0,OK,0,0,2,0,0,0,1,0,3,train
000667,0.0121752421061197,0,OK,0,0,0,0,0,1,0,0,4,train
000668,0.0151173537234042,0,OK,0,0,0,0,0,0,0,0,1,train
000669,0.0719321886005366,0,OK,0,0,1,0,0,0,0,0,1,train
000670,0.0952544984042999,0,OK,0,0,1,1,0,0,0,0,3,train
000671,0.2986106423509593,0,OK,0,0,3,1,1,0,1,1,1,train
000672,0.1945963541666666,0,OK,0,0,2,0,0,0,0,0,1,train
000673,0.0696806886733496,0,OK,0,0,1,1,0,0,1,1,2,train
000674,0.7227325439453125,0,OK,0,0,4,0,0,0,1,0,1,train
000675,0.0339711259800016,0,OK,0,0,0,1,0,0,0,0,4,train
000676,0.2658249635774777,0,OK,0,0,3,0,0,0,1,0,4,train
000677,0.4786165364583333,1,OK,0,0,4,1,0,0,0,0,0,val
000678,0.2088025410970052,0,OK,0,0,2,1,1,0,0,0,0,val
000679,0.0625839233398437,0,OK,0,0,1,1,0,0,1,1,3,train
000680,0.2164990136193791,0,OK,0,0,3,0,0,0,0,0,2,train
000681,0.1564774948280818,0,OK,0,0,2,1,0,0,0,0,0,val
000682,0.1016184275689669,0,OK,0,0,1,1,0,0,0,0,4,train
000683,0.1604264322916666,0,OK,0,0,2,1,0,0,0,0,2,train
000684,0.1806933085123697,0,OK,0,0,2,1,0,1,0,0,0,val
000685,0.6942049662272135,1,OK,0,0,4,1,0,0,0,1,2,train
000686,0.0387378253133909,0,OK,0,0,0,1,0,0,1,0,4,train
000687,0.6861398864036554,1,OK,0,0,4,1,0,0,0,0,2,train
000688,0.236761728922526,0,OK,0,0,3,0,0,0,0,0,3,train
000689,0.0762774149576823,0,OK,0,0,1,0,0,0,1,0,1,train
000690,0.0686365763346354,0,OK,0,0,1,0,0,0,0,1,2,train
000691,0.1452900912646675,0,OK,0,0,2,1,0,0,0,0,0,val
000692,0.0057945478723404,0,OK,0,0,0,0,0,0,1,0,4,train
000693,0.542547088689944,0,OK,0,0,4,1,0,0,0,0,3,train
000694,0.0708686835106383,0,OK,0,0,1,1,0,0,0,0,1,train
000695,0.0417806781139946,0,OK,0,0,0,1,0,0,0,0,0,val
000696,0.1216707582826967,0,OK,0,0,2,1,0,0,0,0,0,val
000697,0.0148399268617021,0,OK,0,0,0,1,0,0,0,0,2,train
000698,0.0561494777691598,0,OK,0,0,1,1,1,0,0,0,0,val
000699,0.1297966693044608,0,OK,0,0,2,1,0,0,1,0,2,train
000700,0.3946517619680851,0,OK,0,0,4,0,0,0,1,0,0,val
000701,0.2566139786331742,0,OK,0,0,3,1,1,0,0,0,3,train
000702,0.3342908223470052,0,OK,0,0,3,0,0,0,1,0,3,train
000703,0.1943829854329427,0,OK,0,0,2,1,0,0,0,0,4,train
000704,0.609717051188151,1,OK,0,0,4,1,0,0,0,0,0,val
000705,0.3894256279609676,0,OK,0,0,4,1,0,0,1,0,2,train
000706,0.116044921875,0,OK,0,0,2,0,0,0,0,1,2,train
000707,0.5845049437814883,0,OK,0,0,4,1,0,0,1,0,3,train
000708,0.0071449721197383,0,OK,0,0,0,1,0,0,0,0,4,train
000709,0.0284020165353025,0,OK,0,0,0,1,0,0,0,0,3,train
000710,0.0803584551104392,0,OK,0,0,1,1,0,0,0,0,3,train
000711,0.1266360734873992,0,OK,0,0,2,0,0,0,0,0,4,train
000712,0.566934073170936,0,OK,0,0,4,1,0,0,1,0,0,val
000713,0.6324762333664411,0,OK,0,0,4,1,0,0,1,1,3,train
000714,0.1189998643981636,0,OK,0,0,2,0,0,0,0,0,1,train
000715,0.1027278645833333,0,OK,0,0,1,1,0,0,0,0,0,val
000716,0.5772181743436622,1,OK,0,0,4,0,0,0,0,0,3,train
000717,0.0386876578282828,0,OK,0,0,0,1,0,0,1,0,1,train
000718,0.0355924479166666,0,OK,0,0,0,1,0,0,0,0,1,train
000719,0.7340944002665071,1,OK,0,0,4,1,0,0,0,1,1,train
000720,0.0397403973488292,0,OK,0,0,0,1,0,0,0,0,1,train
000721,0.8482803663532824,0,OK,0,0,4,1,1,0,0,0,3,train
000722,0.0761859087935452,0,OK,0,0,1,1,0,0,0,0,4,train
000723,0.2234692043728298,0,OK,0,0,3,1,0,0,0,0,2,train
000724,0.543017578125,1,OK,0,0,4,1,0,0,0,1,4,train
000725,0.2716081838143915,0,OK,0,0,3,0,0,0,0,0,1,train
000726,0.6074409484863281,1,OK,0,0,4,0,0,0,0,1,3,train
000727,0.3760315349921049,1,OK,0,0,3,0,0,0,0,1,3,train
000728,0.4014878043507882,0,OK,0,0,4,1,0,0,1,0,4,train
000729,0.1687100646617692,0,OK,0,0,2,0,0,0,0,0,2,train
000730,0.0430006804289641,0,OK,0,0,0,0,0,0,0,0,4,train
000731,0.0297384817048884,0,OK,0,0,0,0,0,0,0,0,4,train
000732,0.5100511420387087,0,OK,0,0,4,1,0,0,0,1,3,train
000733,0.2503360561348167,0,OK,0,0,3,1,0,0,0,1,0,val
000734,0.0337647753595086,0,OK,0,0,0,0,0,0,1,0,1,train
000735,0.1086100260416666,0,OK,0,0,1,1,0,0,0,0,1,train
000736,0.3547986348470052,0,OK,0,0,3,1,0,0,0,0,2,train
000737,0.065644864682798,0,OK,0,0,1,1,0,0,0,1,2,train
000738,0.4973262913894804,0,OK,0,0,4,1,0,0,0,0,2,train
000739,0.1609903971354166,0,OK,0,0,2,0,1,0,0,0,4,train
000740,0.047890785494927,0,OK,0,0,0,0,0,0,0,1,1,train
000741,0.3939892450968424,0,OK,0,0,4,1,0,1,0,1,0,val
000742,0.4476699829101562,0,OK,0,0,4,1,0,0,0,0,0,val
000743,0.9566663106282552,1,very_large_lesion,0,1,4,1,0,0,0,0,4,train
000744,0.3103692270615053,0,OK,0,0,3,1,0,0,1,1,0,val
000745,0.2235959370930989,0,OK,0,0,3,0,0,0,0,1,3,train
000746,0.4175626966688368,0,OK,0,0,4,0,0,0,0,0,4,train
000747,0.0905010082103588,0,OK,0,0,1,0,0,0,1,0,0,val
000748,0.0585628324468085,0,OK,0,0,1,0,0,0,1,0,4,train
000749,0.0070181183510638,0,OK,0,0,0,0,0,0,0,0,4,train
000750,0.1551513796423834,0,OK,0,0,2,1,0,0,0,0,3,train
000751,0.0246331688093051,0,OK,0,0,0,0,0,0,1,0,1,train
000752,0.2188615362778646,0,OK,0,0,3,1,0,0,0,0,3,train
000753,0.6725552876790365,1,OK,0,0,4,1,0,0,1,0,2,train
000754,0.8342119852701823,0,OK,0,0,4,1,0,0,1,1,1,train
000755,0.1871192530100212,0,OK,0,0,2,0,0,0,0,0,3,train
000756,0.0465407034727471,0,OK,0,0,0,0,0,0,0,0,3,train
000757,0.8445332845052084,1,OK,0,0,4,1,0,0,0,0,1,train
000758,0.0464049202127659,0,OK,0,0,0,1,0,0,0,0,0,val
000759,0.4837280252966208,0,OK,0,0,4,0,0,0,1,0,4,train
000760,0.4135576883951823,0,OK,0,0,4,0,1,0,1,1,4,train
000761,0.0583751166044776,0,OK,0,0,1,0,0,0,0,0,1,train
000762,0.0361203457446808,0,OK,0,0,0,1,1,0,0,0,4,train
000763,0.0128405862603305,0,OK,0,0,0,0,0,0,0,0,0,val
000764,0.1040299479166666,0,OK,0,0,1,1,0,0,0,1,0,val
000765,0.1162401835123698,0,OK,0,0,2,1,1,0,0,0,3,train
000766,0.2144412287959346,0,OK,0,0,2,1,0,0,1,0,0,val
000767,0.0434643190298507,0,OK,0,0,0,0,0,0,1,0,3,train
000768,0.2783484936564415,0,OK,0,0,3,1,0,0,0,0,3,train
000769,0.0643239315481661,0,OK,0,0,1,1,0,0,0,0,0,val
000770,0.1391884132667824,0,OK,0,0,2,1,0,0,0,0,0,val
000771,0.2722532623826723,0,OK,0,0,3,0,0,1,0,1,4,train
000772,0.1383835251488853,0,OK,0,0,2,1,0,0,0,0,1,train
000773,0.1405614217122396,0,OK,0,0,2,1,0,0,1,1,2,train
000774,0.0749182949805047,0,OK,0,0,1,0,0,0,0,0,0,val
000775,0.8717880369958998,1,OK,0,0,4,1,1,0,0,1,3,train
000776,0.1895865885416666,0,OK,0,0,2,0,0,1,0,1,0,val
000777,0.0530799534574468,0,OK,0,0,1,0,0,0,0,0,0,val
000778,0.1955013020833333,0,OK,0,0,2,1,0,0,0,0,1,train
000779,0.6176066656615721,0,OK,0,0,4,1,1,0,0,1,1,train
000780,0.4961213005913628,1,OK,0,0,4,1,0,0,0,1,0,val
000781,0.1068751574703955,0,OK,0,0,1,0,0,0,0,0,2,train
000782,0.4290867169882658,0,OK,0,0,4,1,0,0,0,0,3,train
000783,0.3643431368438705,0,OK,0,0,3,1,0,0,1,0,2,train
000784,0.1420831778923426,0,OK,0,0,2,0,0,0,0,1,1,train
000785,0.169080323436384,0,OK,0,0,2,0,0,0,0,0,3,train
000786,0.0544057513297872,0,OK,0,0,1,1,0,0,1,0,4,train
000787,0.0356903154014896,0,OK,0,0,0,0,0,0,1,0,4,train
000788,0.1029818974823914,0,OK,0,0,1,1,0,0,1,0,3,train
000789,0.1711371343085106,0,OK,0,0,2,1,0,0,1,0,2,train
000790,0.7279423504727688,1,OK,0,0,4,1,0,0,0,0,0,val
000791,0.2255305989583333,0,OK,0,0,3,1,0,0,0,0,0,val
000792,0.4772436353895399,0,OK,0,0,4,1,0,0,0,0,2,train
000793,0.4020601908365885,0,OK,0,0,4,1,0,0,0,0,3,train
000794,0.2992960611979167,0,OK,0,0,3,1,0,0,0,0,3,train
000795,0.3160383401008492,0,OK,0,0,3,1,0,0,0,1,4,train
000796,0.4914942904557148,0,OK,0,0,4,1,0,1,0,0,1,train
000797,0.041938829787234,0,OK,0,0,0,1,0,0,0,0,4,train
000798,0.2064666748046875,0,OK,0,0,2,0,0,0,0,1,0,val
000799,0.1037538158272987,0,OK,0,0,1,1,0,0,1,0,1,train
000800,0.2350721006040219,0,OK,0,0,3,1,0,0,0,0,0,val
000801,0.2725505198725473,0,OK,0,0,3,0,0,0,1,0,0,val
000802,0.3454513549804687,0,OK,0,0,3,1,0,0,0,1,4,train
000803,0.0876007080078125,0,OK,0,0,1,1,0,0,1,1,4,train
000804,0.2946763215241609,0,OK,0,0,3,0,0,0,0,0,2,train
000805,0.079833984375,0,OK,0,0,1,1,0,0,0,0,2,train
000806,0.1038134413518782,0,OK,0,0,1,0,0,0,0,0,4,train
000807,0.0819830452127659,0,OK,0,0,1,0,0,0,0,0,0,val
000808,0.3946449913081269,0,OK,0,0,4,1,0,0,0,0,2,train
000809,0.7991569010416667,1,OK,0,0,4,1,0,0,0,0,3,train
000810,0.3334588023977798,0,OK,0,0,3,1,0,0,0,0,1,train
000811,0.3860350267192123,0,OK,0,0,3,0,0,0,1,0,0,val
000812,0.2362187703450521,0,OK,0,0,3,1,0,0,1,0,0,val
000813,0.2055463610931993,0,OK,0,0,2,1,0,0,0,0,3,train
000814,0.0269328457446808,0,OK,0,0,0,1,0,0,0,0,3,train
000815,0.1048870793095341,0,OK,0,0,1,1,0,0,1,0,2,train
000816,0.091418713166184,0,OK,0,0,1,1,0,0,0,0,4,train
000817,0.2654645001446759,0,OK,0,0,3,1,0,0,0,0,2,train
000818,0.0318174867021276,0,OK,0,0,0,1,0,0,1,0,3,train
000819,0.655867789231668,0,OK,0,0,4,1,0,0,0,1,4,train
000820,0.0077524933510638,0,OK,0,0,0,0,0,0,0,0,4,train
000821,0.0467907401632986,0,OK,0,0,0,0,0,0,0,0,2,train
000822,0.5533881895105818,0,OK,0,0,4,1,0,0,0,1,4,train
000823,0.0428589419912376,0,OK,0,0,0,0,0,0,0,0,4,train
000824,0.0289744015957446,0,OK,0,0,0,1,0,0,0,0,0,val
000825,0.0351742021276595,0,OK,0,0,0,0,0,0,0,1,0,val
000826,0.0541108710106383,0,OK,0,0,1,1,0,0,1,0,4,train
000827,0.1706174467889747,0,OK,0,0,2,1,0,0,0,0,0,val
000828,0.0918745514244751,0,OK,0,0,1,0,0,0,0,1,4,train
000829,0.5660046190511894,0,OK,0,0,4,0,0,0,0,0,0,val
000830,0.343955788812998,0,OK,0,0,3,1,0,1,0,1,4,train
000831,0.2434339170102719,0,OK,0,0,3,1,0,0,0,0,0,val
000832,0.0145890707540248,0,OK,0,0,0,1,0,0,0,0,2,train
000833,0.1511881510416666,0,OK,0,0,2,1,0,0,0,0,0,val
000834,0.086854222074468,0,OK,0,0,1,0,0,0,0,0,2,train
000835,0.5440467031499869,0,OK,0,0,4,0,0,1,0,0,0,val
000836,0.3697283571958317,0,OK,0,0,3,1,0,0,1,1,4,train
000837,0.0409185765483113,0,OK,0,0,0,1,0,0,0,0,0,val
000838,0.0573123337765957,0,OK,0,0,1,0,0,0,0,0,3,train
000839,0.1749892874789593,0,OK,0,0,2,1,0,0,0,1,2,train
000840,0.0110262471438453,0,OK,0,0,0,1,0,0,0,0,3,train
000841,0.0527458190917968,0,OK,0,0,1,0,0,0,0,0,2,train
000842,0.0839622660049471,0,OK,0,0,1,1,0,0,0,0,2,train
000843,0.0100298684334646,0,OK,0,0,0,0,0,0,0,1,3,train
000844,0.5929692586263021,0,OK,0,0,4,1,0,0,0,0,2,train
000845,0.0430601338462183,0,OK,0,0,0,1,0,0,0,1,0,val
000846,0.1956596441729838,0,OK,0,0,2,0,0,0,0,0,4,train
000847,0.0336361337623679,0,OK,0,0,0,1,0,0,0,0,4,train
000848,0.0529925028483072,0,OK,0,0,1,1,0,0,0,0,0,val
000849,0.2805296561871122,0,OK,0,0,3,0,0,0,1,0,3,train
000850,0.8430760701497396,1,OK,0,0,4,1,0,0,1,0,0,val
000851,0.1894176687227486,0,OK,0,0,2,1,0,0,0,0,4,train
000852,0.0937723083060384,0,OK,0,0,1,0,0,0,0,0,3,train
000853,0.1860772443211883,0,OK,0,0,2,1,1,0,0,0,1,train
000854,0.0341584453997648,0,OK,0,0,0,0,0,0,0,1,4,train
000855,0.2657051086425781,0,OK,0,0,3,1,0,0,0,0,3,train
000856,0.2177076837110095,0,OK,0,0,3,1,0,0,0,0,1,train
000857,0.0232468417553191,0,OK,0,0,0,1,0,0,0,0,4,train
000858,0.142580784574468,0,OK,0,0,2,1,0,0,0,0,2,train
000859,0.5335939119537154,0,OK,0,0,4,0,0,0,0,0,1,train
000860,0.1330299377441406,0,OK,0,0,2,0,0,0,0,0,4,train
000861,0.2548152400266882,0,OK,0,0,3,1,0,0,1,0,2,train
000862,0.0608380635579427,0,OK,0,0,1,1,0,0,1,0,3,train
000863,0.0987051504629629,0,OK,0,0,1,1,0,0,0,0,4,train
000864,0.0311686880293057,0,OK,0,0,0,0,0,0,1,0,1,train
000865,0.3311257538972078,1,OK,0,0,3,1,1,0,0,0,3,train
000866,0.0170131316489361,0,OK,0,0,0,0,0,0,0,0,0,val
000867,0.0865503946940104,0,OK,0,0,1,1,0,0,1,0,0,val
000868,0.629746823656003,0,OK,0,0,4,0,0,0,0,0,4,train
000869,0.9324706290756,1,OK,0,0,4,1,1,0,0,0,4,train
000870,0.2034536465477823,0,OK,0,0,2,1,0,0,0,0,3,train
000871,0.048357363100405,0,OK,0,0,0,0,0,0,1,1,3,train
000872,0.6506334940592448,1,OK,0,0,4,1,1,0,0,0,1,train
000873,0.0159549534574468,0,OK,0,0,0,1,0,0,0,0,4,train
000874,0.0224480610145292,0,OK,0,0,0,0,0,0,0,1,2,train
000875,0.5474153645833333,1,OK,0,0,4,0,1,0,0,1,3,train
000876,0.0382027057479456,0,OK,0,0,0,1,0,0,0,0,3,train
000877,0.1732898288302951,0,OK,0,0,2,1,0,0,0,0,2,train
000878,0.4890738333708709,0,OK,0,0,4,1,0,0,1,1,1,train
000879,0.1322912993254485,0,OK,0,0,2,0,0,0,1,0,2,train
000880,0.011673204787234,0,OK,0,0,0,0,0,0,0,0,4,train
000881,0.0420506981382978,0,OK,0,0,0,1,0,0,1,0,1,train
000882,0.2870925864361702,0,OK,0,0,3,1,1,0,1,0,0,val
000883,0.2392185260868178,0,OK,0,0,3,0,0,0,0,1,0,val
000884,0.2738411458333333,0,OK,0,0,3,1,0,0,0,0,0,val
000885,0.3525208367241753,0,OK,0,0,3,0,0,0,1,0,4,train
000886,0.1757799784342447,0,OK,0,0,2,1,0,0,1,1,2,train
000887,0.0689359862832874,0,OK,0,0,1,1,0,0,1,0,3,train
000888,0.01765625,0,OK,0,0,0,1,0,0,0,0,1,train
000889,0.1677360372340425,0,OK,0,0,2,1,1,0,0,0,3,train
000890,0.2550905015733506,0,OK,0,0,3,0,0,0,1,0,0,val
000891,0.106573135245472,0,OK,0,0,1,0,0,0,1,0,3,train
000892,0.2325030783717224,0,OK,0,0,3,1,0,0,0,1,3,train
000893,0.1354042335792824,0,OK,0,0,2,1,0,0,0,1,0,val
000894,0.0637553814931661,0,OK,0,0,1,0,0,0,1,0,1,train
000895,0.6855130032430646,1,OK,0,0,4,0,0,0,0,0,4,train
000896,0.2574257250815069,0,OK,0,0,3,1,0,0,0,1,4,train
000897,0.0785010985713986,0,OK,0,0,1,0,0,0,1,0,3,train
000898,0.1310210569555821,0,OK,0,0,2,1,0,0,0,1,1,train
000899,0.7130338469232093,0,OK,0,0,4,0,0,0,1,0,1,train
000900,0.2271351284450954,0,OK,0,0,3,1,0,0,0,0,3,train
000901,0.2329011529934684,0,OK,0,0,3,0,0,0,0,0,0,val
000902,0.2820538793509601,0,OK,0,0,3,1,0,0,0,0,3,train
000903,0.2920156408239294,0,OK,0,0,3,0,0,0,1,0,1,train
000904,0.500726064046224,0,OK,0,0,4,1,0,0,1,0,2,train
000905,0.7382788121489494,0,OK,0,0,4,1,0,0,0,0,2,train
000906,0.6540117617006656,0,OK,0,0,4,1,0,0,0,1,1,train
000907,0.0678050943055089,0,OK,0,0,1,1,0,0,0,0,3,train
000908,0.4908680386013455,0,OK,0,0,4,0,0,0,0,0,2,train
000909,0.2197261141665138,0,OK,0,0,3,1,0,0,0,0,3,train
000910,0.3811791873488673,0,OK,0,0,3,1,0,0,0,0,3,train
000911,0.0850522076642071,0,OK,0,0,1,0,0,0,0,1,0,val
000912,0.0779745678191489,0,OK,0,0,1,1,0,0,0,0,4,train
000913,0.2201309204101562,0,OK,0,0,3,0,0,1,0,1,3,train
000914,0.9819183349609376,1,very_large_lesion,0,1,4,0,1,0,1,1,1,train
000915,0.2402017591561119,0,OK,0,0,3,0,0,0,0,0,4,train
000916,0.1613151041666666,0,OK,0,0,2,1,0,0,0,0,3,train
000917,0.2237930297851562,0,OK,0,0,3,1,0,0,0,1,1,train
000918,0.4330206546934775,0,OK,0,0,4,1,0,0,0,0,3,train
000919,0.0276884046673234,0,OK,0,0,0,1,0,0,0,0,3,train
000920,0.4191220601399739,0,OK,0,0,4,1,0,0,1,0,4,train
000921,0.3188425699869792,0,OK,0,0,3,1,0,0,0,1,3,train
000922,0.4363716755319149,0,OK,0,0,4,0,0,0,1,0,0,val
000923,0.5180390675862631,0,OK,0,0,4,1,0,0,0,0,1,train
000924,0.6193638651391276,1,OK,0,0,4,0,0,0,0,1,0,val
000925,0.1522721354166666,0,OK,0,0,2,0,0,0,0,0,0,val
000926,0.548590050009671,0,OK,0,0,4,1,1,0,0,0,1,train
000927,0.1951809223060509,0,OK,0,0,2,1,0,0,1,0,0,val
000928,0.4780631510416667,0,OK,0,0,4,1,0,0,0,0,3,train
000929,0.5693880208333333,1,OK,0,0,4,0,0,0,0,0,1,train
000930,0.0175213785793644,0,OK,0,0,0,1,0,0,0,0,3,train
000931,0.2584596825876553,0,OK,0,0,3,1,0,0,0,1,3,train
000932,0.074198246042244,0,OK,0,0,1,0,0,0,1,0,0,val
000933,0.1858457642402894,0,OK,0,0,2,1,0,1,0,0,4,train
000934,0.1421451822916666,0,OK,0,0,2,1,0,0,0,0,3,train
000935,0.441663106282552,0,OK,0,0,4,1,0,0,1,0,0,val
000936,0.0457547505696614,0,OK,0,0,0,0,0,0,0,0,1,train
000937,0.5317761994139649,1,OK,0,0,4,1,0,0,0,0,2,train
000938,0.8553240342457828,0,OK,0,0,4,0,0,0,1,0,0,val
000939,0.0631090799967448,0,OK,0,0,1,0,0,0,0,1,3,train
000940,0.1827962239583333,0,OK,0,0,2,1,0,0,0,0,2,train
000941,0.325546875,0,OK,0,0,3,0,0,0,0,1,0,val
000942,0.1329077460106383,0,OK,0,0,2,0,0,0,0,0,4,train
000943,0.1762498884584698,0,OK,0,0,2,1,0,0,1,1,0,val
000944,0.335272471110026,0,OK,0,0,3,0,0,0,0,0,1,train
000945,0.2660625680675985,0,OK,0,0,3,1,1,0,0,1,4,train
000946,0.2820894444120819,0,OK,0,0,3,1,0,0,0,0,2,train
000947,0.6757177737532656,0,OK,0,0,4,1,0,0,0,0,3,train
000948,0.1892751987402389,0,OK,0,0,2,1,0,0,1,0,1,train
000949,0.077667095043041,0,OK,0,0,1,0,0,0,0,1,2,train
000950,0.0295747827600549,0,OK,0,0,0,1,0,0,0,0,0,val
000951,0.2548942565917969,0,OK,0,0,3,1,0,0,0,0,4,train
000952,0.0413877111982223,0,OK,0,0,0,1,0,0,0,0,4,train
000953,0.1235338846842448,0,OK,0,0,2,1,0,0,0,0,0,val
000954,0.5882239124288058,1,OK,0,0,4,1,1,0,0,0,4,train
000955,0.1537804954708359,0,OK,0,0,2,1,0,0,0,0,4,train
000956,0.207711890074144,0,OK,0,0,2,1,0,0,0,0,2,train
000957,0.0398318111426714,0,OK,0,0,0,0,0,0,0,0,0,val
000958,0.5105678733948175,0,OK,0,0,4,1,0,0,0,0,1,train
000959,0.1718105917000875,0,OK,0,0,2,0,0,0,0,1,0,val
000960,0.371723258967129,0,OK,0,0,3,1,1,0,0,0,3,train
000961,0.0505880828913717,0,OK,0,0,1,0,0,0,1,0,4,train
000962,0.1316499335106383,0,OK,0,0,2,0,0,0,1,0,2,train
000963,0.0944358157012039,0,OK,0,0,1,1,0,0,0,0,2,train
000964,0.1164976060881538,0,OK,0,0,2,1,0,0,0,1,1,train
000965,0.5309479256194449,0,OK,0,0,4,0,0,0,0,0,1,train
000966,0.7910029093424479,1,OK,0,0,4,0,0,0,0,0,3,train
000967,0.47966796875,0,OK,0,0,4,1,0,0,0,0,2,train
000968,0.2441584269205729,0,OK,0,0,3,1,0,0,1,0,1,train
000969,0.2068188985188802,0,OK,0,0,2,1,0,0,0,0,3,train
000970,0.1417730300394097,0,OK,0,0,2,1,0,0,1,0,2,train
000971,0.0522613525390625,0,OK,0,0,1,1,0,0,0,0,0,val
000972,0.064276377360026,0,OK,0,0,1,1,0,0,0,0,0,val
000973,0.2967185974121094,0,OK,0,0,3,0,0,0,1,0,3,train
000974,0.0341815159574468,0,OK,0,0,0,0,0,0,0,0,2,train
000975,0.119140625,0,OK,0,0,2,0,0,0,1,1,3,train
000976,0.3226561452888353,1,OK,0,0,3,0,0,0,0,0,2,train
000977,0.1793085734049479,0,OK,0,0,2,0,1,0,1,1,1,train
000978,0.5357805887858073,0,OK,0,0,4,1,0,0,0,0,4,train
000979,0.100046875,0,OK,0,0,1,1,0,0,0,0,4,train
000980,0.1934049479166666,0,OK,0,0,2,1,0,0,0,0,2,train
000981,0.3189206159336743,0,OK,0,0,3,0,0,0,1,0,1,train
000982,0.1638173796556357,0,OK,0,0,2,1,0,0,1,0,0,val
000983,0.1146434916359215,0,OK,0,0,1,0,0,0,1,0,4,train
000984,0.1289095052083333,0,OK,0,0,2,0,1,0,0,0,0,val
000985,0.7181417677137587,1,OK,0,0,4,0,1,0,1,0,0,val
000986,0.6396126302083334,1,OK,0,0,4,1,0,0,0,0,4,train
000987,0.1785384114583333,0,OK,0,0,2,1,0,0,0,0,3,train
000988,0.1071815490722656,0,OK,0,0,1,1,0,0,0,0,2,train
000989,0.0604543447614455,0,OK,0,0,1,0,0,0,0,0,0,val
000990,0.3285529375690263,0,OK,0,0,3,1,0,0,0,0,4,train
000991,0.3930066426595052,0,OK,0,0,4,1,0,0,0,0,2,train
000992,0.0268572702236709,0,OK,0,0,0,1,0,0,0,0,0,val
000993,0.185876069245515,0,OK,0,0,2,0,0,0,0,1,0,val
000994,0.0505596742021276,0,OK,0,0,1,0,0,0,1,0,3,train
000995,0.1420106887817382,0,OK,0,0,2,1,1,0,0,0,1,train
000996,0.0817209879557291,0,OK,0,0,1,1,0,0,1,1,1,train
000997,0.3780987433000145,0,OK,0,0,3,1,0,0,0,1,0,val
000998,0.548945556448609,1,OK,0,0,4,0,0,0,0,0,2,train
000999,0.0215647862338587,0,OK,0,0,0,1,0,0,0,0,2,train
001000,0.1075679458728701,0,OK,0,0,1,0,0,0,1,1,3,train
001001,0.1265335083007812,0,OK,0,0,2,0,0,0,0,0,1,train
001002,0.0638194156936525,0,OK,0,0,1,0,1,0,0,0,0,val
001003,0.050129224143361,0,OK,0,0,1,0,0,0,1,0,3,train
001004,0.162078857421875,0,OK,0,0,2,1,0,0,0,1,0,val
001005,0.299607347246682,0,OK,0,0,3,1,0,0,1,0,2,train
001006,0.0111007885037241,0,OK,0,0,0,0,0,0,1,0,3,train
001007,0.2049838878490306,0,OK,0,0,2,1,0,0,0,0,2,train
001008,0.524590050609831,1,OK,0,0,4,1,0,0,1,0,1,train
001009,0.0589205423990885,0,OK,0,0,1,1,0,0,0,1,2,train
001010,0.6059544881184896,1,OK,0,0,4,0,0,0,0,0,0,val
001011,0.0415898037900385,0,OK,0,0,0,1,0,0,0,0,2,train
001012,0.7719841003417969,1,OK,0,0,4,0,0,0,1,1,3,train
001013,0.1875445048014322,0,OK,0,0,2,1,0,0,0,0,3,train
001014,0.0348791899504484,0,OK,0,0,0,1,0,0,0,0,0,val
001015,0.2798695034450955,0,OK,0,0,3,1,0,0,0,0,2,train
001016,0.3989554521276596,0,OK,0,0,4,1,0,0,1,0,4,train
001017,0.0650325351291232,0,OK,0,0,1,1,0,0,0,0,3,train
001018,0.1617321414906642,0,OK,0,0,2,0,0,0,1,0,0,val
001019,0.0177420212765957,0,OK,0,0,0,1,0,0,0,0,3,train
001020,0.3597793579101562,0,OK,0,0,3,1,0,0,0,0,4,train
001021,0.0383153797375482,0,OK,0,0,0,1,0,0,0,0,4,train
001022,0.0720753238722119,0,OK,0,0,1,0,0,0,0,0,0,val
001023,0.3058357238769531,1,OK,0,0,3,1,0,0,1,0,2,train
001024,0.1283185601574291,0,OK,0,0,2,1,0,0,0,0,2,train
001025,0.175231563820554,0,OK,0,0,2,1,0,0,0,0,2,train
001026,0.3496807788655039,0,OK,0,0,3,1,0,0,0,0,2,train
001027,0.4202016615013774,0,OK,0,0,4,1,0,0,0,0,1,train
001028,0.0969004499098608,0,OK,0,0,1,0,0,0,1,1,2,train
001029,0.4397732770001447,1,OK,0,0,4,1,0,0,0,0,1,train
001030,0.0178359375,0,OK,0,0,0,1,0,0,0,0,2,train
001031,0.2225138346354166,0,OK,0,0,3,1,0,0,0,1,2,train
001032,0.5575297320330584,1,OK,0,0,4,1,0,0,0,0,4,train
001033,0.1401383456468202,0,OK,0,0,2,0,0,0,0,0,1,train
001034,0.0856639720775463,0,OK,0,0,1,0,0,0,0,0,2,train
001035,0.4578049199258004,0,OK,0,0,4,1,0,0,0,1,2,train
001036,0.3737083433779138,0,OK,0,0,3,0,0,0,0,0,0,val
001037,0.102081157543041,0,OK,0,0,1,1,0,0,0,1,0,val
001038,0.1343056007667824,0,OK,0,0,2,0,0,0,0,0,4,train
001039,0.07693359375,0,OK,0,0,1,1,0,0,0,1,0,val
001040,0.2231076558430989,1,OK,0,0,3,1,0,0,0,0,4,train
001041,0.2768434723934196,0,OK,0,0,3,0,0,0,0,1,1,train
001042,0.4951473970625817,0,OK,0,0,4,1,0,0,0,0,4,train
001043,0.138748615876748,0,OK,0,0,2,1,0,0,1,0,0,val
001044,0.1417045593261718,0,OK,0,0,2,1,0,0,0,0,2,train
001045,0.326120013003411,0,OK,0,0,3,1,0,1,0,1,4,train
001046,0.43369140625,1,OK,0,0,4,1,1,0,0,0,1,train
001047,0.0502607775363231,0,OK,0,0,1,0,0,0,0,0,1,train
001048,0.1059239705403645,0,OK,0,0,1,0,0,0,0,0,1,train
001049,0.00585102271298,0,OK,0,0,0,0,0,0,0,0,3,train
001050,0.334912618001302,0,OK,0,0,3,0,0,0,0,0,4,train
001051,0.199804941813151,0,OK,0,0,2,1,0,0,0,1,1,train
001052,0.1834138809667886,0,OK,0,0,2,1,0,0,0,1,0,val
001053,0.1862469112915059,0,OK,0,0,2,1,1,0,1,0,4,train
001054,0.550970713297526,1,OK,0,0,4,1,0,0,0,0,2,train
001055,0.0827470082435435,0,OK,0,0,1,0,0,0,0,0,4,train
001056,0.1878023944221451,0,OK,0,0,2,1,0,0,1,1,0,val
001057,0.01133929413676,0,OK,0,0,0,1,0,0,0,0,0,val
001058,0.0344874064127604,0,OK,0,0,0,0,0,0,0,0,0,val
001059,0.0354114041799429,0,OK,0,0,0,1,0,0,1,0,0,val
001060,0.0238736702127659,0,OK,0,0,0,1,0,0,0,0,2,train
001061,0.1258229856137876,0,OK,0,0,2,1,0,0,0,0,1,train
001062,0.6522712053594228,1,OK,0,0,4,0,1,0,1,1,1,train
001063,0.2539828835535118,0,OK,0,0,3,1,0,0,0,1,4,train
001064,0.0280245432772933,0,OK,0,0,0,1,0,0,0,0,2,train
001065,0.1574887588042931,0,OK,0,0,2,0,0,0,0,0,4,train
001066,0.0464322039842873,0,OK,0,0,0,0,0,0,1,0,2,train
001067,0.5679804484049479,0,OK,0,0,4,1,0,0,0,0,2,train
001068,0.4329772365786936,0,OK,0,0,4,0,0,0,1,0,0,val
001069,0.0736866688829787,0,OK,0,0,1,0,0,0,1,0,3,train
001070,0.028299534574468,0,OK,0,0,0,1,0,0,0,1,3,train
001071,0.0646188605777293,0,OK,0,0,1,0,0,0,1,0,3,train
001072,0.1692175864361702,0,OK,0,0,2,0,0,0,0,0,4,train
001073,0.2588062286376953,0,OK,0,0,3,1,0,0,0,0,1,train
001074,0.156515440321769,0,OK,0,0,2,1,0,0,0,0,2,train
001075,0.5064349942788057,1,OK,0,0,4,1,0,0,0,0,3,train
001076,0.0898675918579101,0,OK,0,0,1,1,0,0,0,0,1,train
001077,0.0990837789192429,0,OK,0,0,1,0,0,0,1,0,4,train
001078,0.0508650265957446,0,OK,0,0,1,0,0,0,0,0,1,train
001079,0.0631129863210716,0,OK,0,0,1,1,0,0,0,0,4,train
001080,0.0691152369656157,0,OK,0,0,1,0,0,0,1,0,3,train
001081,0.020114192256221,0,OK,0,0,0,0,0,1,0,0,4,train
001082,0.1204282692489099,0,OK,0,0,2,1,0,0,1,0,2,train
001083,0.0307069481382978,0,OK,0,0,0,0,0,0,0,1,0,val
001084,0.0387456862894096,0,OK,0,0,0,0,0,0,0,1,2,train
001085,0.0533186256655626,0,OK,0,0,1,1,0,0,1,0,0,val
001086,0.3280028425033159,1,OK,0,0,3,0,0,0,1,0,4,train
001087,0.1808861932480066,0,OK,0,0,2,1,0,0,1,0,0,val
001088,0.374403660181359,0,OK,0,0,3,1,0,0,0,0,2,train
001089,0.3483235677083333,0,OK,0,0,3,1,0,0,0,0,0,val
001090,0.1017392476399739,0,OK,0,0,1,0,1,0,0,0,0,val
001091,0.2236263020833333,0,OK,0,0,3,1,0,0,0,0,2,train
001092,0.0088905182217424,0,OK,0,0,0,0,0,0,0,0,4,train
001093,0.6078369713549637,0,OK,0,0,4,1,0,0,0,1,2,train
001094,0.4505554481788917,0,OK,0,0,4,0,0,1,0,0,2,train
001095,0.8332665761311849,0,OK,0,0,4,1,0,0,0,0,0,val
001096,0.0498471859016015,0,OK,0,0,0,0,0,0,0,1,3,train
001097,0.1530678360550492,0,OK,0,0,2,1,0,0,0,0,2,train
001098,0.0574394591941715,0,OK,0,0,1,0,0,0,1,0,1,train
001099,0.35379251993838,0,OK,0,0,3,1,1,1,0,0,3,train
001100,0.0407305518617021,0,OK,0,0,0,1,0,0,0,0,0,val
001101,0.0335820076670719,0,OK,0,0,0,0,0,0,1,0,2,train
001102,0.1748553874739848,0,OK,0,0,2,0,0,0,0,1,0,val
001103,0.4360759876392506,0,OK,0,0,4,1,0,0,0,0,4,train
001104,0.112716815544818,0,OK,0,0,1,1,1,0,0,0,4,train
001105,0.910943349202474,1,OK,0,0,4,1,0,0,0,0,3,train
001106,0.4684523129096174,0,OK,0,0,4,0,0,0,0,0,1,train
001107,0.2056154554649505,0,OK,0,0,2,1,0,0,1,0,1,train
001108,0.1473553975423177,0,OK,0,0,2,0,0,0,0,0,2,train
001109,0.0989990234375,0,OK,0,0,1,1,1,0,1,0,1,train
001110,0.0648623870639778,0,OK,0,0,1,0,0,0,0,0,0,val
001111,0.6884382742422598,0,OK,0,0,4,1,0,0,0,0,2,train
001112,0.0513631828963467,0,OK,0,0,1,0,0,0,0,0,3,train
001113,0.0541266575217192,0,OK,0,0,1,0,1,0,0,0,3,train
001114,0.0092258801716661,0,OK,0,0,0,1,0,0,0,0,4,train
001115,0.0527369181315104,0,OK,0,0,1,1,0,0,0,0,4,train
001116,0.7442313961904398,1,OK,0,0,4,0,0,0,0,0,3,train
001117,0.1536197916666666,0,OK,0,0,2,0,0,1,0,0,0,val
001118,0.0166055748731762,0,OK,0,0,0,1,0,0,1,0,2,train
001119,0.0569058641975308,0,OK,0,0,1,0,0,0,0,0,4,train
001120,0.3823214508871805,0,OK,0,0,3,0,0,0,1,0,1,train
001121,0.1957998838709804,0,OK,0,0,2,1,0,0,1,0,4,train
001122,0.1020940985032701,0,OK,0,0,1,0,0,0,0,0,2,train
001123,0.2566536458333333,0,OK,0,0,3,1,0,0,0,0,2,train
001124,0.1305287679036458,0,OK,0,0,2,0,0,0,0,0,4,train
001125,0.5008617859047505,1,OK,0,0,4,1,0,0,0,1,4,train
001126,0.0230826096868187,0,OK,0,0,0,1,0,0,0,0,0,val
001127,0.0175259308510638,0,OK,0,0,0,0,0,0,0,0,1,train
001128,0.0858902588813303,0,OK,0,0,1,1,0,0,0,0,4,train
001129,0.0219523111979166,0,OK,0,0,0,1,0,0,0,0,0,val
001130,0.5405800430862991,1,OK,0,0,4,1,0,0,0,1,3,train
001131,0.074577815308222,0,OK,0,0,1,0,0,0,0,0,1,train
001132,0.0208231382978723,0,OK,0,0,0,1,0,0,0,0,0,val
001133,0.3713343458320431,0,OK,0,0,3,1,0,0,0,0,3,train
001134,0.4787675032781583,1,OK,0,0,4,1,0,0,0,0,1,train
001135,0.0268791335632232,0,OK,0,0,0,1,0,0,0,0,0,val
001136,0.0676847810302862,0,OK,0,0,1,0,0,0,0,1,1,train
001137,0.2756601969401042,0,OK,0,0,3,1,1,0,0,0,4,train
001138,0.5418268839518229,1,OK,0,0,4,1,0,0,0,0,3,train
001139,0.4009602864583333,0,OK,0,0,4,1,1,0,0,0,4,train
001140,0.25583984375,0,OK,0,0,3,1,0,0,0,0,0,val
001141,0.2767506395695738,0,OK,0,0,3,1,0,0,1,0,2,train
001142,0.3468359375,0,OK,0,0,3,1,0,0,0,0,3,train
001143,0.0267446808510638,0,OK,0,0,0,0,0,0,0,0,2,train
001144,0.3874186197916666,0,OK,0,0,3,1,0,0,0,0,2,train
001145,0.4031982421875,0,OK,0,0,4,1,0,0,0,0,3,train
001146,0.047334317807798,0,OK,0,0,0,1,0,0,0,0,0,val
001147,0.2415652689988595,0,OK,0,0,3,1,0,0,1,0,2,train
001148,0.636875,1,OK,0,0,4,1,0,1,0,0,2,train
001149,0.0425522092086509,0,OK,0,0,0,0,0,0,0,0,3,train
001150,0.1307398478190104,0,OK,0,0,2,0,0,0,1,0,4,train
001151,0.1308924357096354,0,OK,0,0,2,0,0,0,1,1,1,train
001152,0.0150297767220778,0,OK,0,0,0,0,0,0,0,0,2,train
001153,0.0531320925112123,0,OK,0,0,1,0,0,0,0,0,2,train
001154,0.1510403951009114,0,OK,0,0,2,0,0,0,0,0,2,train
001155,0.0820680320150659,0,OK,0,0,1,0,0,0,0,0,4,train
001156,0.0558726728723404,0,OK,0,0,1,0,0,0,0,1,1,train
001157,0.0478947978681033,0,OK,0,0,0,0,0,0,0,0,0,val
001158,0.132626953125,0,OK,0,0,2,0,0,0,0,1,1,train
001159,0.031370698735955,0,OK,0,0,0,0,1,0,1,1,2,train
001160,0.2415289306657187,0,OK,0,0,3,0,0,0,0,0,0,val
001161,0.3130238850911458,0,OK,0,0,3,1,0,0,0,1,2,train
001162,0.083254585728887,0,OK,0,0,1,1,0,1,1,0,4,train
001163,0.0546445237045435,0,OK,0,0,1,1,0,0,0,0,4,train
001164,0.3258430989583333,0,OK,0,0,3,1,0,0,0,0,4,train
001165,0.201380553068938,0,OK,0,0,2,1,0,0,0,0,0,val
001166,0.0297744348404255,0,OK,0,0,0,0,1,0,1,0,4,train
001167,0.1581901041666666,0,OK,0,0,2,1,0,0,0,0,0,val
001168,0.0715929667154948,0,OK,0,0,1,0,0,0,0,0,3,train
001169,0.2667111895092925,0,OK,0,0,3,1,0,0,0,0,1,train
001170,0.0360661539638812,0,OK,0,0,0,0,0,0,0,0,3,train
001171,0.0473241186906861,0,OK,0,0,0,0,0,0,0,1,2,train
001172,0.2757370500100496,0,OK,0,0,3,1,0,1,0,0,3,train
001173,0.4746763018149827,0,OK,0,0,4,1,0,0,1,0,3,train
001174,0.0880063978201254,0,OK,0,0,1,0,0,0,0,0,1,train
001175,0.0126339760638297,0,OK,0,0,0,1,0,0,0,0,0,val
001176,0.1637751261393229,0,OK,0,0,2,0,1,0,0,0,4,train
001177,0.3166160583496094,0,OK,0,0,3,0,0,0,0,0,2,train
001178,0.4219385782877604,0,OK,0,0,4,1,0,0,1,0,0,val
001179,0.5224461960311328,0,OK,0,0,4,1,0,0,0,0,0,val
001180,0.2857564290364583,0,OK,0,0,3,0,0,0,0,1,3,train
001181,0.0266000689145564,0,OK,0,0,0,0,0,0,0,0,0,val
001182,0.6377423604329427,1,OK,0,0,4,0,0,0,0,0,0,val
001183,0.1748374756981762,0,OK,0,0,2,1,0,0,0,0,0,val
001184,0.0942442152235243,0,OK,0,0,1,0,0,0,0,0,1,train
001185,0.1433854166666666,0,OK,0,0,2,1,0,0,0,0,3,train
001186,0.5068081043384693,1,OK,0,0,4,1,0,0,0,0,2,train
001187,0.1957626342773437,0,OK,0,0,2,0,0,0,0,1,0,val
001188,0.0495123574543015,0,OK,0,0,0,1,0,0,0,0,3,train
001189,0.6356366475423177,1,OK,0,0,4,1,0,0,0,0,2,train
001190,0.1857741882232098,0,OK,0,0,2,1,0,0,1,0,3,train
001191,0.0404294090904326,0,OK,0,0,0,0,0,0,1,1,1,train
001192,0.0211552671602387,0,OK,0,0,0,0,0,0,0,0,2,train
001193,0.32240234375,0,OK,0,0,3,1,1,0,0,0,3,train
001194,0.1058741813654219,0,OK,0,0,1,0,0,0,1,1,3,train
001195,0.4248085071707953,1,OK,0,0,4,1,0,0,0,0,0,val
001196,0.0811002604166666,0,OK,0,0,1,1,0,0,0,0,0,val
001197,0.34806640625,0,OK,0,0,3,1,0,0,0,0,0,val
001198,0.019439697265625,0,OK,0,0,0,0,0,0,0,0,4,train
001199,0.6678385416666667,1,OK,0,0,4,1,0,0,0,1,2,train
001200,0.740845436119068,0,OK,0,0,4,1,0,0,0,0,3,train
001201,0.1266080729166666,0,OK,0,0,2,1,0,0,0,0,2,train
001202,0.34783203125,0,OK,0,0,3,0,0,0,0,0,2,train
001203,0.1378968556722005,0,OK,0,0,2,1,0,0,0,0,3,train
001204,0.0381168900930739,0,OK,0,0,0,1,0,0,0,1,0,val
001205,0.0640559895833333,0,OK,0,0,1,1,0,0,0,0,2,train
001206,0.1299769083658854,0,OK,0,0,2,0,0,0,0,1,3,train
001207,0.2120433410489011,0,OK,0,0,2,1,0,0,0,0,3,train
001208,0.3242159206142257,0,OK,0,0,3,0,0,0,0,0,1,train
001209,0.1124827067057291,0,OK,0,0,1,0,0,0,0,1,1,train
001210,0.0095834441489361,0,OK,0,0,0,0,0,1,1,1,2,train
001211,0.051873761896277,0,OK,0,0,1,1,0,0,0,0,4,train
001212,0.0256619421806448,0,OK,0,0,0,0,0,0,0,0,1,train
001213,0.3179003397623698,0,OK,0,0,3,1,0,0,1,0,4,train
001214,0.19607421875,0,OK,0,0,2,1,0,0,0,1,1,train
001215,0.2170833333333333,0,OK,0,0,3,1,0,0,0,1,1,train
001216,0.3070119222005208,0,OK,0,0,3,1,0,0,0,0,2,train
001217,0.7515129665718495,1,OK,0,0,4,0,1,0,1,1,1,train
001218,0.2189581460118865,0,OK,0,0,3,0,0,0,1,0,0,val
001219,0.0265141289893617,0,OK,0,0,0,0,0,0,0,0,2,train
001220,0.4312362670898437,0,OK,0,0,4,1,0,0,1,0,0,val
001221,0.0372290558510638,0,OK,0,0,0,0,0,0,0,0,0,val
001222,0.018033909574468,0,OK,0,0,0,0,0,0,0,0,4,train
001223,0.0870624291383219,0,OK,0,0,1,0,0,0,0,1,0,val
001224,0.30699708726671,0,OK,0,0,3,0,0,0,0,0,1,train
001225,0.0704865359042553,0,OK,0,0,1,0,0,0,0,0,2,train
001226,0.0545722960537212,0,OK,0,0,1,1,0,0,0,0,4,train
001227,0.0364654300477947,0,OK,0,0,0,1,0,0,0,0,2,train
001228,0.0568377176920572,0,OK,0,0,1,0,0,0,0,0,2,train
001229,0.2164281209309896,0,OK,0,0,3,0,0,0,0,1,4,train
001230,0.2881045700056117,1,OK,0,0,3,0,0,0,0,1,0,val
001231,0.3898883323414666,0,OK,0,0,4,0,0,0,0,0,0,val
001232,0.0388791641159065,0,OK,0,0,0,0,0,0,0,0,4,train
001233,0.3783963521321614,0,OK,0,0,3,1,0,0,1,0,0,val
001234,0.2573331197102864,0,OK,0,0,3,0,0,0,0,0,1,train
001235,0.2293386965560629,0,OK,0,0,3,0,0,0,0,1,4,train
001236,0.1276615284107349,0,OK,0,0,2,1,0,0,0,0,3,train
001237,0.0352329720819304,0,OK,0,0,0,0,0,0,0,0,0,val
001238,0.2880744934082031,0,OK,0,0,3,1,0,0,0,0,2,train
001239,0.3215069822663626,0,OK,0,0,3,1,0,0,0,0,1,train
001240,0.2684798177083333,0,OK,0,0,3,1,0,0,0,0,4,train
001241,0.373562424271195,0,OK,0,0,3,1,0,0,0,0,0,val
001242,0.0235245845449443,0,OK,0,0,0,0,0,0,0,1,4,train
001243,0.32505859375,0,OK,0,0,3,1,0,0,0,0,3,train
001244,0.1565450032552083,0,OK,0,0,2,0,0,0,0,0,1,train
001245,0.4647564103458303,1,OK,0,0,4,1,0,0,0,0,0,val
001246,0.1119571143617021,0,OK,0,0,1,0,0,0,0,0,4,train
001247,0.3553476333618164,0,OK,0,0,3,1,0,0,0,0,1,train
001248,0.2178842545014208,0,OK,0,0,3,0,1,0,1,1,1,train
001249,0.0182564827127659,0,OK,0,0,0,1,0,0,0,1,2,train
001250,0.3931616862686849,0,OK,0,0,4,0,0,0,0,1,1,train
001251,0.048713639711509,0,OK,0,0,0,1,0,0,0,0,4,train
001252,0.1393455442677763,0,OK,0,0,2,0,0,0,1,0,3,train
001253,0.619683583577474,1,OK,0,0,4,0,0,0,0,0,3,train
001254,0.2024345397949218,0,OK,0,0,2,0,0,0,0,0,1,train
001255,0.0403931183510638,0,OK,0,0,0,0,0,0,1,1,0,val
001256,0.3433464898003472,0,OK,0,0,3,0,0,0,0,0,1,train
001257,0.1186301098729401,0,OK,0,0,2,1,0,0,0,0,4,train
001258,0.0542114196398624,0,OK,0,0,1,1,0,0,0,0,1,train
001259,0.1161893208821614,0,OK,0,0,2,1,0,0,0,0,3,train
001260,0.1961598869200895,0,OK,0,0,2,1,0,0,1,1,2,train
001261,0.2038610952871817,0,OK,0,0,2,0,0,0,0,1,3,train
001262,0.8473763020833334,1,OK,0,0,4,1,0,0,0,0,0,val
001263,0.3037026016800492,0,OK,0,0,3,0,0,0,0,0,2,train
001264,0.1940809022058564,0,OK,0,0,2,0,0,0,0,0,1,train
001265,0.101766954787234,0,OK,0,0,1,1,0,0,1,0,0,val
001266,0.0281145279255319,0,OK,0,0,0,1,0,0,0,1,2,train
001267,0.084873046875,0,OK,0,0,1,1,0,1,0,0,3,train
001268,0.0247139760930007,0,OK,0,0,0,0,0,0,1,0,0,val
001269,0.0356078291656168,0,OK,0,0,0,1,0,0,0,0,1,train
001270,0.3536389668782552,0,OK,0,0,3,1,1,0,1,0,2,train
001271,0.1359037024283236,0,OK,0,0,2,1,1,0,0,0,2,train
001272,0.88165283203125,1,OK,0,0,4,1,0,0,0,1,1,train
001273,0.7178202987655092,0,OK,0,0,4,1,0,0,0,0,0,val
001274,0.1806818854381887,0,OK,0,0,2,0,0,0,0,1,1,train
001275,0.3734954996082592,0,OK,0,0,3,1,0,0,0,0,3,train
001276,0.1371414602346805,0,OK,0,0,2,1,0,0,0,1,3,train
001277,0.0339538482097937,0,OK,0,0,0,1,0,0,1,1,1,train
001278,0.0556131981382978,0,OK,0,0,1,1,0,0,0,0,3,train
001279,0.0520045981355505,0,OK,0,0,1,1,0,0,1,1,3,train
001280,0.428235371907552,1,OK,0,0,4,0,0,0,0,1,4,train
001281,0.4294764200846354,0,OK,0,0,4,1,0,1,0,1,1,train
001282,0.1243418070287606,0,OK,0,0,2,0,0,0,0,0,4,train
001283,0.0334983377659574,0,OK,0,0,0,0,0,0,0,0,2,train
001284,0.172766367594401,0,OK,0,0,2,1,0,1,0,1,4,train
001285,0.1056673177083333,0,OK,0,0,1,1,0,0,0,0,0,val
001286,0.3338241577148437,0,OK,0,0,3,1,1,0,1,0,0,val
001287,0.2796086365226719,0,OK,0,0,3,1,0,0,0,0,0,val
001288,0.3660074869791667,0,OK,0,0,3,1,0,0,1,0,3,train
001289,0.0729938668521058,0,OK,0,0,1,0,0,0,0,0,2,train
001290,0.3777313232421875,0,OK,0,0,3,1,0,0,0,0,0,val
001291,0.1013565063476562,0,OK,0,0,1,0,0,0,0,1,3,train
001292,0.0611771451293392,0,OK,0,0,1,0,0,0,0,0,0,val
001293,0.0348050445193275,0,OK,0,0,0,0,1,1,0,1,2,train
001294,0.2588327891791044,0,OK,0,0,3,0,0,0,0,0,1,train
001295,0.2610385931562881,0,OK,0,0,3,0,0,0,0,0,0,val
001296,0.454501953125,0,OK,0,0,4,1,0,0,0,0,4,train
001297,0.5307516875090422,0,OK,0,0,4,0,0,0,0,0,3,train
001298,0.3516591389973958,0,OK,0,0,3,1,0,1,0,0,3,train
001299,0.0239249623983313,0,OK,0,0,0,0,0,0,0,1,1,train
001300,0.4637192666289815,1,OK,0,0,4,1,0,0,0,0,4,train
001301,0.3001072837386911,0,OK,0,0,3,1,0,0,0,0,1,train
001302,0.1020774841308593,0,OK,0,0,1,0,0,0,0,0,0,val
001303,0.3454699088980488,0,OK,0,0,3,1,0,0,0,0,1,train
001304,0.2729949951171875,0,OK,0,0,3,0,0,0,0,1,3,train
001305,0.0298427215223042,0,OK,0,0,0,0,0,0,0,1,0,val
001306,0.2593893476673414,0,OK,0,0,3,1,0,0,0,0,2,train
001307,0.0598261198769631,0,OK,0,0,1,0,0,0,0,0,4,train
001308,0.3338979085286458,0,OK,0,0,3,1,0,0,0,1,3,train
001309,0.1002525011005366,0,OK,0,0,1,0,0,0,0,0,2,train
001310,0.1289367598891408,0,OK,0,0,2,1,0,0,0,0,3,train
001311,0.1161351015102365,0,OK,0,0,2,1,0,0,0,0,1,train
001312,0.1812515258789062,0,OK,0,0,2,1,0,0,1,0,3,train
001313,0.0304972330729166,0,OK,0,0,0,0,0,0,0,1,3,train
001314,0.1638632218651158,0,OK,0,0,2,1,1,0,0,0,3,train
001315,0.0157425199468085,0,OK,0,0,0,1,0,0,0,0,2,train
001316,0.1960673174681368,0,OK,0,0,2,1,0,0,1,0,2,train
001317,0.1945471587004485,0,OK,0,0,2,0,0,0,0,0,4,train
001318,0.0312032912234042,0,OK,0,0,0,1,0,0,0,0,0,val
001319,0.1348550554774183,0,OK,0,0,2,0,0,0,0,0,2,train
001320,0.1637221442328559,0,OK,0,0,2,1,0,0,0,0,1,train
001321,0.0177134308510638,0,OK,0,0,0,0,0,0,0,0,2,train
001322,0.0323580452127659,0,OK,0,0,0,1,0,0,0,0,1,train
001323,0.0073365834101962,0,OK,0,0,0,1,0,0,0,0,4,train
001324,0.0466999667553191,0,OK,0,0,0,1,0,0,0,0,1,train
001325,0.0821264346154571,0,OK,0,0,1,1,0,0,0,1,2,train
001326,0.1132283909574468,0,OK,0,0,1,1,0,0,1,0,1,train
001327,0.0274969030309606,0,OK,0,0,0,0,0,1,0,1,3,train
001328,0.0364532470703125,0,OK,0,0,0,1,0,1,0,1,3,train
001329,0.4933033695927373,0,OK,0,0,4,1,0,0,0,0,0,val
001330,0.0477378656914893,0,OK,0,0,0,1,0,0,1,0,3,train
001331,0.0341233914268952,0,OK,0,0,0,1,0,0,0,0,0,val
001332,0.6095364688545358,1,OK,0,0,4,0,0,0,0,0,3,train
001333,0.051971409574468,0,OK,0,0,1,0,0,0,0,0,1,train
001334,0.0785211103723404,0,OK,0,0,1,1,0,0,1,0,0,val
001335,0.1729673807338,0,OK,0,0,2,1,0,0,0,0,3,train
001336,0.1290990076827939,0,OK,0,0,2,0,0,0,0,0,1,train
001337,0.2607558921531395,0,OK,0,0,3,0,0,1,0,1,2,train
001338,0.72365234375,1,OK,0,0,4,1,1,0,0,0,1,train
001339,0.4993027258060402,0,OK,0,0,4,1,0,0,1,0,3,train
001340,0.3206717087765957,0,OK,0,0,3,0,0,0,0,0,2,train
001341,0.3623600260416666,0,OK,0,0,3,1,0,0,0,0,4,train
001342,0.6823838505031639,1,OK,0,0,4,1,0,0,0,0,3,train
001343,0.1544140625,0,OK,0,0,2,1,0,0,0,0,1,train
001344,0.0399977923759013,0,OK,0,0,0,1,0,0,1,1,2,train
001345,0.3227933247884114,0,OK,0,0,3,1,0,0,0,0,4,train
001346,0.0502265625,0,OK,0,0,1,0,0,0,0,0,4,train
001347,0.1368029870915746,0,OK,0,0,2,0,0,0,1,1,2,train
001348,0.1342727098555471,0,OK,0,0,2,1,0,0,0,1,2,train
001349,0.553067652925532,0,OK,0,0,4,1,0,0,0,1,3,train
001350,0.9001705995566409,0,OK,0,0,4,1,0,0,1,0,1,train
001351,0.8335838317871094,1,OK,0,0,4,1,0,0,0,0,0,val
001352,0.1302490234375,0,OK,0,0,2,1,0,0,0,0,3,train
001353,0.15331381338614,0,OK,0,0,2,0,0,1,0,0,4,train
001354,0.1034418741861979,0,OK,0,0,1,0,0,0,0,1,0,val
001355,0.7844947575570872,1,OK,0,0,4,1,0,0,1,1,3,train
001356,0.5375915809913918,0,OK,0,0,4,0,0,0,0,0,1,train
001357,0.0316928349823914,0,OK,0,0,0,1,0,0,1,0,3,train
001358,0.326120123574543,0,OK,0,0,3,1,0,0,1,1,1,train
001359,0.5409147135416666,1,OK,0,0,4,1,0,0,0,0,4,train
001360,0.0243346501632486,0,OK,0,0,0,0,0,0,1,0,2,train
001361,0.2768358301233362,0,OK,0,0,3,1,0,0,0,0,2,train
001362,0.1841097231264467,0,OK,0,0,2,1,0,0,0,0,3,train
001363,0.3016055528937351,0,OK,0,0,3,1,0,0,0,1,1,train
001364,0.2537858072916666,0,OK,0,0,3,1,0,0,1,0,3,train
001365,0.3791715833875868,0,OK,0,0,3,1,0,0,0,1,4,train
001366,0.0367697805851063,0,OK,0,0,0,0,0,0,0,1,3,train
001367,0.1574289826324836,0,OK,0,0,2,0,0,0,0,0,4,train
001368,0.071588762210716,0,OK,0,0,1,0,0,0,0,0,0,val
001369,0.2266380796525589,0,OK,0,0,3,1,0,0,0,0,4,train
001370,0.255035400390625,0,OK,0,0,3,0,1,0,0,1,3,train
001371,0.1351712544759114,0,OK,0,0,2,0,0,0,0,1,0,val
001372,0.5465470439570725,0,OK,0,0,4,1,1,0,0,0,1,train
001373,0.1543076019568589,0,OK,0,0,2,0,0,0,0,0,4,train
001374,0.1125032552083333,0,OK,0,0,1,1,0,0,0,1,1,train
001375,0.0340469682621671,0,OK,0,0,0,1,0,0,1,0,2,train
001376,0.2618929545084635,0,OK,0,0,3,0,0,0,1,0,0,val
001377,0.7845878601074219,1,OK,0,0,4,1,1,0,0,0,2,train
001378,0.0126914265763697,0,OK,0,0,0,1,0,0,0,0,3,train
001379,0.0665620774725389,0,OK,0,0,1,0,0,0,1,0,1,train
001380,0.2564493815104167,1,OK,0,0,3,1,0,0,1,0,0,val
001381,0.5357489270302961,0,OK,0,0,4,0,0,0,0,0,3,train
001382,0.1120498092086226,0,OK,0,0,1,0,0,0,0,0,0,val
001383,0.0496283068505785,0,OK,0,0,0,0,0,0,1,0,4,train
001384,0.1122279008152187,0,OK,0,0,1,1,0,0,0,1,4,train
001385,0.0990047651387613,0,OK,0,0,1,0,0,0,1,0,3,train
001386,0.14458984375,0,OK,0,0,2,1,0,0,0,0,0,val
001387,0.3020805750911249,0,OK,0,0,3,1,0,0,0,0,1,train
001388,0.0731550864361702,0,OK,0,0,1,1,0,0,1,0,0,val
001389,0.138940949587136,0,OK,0,0,2,0,0,0,0,0,2,train
001390,0.1623179117838541,0,OK,0,0,2,1,0,0,1,1,1,train
001391,0.729937167947003,1,OK,0,0,4,0,0,0,0,0,1,train
001392,0.1747591145833333,0,OK,0,0,2,1,0,0,0,0,2,train
001393,0.1508320180423543,0,OK,0,0,2,1,0,0,0,0,1,train
001394,0.0548506091534027,0,OK,0,0,1,1,0,0,1,0,2,train
001395,0.1670659383138021,0,OK,0,0,2,1,0,0,1,0,1,train
001396,0.4054145812988281,1,OK,0,0,4,1,0,0,0,0,0,val
001397,0.0749747957456397,0,OK,0,0,1,1,0,0,1,0,4,train
001398,0.0258144626236793,0,OK,0,0,0,1,0,0,0,0,4,train
001399,0.3528604617799346,0,OK,0,0,3,1,0,0,0,0,4,train
001400,0.4962280423463067,1,OK,0,0,4,1,0,0,0,0,0,val
001401,0.0310084501528813,0,OK,0,0,0,0,0,0,0,0,4,train
001402,0.152487049042009,0,OK,0,0,2,0,0,0,1,0,3,train
001403,0.3695291589807581,0,OK,0,0,3,1,1,0,0,0,3,train
001404,0.9240023295084636,1,OK,0,0,4,1,0,0,1,0,4,train
001405,0.1191587887366665,0,OK,0,0,2,1,0,0,0,1,3,train
001406,0.0362707071209961,0,OK,0,0,0,1,0,0,0,0,1,train
001407,0.0911562884295428,0,OK,0,0,1,0,0,0,0,0,0,val
001408,0.0858842746415395,0,OK,0,0,1,0,0,0,1,0,0,val
001409,0.02720596340388,0,OK,0,0,0,0,0,0,0,0,0,val
001410,0.8829154968261719,1,OK,0,0,4,1,0,0,1,1,4,train
001411,0.2032094201032508,0,OK,0,0,2,1,0,0,0,1,1,train
001412,0.370327631632487,0,OK,0,0,3,0,1,0,0,1,1,train
001413,0.0085870517933506,0,OK,0,0,0,1,0,0,0,0,2,train
001414,0.0121627327127659,0,OK,0,0,0,1,0,0,1,0,1,train
001415,0.2400525410970052,0,OK,0,0,3,1,1,0,0,0,4,train
001416,0.0302451804832175,0,OK,0,0,0,0,0,1,0,0,4,train
001417,0.2605858441679337,0,OK,0,0,3,1,0,1,0,1,1,train
001418,0.0327477631745515,0,OK,0,0,0,1,0,0,0,1,3,train
001419,0.306684024138437,0,OK,0,0,3,1,0,0,1,0,2,train
001420,0.9999924274308744,1,very_large_lesion,0,1,4,1,0,0,0,0,0,val
001421,0.3497403093818128,0,OK,0,0,3,1,0,0,1,0,0,val
001422,0.2956051716644937,0,OK,0,0,3,1,0,0,0,0,1,train
001423,0.1430142720540364,0,OK,0,0,2,1,0,1,0,1,4,train
001424,0.2937240600585937,0,OK,0,0,3,0,0,0,0,0,3,train
001425,0.0698440824468085,0,OK,0,0,1,1,0,0,0,0,2,train
001426,0.1226952487309968,0,OK,0,0,2,1,0,0,0,0,0,val
001427,0.1872834782060972,0,OK,0,0,2,1,0,0,0,0,1,train
001428,0.0287757646276595,0,OK,0,0,0,1,0,0,0,1,1,train
001429,0.0631935336506579,0,OK,0,0,1,1,0,0,0,0,4,train
001430,0.0370503886720742,0,OK,0,0,0,0,0,0,1,1,4,train
001431,0.084792066903922,0,OK,0,0,1,0,0,0,1,1,4,train
001432,0.6089583420134421,0,OK,0,0,4,1,0,0,0,0,4,train
001433,0.1106859842936198,0,OK,0,0,1,1,1,1,0,1,4,train
001434,0.0418561299641927,0,OK,0,0,0,1,0,0,0,0,0,val
001435,0.2011237804772384,0,OK,0,0,2,1,0,0,1,0,3,train
001436,0.5861180623372396,1,OK,0,0,4,1,0,0,0,0,2,train
001437,0.8149251584653501,0,OK,0,0,4,1,0,0,0,0,4,train
001438,0.4169522990073545,0,OK,0,0,4,0,0,0,1,0,4,train
001439,0.1962396114053106,0,OK,0,0,2,1,0,0,0,0,4,train
001440,0.2340386185083154,0,OK,0,0,3,1,0,0,0,0,4,train
001441,0.1785659790039062,0,OK,0,0,2,1,0,0,0,1,2,train
001442,0.0671952954678852,0,OK,0,0,1,0,0,0,0,0,2,train
001443,0.0509713054722874,0,OK,0,0,1,1,0,0,0,0,2,train
001444,0.2748694259129213,0,OK,0,0,3,0,0,0,0,1,2,train
001445,0.0042092752659574,0,very_small_lesion,1,0,0,0,0,0,1,0,4,train
001446,0.9491967297660951,1,OK,0,0,4,1,0,0,0,0,2,train
001447,0.1324748286494502,0,OK,0,0,2,0,0,0,0,0,1,train
001448,0.1477024168570769,0,OK,0,0,2,0,0,0,0,0,1,train
001449,0.6601432291666667,1,OK,0,0,4,1,0,0,0,1,1,train
001450,0.6604071389452306,1,OK,0,0,4,0,0,0,0,0,1,train
001451,0.2550846354166666,0,OK,0,0,3,1,1,0,0,0,2,train
001452,0.4839523310759106,0,OK,0,0,4,1,0,0,0,0,3,train
001453,0.5461006164550781,0,OK,0,0,4,1,0,0,1,0,4,train
001454,0.1445592244466146,0,OK,0,0,2,0,0,0,0,0,4,train
001455,0.4136815702037565,0,OK,0,0,4,0,0,0,1,0,0,val
001456,0.1438074931189338,0,OK,0,0,2,1,0,0,0,0,2,train
001457,0.3439778807250785,1,OK,0,0,3,1,0,0,0,0,4,train
001458,0.0900897338092601,0,OK,0,0,1,1,1,0,0,0,2,train
001459,0.0424906412760416,0,OK,0,0,0,0,0,0,0,0,3,train
001460,0.133000267876519,0,OK,0,0,2,1,0,0,0,0,0,val
001461,0.1458595911768405,0,OK,0,0,2,1,0,0,1,0,2,train
001462,0.1703364054361979,0,OK,0,0,2,1,1,0,0,1,4,train
001463,0.07255859375,0,OK,0,0,1,1,0,0,0,1,0,val
001464,0.143874612846931,0,OK,0,0,2,1,0,0,1,0,2,train
001465,0.0993254979451497,0,OK,0,0,1,1,0,0,0,1,3,train
001466,0.0875515292553191,0,OK,0,0,1,1,0,0,0,0,1,train
001467,0.4146492141416806,0,OK,0,0,4,1,0,0,1,0,2,train
001468,0.0457560221354166,0,OK,0,0,0,0,0,0,0,1,2,train
001469,0.1477337589970341,0,OK,0,0,2,1,0,0,0,0,2,train
001470,0.0702425638834635,0,OK,0,0,1,0,0,0,0,0,2,train
001471,0.1150944010416666,0,OK,0,0,1,0,0,0,0,0,1,train
001472,0.2761790130211183,0,OK,0,0,3,1,0,0,1,1,3,train
001473,0.2713250448773353,0,OK,0,0,3,0,0,0,0,1,3,train
001474,0.4934527079264323,0,OK,0,0,4,1,0,0,0,1,3,train
001475,0.1191050211588541,0,OK,0,0,2,1,0,0,0,0,3,train
001476,0.1187302723253078,0,OK,0,0,2,1,0,1,0,1,0,val
001477,0.5108655293782552,0,OK,0,0,4,1,0,0,1,0,3,train
001478,0.0337909786129045,0,OK,0,0,0,1,0,1,0,1,2,train
001479,0.0654986702127659,0,OK,0,0,1,1,0,0,0,0,3,train
001480,0.2817844037166133,0,OK,0,0,3,0,0,0,0,0,4,train
001481,0.1518851386176215,0,OK,0,0,2,1,0,0,0,0,2,train
001482,0.2154296875,0,OK,0,0,2,0,0,0,0,0,4,train
001483,0.4358365885416667,0,OK,0,0,4,1,0,0,0,0,4,train
001484,0.1950759887695312,0,OK,0,0,2,1,0,0,0,0,3,train
001485,0.0085119630953379,0,OK,0,0,0,1,0,0,0,1,2,train
001486,0.0374989846239309,0,OK,0,0,0,1,0,0,0,0,1,train
001487,0.2132098055044471,0,OK,0,0,2,1,0,0,0,0,0,val
001488,0.2227961222330729,0,OK,0,0,3,0,0,0,0,0,0,val
001489,0.0231737478775364,0,OK,0,0,0,0,0,0,1,0,0,val
001490,0.0504583767870618,0,OK,0,0,1,1,0,0,0,0,2,train
001491,0.1497976945067499,0,OK,0,0,2,1,1,0,1,0,3,train
001492,0.1295622366446036,0,OK,0,0,2,1,0,0,0,0,2,train
001493,0.1432228088378906,0,OK,0,0,2,1,1,0,0,0,0,val
001494,0.3392847224652839,1,OK,0,0,3,0,0,0,0,1,1,train
001495,0.9539475205017344,1,very_large_lesion,0,1,4,0,0,0,0,0,0,val
001496,0.2352860847359028,0,OK,0,0,3,0,0,0,0,0,2,train
001497,0.1165620610955056,0,OK,0,0,2,0,0,0,1,0,0,val
001498,0.1582212433510638,0,OK,0,0,2,0,0,0,0,0,0,val
001499,0.8646127206307871,1,OK,0,0,4,1,0,0,0,0,4,train
001500,0.0625795104970233,0,OK,0,0,1,0,0,0,0,0,3,train
001501,0.0435543550531914,0,OK,0,0,0,1,0,0,0,0,3,train
001502,0.0171446143617021,0,OK,0,0,0,0,0,0,1,0,3,train
001503,0.1086756388346354,0,OK,0,0,1,1,0,0,0,1,2,train
001504,0.0652542556374401,0,OK,0,0,1,0,0,0,1,0,1,train
001505,0.1525716145833333,0,OK,0,0,2,1,0,0,0,0,2,train
001506,0.0113694278781653,0,OK,0,0,0,1,0,0,0,1,4,train
001507,0.0258914109529639,0,OK,0,0,0,0,0,0,1,0,3,train
001508,0.2764448965233523,0,OK,0,0,3,0,0,0,1,0,2,train
001509,0.0775597466931494,0,OK,0,0,1,1,0,0,1,0,3,train
001510,0.1083017985026041,0,OK,0,0,1,0,0,0,0,1,4,train
001511,0.0558183458116319,0,OK,0,0,1,0,0,0,0,1,2,train
001512,0.5846181924743842,1,OK,0,0,4,0,0,0,0,1,0,val
001513,0.0988248697916666,0,OK,0,0,1,1,0,0,0,0,2,train
001514,0.3943227132161458,0,OK,0,0,4,1,0,0,0,1,1,train
001515,0.2853800455729167,0,OK,0,0,3,1,0,0,0,0,0,val
001516,0.061076180718598,0,OK,0,0,1,1,1,0,0,0,2,train
001517,0.0241103626224364,0,OK,0,0,0,1,0,0,0,0,1,train
001518,0.2577506510416666,0,OK,0,0,3,1,0,0,0,0,3,train
001519,0.263037109375,0,OK,0,0,3,1,0,0,0,0,0,val
001520,0.2480392456054687,0,OK,0,0,3,1,0,0,1,0,1,train
001521,0.188412754798112,0,OK,0,0,2,1,0,0,0,1,1,train
001522,0.1884058137158309,0,OK,0,0,2,0,0,0,1,0,2,train
001523,0.1482887268066406,0,OK,0,0,2,1,0,0,1,0,1,train
001524,0.3245195142178853,0,OK,0,0,3,1,0,0,0,0,0,val
001525,0.0955987214122505,0,OK,0,0,1,1,0,0,1,0,1,train
001526,0.3134956359863281,0,OK,0,0,3,0,0,0,0,1,1,train
001527,0.3642992299688278,0,OK,0,0,3,1,0,0,0,1,0,val
001528,0.1590459690225138,0,OK,0,0,2,1,0,0,0,0,1,train
001529,0.0160181306861059,0,OK,0,0,0,1,0,0,0,1,1,train
001530,0.55666015625,0,OK,0,0,4,1,1,0,0,0,2,train
001531,0.0323090729890046,0,OK,0,0,0,1,0,0,0,0,1,train
001532,0.1169734530978732,0,OK,0,0,2,0,0,0,0,1,3,train
001533,0.3150800908501325,0,OK,0,0,3,1,0,0,0,1,1,train
001534,0.0533218383789062,0,OK,0,0,1,1,0,0,0,0,0,val
001535,0.1853332348981354,0,OK,0,0,2,1,0,0,0,0,3,train
001536,0.1486839882145101,0,OK,0,0,2,1,0,0,0,0,2,train
001537,0.979148440890842,1,very_large_lesion,0,1,4,1,0,0,0,1,2,train
001538,0.9747819010416666,0,very_large_lesion,0,1,4,1,0,0,0,0,3,train
001539,0.767730712890625,1,OK,0,0,4,0,0,0,0,0,0,val
001540,0.0841579715537481,0,OK,0,0,1,1,0,0,1,1,2,train
001541,0.158258397487632,0,OK,0,0,2,1,0,0,0,0,3,train
001542,0.0341038174099392,0,OK,0,0,0,0,0,0,0,0,0,val
001543,0.0596809387207031,0,OK,0,0,1,1,0,0,0,0,1,train
001544,0.3003311157226562,0,OK,0,0,3,1,0,0,0,0,0,val
001545,0.0350659906914893,0,OK,0,0,0,1,0,0,1,0,2,train
001546,0.1023244391740995,0,OK,0,0,1,0,0,0,0,1,0,val
001547,0.0579862439470484,0,OK,0,0,1,0,0,0,0,1,0,val
001548,0.1140899658203125,0,OK,0,0,1,0,0,0,0,1,1,train
001549,0.188232421875,0,OK,0,0,2,1,0,0,0,0,1,train
001550,0.0085377327127659,0,OK,0,0,0,1,0,0,0,0,3,train
001551,0.3623377482096354,0,OK,0,0,3,1,0,0,0,1,0,val
001552,0.4825536939832899,0,OK,0,0,4,1,0,0,0,1,4,train
001553,0.3061285815284882,0,OK,0,0,3,1,0,0,1,0,4,train
001554,0.3234062177117762,0,OK,0,0,3,1,0,0,0,1,1,train
001555,0.1703436927041846,0,OK,0,0,2,1,0,0,0,0,3,train
001556,0.0172147606382978,0,OK,0,0,0,0,0,0,0,0,2,train
001557,0.5140133725151986,0,OK,0,0,4,1,1,0,0,1,4,train
001558,0.0208071808510638,0,OK,0,0,0,0,0,0,0,0,1,train
001559,0.1114052666558159,0,OK,0,0,1,1,0,1,0,0,3,train
001560,0.0897339714898003,0,OK,0,0,1,0,0,0,0,0,3,train
001561,0.2515856424967448,0,OK,0,0,3,1,1,0,0,0,4,train
001562,0.4410712960357617,0,OK,0,0,4,1,0,0,0,0,0,val
001563,0.0568098958333333,0,OK,0,0,1,1,0,0,0,0,4,train
001564,0.398938496907552,0,OK,0,0,4,0,0,0,0,0,2,train
001565,0.0349621541358829,0,OK,0,0,0,0,0,0,0,0,4,train
001566,0.2928937276204427,0,OK,0,0,3,1,0,0,0,0,4,train
001567,0.0078890228037955,0,OK,0,0,0,1,0,0,0,0,4,train
001568,0.222408949168473,0,OK,0,0,3,0,0,0,0,1,2,train
001569,0.0386374667553191,0,OK,0,0,0,0,0,0,0,0,0,val
001570,0.7198837732962362,0,OK,0,0,4,1,0,0,1,1,4,train
001571,0.0886612463053412,0,OK,0,0,1,0,0,0,1,0,2,train
001572,0.0224332456235532,0,OK,0,0,0,1,0,0,0,0,0,val
001573,0.0053730367118151,0,OK,0,0,0,0,0,0,0,0,0,val
001574,0.0574770224447803,0,OK,0,0,1,0,0,0,0,0,3,train
001575,0.3275413513183594,0,OK,0,0,3,0,0,0,0,0,1,train
001576,0.1317740885416666,0,OK,0,0,2,1,0,0,0,0,2,train
001577,0.1410208808051215,0,OK,0,0,2,0,0,0,0,0,4,train
001578,0.43330078125,1,OK,0,0,4,1,0,0,0,0,3,train
001579,0.0594376662234042,0,OK,0,0,1,0,0,0,1,0,3,train
001580,0.2175729120883973,0,OK,0,0,3,1,0,0,0,1,0,val
001581,0.4354845682779948,1,OK,0,0,4,0,0,0,0,0,4,train
001582,0.8017807006835938,1,OK,0,0,4,1,1,0,0,0,0,val
001583,0.0573472939900218,0,OK,0,0,1,0,0,0,0,0,3,train
001584,0.1695473322467717,0,OK,0,0,2,1,0,0,0,1,4,train
001585,0.3347395833333333,0,OK,0,0,3,1,0,0,0,0,0,val
001586,0.1833101908365885,0,OK,0,0,2,1,0,0,0,0,1,train
001587,0.5233839299822071,0,OK,0,0,4,1,1,0,1,0,3,train
001588,0.116675059000651,0,OK,0,0,2,1,0,0,1,0,1,train
001589,0.0957376805404159,0,OK,0,0,1,0,0,0,0,0,4,train
001590,0.1015513404244464,0,OK,0,0,1,1,0,0,0,0,4,train
001591,0.2229777520576131,0,OK,0,0,3,1,0,0,1,0,4,train
001592,0.2148996988932291,0,OK,0,0,2,1,0,0,1,0,3,train
001593,0.22641464874511,0,OK,0,0,3,1,1,0,1,0,1,train
001594,0.1654132216876137,0,OK,0,0,2,1,0,0,0,1,4,train
001595,0.1514576099537037,0,OK,0,0,2,0,0,0,0,0,3,train
001596,0.3197319522620727,0,OK,0,0,3,1,0,0,0,0,2,train
001597,0.0571652632640868,0,OK,0,0,1,0,0,0,1,0,0,val
001598,0.2738536198933919,1,OK,0,0,3,1,0,0,0,0,2,train
001599,0.2834486886831072,0,OK,0,0,3,1,0,0,0,0,1,train
001600,0.8467674255371094,1,OK,0,0,4,0,1,0,0,1,1,train
001601,0.1051945165761781,0,OK,0,0,1,1,0,0,0,0,4,train
001602,0.0470142628810783,0,OK,0,0,0,0,0,0,0,0,2,train
001603,0.103833516438802,0,OK,0,0,1,1,0,0,0,0,2,train
001604,0.0088928110064145,0,OK,0,0,0,0,0,0,0,0,4,train
001605,0.3449738095663334,0,OK,0,0,3,0,0,0,0,0,4,train
001606,0.0922005208333333,0,OK,0,0,1,0,1,0,0,1,2,train
001607,0.350177908993684,0,OK,0,0,3,1,0,0,0,0,4,train
001608,0.1694394647254817,0,OK,0,0,2,1,0,1,0,0,1,train
001609,0.0574991152050811,0,OK,0,0,1,0,0,0,1,0,2,train
001610,0.104892578125,0,OK,0,0,1,1,0,0,0,0,1,train
001611,0.3253360324435764,0,OK,0,0,3,1,0,0,0,0,3,train
001612,0.3648821512858073,0,OK,0,0,3,1,0,0,0,0,0,val
001613,0.0413319481382978,0,OK,0,0,0,0,1,1,0,1,1,train
001614,0.6693391927083333,0,OK,0,0,4,1,0,0,0,0,0,val
001615,0.1003265380859375,0,OK,0,0,1,1,1,0,0,0,3,train
001616,0.6131510944871358,1,OK,0,0,4,1,0,0,0,0,2,train
001617,0.771718526808489,0,OK,0,0,4,1,0,0,0,1,1,train
001618,0.1716113505184396,0,OK,0,0,2,1,0,0,0,0,3,train
001619,0.0828628540039062,0,OK,0,0,1,0,0,0,1,0,1,train
001620,0.3223368326822917,0,OK,0,0,3,0,0,0,1,1,3,train
001621,0.495727892287234,1,OK,0,0,4,0,0,0,0,0,2,train
001622,0.0280023523970736,0,OK,0,0,0,0,0,0,0,1,4,train
001623,0.2117703755696614,0,OK,0,0,2,0,1,0,0,0,4,train
001624,0.0339338682290793,0,OK,0,0,0,0,0,0,1,0,0,val
001625,0.1956424713134765,0,OK,0,0,2,1,0,0,0,0,1,train
001626,0.6252626880547075,1,OK,0,0,4,1,0,0,1,0,4,train
001627,0.0400016409787439,0,OK,0,0,0,0,0,0,1,0,1,train
001628,0.1102031865776454,0,OK,0,0,1,1,0,0,1,0,0,val
001629,0.3461328591998808,0,OK,0,0,3,1,0,0,0,0,4,train
001630,0.2099077940267063,0,OK,0,0,2,1,0,0,0,0,3,train
001631,0.2094590928819444,0,OK,0,0,2,1,0,0,0,0,2,train
001632,0.21650390625,0,OK,0,0,3,1,0,0,0,0,0,val
001633,0.1149575975206163,0,OK,0,0,1,1,0,0,0,1,1,train
001634,0.5882136950000593,1,OK,0,0,4,1,0,0,0,0,1,train
001635,0.296267739602549,0,OK,0,0,3,0,0,0,0,0,3,train
001636,0.1434697486370262,0,OK,0,0,2,1,0,0,0,0,1,train
001637,0.8236989327116996,0,OK,0,0,4,1,1,0,0,0,1,train
001638,0.1715637954548523,0,OK,0,0,2,1,0,0,0,0,2,train
001639,0.0701153703520065,0,OK,0,0,1,0,0,0,0,0,0,val
001640,0.0696373567992201,0,OK,0,0,1,1,0,0,0,0,2,train
001641,0.1909967334328129,0,OK,0,0,2,1,0,0,0,0,3,train
001642,0.1658586193924878,0,OK,0,0,2,1,0,0,0,0,2,train
001643,0.0426183510638297,0,OK,0,0,0,0,1,0,0,0,0,val
001644,0.0655674944549398,0,OK,0,0,1,0,0,1,0,1,2,train
001645,0.4829218829119647,1,OK,0,0,4,1,0,0,0,0,4,train
001646,0.040229222074468,0,OK,0,0,0,0,0,0,0,1,1,train
001647,0.1639671302938324,0,OK,0,0,2,0,0,0,0,0,2,train
001648,0.3384418567053123,0,OK,0,0,3,0,0,0,0,0,0,val
001649,0.0724141868495561,0,OK,0,0,1,1,0,0,0,0,0,val
001650,0.0109338430851063,0,OK,0,0,0,1,0,0,0,0,3,train
001651,0.0332185194113701,0,OK,0,0,0,1,0,0,0,0,4,train
001652,0.2349634281486562,0,OK,0,0,3,1,0,0,0,1,3,train
001653,0.2864868683510638,0,OK,0,0,3,0,0,0,1,0,1,train
001654,0.044802895852549,0,OK,0,0,0,0,0,0,1,0,1,train
001655,0.1835934674298321,0,OK,0,0,2,1,0,0,0,1,1,train
001656,0.3133112589518229,0,OK,0,0,3,1,0,0,1,0,4,train
001657,0.0688572372090588,0,OK,0,0,1,1,0,0,0,0,0,val
001658,0.019542309936486,0,OK,0,0,0,0,0,0,0,0,3,train
001659,0.5359864869754575,0,OK,0,0,4,1,0,0,0,0,4,train
001660,0.6165647153501157,1,OK,0,0,4,1,0,0,0,0,1,train
001661,0.1916781264611237,0,OK,0,0,2,0,0,0,0,0,1,train
001662,0.0683761062295288,0,OK,0,0,1,0,0,0,0,0,3,train
001663,0.442907969156901,0,OK,0,0,4,0,0,0,0,0,3,train
001664,0.10526851316325,0,OK,0,0,1,0,0,0,0,0,0,val
001665,0.0829251607259114,0,OK,0,0,1,0,0,0,0,1,3,train
001666,0.0377541388038738,0,OK,0,0,0,1,0,0,0,0,3,train
001667,0.1317532857259114,0,OK,0,0,2,0,0,0,0,1,4,train
001668,0.1569463941786024,0,OK,0,0,2,1,0,0,0,0,3,train
001669,0.83770751953125,1,OK,0,0,4,0,0,0,0,0,2,train
001670,0.2761284510294596,0,OK,0,0,3,0,0,0,0,0,4,train
001671,0.5232823689778646,0,OK,0,0,4,0,0,0,0,0,3,train
001672,0.4733594972014397,0,OK,0,0,4,1,0,0,0,1,3,train
001673,0.3613325740515783,0,OK,0,0,3,0,0,0,1,1,4,train
001674,0.0401954650878906,0,OK,0,0,0,1,0,1,0,0,3,train
001675,0.1393035371771759,0,OK,0,0,2,1,0,0,0,0,3,train
001676,0.4530814841941551,0,OK,0,0,4,0,0,0,0,1,2,train
001677,0.2716633832013165,0,OK,0,0,3,0,0,0,0,0,2,train
001678,0.1092200102629484,0,OK,0,0,1,0,0,0,0,1,3,train
001679,0.2706141468552204,0,OK,0,0,3,0,0,0,1,0,1,train
001680,0.2275034586588541,0,OK,0,0,3,1,0,0,0,0,0,val
001681,0.3001671395199859,0,OK,0,0,3,0,0,0,0,0,3,train
001682,0.0397974193725893,0,OK,0,0,0,0,0,0,0,0,3,train
001683,0.8741509088386671,0,OK,0,0,4,1,0,0,1,1,2,train
001684,0.3315060697803317,0,OK,0,0,3,1,0,0,0,1,0,val
001685,0.2108694012258368,0,OK,0,0,2,1,0,1,0,0,1,train
001686,0.0179217801436077,0,OK,0,0,0,1,0,0,0,1,4,train
001687,0.0836563110351562,0,OK,0,0,1,1,0,1,0,0,0,val
001688,0.1049995422363281,0,OK,0,0,1,0,0,0,0,0,1,train
001689,0.0159308919370472,0,OK,0,0,0,0,0,0,1,0,0,val
001690,0.4750218448552703,0,OK,0,0,4,1,0,0,1,1,0,val
001691,0.4401151869032118,0,OK,0,0,4,0,0,0,0,0,0,val
001692,0.2889124552408854,0,OK,0,0,3,1,0,0,0,1,3,train
001693,0.2064388020833333,0,OK,0,0,2,1,0,0,0,0,1,train
001694,0.0076636327666443,0,OK,0,0,0,0,0,1,0,1,3,train
001695,0.2294871012369791,0,OK,0,0,3,1,1,0,1,0,0,val
001696,0.2046098146048542,0,OK,0,0,2,1,0,0,0,0,0,val
001697,0.0956926699037905,0,OK,0,0,1,0,0,0,0,0,1,train
001698,0.4953899941902515,0,OK,0,0,4,1,0,0,0,0,2,train
001699,0.2249258535879629,0,OK,0,0,3,0,0,0,0,1,1,train
001700,0.6618032880116661,1,OK,0,0,4,1,0,0,0,0,2,train
001701,0.2508063992881441,0,OK,0,0,3,1,0,0,0,0,1,train
001702,0.162186375370732,0,OK,0,0,2,1,0,0,0,0,3,train
001703,0.7393900553385416,1,OK,0,0,4,1,1,0,1,0,1,train
001704,0.2808837890625,0,OK,0,0,3,1,0,0,0,1,2,train
001705,0.9476085238986544,1,OK,0,0,4,1,0,0,0,0,1,train
001706,0.1797483853756272,0,OK,0,0,2,1,0,0,1,0,0,val
001707,0.042118517287234,0,OK,0,0,0,1,0,0,0,0,2,train
001708,0.0353248515585695,0,OK,0,0,0,1,0,0,1,0,0,val
001709,0.4695381090494174,1,OK,0,0,4,1,0,0,1,0,4,train
001710,0.2246242781003689,0,OK,0,0,3,1,0,0,1,0,2,train
001711,0.1011551659513729,0,OK,0,0,1,1,0,0,0,0,1,train
001712,0.0785026041666666,0,OK,0,0,1,0,0,0,0,0,4,train
001713,0.0154960308621918,0,OK,0,0,0,0,0,0,0,0,4,train
001714,0.0644327799479166,0,OK,0,0,1,1,0,1,0,0,0,val
001715,0.1674837239583333,0,OK,0,0,2,1,0,0,0,0,0,val
001716,0.2858509487575955,0,OK,0,0,3,0,0,0,0,1,0,val
001717,0.1298575918686064,0,OK,0,0,2,1,0,0,1,1,1,train
001718,0.2374316913938034,0,OK,0,0,3,0,0,0,0,0,0,val
001719,0.0634692888480767,0,OK,0,0,1,1,0,0,1,1,2,train
001720,0.8085044578269676,0,OK,0,0,4,0,0,0,0,0,0,val
001721,0.3243097417578328,0,OK,0,0,3,1,0,0,1,1,4,train
001722,0.110348539170275,0,OK,0,0,1,0,0,0,0,0,3,train
001723,0.0486878557091648,0,OK,0,0,0,1,0,0,0,0,3,train
001724,0.3616129557291667,1,OK,0,0,3,0,0,0,0,1,4,train
001725,0.0241117424639443,0,OK,0,0,0,0,0,0,0,0,1,train
001726,0.1220009208340805,0,OK,0,0,2,1,0,0,1,1,4,train
001727,0.2216395329558208,0,OK,0,0,3,0,0,0,1,0,3,train
001728,0.0621220180697635,0,OK,0,0,1,0,0,0,0,0,3,train
001729,0.0907362164336324,0,OK,0,0,1,1,0,0,0,0,4,train
001730,0.1579004923502604,0,OK,0,0,2,1,0,0,1,0,2,train
001731,0.1060678218807647,0,OK,0,0,1,0,0,0,1,1,2,train
001732,0.0286261635638297,0,OK,0,0,0,1,1,0,0,0,3,train
001733,0.011782579787234,0,OK,0,0,0,0,0,0,0,1,3,train
001734,0.3475735982259114,0,OK,0,0,3,1,0,0,0,0,1,train
001735,0.2008196512858072,0,OK,0,0,2,1,0,0,0,0,1,train
001736,0.5225079507587364,0,OK,0,0,4,1,1,0,0,1,1,train
001737,0.4819466145833333,1,OK,0,0,4,1,0,0,0,0,0,val
001738,0.3837249945796347,0,OK,0,0,3,1,0,0,1,0,3,train
001739,0.3266970760233918,0,OK,0,0,3,1,1,0,0,0,2,train
001740,0.2020803380895544,0,OK,0,0,2,1,0,0,0,0,2,train
001741,0.5096749781202834,1,OK,0,0,4,1,1,0,0,0,4,train
001742,0.0252052963345577,0,OK,0,0,0,1,0,0,0,1,0,val
001743,0.4082026263297872,0,OK,0,0,4,0,0,0,1,0,2,train
001744,0.0326349734042553,0,OK,0,0,0,0,0,0,1,0,1,train
001745,0.4061250578100739,0,OK,0,0,4,1,0,1,0,1,1,train
001746,0.0333658854166666,0,OK,0,0,0,0,0,0,0,0,3,train
001747,0.0683873859191655,0,OK,0,0,1,1,0,1,0,0,1,train
001748,0.041197972074468,0,OK,0,0,0,1,0,0,1,0,1,train
001749,0.0574576822916666,0,OK,0,0,1,1,0,0,0,0,1,train
001750,0.7632279443720121,0,OK,0,0,4,1,0,0,0,0,2,train
001751,0.1999869791666666,0,OK,0,0,2,1,0,0,0,0,2,train
001752,0.1280088098404255,0,OK,0,0,2,0,0,0,0,0,2,train
001753,0.8597462972005209,1,OK,0,0,4,0,1,0,0,0,0,val
001754,0.313974609375,0,OK,0,0,3,1,0,0,0,0,0,val
001755,0.1465137622974537,0,OK,0,0,2,0,0,0,0,0,4,train
001756,0.0372765026255659,0,OK,0,0,0,1,0,0,1,0,4,train
001757,0.1558508696379485,0,OK,0,0,2,1,0,0,0,0,3,train
001758,0.1058652138493521,0,OK,0,0,1,1,0,0,0,0,4,train
001759,0.0282621030454282,0,OK,0,0,0,0,0,0,0,0,3,train
001760,0.1105994015957446,0,OK,0,0,1,0,0,0,1,0,1,train
001761,0.0503467673046285,0,OK,0,0,1,1,0,0,0,0,3,train
001762,0.1072685806839554,0,OK,0,0,1,1,0,0,0,0,0,val
001763,0.0345073919377829,0,OK,0,0,0,1,0,0,0,1,0,val
001764,0.8842079335759416,0,OK,0,0,4,1,0,0,0,0,4,train
001765,0.0435461223115462,0,OK,0,0,0,0,0,0,1,0,1,train
001766,0.2219276428222656,0,OK,0,0,3,1,0,0,0,0,4,train
001767,0.0405904981825086,0,OK,0,0,0,0,0,1,0,1,1,train
001768,0.335283639076275,0,OK,0,0,3,0,1,0,0,1,2,train
001769,0.1943396241454953,0,OK,0,0,2,1,0,1,0,1,4,train
001770,0.6126237724513526,1,OK,0,0,4,1,0,0,0,1,1,train
001771,0.6620292663574219,1,OK,0,0,4,1,1,0,0,1,4,train
001772,0.0428091755319148,0,OK,0,0,0,0,0,0,1,0,0,val
001773,0.1303761800130208,0,OK,0,0,2,1,0,0,1,0,2,train
001774,0.9998995463053384,1,very_large_lesion,0,1,4,1,0,0,0,0,4,train
001775,0.141982421875,0,OK,0,0,2,0,0,0,0,0,4,train
001776,0.5291071291323062,0,OK,0,0,4,0,0,0,0,1,2,train
001777,0.5387051900227865,1,OK,0,0,4,1,0,0,0,0,3,train
001778,0.0692826216007387,0,OK,0,0,1,0,0,0,0,0,3,train
001779,0.1707762247743326,0,OK,0,0,2,1,0,0,0,0,2,train
001780,0.1470629374186197,0,OK,0,0,2,0,0,0,0,0,1,train
001781,0.2066428573043258,0,OK,0,0,2,0,1,0,0,1,0,val
001782,0.0412109375,0,OK,0,0,0,1,0,0,1,0,4,train
001783,0.1254244550992518,0,OK,0,0,2,1,0,0,0,0,4,train
001784,0.6873613680735146,1,OK,0,0,4,1,0,0,0,0,4,train
001785,0.7782214129412616,0,OK,0,0,4,0,0,0,0,1,1,train
001786,0.6021909906914894,0,OK,0,0,4,1,0,0,0,1,0,val
001787,0.0437807233146067,0,OK,0,0,0,1,1,0,0,0,4,train
001788,0.1067426754579404,0,OK,0,0,1,0,0,0,0,0,2,train
001789,0.0308012256402407,0,OK,0,0,0,0,0,0,0,1,3,train
001790,0.1032877321596498,0,OK,0,0,1,0,0,0,0,1,0,val
001791,0.6715943249311893,0,OK,0,0,4,1,0,0,0,0,3,train
001792,0.0044925477947341,0,very_small_lesion,1,0,0,0,0,0,0,1,0,val
001793,0.3956947326660156,0,OK,0,0,4,1,0,0,1,0,4,train
001794,0.3739158609136399,0,OK,0,0,3,1,0,0,1,1,3,train
001795,0.0726982243365336,0,OK,0,0,1,1,0,0,0,0,1,train
001796,0.1508076985677083,0,OK,0,0,2,0,0,0,1,0,1,train
001797,0.1467936197916666,0,OK,0,0,2,1,0,0,0,0,0,val
001798,0.1538978859230324,0,OK,0,0,2,0,0,0,0,1,2,train
001799,0.5278176513142642,0,OK,0,0,4,0,0,0,0,0,4,train
001800,0.2755633991429446,0,OK,0,0,3,1,0,0,1,0,4,train
001801,0.5747030188768237,0,OK,0,0,4,0,0,0,0,0,1,train
001802,0.0259630842015344,0,OK,0,0,0,1,0,0,1,1,0,val
001803,0.0438931783040364,0,OK,0,0,0,0,0,0,0,1,2,train
001804,0.2821669859359615,0,OK,0,0,3,1,0,0,0,0,1,train
001805,0.0250947966087644,0,OK,0,0,0,0,0,0,0,0,4,train
001806,0.0522440827334058,0,OK,0,0,1,1,0,0,1,0,1,train
001807,0.6399343805026833,1,OK,0,0,4,0,0,0,1,0,0,val
001808,0.3989512125651042,0,OK,0,0,4,0,0,0,0,0,3,train
001809,0.5380246812979864,0,OK,0,0,4,1,0,0,0,0,1,train
001810,0.1827817350776232,0,OK,0,0,2,1,0,0,1,1,1,train
001811,0.0545309175531914,0,OK,0,0,1,0,0,0,0,0,2,train
001812,0.2789616206861448,0,OK,0,0,3,0,0,0,0,0,2,train
001813,0.009226165520711,0,OK,0,0,0,1,0,0,1,0,4,train
001814,0.0286602178276454,0,OK,0,0,0,0,0,0,0,1,1,train
001815,0.0985393815246101,0,OK,0,0,1,0,0,0,0,0,0,val
001816,0.0534285974446587,0,OK,0,0,1,0,0,0,0,0,3,train
001817,0.4187256141945167,0,OK,0,0,4,1,0,0,1,1,4,train
001818,0.0164150381657483,0,OK,0,0,0,1,0,0,0,0,4,train
001819,0.0709826957486829,0,OK,0,0,1,1,0,0,0,1,2,train
001820,0.6418465089748224,0,OK,0,0,4,1,0,0,1,0,3,train
001821,0.2626019804882991,0,OK,0,0,3,0,0,0,1,0,1,train
001822,0.1200848332157841,0,OK,0,0,2,1,0,0,0,1,1,train
001823,0.6967912433999082,0,OK,0,0,4,1,0,0,0,0,3,train
001824,0.2687769434669751,0,OK,0,0,3,1,0,0,0,0,3,train
001825,0.2490894841927952,0,OK,0,0,3,1,0,0,0,0,4,train
001826,0.1088778177897135,0,OK,0,0,1,0,0,0,1,0,3,train
001827,0.1466034528661246,0,OK,0,0,2,1,0,0,0,0,2,train
001828,0.0244013468424479,0,OK,0,0,0,1,0,0,0,0,1,train
001829,0.0527096456796075,0,OK,0,0,1,1,0,0,0,1,0,val
001830,0.2563339227716041,0,OK,0,0,3,1,0,0,0,0,0,val
001831,0.4086362233807971,0,OK,0,0,4,1,0,0,0,1,0,val
001832,0.1027694744096555,0,OK,0,0,1,1,0,0,0,0,4,train
001833,0.0373297279840265,0,OK,0,0,0,0,1,1,0,1,0,val
001834,0.1629647606382978,0,OK,0,0,2,0,0,0,1,0,2,train
001835,0.0742365519205729,0,OK,0,0,1,0,0,1,0,1,3,train
001836,0.0606665558510638,0,OK,0,0,1,0,0,0,1,0,2,train
001837,0.3356590270996094,0,OK,0,0,3,1,0,0,0,0,1,train
001838,0.2915153503417969,0,OK,0,0,3,0,0,0,0,0,1,train
001839,0.0591789832875649,0,OK,0,0,1,1,0,0,0,1,4,train
001840,0.191839853922526,0,OK,0,0,2,1,0,0,0,0,2,train
001841,0.5600115458170573,1,OK,0,0,4,1,0,0,1,0,4,train
001842,0.4079786893676724,0,OK,0,0,4,1,0,0,0,1,2,train
001843,0.0149453125,0,OK,0,0,0,0,0,0,0,0,0,val
001844,0.1210467020670573,0,OK,0,0,2,1,0,0,0,1,3,train
001845,0.2414042683789619,1,OK,0,0,3,0,0,0,0,0,4,train
001846,0.1635800114384404,0,OK,0,0,2,0,0,0,0,0,4,train
001847,0.0994401041666666,0,OK,0,0,1,1,0,0,0,0,1,train
001848,0.0358435602872155,0,OK,0,0,0,1,0,0,1,0,1,train
001849,0.0523320053329973,0,OK,0,0,1,0,0,0,0,0,3,train
001850,0.4210934109157986,0,OK,0,0,4,1,0,0,0,1,3,train
001851,0.177759947600188,0,OK,0,0,2,1,0,0,0,0,2,train
001852,0.0563956245807479,0,OK,0,0,1,1,0,0,0,0,2,train
001853,0.0692408577127659,0,OK,0,0,1,1,0,0,0,0,0,val
001854,0.1308303169513278,0,OK,0,0,2,1,0,0,0,1,2,train
001855,0.0690665134616365,0,OK,0,0,1,1,0,0,1,1,2,train
001856,0.5015474955240885,0,OK,0,0,4,1,1,0,1,0,4,train
001857,0.0356325760156381,0,OK,0,0,0,0,0,0,0,0,3,train
001858,0.0480534913214824,0,OK,0,0,0,0,0,0,0,0,0,val
001859,0.0419413368113785,0,OK,0,0,0,1,0,0,0,0,4,train
001860,0.6508395421901454,1,OK,0,0,4,1,1,0,0,0,0,val
001861,0.1386807759602864,0,OK,0,0,2,1,0,0,0,0,3,train
001862,0.2677491243220558,0,OK,0,0,3,1,0,0,0,1,4,train
001863,0.3727168709378698,0,OK,0,0,3,0,0,0,0,0,1,train
001864,0.4299877321593141,0,OK,0,0,4,1,0,0,1,1,1,train
001865,0.473400358920775,0,OK,0,0,4,1,1,0,1,1,0,val
001866,0.0545970775462962,0,OK,0,0,1,0,0,1,0,1,4,train
001867,0.3333355938946759,0,OK,0,0,3,1,0,0,1,0,4,train
001868,0.4611906034695633,0,OK,0,0,4,1,0,0,0,0,4,train
001869,0.0227947014401308,0,OK,0,0,0,1,0,0,1,0,1,train
001870,0.268154296875,0,OK,0,0,3,0,0,0,0,1,0,val
001871,0.0405427381613701,0,OK,0,0,0,1,0,0,1,0,1,train
001872,0.065065159574468,0,OK,0,0,1,0,1,0,1,0,2,train
001873,0.3090298970540364,0,OK,0,0,3,1,0,0,0,0,1,train
001874,0.1028192475576471,0,OK,0,0,1,0,0,0,0,0,2,train
001875,0.3171247923392168,0,OK,0,0,3,1,0,0,0,0,1,train
001876,0.0307727083650866,0,OK,0,0,0,0,0,0,0,0,3,train
001877,0.2357359027516932,0,OK,0,0,3,1,0,0,1,0,0,val
001878,0.1872822796856915,0,OK,0,0,2,1,0,0,0,0,0,val
001879,0.0487096077127659,0,OK,0,0,0,1,0,0,1,0,3,train
001880,0.3936653645833333,0,OK,0,0,4,1,0,0,0,0,2,train
001881,0.1433492589879919,0,OK,0,0,2,0,0,0,0,0,2,train
001882,0.1619923909505208,0,OK,0,0,2,1,0,0,0,0,1,train
001883,0.0324985039893617,0,OK,0,0,0,0,1,0,0,0,1,train
001884,0.0699707113135166,0,OK,0,0,1,1,1,0,0,0,2,train
001885,0.6826940297926352,0,OK,0,0,4,1,0,0,0,0,0,val
001886,0.5227609500924913,1,OK,0,0,4,0,0,0,0,0,1,train
001887,0.0158225070224719,0,OK,0,0,0,1,0,0,0,0,1,train
001888,0.0154122705910111,0,OK,0,0,0,1,0,0,0,1,4,train
001889,0.3355510940557574,0,OK,0,0,3,1,0,1,1,0,0,val
001890,0.1646052807697152,0,OK,0,0,2,1,0,0,0,0,0,val
001891,0.1239826586869025,0,OK,0,0,2,1,0,0,0,0,4,train
001892,0.1277262369791666,0,OK,0,0,2,0,0,0,0,0,4,train
001893,0.1517384847005208,0,OK,0,0,2,1,0,0,0,1,0,val
001894,0.1287755966186523,0,OK,0,0,2,1,0,0,0,0,4,train
001895,0.4085197448730469,0,OK,0,0,4,0,0,0,0,0,3,train
001896,0.1366043090820312,0,OK,0,0,2,1,0,0,0,0,3,train
001897,0.0970823987506288,0,OK,0,0,1,1,0,0,0,0,0,val
001898,0.8548735770137489,0,OK,0,0,4,1,1,0,0,1,2,train
001899,0.0315055847167968,0,OK,0,0,0,0,0,0,0,1,4,train
001900,0.2224739583333333,0,OK,0,0,3,0,0,0,0,0,2,train
001901,0.4293721516927083,0,OK,0,0,4,1,0,1,0,1,3,train
001902,0.3154738290181887,0,OK,0,0,3,0,0,0,0,0,3,train
001903,0.0565727158919123,0,OK,0,0,1,1,0,0,1,0,4,train
001904,0.848420282369146,1,OK,0,0,4,1,0,0,0,0,0,val
001905,0.0955568087574535,0,OK,0,0,1,0,0,0,0,0,2,train
001906,0.0082441167145312,0,OK,0,0,0,0,0,0,0,1,4,train
001907,0.2583885192871094,0,OK,0,0,3,0,1,0,0,1,1,train
001908,0.2278157552083333,0,OK,0,0,3,1,0,0,0,0,3,train
001909,0.279224537037037,0,OK,0,0,3,1,0,0,0,0,1,train
001910,0.2896652221679687,0,OK,0,0,3,1,0,0,0,1,2,train
001911,0.6798402868318123,0,OK,0,0,4,1,0,0,0,0,1,train
001912,0.1991033139751421,0,OK,0,0,2,1,0,0,0,0,3,train
001913,0.1587044270833333,0,OK,0,0,2,1,0,0,0,0,3,train
001914,0.083555352393617,0,OK,0,0,1,1,0,0,0,0,0,val
001915,0.388573823151765,0,OK,0,0,3,1,0,0,1,0,3,train
001916,0.178564453125,0,OK,0,0,2,0,0,0,0,1,2,train
001917,0.0702642952127659,0,OK,0,0,1,1,0,0,0,1,1,train
001918,0.1307729042637934,0,OK,0,0,2,0,0,0,0,0,3,train
001919,0.2599220275878906,0,OK,0,0,3,1,0,0,0,1,0,val
001920,0.1148881645145061,0,OK,0,0,1,1,0,0,1,0,4,train
001921,0.086982421875,0,OK,0,0,1,0,0,1,0,1,1,train
001922,0.14743519134764,0,OK,0,0,2,1,0,0,1,0,4,train
001923,0.0189056396484375,0,OK,0,0,0,0,0,0,0,0,1,train
001924,0.1868892952127659,0,OK,0,0,2,0,0,0,0,0,4,train
001925,0.4598812632326429,0,OK,0,0,4,1,1,0,1,0,2,train
001926,0.2887311864782262,0,OK,0,0,3,0,0,0,0,0,2,train
001927,0.0926618280175666,0,OK,0,0,1,1,0,0,0,0,3,train
001928,0.1226399739583333,0,OK,0,0,2,0,0,0,1,0,3,train
001929,0.262976328531901,0,OK,0,0,3,1,0,0,1,0,4,train
001930,0.0516076264558015,0,OK,0,0,1,1,0,1,0,0,3,train
001931,0.0541185618606406,0,OK,0,0,1,1,0,0,1,0,2,train
001932,0.0770095542625144,0,OK,0,0,1,1,0,0,0,0,3,train
001933,0.3852229865788962,0,OK,0,0,3,1,0,1,0,0,4,train
001934,0.0322656217245933,0,OK,0,0,0,0,0,0,0,0,0,val
001935,0.0500806172688802,0,OK,0,0,0,0,0,1,0,0,1,train
001936,0.0934130350748698,0,OK,0,0,1,0,0,0,0,1,2,train
001937,0.4700107743010285,0,OK,0,0,4,0,0,0,0,0,4,train
001938,0.0369674680058276,0,OK,0,0,0,1,0,0,0,0,4,train
001939,0.4251728764286748,0,OK,0,0,4,1,0,0,0,1,4,train
001940,0.2477146216311285,0,OK,0,0,3,1,0,0,0,1,4,train
001941,0.0886366409989921,0,OK,0,0,1,0,0,0,1,0,2,train
001942,0.2101169781254527,0,OK,0,0,2,1,0,0,0,0,0,val
001943,0.0956195387145115,0,OK,0,0,1,0,0,0,0,0,4,train
001944,0.0300096853775364,0,OK,0,0,0,1,0,0,0,0,0,val
001945,0.0181283114361479,0,OK,0,0,0,1,0,0,0,0,1,train
001946,0.307333984375,0,OK,0,0,3,1,0,0,0,1,3,train
001947,0.0469735078557353,0,OK,0,0,0,0,0,0,0,1,3,train
001948,0.0470072428385416,0,OK,0,0,0,1,0,0,1,0,2,train
001949,0.0493241356382978,0,OK,0,0,0,1,0,0,1,0,3,train
001950,0.7970189584520582,1,OK,0,0,4,0,0,0,0,1,2,train
001951,0.0654487609863281,0,OK,0,0,1,0,0,0,0,0,1,train
001952,0.096837267287234,0,OK,0,0,1,1,0,0,1,1,4,train
001953,0.2417579787234042,0,OK,0,0,3,1,1,0,0,1,2,train
001954,0.1998636085409577,0,OK,0,0,2,0,0,0,0,0,4,train
001955,0.1046555500794412,0,OK,0,0,1,1,0,0,0,0,4,train
001956,0.0569205729166666,0,OK,0,0,1,0,0,0,0,0,1,train
001957,0.8941930135091146,1,OK,0,0,4,1,0,0,0,1,3,train
001958,0.4860755092602297,1,OK,0,0,4,0,0,0,0,0,2,train
001959,0.2667824712402126,0,OK,0,0,3,1,0,1,0,0,0,val
001960,0.1567153930664062,0,OK,0,0,2,0,0,0,0,1,4,train
001961,0.0894212223247334,0,OK,0,0,1,1,0,0,0,0,2,train
001962,0.1456184895833333,0,OK,0,0,2,0,0,0,0,0,4,train
001963,0.1537132263183593,0,OK,0,0,2,0,0,0,0,1,1,train
001964,0.3738218534372173,0,OK,0,0,3,1,0,0,0,0,1,train
001965,0.3833756510416666,0,OK,0,0,3,0,1,0,1,0,1,train
001966,0.0358039039383736,0,OK,0,0,0,0,0,0,1,0,0,val
001967,0.0519632623836575,0,OK,0,0,1,1,1,0,0,0,0,val
001968,0.0723347360808318,0,OK,0,0,1,0,0,0,0,0,4,train
001969,0.1068411453966124,0,OK,0,0,1,1,0,0,0,0,0,val
001970,0.0400690193117042,0,OK,0,0,0,0,0,0,0,0,2,train
001971,0.4837932833777147,0,OK,0,0,4,1,0,0,0,0,0,val
001972,0.0424156188964843,0,OK,0,0,0,1,0,0,0,0,4,train
001973,0.0284946808510638,0,OK,0,0,0,0,0,0,0,0,0,val
001974,0.614619140625,0,OK,0,0,4,1,0,0,0,0,1,train
001975,0.0621299445704207,0,OK,0,0,1,1,0,0,0,0,4,train
001976,0.4131037394205729,0,OK,0,0,4,1,0,1,1,0,0,val
001977,0.0299514487937644,0,OK,0,0,0,1,0,0,0,1,4,train
001978,0.5053761800130209,0,OK,0,0,4,1,1,0,0,0,3,train
001979,0.1877719737865306,0,OK,0,0,2,1,0,0,0,1,4,train
001980,0.249212900797526,0,OK,0,0,3,1,0,1,0,1,2,train
001981,0.2043359375,0,OK,0,0,2,1,0,0,0,0,0,val
001982,0.090766954787234,0,OK,0,0,1,0,0,0,0,0,2,train
001983,0.4127154591424534,0,OK,0,0,4,1,0,0,0,0,1,train
001984,0.0748996576777168,0,OK,0,0,1,0,0,0,0,0,1,train
001985,0.0437082361291956,0,OK,0,0,0,1,0,1,0,0,1,train
001986,0.5284538672071525,0,OK,0,0,4,1,0,0,1,0,2,train
001987,0.3706608072916666,0,OK,0,0,3,1,0,1,0,0,0,val
001988,0.3286128573947482,0,OK,0,0,3,1,0,0,0,0,4,train
001989,0.2055587768554687,0,OK,0,0,2,1,0,0,0,0,0,val
001990,0.3148145661265302,0,OK,0,0,3,0,0,0,0,0,1,train
001991,0.3805947647136423,0,OK,0,0,3,1,0,0,0,0,0,val
001992,0.1896616617838541,0,OK,0,0,2,1,0,0,0,0,0,val
001993,0.0842793782552083,0,OK,0,0,1,1,0,0,0,1,3,train
001994,0.0152159017063558,0,OK,0,0,0,0,0,0,1,0,2,train
001995,0.0551236470540364,0,OK,0,0,1,0,1,0,0,0,4,train
001996,0.1120234119518279,0,OK,0,0,1,0,0,0,1,0,3,train
001997,0.1289405822753906,0,OK,0,0,2,0,0,0,1,1,2,train
001998,0.3844617207845052,0,OK,0,0,3,1,0,0,0,0,1,train
001999,0.0296743683510638,0,OK,0,0,0,1,0,0,0,0,3,train
002000,0.8705088297526041,1,OK,0,0,4,1,0,0,0,0,2,train
002001,0.0906534127952951,0,OK,0,0,1,1,0,0,0,0,0,val
002002,0.016392755324501,0,OK,0,0,0,1,0,0,0,0,1,train
002003,0.2381938665378533,0,OK,0,0,3,1,1,0,0,0,3,train
002004,0.170482231212308,0,OK,0,0,2,1,0,0,1,0,4,train
002005,0.3038683207907093,0,OK,0,0,3,0,0,0,1,0,1,train
002006,0.046490987141927,0,OK,0,0,0,1,0,0,0,1,2,train
002007,0.4950346239980243,0,OK,0,0,4,1,0,0,0,0,1,train
002008,0.098798116048177,0,OK,0,0,1,0,0,0,0,1,4,train
002009,0.4789083380493189,0,OK,0,0,4,1,0,0,0,0,3,train
002010,0.4993359375,1,OK,0,0,4,1,0,0,0,0,1,train
002011,0.4710499664075481,1,OK,0,0,4,1,0,1,0,0,3,train
002012,0.1126988728841145,0,OK,0,0,1,1,0,0,0,1,1,train
002013,0.4761799897932833,1,OK,0,0,4,1,0,0,0,1,3,train
002014,0.2614691558101651,1,OK,0,0,3,0,0,0,0,0,0,val
002015,0.3345892607276119,0,OK,0,0,3,0,0,0,0,0,2,train
002016,0.0444376662234042,0,OK,0,0,0,1,0,0,0,0,4,train
002017,0.0245513020396612,0,OK,0,0,0,0,0,0,0,0,3,train
002018,0.8290278116861979,1,OK,0,0,4,1,0,0,0,0,1,train
002019,0.3449916892317263,0,OK,0,0,3,1,1,0,0,0,3,train
002020,0.381183018421829,0,OK,0,0,3,1,0,0,0,1,0,val
002021,0.7235603222200785,1,OK,0,0,4,0,0,0,0,0,1,train
002022,0.3899688720703125,0,OK,0,0,4,0,0,0,0,0,0,val
002023,0.1491519055000526,0,OK,0,0,2,1,0,0,0,0,1,train
002024,0.9089978994640012,1,OK,0,0,4,1,0,0,0,0,1,train
002025,0.5744620429144965,0,OK,0,0,4,1,0,0,0,0,2,train
002026,0.0623126785532088,0,OK,0,0,1,0,0,0,1,0,0,val
002027,0.1886853818540219,0,OK,0,0,2,1,0,0,0,0,0,val
002028,0.3723246910391797,1,OK,0,0,3,1,0,0,0,0,4,train
002029,0.2186573878762787,0,OK,0,0,3,0,0,0,1,0,1,train
002030,0.6798774311632851,1,OK,0,0,4,0,1,0,1,1,2,train
002031,0.2045745849609375,0,OK,0,0,2,1,0,0,0,0,3,train
002032,0.4557378495883988,0,OK,0,0,4,1,0,0,0,0,2,train
002033,0.0875537039661543,0,OK,0,0,1,0,0,0,0,0,1,train
002034,0.019690159574468,0,OK,0,0,0,0,0,0,0,0,1,train
002035,0.155200222570422,0,OK,0,0,2,1,0,0,1,0,1,train
002036,0.2716629122925133,0,OK,0,0,3,1,0,0,0,0,1,train
002037,0.1597428385416666,0,OK,0,0,2,1,0,0,0,0,2,train
002038,0.3468436535493827,1,OK,0,0,3,1,0,0,0,0,1,train
002039,0.4654989642778753,1,OK,0,0,4,0,0,0,1,0,0,val
002040,0.2722312256854148,0,OK,0,0,3,1,0,0,0,0,2,train
002041,0.2355719851874187,0,OK,0,0,3,1,0,0,0,0,1,train
002042,0.2411184310913086,0,OK,0,0,3,1,0,0,0,0,0,val
002043,0.1804400246834647,0,OK,0,0,2,0,0,0,0,0,2,train
002044,0.1240373579783666,0,OK,0,0,2,1,0,0,0,0,3,train
002045,0.1448567708333333,0,OK,0,0,2,1,0,0,0,0,3,train
002046,0.2234431474275832,0,OK,0,0,3,1,0,0,0,0,1,train
002047,0.0281775792439778,0,OK,0,0,0,1,0,0,0,0,1,train
002048,0.0550181183510638,0,OK,0,0,1,0,0,0,0,1,2,train
002049,0.3769651342321325,0,OK,0,0,3,0,0,0,1,0,4,train
002050,0.7651621500651041,1,OK,0,0,4,1,0,0,1,0,1,train
002051,0.5520121567260105,0,OK,0,0,4,1,1,1,0,1,1,train
002052,0.2393880208333333,0,OK,0,0,3,1,0,0,0,0,4,train
002053,0.628838362183308,1,OK,0,0,4,1,0,0,0,0,3,train
002054,0.5971819680389756,0,OK,0,0,4,1,0,0,0,1,1,train
002055,0.1803601582845052,0,OK,0,0,2,1,0,0,0,0,3,train
002056,0.406097412109375,1,OK,0,0,4,0,1,0,1,0,4,train
002057,0.0054760638297872,0,OK,0,0,0,0,0,0,0,0,3,train
002058,0.2160914543617361,1,OK,0,0,2,1,0,0,0,0,0,val
002059,0.1238671875,0,OK,0,0,2,1,0,0,0,0,2,train
002060,0.0670534703588797,0,OK,0,0,1,0,0,0,1,0,0,val
002061,0.0855030991897954,0,OK,0,0,1,0,0,0,1,0,2,train
002062,0.1307017008463541,0,OK,0,0,2,0,0,0,0,0,1,train
002063,0.4301673041449653,0,OK,0,0,4,0,0,1,0,0,4,train
002064,0.6144363897596656,1,OK,0,0,4,1,0,0,0,0,2,train
002065,0.0255719681027446,0,OK,0,0,0,0,0,0,1,0,0,val
002066,0.0601534167732265,0,OK,0,0,1,1,0,0,1,0,4,train
002067,0.4908650716145833,0,OK,0,0,4,1,0,0,0,1,3,train
002068,0.1306640625,0,OK,0,0,2,1,0,0,0,0,3,train
002069,0.0697711103723404,0,OK,0,0,1,1,0,0,0,0,2,train
002070,0.489990234375,1,OK,0,0,4,0,0,0,0,0,0,val
002071,0.0371977548528211,0,OK,0,0,0,0,0,0,1,0,2,train
002072,0.2902488027369656,0,OK,0,0,3,0,1,0,0,0,1,train
002073,0.0609375,0,OK,0,0,1,0,0,0,1,0,3,train
002074,0.4252065409995272,0,OK,0,0,4,0,0,0,0,0,4,train
002075,0.5383761635638298,1,OK,0,0,4,1,1,0,0,0,2,train
002076,0.1563558843085106,0,OK,0,0,2,1,0,0,1,0,1,train
002077,0.0826150493716171,0,OK,0,0,1,0,0,0,0,0,0,val
002078,0.0387809175531914,0,OK,0,0,0,1,0,0,0,1,3,train
002079,0.1796410878499349,0,OK,0,0,2,1,0,1,0,0,4,train
002080,0.0077627138185477,0,OK,0,0,0,1,0,0,0,0,1,train
002081,0.1819604944299768,0,OK,0,0,2,1,0,0,0,0,4,train
002082,0.5380045572916666,0,OK,0,0,4,1,0,0,1,0,4,train
002083,0.0223741392231259,0,OK,0,0,0,1,0,0,0,1,1,train
002084,0.2438598395006226,0,OK,0,0,3,0,0,0,0,0,4,train
002085,0.2400760652432014,0,OK,0,0,3,1,0,0,0,0,0,val
002086,0.0288670212765957,0,OK,0,0,0,0,0,0,0,0,1,train
002087,0.1200063164893617,0,OK,0,0,2,0,1,0,1,0,3,train
002088,0.1289371914333767,0,OK,0,0,2,1,0,0,0,0,3,train
002089,0.4618403649164616,0,OK,0,0,4,1,0,0,0,0,0,val
002090,0.2831649780273437,0,OK,0,0,3,1,1,0,0,0,1,train
002091,0.5748596307785426,0,OK,0,0,4,1,0,0,0,1,0,val
002092,0.100964864095052,0,OK,0,0,1,1,0,0,0,0,4,train
002093,0.1696367263793945,0,OK,0,0,2,1,0,1,0,0,3,train
002094,0.0711284906914893,0,OK,0,0,1,0,0,0,1,0,4,train
002095,0.6870880126953125,1,OK,0,0,4,0,0,0,0,0,0,val
002096,0.96937334979022,1,very_large_lesion,0,1,4,0,0,0,0,0,3,train
002097,0.0086175949605903,0,OK,0,0,0,1,0,0,0,0,3,train
002098,0.0409187758264462,0,OK,0,0,0,1,0,0,1,0,4,train
002099,0.0111142397778287,0,OK,0,0,0,0,0,0,0,0,1,train
002100,0.3971939086914062,0,OK,0,0,4,1,0,0,0,0,3,train
002101,0.0889973958333333,0,OK,0,0,1,1,0,0,0,0,4,train
002102,0.1243454918612694,0,OK,0,0,2,1,0,0,1,0,3,train
002103,0.0191389013219762,0,OK,0,0,0,1,0,0,0,0,0,val
002104,0.5581499735514323,0,OK,0,0,4,0,0,0,1,0,2,train
002105,0.0194421726737067,0,OK,0,0,0,0,0,0,0,0,0,val
002106,0.0580151875813802,0,OK,0,0,1,1,0,0,0,0,3,train
002107,0.0656966145833333,0,OK,0,0,1,1,0,0,0,1,0,val
002108,0.0551068339395019,0,OK,0,0,1,0,0,0,0,0,2,train
002109,0.961933280533846,0,very_large_lesion,0,1,4,0,0,0,1,1,3,train
002110,0.2703628540039062,0,OK,0,0,3,1,0,0,0,0,0,val
002111,0.5940234375,1,OK,0,0,4,1,0,0,0,0,0,val
002112,0.132902357313368,0,OK,0,0,2,1,0,0,0,1,1,train
002113,0.0476792478657554,0,OK,0,0,0,0,0,0,0,1,3,train
002114,0.5085999641076564,1,OK,0,0,4,1,0,0,0,0,0,val
002115,0.0682381981382978,0,OK,0,0,1,1,0,0,0,0,0,val
002116,0.4242947896321614,0,OK,0,0,4,1,0,0,0,0,2,train
002117,0.2753239098320734,0,OK,0,0,3,1,0,0,0,1,4,train
002118,0.0245493683510638,0,OK,0,0,0,0,0,0,0,0,3,train
002119,0.4058718817754308,0,OK,0,0,4,1,0,0,1,0,0,val
002120,0.0173869231353764,0,OK,0,0,0,0,0,0,0,1,3,train
002121,0.104597412859649,0,OK,0,0,1,0,0,0,0,0,1,train
002122,0.132276040536386,0,OK,0,0,2,1,0,0,0,0,3,train
002123,0.0818025265957446,0,OK,0,0,1,1,0,0,0,0,0,val
002124,0.1571440859046791,0,OK,0,0,2,1,0,0,0,1,4,train
002125,0.0182172387273603,0,OK,0,0,0,0,0,1,0,1,2,train
002126,0.3566861979166666,0,OK,0,0,3,0,1,0,0,0,1,train
002127,0.0256763898454239,0,OK,0,0,0,1,0,0,1,1,3,train
002128,0.9407437642415364,1,OK,0,0,4,1,0,0,0,0,1,train
002129,0.5516587716473376,1,OK,0,0,4,1,0,0,0,0,1,train
002130,0.0118223347360808,0,OK,0,0,0,1,0,0,0,0,1,train
002131,0.1371725575947509,0,OK,0,0,2,0,0,0,0,0,1,train
002132,0.6889522656905072,1,OK,0,0,4,1,0,0,1,0,4,train
002133,0.19173828125,0,OK,0,0,2,1,0,0,0,0,0,val
002134,0.032798694160867,0,OK,0,0,0,1,0,0,0,0,1,train
002135,0.4319846541793258,1,OK,0,0,4,1,0,0,0,0,2,train
002136,0.2370487034574468,0,OK,0,0,3,0,0,0,1,0,3,train
002137,0.0798282912234042,0,OK,0,0,1,1,0,0,0,1,2,train
002138,0.0836575826009114,0,OK,0,0,1,1,0,0,0,0,0,val
002139,0.0754102071126302,0,OK,0,0,1,1,0,0,0,0,4,train
002140,0.0115535057332718,0,OK,0,0,0,1,0,0,0,0,2,train
002141,0.9096514383951824,1,OK,0,0,4,0,0,0,1,0,3,train
002142,0.41427734375,0,OK,0,0,4,0,0,1,0,0,1,train
002143,0.3100225660536024,0,OK,0,0,3,1,0,0,0,0,0,val
002144,0.107571642287234,0,OK,0,0,1,0,0,0,1,0,1,train
002145,0.0865124542535453,0,OK,0,0,1,1,0,0,0,0,4,train
002146,0.0823416861522148,0,OK,0,0,1,1,0,0,0,0,1,train
002147,0.0388774933510638,0,OK,0,0,0,1,0,0,1,0,3,train
002148,0.112881271927445,0,OK,0,0,1,1,0,0,0,0,1,train
002149,0.1271991406183173,0,OK,0,0,2,1,0,0,1,0,4,train
002150,0.2353286743164062,0,OK,0,0,3,1,0,0,0,0,4,train
002151,0.1098388815402704,0,OK,0,0,1,0,0,0,1,0,0,val
002152,0.2276410618571635,0,OK,0,0,3,1,0,0,0,0,2,train
002153,0.0303071460065507,0,OK,0,0,0,0,0,0,0,1,0,val
002154,0.5867154947916666,0,OK,0,0,4,1,0,0,0,0,1,train
002155,0.0308979378655593,0,OK,0,0,0,0,0,0,0,0,0,val
002156,0.1908726278429668,0,OK,0,0,2,1,0,0,0,0,0,val
002157,0.1944974009509414,0,OK,0,0,2,1,0,0,0,0,2,train
002158,0.0067846773855441,0,OK,0,0,0,0,0,0,1,1,3,train
002159,0.4641276041666666,0,OK,0,0,4,1,0,0,0,0,0,val
002160,0.0485268694711135,0,OK,0,0,0,1,0,0,0,0,2,train
002161,0.0507644635407932,0,OK,0,0,1,0,0,0,1,0,4,train
002162,0.026223233376656,0,OK,0,0,0,0,0,0,0,0,2,train
002163,0.5144233721538725,0,OK,0,0,4,1,0,0,0,0,0,val
002164,0.1916243489583333,0,OK,0,0,2,1,0,1,0,0,0,val
002165,0.0939039441137011,0,OK,0,0,1,1,0,0,1,1,2,train
002166,0.1193489583333333,0,OK,0,0,2,0,0,0,0,0,4,train
002167,0.0594921875,0,OK,0,0,1,1,0,0,0,0,4,train
002168,0.0962226302535445,0,OK,0,0,1,1,0,0,0,0,3,train
002169,0.2180047168379416,0,OK,0,0,3,0,0,0,0,0,3,train
002170,0.0180370625446383,0,OK,0,0,0,0,0,0,1,0,1,train
002171,0.0207569071775951,0,OK,0,0,0,0,0,0,0,1,0,val
002172,0.2878163574925867,0,OK,0,0,3,1,0,0,0,0,0,val
002173,0.3608196585508309,0,OK,0,0,3,1,0,0,0,1,4,train
002174,0.0455638744212962,0,OK,0,0,0,0,0,1,0,1,3,train
002175,0.0227566662521681,0,OK,0,0,0,1,0,0,0,0,2,train
002176,0.423587978470519,0,OK,0,0,4,1,0,0,0,0,1,train
002177,0.1798006693522135,0,OK,0,0,2,1,1,0,0,0,3,train
002178,0.2481033703512396,0,OK,0,0,3,1,0,0,0,0,0,val
002179,0.1797134964554398,0,OK,0,0,2,1,0,0,1,0,1,train
002180,0.1275585319737782,0,OK,0,0,2,0,0,0,0,1,1,train
002181,0.0516092818300159,0,OK,0,0,1,0,0,0,0,0,3,train
002182,0.6482666000693156,0,OK,0,0,4,0,0,0,0,0,3,train
002183,0.1287641540288573,0,OK,0,0,2,1,0,0,0,0,2,train
002184,0.3815409342447917,0,OK,0,0,3,1,0,0,1,0,0,val
002185,0.3638066470476442,0,OK,0,0,3,1,0,0,0,0,4,train
002186,0.0969146979288948,0,OK,0,0,1,0,0,0,0,1,0,val
002187,0.3787911026566117,0,OK,0,0,3,1,0,0,0,0,0,val
002188,0.011961271490154,0,OK,0,0,0,0,0,0,0,0,1,train
002189,0.753365110224722,0,OK,0,0,4,0,0,0,0,0,2,train
002190,0.0401671309009726,0,OK,0,0,0,0,0,0,0,0,4,train
002191,0.0779054188829787,0,OK,0,0,1,1,0,0,0,0,3,train
002192,0.514293044546768,0,OK,0,0,4,1,0,0,0,0,1,train
002193,0.6786053975423177,1,OK,0,0,4,1,0,0,0,0,0,val
002194,0.2297820888366412,0,OK,0,0,3,0,0,0,0,0,0,val
002195,0.1288795554356029,0,OK,0,0,2,1,0,0,1,0,4,train
002196,0.0447103712293836,0,OK,0,0,0,1,0,0,0,0,3,train
002197,0.43537109375,1,OK,0,0,4,1,0,0,0,0,4,train
002198,0.2805578447556622,0,OK,0,0,3,0,0,0,1,0,4,train
002199,0.2826334635416667,0,OK,0,0,3,1,0,0,0,1,1,train
002200,0.1796135568751419,0,OK,0,0,2,1,0,0,0,0,2,train
002201,0.8121121724446615,1,OK,0,0,4,1,0,0,0,0,4,train
002202,0.3494008382161458,0,OK,0,0,3,0,0,0,0,0,1,train
002203,0.1891072591145833,0,OK,0,0,2,1,0,0,1,0,3,train
002204,0.0338454069914641,0,OK,0,0,0,0,0,0,0,1,3,train
002205,0.1160214742024739,0,OK,0,0,2,0,0,0,0,0,1,train
002206,0.4958888866283275,1,OK,0,0,4,1,0,0,0,1,3,train
002207,0.0478223164876302,0,OK,0,0,0,0,0,0,0,0,2,train
002208,0.0156597561306423,0,OK,0,0,0,0,0,0,0,0,1,train
002209,0.8157570018365473,1,OK,0,0,4,1,0,1,0,0,0,val
002210,0.2753582000732422,0,OK,0,0,3,1,0,0,0,1,3,train
002211,0.0201144748263888,0,OK,0,0,0,0,0,1,0,0,3,train
002212,0.1765879099856452,0,OK,0,0,2,1,0,0,1,0,2,train
002213,0.3496028548288991,1,OK,0,0,3,1,0,0,0,0,4,train
002214,0.0629761839149239,0,OK,0,0,1,1,0,0,0,0,2,train
002215,0.0185725842624631,0,OK,0,0,0,0,0,0,0,0,4,train
002216,0.2021280924479166,0,OK,0,0,2,1,0,0,0,0,0,val
002217,0.0075869063652943,0,OK,0,0,0,0,0,0,0,0,2,train
002218,0.1840390369923987,0,OK,0,0,2,1,0,0,0,0,3,train
002219,0.0108130308769513,0,OK,0,0,0,1,0,0,0,0,3,train
002220,0.0141854147535965,0,OK,0,0,0,0,0,0,1,0,4,train
002221,0.0125035374392084,0,OK,0,0,0,0,0,0,0,0,4,train
002222,0.0125119766159065,0,OK,0,0,0,0,0,1,0,1,2,train
002223,0.1422271728515625,0,OK,0,0,2,0,0,0,0,0,3,train
002224,0.0988047713504108,0,OK,0,0,1,0,0,0,0,0,3,train
002225,0.3171013962765957,1,OK,0,0,3,0,0,0,0,0,1,train
002226,0.2856699625651042,0,OK,0,0,3,1,0,0,0,0,2,train
002227,0.2976916277850115,0,OK,0,0,3,0,0,0,0,0,0,val
002228,0.1476341226540977,0,OK,0,0,2,1,0,1,0,1,3,train
002229,0.7353444881262116,1,OK,0,0,4,0,0,0,0,0,3,train
002230,0.1081564133537636,0,OK,0,0,1,1,0,0,0,0,3,train
002231,0.014721560954008,0,OK,0,0,0,1,0,0,0,1,4,train
002232,0.2932209736811399,0,OK,0,0,3,1,0,0,0,0,2,train
002233,0.1908795407861632,0,OK,0,0,2,0,0,0,0,0,3,train
002234,0.032043708667792,0,OK,0,0,0,0,0,0,0,0,3,train
002235,0.175732421875,0,OK,0,0,2,1,0,0,0,0,0,val
002236,0.6325130208333334,1,OK,0,0,4,1,0,0,0,0,2,train
002237,0.0864814296691664,0,OK,0,0,1,1,0,0,1,0,0,val
002238,0.0660597172624982,0,OK,0,0,1,1,0,0,0,0,2,train
002239,0.0297032031170288,0,OK,0,0,0,1,0,0,0,0,1,train
002240,0.1303378917552806,0,OK,0,0,2,0,0,0,0,1,2,train
002241,0.0902843075035477,0,OK,0,0,1,1,0,0,0,0,1,train
002242,0.1311858848289207,0,OK,0,0,2,1,0,0,0,1,4,train
002243,0.2975029781368125,0,OK,0,0,3,1,0,0,0,1,0,val
002244,0.2875158521864149,0,OK,0,0,3,1,0,0,0,0,2,train
002245,0.0545051417333976,0,OK,0,0,1,1,0,0,1,0,0,val
002246,0.0539228563118396,0,OK,0,0,1,0,0,0,0,0,1,train
002247,0.2677112395376644,0,OK,0,0,3,1,0,1,0,0,2,train
002248,0.1711267311203204,0,OK,0,0,2,1,0,0,0,0,0,val
002249,0.0617895788716721,0,OK,0,0,1,1,0,0,0,0,3,train
002250,0.0977679555618543,0,OK,0,0,1,0,1,0,0,0,0,val
002251,0.0829361979166666,0,OK,0,0,1,1,0,0,0,0,1,train
002252,0.6515174540915819,1,OK,0,0,4,0,1,0,0,1,2,train
002253,0.0113547704332969,0,OK,0,0,0,1,0,0,1,0,0,val
002254,0.699125380269448,0,OK,0,0,4,1,1,0,0,0,0,val
002255,0.50634765625,0,OK,0,0,4,0,1,0,0,0,2,train
002256,0.0422770182291666,0,OK,0,0,0,1,0,0,0,0,1,train
002257,0.6735527603714554,1,OK,0,0,4,1,0,0,0,0,4,train
002258,0.2217203025427637,0,OK,0,0,3,0,0,0,0,0,4,train
002259,0.3610687255859375,0,OK,0,0,3,1,0,0,1,0,3,train
002260,0.5128498994018121,0,OK,0,0,4,1,0,0,0,0,1,train
002261,0.0195819481382978,0,OK,0,0,0,1,0,0,1,0,2,train
002262,0.1166956449468085,0,OK,0,0,2,0,0,0,1,0,0,val
002263,0.1013755798339843,0,OK,0,0,1,1,0,0,0,0,4,train
002264,0.0573729721456994,0,OK,0,0,1,0,0,0,0,0,2,train
002265,0.0032016289893617,0,very_small_lesion,1,0,0,0,0,0,0,0,2,train
002266,0.0789177650226757,0,OK,0,0,1,0,0,0,0,0,4,train
002267,0.2745166389561304,0,OK,0,0,3,1,0,0,0,1,2,train
002268,0.0910907329290378,0,OK,0,0,1,1,0,0,0,0,2,train
002269,0.1913967217496936,0,OK,0,0,2,1,0,0,1,0,0,val
002270,0.016237582933297,0,OK,0,0,0,1,0,0,1,0,0,val
002271,0.514223535108252,1,OK,0,0,4,1,0,0,0,1,0,val
002272,0.4095008375331984,0,OK,0,0,4,0,0,0,0,0,4,train
002273,0.0207180936085024,0,OK,0,0,0,0,0,0,1,0,4,train
002274,0.0086195146276595,0,OK,0,0,0,1,0,0,0,0,2,train
002275,0.0285065704522549,0,OK,0,0,0,0,0,0,0,1,0,val
002276,0.0280480561433015,0,OK,0,0,0,1,0,1,0,0,2,train
002277,0.0276050455674576,0,OK,0,0,0,0,1,0,0,0,3,train
002278,0.2424062093098958,0,OK,0,0,3,0,1,0,0,1,4,train
002279,0.0102253989361702,0,OK,0,0,0,0,0,0,0,0,3,train
002280,0.7127425582320602,0,OK,0,0,4,1,0,0,0,1,0,val
002281,0.3850041564910699,0,OK,0,0,3,1,0,0,1,0,4,train
002282,0.189062754313151,0,OK,0,0,2,1,0,0,0,0,1,train
002283,0.1978594462076822,0,OK,0,0,2,1,0,0,0,1,2,train
002284,0.3195813496907552,0,OK,0,0,3,0,0,0,1,1,0,val
002285,0.0586158698729721,0,OK,0,0,1,1,0,0,0,0,3,train
002286,0.1412688676538108,1,OK,0,0,2,1,0,0,0,0,2,train
002287,0.2485054853723404,0,OK,0,0,3,0,0,0,0,0,2,train
002288,0.309990234375,0,OK,0,0,3,1,0,0,0,1,3,train
002289,0.3613614682798032,1,OK,0,0,3,0,0,0,0,0,3,train
002290,0.0940653483072916,0,OK,0,0,1,0,0,0,0,0,1,train
002291,0.3020540873209635,0,OK,0,0,3,1,0,0,1,0,2,train
002292,0.3393773319419702,0,OK,0,0,3,1,0,0,0,1,4,train
002293,0.2992610677083333,0,OK,0,0,3,1,0,0,0,0,1,train
002294,0.104737034574468,0,OK,0,0,1,1,0,0,0,0,1,train
002295,0.1625455220540364,0,OK,0,0,2,1,0,0,0,0,2,train
002296,0.0569595025510204,0,OK,0,0,1,1,0,0,0,0,2,train
002297,0.0655209576642071,0,OK,0,0,1,0,1,0,0,0,0,val
002298,0.32337220509847,0,OK,0,0,3,1,0,0,0,1,3,train
002299,0.0171381316489361,0,OK,0,0,0,1,0,0,0,0,2,train
002300,0.1116168550531915,0,OK,0,0,1,0,0,0,0,0,0,val
002301,0.4123795310311722,0,OK,0,0,4,0,0,0,0,0,3,train
002302,0.8861313776974288,0,OK,0,0,4,0,0,0,0,0,4,train
002303,0.0557727241164262,0,OK,0,0,1,0,0,0,0,0,4,train
002304,0.2225583394368489,0,OK,0,0,3,1,0,1,0,0,2,train
002305,0.536787109375,1,OK,0,0,4,0,0,0,0,0,1,train
002306,0.261548360188802,0,OK,0,0,3,0,0,0,1,0,3,train
002307,0.0826486037234042,0,OK,0,0,1,0,0,0,0,0,0,val
002308,0.1496217515733507,0,OK,0,0,2,1,0,0,1,0,4,train
002309,0.0147032912234042,0,OK,0,0,0,1,0,1,0,1,1,train
002310,0.0265930267902062,0,OK,0,0,0,1,0,0,1,0,4,train
002311,0.1579266989103054,0,OK,0,0,2,1,0,0,0,1,0,val
002312,0.4297815803855794,0,OK,0,0,4,1,0,0,0,1,2,train
002313,0.2331477864583333,0,OK,0,0,3,1,0,0,0,0,0,val
002314,0.2439829508463541,0,OK,0,0,3,1,0,0,0,1,1,train
002315,0.0225321451822916,0,OK,0,0,0,0,0,1,0,0,2,train
002316,0.1266476063829787,0,OK,0,0,2,0,0,0,0,0,4,train
002317,0.2193033854166666,0,OK,0,0,3,1,0,0,0,0,3,train
002318,0.3254005304524245,1,OK,0,0,3,1,1,0,0,0,3,train
002319,0.004635472074468,0,very_small_lesion,1,0,0,0,0,0,0,0,1,train
002320,0.3753331502278645,0,OK,0,0,3,1,0,0,1,1,4,train
002321,0.1349869791666666,0,OK,0,0,2,0,0,0,0,0,1,train
002322,0.0552827232779221,0,OK,0,0,1,0,0,0,1,0,3,train
002323,0.0150118018617021,0,OK,0,0,0,0,0,0,1,1,1,train
002324,0.1415462239583333,0,OK,0,0,2,1,0,0,0,0,0,val
002325,0.0416437661150008,0,OK,0,0,0,0,0,0,1,0,2,train
002326,0.4943758430852732,0,OK,0,0,4,1,0,0,0,1,4,train
002327,0.3545341491699219,0,OK,0,0,3,1,0,0,1,0,2,train
002328,0.3261935745692185,0,OK,0,0,3,0,0,0,1,1,2,train
002329,0.0481405352538571,0,OK,0,0,0,0,0,0,1,0,4,train
002330,0.2946484375,0,OK,0,0,3,1,0,0,0,0,4,train
002331,0.4248046875,1,OK,0,0,4,1,0,0,0,0,4,train
002332,0.1286895190496885,0,OK,0,0,2,1,0,0,0,0,0,val
002333,0.0462362501356336,0,OK,0,0,0,1,0,0,0,0,3,train
002334,0.1066355928230329,0,OK,0,0,1,1,0,0,0,1,4,train
002335,0.0442014627659574,0,OK,0,0,0,0,0,0,0,0,0,val
002336,0.148096693935519,0,OK,0,0,2,0,0,0,0,1,4,train
002337,0.2252434624565972,0,OK,0,0,3,0,0,1,0,1,3,train
002338,0.2801081339518229,0,OK,0,0,3,1,0,0,1,0,1,train
002339,0.1322153933632399,0,OK,0,0,2,1,0,0,0,0,2,train
002340,0.4646008809407552,0,OK,0,0,4,0,0,0,0,0,4,train
002341,0.0108107253846637,0,OK,0,0,0,0,1,0,1,1,2,train
002342,0.2277069091796875,0,OK,0,0,3,0,1,0,0,0,3,train
002343,0.1161941242546401,0,OK,0,0,2,0,0,0,1,0,1,train
002344,0.0073296231710129,0,OK,0,0,0,1,0,0,1,0,3,train
002345,0.2009537308304398,0,OK,0,0,2,0,1,0,0,0,4,train
002346,0.3525606791178385,0,OK,0,0,3,1,1,0,0,0,2,train
002347,0.3499195329933354,0,OK,0,0,3,1,0,0,0,1,1,train
002348,0.0473904587765957,0,OK,0,0,0,1,0,1,0,1,3,train
002349,0.1662610371907552,0,OK,0,0,2,1,0,0,0,0,2,train
002350,0.5163625081380209,0,OK,0,0,4,1,1,0,0,1,3,train
002351,0.3103893421314381,0,OK,0,0,3,1,0,0,0,0,4,train
002352,0.0662992260869109,0,OK,0,0,1,0,0,0,0,1,3,train
002353,0.448955078125,0,OK,0,0,4,1,0,0,0,0,3,train
002354,0.0531911496762876,0,OK,0,0,1,1,0,0,0,0,1,train
002355,0.0561985596707818,0,OK,0,0,1,0,1,0,1,0,0,val
002356,0.0207402026035552,0,OK,0,0,0,1,0,0,0,0,0,val
002357,0.1528859707446808,0,OK,0,0,2,0,0,0,0,0,0,val
002358,0.0239488031914893,0,OK,0,0,0,0,0,0,0,1,1,train
002359,0.0307549867021276,0,OK,0,0,0,0,0,0,0,0,4,train
002360,0.1141042356137876,0,OK,0,0,1,0,0,0,0,1,2,train
002361,0.590433191370081,0,OK,0,0,4,0,0,0,0,0,2,train
002362,0.5958004109126964,0,OK,0,0,4,1,0,0,0,1,4,train
002363,0.1291211639386685,0,OK,0,0,2,1,0,0,0,0,0,val
002364,0.6297117162633825,1,OK,0,0,4,1,0,0,0,0,4,train
002365,0.1107421875,0,OK,0,0,1,0,1,0,0,0,4,train
002366,0.0209503199417239,0,OK,0,0,0,1,0,0,1,0,1,train
002367,0.4517898692445652,0,OK,0,0,4,0,0,0,1,1,4,train
002368,0.0694608848905724,0,OK,0,0,1,0,0,0,0,0,1,train
002369,0.1002952127659574,0,OK,0,0,1,1,0,0,0,1,3,train
002370,0.2319723058629919,0,OK,0,0,3,0,1,0,0,1,2,train
002371,0.1134704307273582,0,OK,0,0,1,0,0,0,0,0,1,train
002372,0.0215118018617021,0,OK,0,0,0,1,0,0,0,0,3,train
002373,0.1436373392740885,0,OK,0,0,2,1,0,0,0,0,0,val
002374,1.0,1,full_lesion_mask;very_large_lesion,0,1,4,1,0,0,0,0,1,train
002375,0.115995619032118,0,OK,0,0,2,1,0,0,0,0,2,train
002376,0.4121801456334099,0,OK,0,0,4,1,0,0,0,0,3,train
002377,0.0647355469405081,0,OK,0,0,1,0,0,0,1,0,4,train
002378,0.0169695544398792,0,OK,0,0,0,0,0,0,0,0,3,train
002379,0.1044011999059606,0,OK,0,0,1,1,0,0,0,1,0,val
002380,0.3809168230039527,0,OK,0,0,3,1,1,0,0,0,3,train
002381,0.0177001953125,0,OK,0,0,0,1,0,0,1,1,0,val
002382,0.0064393686810953,0,OK,0,0,0,0,0,0,0,0,0,val
002383,0.0264440776716837,0,OK,0,0,0,0,0,0,1,0,1,train
002384,0.0131225066489361,0,OK,0,0,0,0,0,0,0,0,1,train
002385,0.3955169960304542,0,OK,0,0,4,0,0,0,0,0,0,val
002386,0.0964610541044776,0,OK,0,0,1,1,0,0,0,0,0,val
002387,0.3912293568013907,0,OK,0,0,4,0,0,0,0,1,4,train
002388,0.0354127143426127,0,OK,0,0,0,0,0,0,0,0,2,train
002389,0.0661730385638297,0,OK,0,0,1,1,1,0,0,0,0,val
002390,0.0650676731773017,0,OK,0,0,1,1,0,0,1,0,3,train
002391,0.5062888373137681,0,OK,0,0,4,1,0,0,0,0,3,train
002392,0.1507125997340425,0,OK,0,0,2,1,1,0,1,0,1,train
002393,0.2335283121705014,0,OK,0,0,3,0,0,0,0,0,0,val
002394,0.1772757985341325,0,OK,0,0,2,0,0,0,0,1,4,train
002395,0.0181289893617021,0,OK,0,0,0,0,0,0,0,0,3,train
002396,0.103048417412764,0,OK,0,0,1,0,0,0,0,0,4,train
002397,0.128814494680851,0,OK,0,0,2,0,0,0,0,0,4,train
002398,0.2020660359912253,0,OK,0,0,2,0,0,0,1,0,2,train
002399,0.1202309793751369,0,OK,0,0,2,0,0,0,0,1,3,train
002400,0.4944163915323363,0,OK,0,0,4,1,0,0,0,0,1,train
002401,0.1191851705307731,0,OK,0,0,2,0,0,0,1,0,4,train
002402,0.1661375520134579,0,OK,0,0,2,0,0,0,0,1,3,train
002403,0.0249450390903989,0,OK,0,0,0,0,0,0,0,0,3,train
002404,0.0029767287234042,0,very_small_lesion,1,0,0,0,0,0,0,0,2,train
002405,0.1808612964771412,0,OK,0,0,2,0,0,0,0,0,3,train
002406,0.1535164561170212,0,OK,0,0,2,0,0,0,0,0,0,val
002407,0.3041248239780448,0,OK,0,0,3,1,0,1,0,1,0,val
002408,0.0645680917742747,0,OK,0,0,1,1,0,0,0,0,0,val
002409,0.0271380544608418,0,OK,0,0,0,1,0,0,0,0,0,val
002410,0.1765364583333333,0,OK,0,0,2,1,0,0,0,0,4,train
002411,0.0998256750026061,0,OK,0,0,1,1,0,0,0,0,4,train
002412,0.0910924275716145,0,OK,0,0,1,0,0,0,0,1,3,train
002413,0.3308944702148437,0,OK,0,0,3,0,0,0,0,0,2,train
002414,0.083325363177092,0,OK,0,0,1,1,0,0,0,1,1,train
002415,0.0763775860821759,0,OK,0,0,1,1,0,0,0,0,1,train
002416,0.1145566300632588,0,OK,0,0,1,0,0,0,1,0,2,train
002417,0.1274695219816985,0,OK,0,0,2,1,0,0,1,0,2,train
002418,0.0980525546603732,0,OK,0,0,1,1,0,0,0,0,4,train
002419,0.0728344414893617,0,OK,0,0,1,0,0,0,0,1,3,train
002420,0.007876329787234,0,OK,0,0,0,0,0,0,0,0,4,train
002421,0.4780859375,0,OK,0,0,4,1,0,1,0,0,0,val
002422,0.4650701693653437,0,OK,0,0,4,1,0,0,1,0,1,train
002423,0.3802259113491531,0,OK,0,0,3,1,0,0,1,0,2,train
002424,0.0339731731091732,0,OK,0,0,0,0,0,0,1,0,3,train
002425,0.0449007486269495,0,OK,0,0,0,1,0,0,0,0,2,train
002426,0.1852669270833333,0,OK,0,0,2,1,0,0,0,0,0,val
002427,0.0218180662368635,0,OK,0,0,0,0,0,0,0,1,3,train
002428,0.0480048568160445,0,OK,0,0,0,1,0,1,0,0,2,train
002429,0.0180876963933842,0,OK,0,0,0,1,0,0,0,0,3,train
002430,0.0130266198851249,0,OK,0,0,0,1,0,0,0,0,2,train
002431,0.0880661010742187,0,OK,0,0,1,0,0,0,0,0,1,train
002432,0.0909113000940393,0,OK,0,0,1,1,0,1,0,1,2,train
002433,0.0132746010638297,0,OK,0,0,0,0,0,0,0,0,1,train
002434,0.24017578125,0,OK,0,0,3,1,0,0,0,0,4,train
002435,0.095146351733842,0,OK,0,0,1,1,0,1,0,0,2,train
002436,0.1762050919889903,0,OK,0,0,2,0,0,0,0,0,0,val
002437,0.0808904097904593,0,OK,0,0,1,0,0,0,1,0,0,val
002438,0.121788832134476,0,OK,0,0,2,0,0,0,0,0,1,train
002439,0.5755449930826823,1,OK,0,0,4,1,0,0,0,0,2,train
002440,0.0184212101063829,0,OK,0,0,0,0,0,0,0,0,2,train
002441,0.0857509960002519,0,OK,0,0,1,0,0,0,0,1,2,train
002442,0.2329669747054975,0,OK,0,0,3,1,0,0,1,1,0,val
002443,0.0550949135638297,0,OK,0,0,1,1,0,0,0,1,0,val
002444,0.1774316002207716,0,OK,0,0,2,0,0,0,0,0,3,train
002445,0.0470761099698138,0,OK,0,0,0,1,0,0,0,0,0,val
002446,0.0878152087613198,0,OK,0,0,1,0,0,0,0,0,2,train
002447,0.0185565708588378,0,OK,0,0,0,1,0,0,0,0,4,train
002448,0.1391105651855468,0,OK,0,0,2,1,0,0,0,0,0,val
002449,0.1394008344174064,0,OK,0,0,2,0,0,0,1,0,4,train
002450,0.0187524933510638,0,OK,0,0,0,1,0,0,0,0,1,train
002451,0.32282610778771,0,OK,0,0,3,0,0,0,0,0,0,val
002452,0.0689774463025951,0,OK,0,0,1,1,0,0,1,0,3,train
002453,0.0311986580003773,0,OK,0,0,0,1,0,0,0,0,2,train
002454,0.0384945444826429,0,OK,0,0,0,1,0,0,1,0,1,train
002455,0.1440336439344618,0,OK,0,0,2,0,1,0,0,1,1,train
002456,0.240107421875,0,OK,0,0,3,1,0,0,0,0,3,train
002457,0.2676725260416667,0,OK,0,0,3,1,0,0,0,0,1,train
002458,0.0555965072373385,0,OK,0,0,1,0,0,0,0,0,1,train
002459,0.1219057901850819,0,OK,0,0,2,1,0,0,0,0,2,train
002460,0.505168973672804,0,OK,0,0,4,1,0,0,0,0,4,train
002461,0.310677346346164,0,OK,0,0,3,1,0,0,1,0,4,train
002462,0.1154937872086198,0,OK,0,0,1,0,0,0,0,0,2,train
002463,0.0579503377278645,0,OK,0,0,1,1,0,0,1,1,4,train
002464,0.0477624116120515,0,OK,0,0,0,0,0,1,0,1,1,train
002465,0.0730631510416666,0,OK,0,0,1,1,0,0,0,0,2,train
002466,0.8205305989583334,1,OK,0,0,4,1,0,0,0,0,1,train
002467,0.0431295724677175,0,OK,0,0,0,1,0,0,0,1,2,train
002468,0.1588430051450376,0,OK,0,0,2,0,0,0,0,0,4,train
002469,0.0406067154255319,0,OK,0,0,0,1,0,0,0,0,4,train
002470,0.2071199770326967,0,OK,0,0,2,1,0,0,0,1,3,train
002471,0.1902444392407014,0,OK,0,0,2,1,0,0,0,0,0,val
002472,0.0675876758716724,0,OK,0,0,1,0,0,1,0,0,4,train
002473,0.838676028781467,1,OK,0,0,4,1,0,0,1,1,0,val
002474,0.1791941214470284,0,OK,0,0,2,1,0,0,0,0,3,train
002475,0.2594349726962099,0,OK,0,0,3,1,1,0,1,0,2,train
002476,0.2467144395648163,0,OK,0,0,3,1,0,0,1,0,3,train
002477,0.2205581665039062,0,OK,0,0,3,1,0,0,0,0,4,train
002478,0.4121259755463942,0,OK,0,0,4,1,0,0,1,0,1,train
002479,0.8284886678059896,1,OK,0,0,4,0,1,0,1,0,3,train
002480,0.4905573527018229,1,OK,0,0,4,1,0,0,0,0,2,train
002481,0.3832798186472832,0,OK,0,0,3,0,1,0,0,0,0,val
002482,0.0621772086722287,0,OK,0,0,1,1,0,0,0,0,1,train
002483,0.204951171875,0,OK,0,0,2,1,0,0,0,1,4,train
002484,0.0917226493033319,0,OK,0,0,1,1,0,0,0,0,1,train
002485,0.4941873464583993,0,OK,0,0,4,1,1,0,0,0,2,train
002486,0.1806071523090306,0,OK,0,0,2,1,0,0,1,0,1,train
002487,0.4923270896629051,0,OK,0,0,4,1,0,1,0,1,0,val
002488,0.9272833515009224,1,OK,0,0,4,1,0,0,0,0,2,train
002489,0.301337890625,0,OK,0,0,3,1,0,0,0,0,4,train
002490,0.0572224369755497,0,OK,0,0,1,0,1,0,0,0,3,train
002491,0.2883987426757812,0,OK,0,0,3,1,0,0,0,0,0,val
002492,0.4558658854166666,0,OK,0,0,4,1,1,0,0,0,0,val
002493,0.1140183649222609,0,OK,0,0,1,1,0,1,0,1,4,train
002494,0.1566443638508162,0,OK,0,0,2,1,0,0,1,0,0,val
002495,0.0872712455978534,0,OK,0,0,1,0,0,0,1,0,4,train
002496,0.017797539893617,0,OK,0,0,0,1,0,0,0,0,1,train
002497,0.5028735961606993,0,OK,0,0,4,1,0,0,1,0,3,train
002498,0.5077193931297019,1,OK,0,0,4,1,0,0,0,1,4,train
002499,0.0597186618381076,0,OK,0,0,1,1,0,0,1,0,0,val
002500,0.0597572326660156,0,OK,0,0,1,1,0,0,0,1,3,train
002501,0.3124927072959603,0,OK,0,0,3,1,0,0,0,0,4,train
002502,0.0484453125,0,OK,0,0,0,0,0,0,0,0,2,train
002503,0.0103191489361702,0,OK,0,0,0,1,0,0,0,0,3,train
002504,0.0831613893862123,0,OK,0,0,1,0,0,0,0,1,4,train
002505,0.7229878488164473,1,OK,0,0,4,0,0,0,0,0,0,val
002506,0.0588373583714154,0,OK,0,0,1,0,0,0,1,1,1,train
002507,0.3578733057394287,0,OK,0,0,3,0,0,0,1,1,4,train
002508,0.1307004292805989,0,OK,0,0,2,0,0,0,0,1,0,val
002509,0.1460481770833333,0,OK,0,0,2,1,0,0,0,0,1,train
002510,0.0079463702248342,0,OK,0,0,0,1,0,0,0,0,4,train
002511,0.2969334920247395,0,OK,0,0,3,0,0,0,0,0,2,train
002512,0.5548307291666666,0,OK,0,0,4,1,0,0,0,0,1,train
002513,0.0874674479166666,0,OK,0,0,1,1,0,0,0,0,2,train
002514,0.5712157365697167,0,OK,0,0,4,0,0,0,1,1,3,train
002515,0.183535823115596,0,OK,0,0,2,0,0,0,0,1,4,train
002516,0.2027524312337239,0,OK,0,0,2,0,0,0,0,1,2,train
002517,0.1599674479166666,0,OK,0,0,2,0,0,1,0,1,1,train
002518,0.0961005599410445,0,OK,0,0,1,1,0,0,0,0,3,train
002519,0.114362080891927,0,OK,0,0,1,1,0,0,0,0,1,train
002520,0.1093708674112955,0,OK,0,0,1,1,0,0,0,0,1,train
002521,0.2282755423227388,0,OK,0,0,3,1,0,0,0,0,1,train
002522,0.6478740580539393,1,OK,0,0,4,0,1,0,0,0,3,train
002523,0.2269485380116959,0,OK,0,0,3,1,1,0,0,0,1,train
002524,0.2493222873176145,0,OK,0,0,3,1,0,0,0,0,1,train
002525,0.0914760165744357,0,OK,0,0,1,0,0,0,0,1,1,train
002526,0.1131464640299479,0,OK,0,0,1,1,0,0,0,0,1,train
002527,0.9346052805582682,1,OK,0,0,4,1,0,1,0,0,0,val
002528,0.2412760416666666,0,OK,0,0,3,1,0,0,0,0,1,train
002529,0.0228431774589133,0,OK,0,0,0,0,0,0,0,0,4,train
002530,0.2158461676703559,0,OK,0,0,2,0,0,0,0,1,4,train
002531,0.0775754301702949,0,OK,0,0,1,1,0,0,0,0,0,val
002532,0.0666359682953427,0,OK,0,0,1,0,0,0,0,0,0,val
002533,0.069549560546875,0,OK,0,0,1,1,0,0,1,1,3,train
002534,0.5678676545729918,0,OK,0,0,4,1,0,0,0,0,3,train
002535,0.1795062155025245,0,OK,0,0,2,1,0,0,0,0,0,val
002536,0.1714741721082089,0,OK,0,0,2,1,0,0,1,0,1,train
002537,0.1348998458297164,0,OK,0,0,2,1,0,1,0,0,2,train
002538,0.2839811197916667,0,OK,0,0,3,1,0,0,0,0,2,train
002539,0.019536572535846,0,OK,0,0,0,0,0,0,1,0,2,train
002540,0.041151800032492,0,OK,0,0,0,0,0,0,0,0,4,train
002541,0.0215229224405811,0,OK,0,0,0,0,0,0,0,0,0,val
002542,0.1363348406731456,0,OK,0,0,2,0,0,0,1,0,4,train
002543,0.804710272606383,0,OK,0,0,4,0,0,0,0,0,0,val
002544,0.1540104166666666,0,OK,0,0,2,1,0,0,0,0,1,train
002545,0.4506315729309556,0,OK,0,0,4,0,0,0,0,0,4,train
002546,0.479413491708261,0,OK,0,0,4,0,0,0,0,0,3,train
002547,0.649389902750651,0,OK,0,0,4,0,0,0,1,0,2,train
002548,0.0886484781901041,0,OK,0,0,1,1,0,0,0,0,3,train
002549,0.2109653331615306,0,OK,0,0,2,0,1,0,0,1,4,train
002550,0.1142762660619803,0,OK,0,0,1,0,0,0,0,1,3,train
002551,0.0862515767415364,0,OK,0,0,1,1,0,0,0,1,1,train
002552,0.2514444173573866,0,OK,0,0,3,0,0,0,0,1,4,train
002553,0.2622966745160212,1,OK,0,0,3,0,0,0,0,0,3,train
002554,0.4024168201753767,1,OK,0,0,4,1,0,0,0,0,3,train
002555,0.3430283157913773,1,OK,0,0,3,1,0,0,0,0,1,train
002556,0.2982975260416666,0,OK,0,0,3,1,0,0,0,0,1,train
002557,0.2480646769205729,0,OK,0,0,3,1,0,0,0,0,1,train
002558,0.1463257247176381,0,OK,0,0,2,0,0,0,0,0,2,train
002559,0.3801236979166666,0,OK,0,0,3,1,0,0,0,0,3,train
002560,0.3290723164876302,0,OK,0,0,3,0,0,0,1,1,3,train
002561,0.1386987541648558,0,OK,0,0,2,0,0,0,1,0,1,train
002562,0.0158736852517608,0,OK,0,0,0,1,0,0,0,0,2,train
002563,0.0925877888997395,0,OK,0,0,1,1,0,0,0,0,4,train
002564,0.0125167885638297,0,OK,0,0,0,1,0,0,0,0,3,train
002565,0.4569892883300781,0,OK,0,0,4,1,0,0,0,1,2,train
002566,0.4887584050496419,0,OK,0,0,4,0,0,0,0,1,3,train
002567,0.0186291555851063,0,OK,0,0,0,1,0,0,0,0,2,train
002568,0.0212014617484906,0,OK,0,0,0,0,0,0,0,0,0,val
002569,0.2306619770932269,0,OK,0,0,3,1,0,0,0,1,2,train
002570,0.1036102023677259,0,OK,0,0,1,1,0,0,0,0,4,train
002571,0.1220593398876404,0,OK,0,0,2,0,0,0,0,0,3,train
002572,0.2757675340679752,0,OK,0,0,3,1,0,1,0,1,4,train
002573,0.0311517377997652,0,OK,0,0,0,0,0,0,0,0,1,train
002574,0.0893678473127625,0,OK,0,0,1,1,0,0,0,0,4,train
002575,0.5843582682190798,1,OK,0,0,4,1,0,0,1,0,3,train
002576,0.1500765482584635,0,OK,0,0,2,1,0,0,0,0,4,train
002577,0.5571695963541666,0,OK,0,0,4,1,0,0,0,0,3,train
002578,0.0689360103450444,0,OK,0,0,1,0,0,0,1,0,3,train
002579,0.1024470859103732,0,OK,0,0,1,0,0,0,0,1,4,train
002580,0.3870746471263744,0,OK,0,0,3,0,0,0,0,0,2,train
002581,0.1924076786747685,0,OK,0,0,2,1,0,0,0,0,3,train
002582,0.1315540887556599,0,OK,0,0,2,1,0,0,0,0,0,val
002583,0.3347803751627604,0,OK,0,0,3,0,0,1,1,1,4,train
002584,0.155613414776443,0,OK,0,0,2,1,0,0,0,0,3,train
002585,0.0338922287904295,0,OK,0,0,0,0,0,0,0,0,4,train
002586,0.4552001953125,0,OK,0,0,4,1,0,0,0,0,4,train
002587,0.0367741371268656,0,OK,0,0,0,1,0,0,0,0,4,train
002588,0.4032693345670445,0,OK,0,0,4,1,0,0,0,0,4,train
002589,0.1175867495292886,0,OK,0,0,2,0,0,0,1,0,1,train
002590,0.0376635674931129,0,OK,0,0,0,0,0,0,0,0,1,train
002591,0.1628697713216146,0,OK,0,0,2,1,0,0,0,0,3,train
002592,0.0322616356382978,0,OK,0,0,0,1,0,0,0,0,3,train
002593,0.1259140022325172,0,OK,0,0,2,0,0,0,0,0,1,train
002594,0.0490058158120912,0,OK,0,0,0,1,0,0,1,0,3,train
002595,0.3569759114583333,1,OK,0,0,3,1,0,1,0,0,0,val
002596,0.6615797266814303,1,OK,0,0,4,1,0,0,1,0,2,train
002597,0.2402928670247396,0,OK,0,0,3,0,0,0,0,0,3,train
002598,0.5758753875814264,0,OK,0,0,4,0,0,0,1,0,4,train
002599,0.0691438802083333,0,OK,0,0,1,1,0,0,0,0,0,val
002600,0.1038704427083333,0,OK,0,0,1,1,0,0,0,0,3,train
002601,0.0723650265957446,0,OK,0,0,1,1,0,0,0,0,3,train
002602,0.4859096459046809,1,OK,0,0,4,0,0,0,0,0,3,train
002603,0.0998749422608549,0,OK,0,0,1,1,0,0,1,1,1,train
002604,0.3394446706593599,0,OK,0,0,3,1,0,0,0,0,0,val
002605,0.5082842508951823,0,OK,0,0,4,1,0,0,0,1,4,train
002606,0.3573404947916667,1,OK,0,0,3,1,0,0,0,0,4,train
002607,0.0304760452096991,0,OK,0,0,0,0,0,0,0,0,4,train
002608,0.0384775942531024,0,OK,0,0,0,1,0,0,0,0,4,train
002609,0.0390332669954301,0,OK,0,0,0,1,0,0,0,1,2,train
002610,0.4423918547453703,0,OK,0,0,4,1,0,0,0,1,2,train
002611,0.0121769793937615,0,OK,0,0,0,1,0,0,0,0,4,train
002612,0.2367071135797445,0,OK,0,0,3,1,0,0,0,0,2,train
002613,0.1092323989569752,0,OK,0,0,1,1,0,0,0,0,4,train
002614,0.047470305163089,0,OK,0,0,0,0,0,0,1,0,1,train
002615,0.0094519229257504,0,OK,0,0,0,1,0,0,0,0,4,train
002616,0.7384493155149935,0,OK,0,0,4,1,0,0,0,1,2,train
002617,0.0551935831705729,0,OK,0,0,1,1,0,1,0,1,1,train
002618,0.2875058629779473,0,OK,0,0,3,1,1,0,0,0,3,train
002619,0.5996564229329427,0,OK,0,0,4,1,0,0,0,1,2,train
002620,0.3167070677444121,0,OK,0,0,3,1,0,0,0,1,3,train
002621,0.1368192036946614,0,OK,0,0,2,1,0,0,0,1,3,train
002622,0.0277681183510638,0,OK,0,0,0,0,0,0,0,1,4,train
002623,0.010033909574468,0,OK,0,0,0,0,0,0,0,0,3,train
002624,0.0271288014369864,0,OK,0,0,0,0,0,0,1,1,3,train
002625,0.0625343098849153,0,OK,0,0,1,1,0,0,1,0,1,train
002626,0.7151781717936198,1,OK,0,0,4,1,0,0,1,0,0,val
002627,0.1080710179115101,0,OK,0,0,1,1,0,0,1,0,1,train
002628,0.2114797504852722,0,OK,0,0,2,1,0,0,0,0,0,val
002629,0.4526374488153935,0,OK,0,0,4,1,0,0,0,0,4,train
002630,0.1782492178457754,0,OK,0,0,2,1,0,0,0,0,0,val
002631,0.1989250183105468,0,OK,0,0,2,1,0,1,0,1,1,train
002632,0.2812272135416667,0,OK,0,0,3,0,0,1,0,1,4,train
002633,0.0503095079787234,0,OK,0,0,1,0,0,0,0,0,2,train
002634,0.1726950186270254,0,OK,0,0,2,0,0,0,0,0,0,val
002635,0.1186930338541666,0,OK,0,0,2,1,0,0,0,0,1,train
002636,0.8530039142360524,0,OK,0,0,4,1,0,0,0,0,2,train
002637,0.2468770345052083,0,OK,0,0,3,0,1,0,0,1,0,val
002638,0.0694693772570756,0,OK,0,0,1,0,0,0,0,0,0,val
002639,0.5357157389322916,1,OK,0,0,4,1,1,0,1,0,4,train
002640,0.3197849725797637,0,OK,0,0,3,1,0,0,0,1,1,train
002641,0.0394146881026748,0,OK,0,0,0,1,0,0,0,0,4,train
002642,0.0777888827853732,0,OK,0,0,1,1,0,0,0,0,4,train
002643,0.0141119807608917,0,OK,0,0,0,0,0,0,1,0,1,train
002644,0.8392181396484375,1,OK,0,0,4,0,0,0,0,0,2,train
002645,0.0274875332446808,0,OK,0,0,0,0,0,0,0,0,0,val
002646,0.6243006388346354,0,OK,0,0,4,1,0,0,0,0,1,train
002647,0.1511116116129697,0,OK,0,0,2,1,0,0,0,1,4,train
002648,0.6165733337402344,1,OK,0,0,4,1,0,0,0,0,3,train
002649,0.4086658635747628,0,OK,0,0,4,0,0,0,0,0,3,train
002650,0.4723288026639261,0,OK,0,0,4,1,0,0,0,0,4,train
002651,0.1181845141968665,0,OK,0,0,2,1,0,0,0,0,0,val
002652,0.1376787821451822,0,OK,0,0,2,1,0,0,0,1,2,train
002653,0.0144755779127536,0,OK,0,0,0,1,0,0,0,0,1,train
002654,0.3499615987141927,0,OK,0,0,3,1,0,0,1,0,1,train
002655,0.7233422649793388,1,OK,0,0,4,1,0,0,0,0,1,train
002656,0.5331103006998698,0,OK,0,0,4,0,1,0,1,0,0,val
002657,0.2289883116677238,0,OK,0,0,3,1,0,0,0,1,4,train
002658,0.0300262261812426,0,OK,0,0,0,1,0,0,0,1,0,val
002659,0.3430424442997685,0,OK,0,0,3,1,0,0,0,0,4,train
002660,0.2910537719726562,0,OK,0,0,3,1,1,0,0,1,3,train
002661,0.0559589094125304,0,OK,0,0,1,1,0,0,0,0,2,train
002662,0.1573359171549479,0,OK,0,0,2,1,0,0,1,0,4,train
002663,0.134975998489945,0,OK,0,0,2,1,0,0,0,1,1,train
002664,0.0307049723293644,0,OK,0,0,0,1,0,0,1,0,2,train
002665,0.0752309163411458,0,OK,0,0,1,1,0,0,1,1,3,train
002666,0.0292177553530092,0,OK,0,0,0,1,0,1,0,0,4,train
002667,0.0194596077127659,0,OK,0,0,0,1,0,0,0,0,1,train
002668,0.0713153257978723,0,OK,0,0,1,1,0,0,0,0,4,train
002669,0.1746597290039062,0,OK,0,0,2,1,0,0,0,0,2,train
002670,0.344404180598063,0,OK,0,0,3,1,0,0,0,0,3,train
002671,0.3844375610351562,0,OK,0,0,3,1,0,0,0,0,0,val
002672,0.2056114067095744,0,OK,0,0,2,0,0,0,1,0,1,train
002673,0.4691841816931483,0,OK,0,0,4,1,0,0,0,0,4,train
002674,0.312021484375,0,OK,0,0,3,0,0,0,0,1,3,train
002675,0.0253916213906744,0,OK,0,0,0,1,0,0,1,1,1,train
002676,0.2849040091486396,0,OK,0,0,3,1,0,0,0,0,1,train
002677,0.026188829787234,0,OK,0,0,0,0,0,0,0,0,4,train
002678,0.1859143575032552,0,OK,0,0,2,1,0,0,0,1,1,train
002679,0.0331752918384693,0,OK,0,0,0,0,0,1,0,0,2,train
002680,0.0509045918782552,0,OK,0,0,1,1,0,0,0,0,1,train
002681,0.0235664893617021,0,OK,0,0,0,0,0,1,0,1,1,train
002682,0.1737834412879661,0,OK,0,0,2,1,0,0,0,0,0,val
002683,0.6189094165643968,0,OK,0,0,4,1,0,0,0,0,3,train
002684,0.038285164110976,0,OK,0,0,0,0,0,0,0,0,2,train
002685,0.0293790877075297,0,OK,0,0,0,1,0,0,1,0,1,train
002686,0.3081300576894006,0,OK,0,0,3,1,0,0,1,0,3,train
002687,0.0444736355965956,0,OK,0,0,0,1,0,0,0,0,4,train
002688,0.2521451314290364,0,OK,0,0,3,1,0,0,0,0,3,train
002689,0.1553645202782722,0,OK,0,0,2,1,0,0,0,0,3,train
002690,0.0701679653591579,0,OK,0,0,1,1,0,0,0,0,4,train
002691,0.3728253399884259,0,OK,0,0,3,0,0,0,0,0,0,val
002692,0.4070167541503906,0,OK,0,0,4,1,0,0,1,0,3,train
002693,0.190943541350188,0,OK,0,0,2,0,0,0,0,0,0,val
002694,0.0815277099609375,0,OK,0,0,1,0,0,0,0,0,3,train
002695,0.1357254056725515,0,OK,0,0,2,1,0,0,0,0,1,train
002696,0.3218314786197538,0,OK,0,0,3,0,1,0,0,0,1,train
002697,0.3511629457826967,0,OK,0,0,3,0,0,0,1,0,4,train
002698,0.1223742167154948,0,OK,0,0,2,0,0,0,0,0,3,train
002699,0.3267806985251978,0,OK,0,0,3,0,0,0,0,0,0,val
002700,0.8213589986165365,1,OK,0,0,4,1,0,0,0,0,1,train
